Cell ID,Cell Type,Dimorphism
720575941350890544,DNge110,
720575941351919408,AN08B018,
720575941352057904,DNpe054,
720575941352918576,DNg70,
720575941352944432,AN17B007,
720575941352987696,SApp17,
720575941353080624,DNfl042,
720575941353112112,AN07B046,
720575941353247536,AN10B046,
720575941390285462,DNg05,
720575941390308246,DNut054,
720575941390604438,,
720575941390619140,DNg10,
720575941390623382,DNp20,
720575941390722710,DNge025,
720575941391682052,AN10B047,
720575941391756548,DNfl028,
720575941392278678,AN07B089,
720575941392665750,SAxx02,
720575941392742148,AN08B100,
720575941392812548,DNp26,
720575941393196950,DNpe054,
720575941393242628,DNp30,
720575941393354390,AN19B106,
720575941393488790,AN07B046,
720575941393722006,AN08B081,
720575941393745046,AN04A001,
720575941393748630,AN01A006,
720575941393864342,ANXXX041,
720575941393983382,AN07B004,
720575941394119830,DNp42,
720575941394131094,DNg26,
720575941399010595,SApp19,
720575941399042851,DNfl025,
720575941399099427,DNfl033,
720575941399380515,DNg12,
720575941399595555,AN06A062,
720575941400285475,DNnt020,
720575941400290851,DNg49,
720575941400319779,AN08B022,
720575941400480803,SAch02,
720575941400910115,SAch02,
720575941400967459,EAXXX079,
720575941401375011,AN10B051,
720575941401738787,AN_GNG_165,
720575941401753635,DNg06,
720575941401766435,DNbe007,
720575941401783587,AN_GNG_SAD_6,
720575941401786403,DNut042,
720575941401813027,AN17B002,
720575941401814307,DNxl049,
720575941401962787,DNg104,
720575941402226211,SAxx02,
720575941402279971,AN08B089,
720575941402468899,DNp17,
720575941403931248,ANXXX092,
720575941403937136,AN08B015,
720575941403959920,AN08B100,
720575941404619888,AN19B104,known_dimorphic
720575941404711792,DNpe016,
720575941404748144,DNxl097,
720575941404754544,ANXXX169,
720575941404813680,DNut042,
720575941404874352,DNfl021,
720575941404900464,AN_GNG_SAD_32,
720575941404923248,ANXXX043,
720575941404981360,DNp17,
720575941405005168,SAchxx,
720575941405181040,AN_GNG_130,
720575941405473327,DNge015,
720575941405855918,AN12B055,
720575941405864110,SApp09,
720575941405864622,SApp17,
720575941407235502,AN08B098,
720575941407397294,SAch02,
720575941407499055,AN12B089,known_dimorphic
720575941407564718,AN12B011,
720575941407841071,DNp07,
720575941408170799,DNxn165,
720575941408363950,AN17A076,
720575941408436142,AN05B023,
720575941408508078,DNp08,
720575941408535343,DNb08,
720575941408568238,DNb08,
720575941408568750,AN19B001,
720575941408577327,DNg62,
720575941408617519,ANXXX380,
720575941408634671,ANXXX318,
720575941408639535,DNge148,
720575941408661934,DNxn155,
720575941408800047,AN01B011,
720575941408820271,AN09B004,
720575941408856879,AN01B002,
720575941409214894,DNp25,
720575941409225902,DNxn181,
720575941409701035,SApp10,
720575941410113451,AN19B015,
720575941411184043,AN05B071,
720575941411212715,DNg32,
720575941411290539,AN04B003,
720575941411344043,AN18B032,
720575941411405995,AN17A004,
720575941411441323,DNxn124,
720575941411472555,DNb09,
720575941411527057,AN07B082,
720575941411590804,SAppxx,
720575941411620207,DNg33,
720575941411719279,ANXXX169,
720575941411740817,AN17B008,
720575941411919787,AN05B053,
720575941412103535,AN12B089,known_dimorphic
720575941412619631,DNxn153,
720575941412623215,DNg12,
720575941412626799,ANXXX214,
720575941412778897,SA_MDA_4,
720575941412795759,AN08B048,
720575941413167215,AN07B049,
720575941413189999,DNp38,
720575941413382289,AN19B104,known_dimorphic
720575941413523604,AN02A046,
720575941413566748,AN19B059,
720575941413642268,DNg78,
720575941413706641,SApp23,
720575941413778833,AN19B104,known_dimorphic
720575941414262161,DNxn163,
720575941414315409,SApp08,
720575941414341521,DNxn102,
720575941414353436,DNg10,
720575941414424977,DNp57,
720575941414483604,AN19B039,
720575941414491028,DNge102,
720575941414779284,AN08B109,
720575941414899345,DNc02,
720575941414908561,AN06B031,
720575941414947220,DNxn187,
720575941415224348,DNg36,
720575941415605276,AN10B037,
720575941415707420,DNg24,
720575941415987228,SApp01,
720575941416654620,AN17A018,
720575941416656668,SApp08,
720575941416724764,AN05B097,
720575941416742172,AN19A018,known_sex_specific
720575941416780828,AN_AVLP_43,
720575941416830748,AN05B101,
720575941417243164,oviDN,
720575941424935508,AN05B046,
720575941424975956,AN_4_None,
720575941425381716,DNxn109,
720575941425384532,AN19B060,
720575941426612564,DNg92,
720575941427899220,AN10B005,
720575941427901012,DNfl020,
720575941427920632,SApp23,
720575941427934548,DNpe020,
720575941427950676,AN07B036,
720575941428164233,DNfl021,
720575941428193199,SApp07,
720575941428247800,AN12B089,known_dimorphic
720575941428274313,AN06A112,
720575941428310100,DNxl071,
720575941428311380,SApp09,
720575941428365193,DNg12,
720575941428495535,SApp10,
720575941428550537,SApp13,
720575941428762249,CvN4,
720575941429113775,DNg10,
720575941429194633,AN07B072,
720575941429327063,AN16B112,
720575941429383521,DNg12,
720575941429542615,SApp22,
720575941429552815,AN05B076,
720575941429706671,AN08B069,known_dimorphic
720575941429866593,DNut054,
720575941430003960,AN10B020,
720575941430035119,SApp17,
720575941430069641,DNp17,
720575941430071310,AN07B071,
720575941430081550,AN08B061,known_sex_specific
720575941430097071,AN07B045,
720575941430108809,AN08B079,
720575941430120289,DNge023,
720575941430133006,,
720575941430142089,AN09A005,
720575941430153976,AN12B060,known_dimorphic
720575941430250377,DNg91,
720575941430266505,SApp07,
720575941430452750,ANXXX169,
720575941430513289,DNg36,
720575941430607753,DNg111,
720575941430610095,DNge109,
720575941430630392,DNxn117,
720575941430975329,DNut046,
720575941431062959,AN01B002,
720575941431071113,AN04B001,
720575941431097737,DNxl130,
720575941431101615,AN_GNG_88,
720575941431111087,ANXXX026,
720575941431184559,DNxn179,
720575941431211951,DNg29,
720575941431229615,AN19A018,known_sex_specific
720575941431332088,AN05B071,
720575941431357359,AN19B014,
720575941431407575,AN08B098,
720575941431469304,DNp46,
720575941431577007,DNg02,
720575941431727497,SApp09,
720575941431747086,DNg73,
720575941431795927,AN08B057,
720575941431800078,ANXXX148,
720575941431816184,AN10B033,
720575941431875832,DNxl083,
720575941432046945,DNxl125,
720575941432106081,AN00A009,
720575941432109582,AN19B018,
720575941432162145,ANXXX154,
720575941432245463,AN19B059,
720575941432255959,DNxl070,
720575941432269271,DNg10,
720575941432274647,AN17A015,
720575941432280279,AN10B037,
720575941432295639,DNg02,
720575941432332641,AN05B097,
720575941432468183,AN10B029,
720575941432481633,DNxn126,
720575941432771982,AN16B078,
720575941432905943,DNg110,
720575941432966432,AN_GNG_46,
720575941433030414,DNfl024,
720575941433031182,DNxn165,
720575941433044750,SApp12,
720575941433051406,AN07B015,
720575941433061646,AN08B034,
720575941433063694,SApp09,
720575941433073166,SAppxx,
720575941433075470,AN00A002,
720575941433116046,DNg03,
720575941433139598,DNg06,
720575941433235744,DNg12,
720575941433327374,AN08B026,
720575941433415200,DNp60,
720575941433466126,AN05B069,
720575941433595406,ANXXX404,
720575941433654048,DNge175,
720575941434224526,DNge110,
720575941434410126,SApp11,
720575941434703392,SApp15,
720575941434720910,SApp11,
720575941434859296,AN07B072,
720575941434874912,,
720575941434954126,AN10B031,
720575941435317134,AN05B054,
720575941435340430,AN08B025,
720575941435418656,SApp08,
720575941435430542,DNg42,
720575941435430700,AN07B082,
720575941435493164,SAch01,
720575941435787052,SAch02,
720575941435949198,DNxl118,
720575941435983136,AN09B012,known_dimorphic
720575941435997984,DNge034,
720575941436005650,SApp14,
720575941436012832,ANXXX986,
720575941436027168,AN19B060,
720575941436032544,SApp06,
720575941436037152,CB3158,
720575941436052000,ANXXX086,
720575941436052768,DNut043,
720575941436095788,DNut058,
720575941436259602,DNut047,
720575941436313888,DNfl035,
720575941436433440,AN19B106,
720575941436503359,AN12B089,known_dimorphic
720575941436518367,AN08B101,
720575941436526815,AN08B049,
720575941436586784,,
720575941436671711,AN05B068,
720575941436684576,AN12B006,
720575941436757804,SAchxx,
720575941436850143,AN08B010,
720575941437150252,AN10B039,
720575941437152300,SApp08,
720575941437188575,SApp19,
720575941437220370,AN08B113,
720575941437249836,AN07B072,
720575941437379090,AN05B105,
720575941437425964,AN_AMMC_SAD_1,
720575941437461010,AN10B037,
720575941437893461,SApp11,
720575941437933074,ANXXX120,
720575941437971541,DNg01,
720575941438049621,DNnt008,
720575941438206431,SApp08,
720575941438213951,DNge118,
720575941438410514,DNb07,
720575941438445330,DNpe032,
720575941438449452,SApp09,
720575941438449708,SApp08,
720575941438459692,AN17A024,
720575941438462482,AN08B025,
720575941438463276,AN09B009,
720575941438465298,DNb04,
720575941438468114,AN05B054,
720575941438468626,AN08B023,
720575941438469676,DNxl125,
720575941438471212,AN09B040,
720575941438500370,DNxn145,
720575941438547167,AN10B033,
720575941438585644,AN07B072,
720575941438619410,AN08B022,
720575941438634002,ANXXX055,
720575941438646290,DNg38,
720575941438655506,DNfl042,
720575941438669653,AN12B055,
720575941438690834,DNp51,
720575941438712923,AN10B022,
720575941438719967,DNg11,
720575941438745179,ANXXX120,
720575941438773548,DNae003,
720575941438778815,AN08B007,
720575941438841311,AN10B046,
720575941438841919,AN05B029,
720575941438848479,DNpe054,
720575941438900821,AN08B113,
720575941438942738,ANXXX024,
720575941438959707,AN07B071,
720575941439029951,DNg02,
720575941439093333,AN05B050,
720575941439143954,DNg08,
720575941439151378,AN27X017,
720575941439161567,AN08B034,
720575941439209679,SA_DMT_ADMN_5,
720575941439285036,DNg08,
720575941439395903,AN08B010,
720575941439454783,DNit003,
720575941439489599,AN06B057,
720575941439550271,AN07B040,
720575941439563583,DNge053,
720575941439567327,DNfl024,
720575941439569119,ANXXX027,
720575941439577055,DNxl114,
720575941439620415,DNxl088,
720575941439622111,DNit007,
720575941439633983,DNp65,
720575941439740895,DNg11,
720575941439786719,DNxl101,
720575941439919295,DNg12,
720575941440001343,AN06B002,
720575941440240335,AN02A009,
720575941440280767,DNa15,
720575941440350293,DNp71,
720575941440354645,AN08B049,
720575941440355157,AN06B007,
720575941440363093,SApp07,
720575941440379733,DNp66,
720575941440399445,AN05B099,
720575941440441173,AN17A026,
720575941440529493,AN_4_None,
720575941440543323,AN27X016,
720575941440583253,AN09B004,
720575941440672085,AN12B004,
720575941440714959,DNg03,
720575941440899023,DNg06,
720575941440931157,AN09B030,
720575941440937301,AN09B018,
720575941440999119,AN_GNG_184,
720575941441051343,AN08B113,
720575941441162191,DNg36,
720575941441226943,DNp53,
720575941441234111,AN19B009,
720575941441243839,DNxn179,
720575941441350235,AN08B034,
720575941441615963,DNpe007,
720575941441623899,DNg75,
720575941441633883,DNge049,
720575941441643099,AN03B011,
720575941441643867,DNg02,
720575941441701467,SApp05,
720575941441804223,SApp03,
720575941441805503,AN05B100,
720575941441848411,AN17A003,
720575941441857727,AN_GNG_IPS_13,
720575941441873599,AN07B037,
720575941441886811,AN09B004,
720575941441893823,ANXXX200,
720575941441900479,AN09B011,
720575941441901147,AN17A003,
720575941441901759,ANXXX075,
720575941441906779,AN04A001,
720575941441974479,DNg02,
720575941441978575,AN05B036,
720575941441987023,AN17A003,
720575941442078811,AN07B085,
720575941442141866,SApp23,
720575941442418639,DNxn142,
720575941442478287,AN19B060,
720575941442616271,AN09B018,
720575941442671530,SApp10,
720575941442861482,DNg09,
720575941443480234,ANXXX131,
720575941444536746,DNut042,
720575941444765866,SApp14,
720575941444857770,SApp09,
720575941444895914,AN17A024,
720575941444941588,SApp10,
720575941444962474,ANXXX132,
720575941445042346,AN08B098,
720575941445141012,ANXXX006,
720575941445166100,AN08B049,
720575941445302804,AN08B066,
720575941445392148,AN19B079,
720575941445638932,SApp19,
720575941445677332,DNge060,
720575941445707284,DNp28,
720575941446655252,AN07B082,
720575941446801333,AN06B068,
720575941446894612,DNnt008,
720575941446997012,LN-DN2,
720575941447163317,SAxx02,
720575941447234997,SApp13,
720575941447461908,IN08B003,sex_specific
720575941447521373,AN05B060,
720575941447610446,AN07B082,
720575941447759124,AN08B022,
720575941447762196,AN08B031,known_dimorphic
720575941447762964,AN10B034,
720575941447808020,AN17B008,
720575941447826708,AN07B011,
720575941447838996,DNp72,
720575941447863316,DNb05,
720575941447872532,IN12B060,sex_specific
720575941447884820,DNxn071,
720575941447888916,SApp02,
720575941447914772,AN17A014,
720575941447918414,SApp08,
720575941447921940,AN06B015,
720575941447935764,oviDN,
720575941447973140,DNb02,
720575941448018196,DNge142,
720575941448026388,AN17B016,
720575941448056669,AN07B072,
720575941448063764,AN08B014,
720575941448093972,AN12A003,
720575941448124692,DNge115,
720575941448551605,,
720575941448922717,DNg11,
720575941448968029,DNfl014,
720575941449075293,ANXXX318,
720575941449112954,,
720575941449196922,SApp07,
720575941449384885,DNge150,
720575941449527477,DNge131,
720575941449547101,ANXXX218,
720575941449604942,AN19B104,known_dimorphic
720575941449634631,SAppxx,
720575941449745333,ANXXX027,
720575941449787829,AN08B023,
720575941449875893,DNxl106,
720575941449938013,SApp13,
720575941449981277,AN01A001,
720575941449983581,DNg15,
720575941449986909,AN_4_None,
720575941450027101,AN07B085,
720575941450039477,DNg83,
720575941450088285,ANXXX165,
720575941450205109,ANXXX136,
720575941450215261,AN19B049,
720575941450220637,AN17A062,
720575941450261341,ANXXX027,
720575941450261831,SApp10,
720575941450360757,AN06B039,
720575941450362037,SApp09,
720575941450363770,AN18B004,
720575941450378333,DNp103,
720575941450424245,AN09B004,
720575941450506830,DNp18,
720575941450587726,DNp55,
720575941450620494,AN02A016,
720575941450721102,AN_GNG_30,
720575941450721146,AN08B096,
720575941450728314,DNxl104,
720575941450811470,AN09B037,
720575941450851406,SApp03,
720575941450861902,AN08B028,
720575941450934350,DNp27,
720575941450976634,AN18B003,
720575941451015802,AN04B001,
720575941451023482,DNfl014,
720575941451040122,SAxx02,
720575941451320910,SApp09,
720575941451322702,SApp09,
720575941451350138,ANXXX007,
720575941451737927,,
720575941451871559,AN14B012,
720575941451921274,AN05B052,
720575941451941498,DNp33,
720575941451958343,AN09B009,
720575941451997562,ANXXX093,
720575941452016199,DNxn144,
720575941452030330,oviDN,
720575941452032122,AN23B010,
720575941452054835,AN07B072,
720575941452165801,DNxn146,
720575941452186025,AN08B098,
720575941452211834,DNxn143,
720575941452260659,AN07B069,
720575941452264361,DNnt011,
720575941452266291,AN10B037,
720575941452429690,AN27X009,
720575941452566138,AN_4_None,
720575941452595322,AN09A007,
720575941452767047,AN09B020,
720575941452945735,AN09B028,known_dimorphic
720575941453030983,DNb07,
720575941453086535,AN05B097,
720575941453195945,AN10B039,
720575941453274025,AN08B023,
720575941453487529,SApp22,
720575941453538473,DNxl113,
720575941453611315,AN07B063,
720575941453681203,AN07B005,
720575941453830637,DNfl012,
720575941453855027,SApp09,
720575941453869619,DNg18,
720575941453960499,AN06B068,
720575941454031341,AN07B069,
720575941454037555,SAch01,
720575941454037811,SAchxx,
720575941454124781,DNg12,
720575941454260275,DNg106,
720575941454569523,DNg18,
720575941454882611,AN_GNG_171,
720575941454913075,DNge083,
720575941454918195,AN06B002,
720575941454918707,AN09B032,
720575941454969395,DNg56,
720575941454975539,DNp16,
720575941455059763,AN_4_None,
720575941455074099,AN05B094,
720575941455094835,AN09B027,
720575941455535923,AN06B002,
720575941455611373,SApp22,
720575941455714541,DNb02,
720575941455744496,ANXXX200,
720575941455929837,DNge089,
720575941456093936,SApp05,
720575941456180461,DNg63,
720575941456504560,DNg03,
720575941456506015,DNg23,
720575941456625567,DNg90,
720575941456665581,DNg12,
720575941456671213,AN09B014,
720575941456679149,DNpe020,
720575941456849901,AN19A018,known_sex_specific
720575941456851693,AN01A055,
720575941456897005,DNa02,
720575941457000006,AN16B081,
720575941457039174,ANXXX148,
720575941457139103,SApp15,
720575941457181766,AN07B072,
720575941457206854,AN_GNG_AVLP_1,
720575941457365485,AN09B018,
720575941457562694,CvN3,
720575941457859231,ANXXX313,
720575941457973407,AN06B051,
720575941458140115,AN07B071,
720575941458203859,AN07B071,
720575941458263024,AN07B082,
720575941458439123,AN06A092,
720575941458500563,AN08B113,
720575941458782704,ANXXX084,known_dimorphic
720575941458803952,AN05B006,
720575941458813680,AN05B004,
720575941458853702,AN05B062,
720575941458897392,AN05B099,
720575941458969414,AN07B085,
720575941458999711,AN17B007,
720575941459023088,DNpe025,
720575941459093459,AN08B110,
720575941459097503,DNp01,
720575941459099844,AN07B085,
720575941459103391,DNg79,
720575941459137951,SApp07,
720575941459157151,AN07B091,
720575941459216287,DNfl027,
720575941459285700,SApp19,
720575941459354512,AN09B042,
720575941459415878,pIP9,known_dimorphic
720575941459431494,SApp08,
720575941459454704,CvN7,
720575941459479696,AN_GNG_190,
720575941459705503,SApp03,
720575941459850707,AN10B053,
720575941459870278,AN06B023,
720575941459896390,AN05B045,
720575941459926342,AN07B056,
720575941459936070,AN07B018,
720575941460087251,AN07B072,
720575941460102340,AN08B018,
720575941460258515,AN05B049,
720575941460274116,AN10B060,
720575941460298707,AN10B045,
720575941460517060,SApp10,
720575941460661188,SApp10,
720575941460701965,AN19B100,
720575941460714180,AN10B046,
720575941460757715,DNxn112,
720575941460850957,AN10B053,
720575941460902157,DNg07,
720575941460972301,,
720575941461092036,AN05B097,
720575941461131664,SApp07,
720575941461178067,SApp08,
720575941461205392,AN11B008,
720575941461234131,AN08B022,
720575941461310096,AN02A022,
720575941461320644,DNpe054,
720575941461347027,DNg68,
720575941461352659,DNxn144,
720575941461356243,AN09B002,
720575941461407955,DNxn157,
720575941461494483,DNp64,
720575941461518035,AN09B027,
720575941461560720,AN06A092,
720575941461628560,SApp07,
720575941461664452,SApp12,
720575941461674436,DNb06,
720575941461742035,AN08B096,
720575941461784260,AN08B027,
720575941461833924,AN17A050,
720575941461834451,AN12B004,
720575941461875908,DNpe045,
720575941461958340,AN19B025,
720575941462261188,DNg35,
720575941462375876,AN09B035,
720575941462378692,oviDN,
720575941462746893,SApp11,
720575941462782221,ANXXX027,
720575941462868749,AN10B053,
720575941463134477,AN08B097,
720575941463157904,ANXXX433,
720575941463160208,SApp09,
720575941463704077,AN07B046,
720575941463843597,DNp45,
720575941463893078,AN06A092,
720575941464350989,AN09B018,
720575941464369421,ANXXX174,
720575941464753430,AN07B013,
720575941464898326,AN07B056,
720575941464978710,SA_DMT_DMetaN,
720575941465046550,SAch02,
720575941465729878,AN06B026,
720575941465737814,DNg12,
720575941466022422,AN18B019,
720575941466194454,DNp04,
720575941466318870,ANXXX098,
720575941466319382,SApp08,
720575941466397462,SApp22,
720575941466431766,AN06A062,
720575941466712662,AN05B060,
720575941466724118,AN07B089,
720575941466964566,DNg64,
720575941466965725,DNge024,
720575941467131670,ANXXX027,
720575941467254237,AN06A112,
720575941467350237,DNg79,
720575941467388758,SApp02,
720575941467453462,DNfl038,
720575941467559702,DNg06,
720575941467587606,DNxn175,
720575941467636246,AN19B051,
720575941468049015,SApp11,
720575941468215517,AN19B009,
720575941468218589,AN10B020,
720575941468221149,AN06B068,
720575941468496093,AN06A080,
720575941468787520,DNge061,
720575941468805341,AN19A018,known_sex_specific
720575941468862583,DNxn117,
720575941468982795,DNg106,
720575941469018743,AN08B099,
720575941469048695,AN10B048,
720575941469296861,,
720575941469314781,SApp01,
720575941469370688,DNg10,
720575941469521216,DNg03,
720575941469678557,DNg09,
720575941469716445,DNg48,
720575941469757405,DNg106,
720575941469775069,DNxn181,
720575941469810141,ANXXX145,
720575941469868765,AN10B027,
720575941469877981,SApp10,
720575941470003677,DNa12,
720575941470004445,DNge027,
720575941470033117,DNbe003,
720575941470084317,DNpe054,
720575941470090615,SApp08,
720575941470110327,AN12B060,known_dimorphic
720575941470195723,DNxl056,
720575941470236023,DNpe041,
720575941470254400,DNa08,known_dimorphic
720575941470269248,AN19B065,
720575941470533131,DNg96,
720575941470575479,DNut046,
720575941470584128,AN06A080,
720575941470584695,DNp53,
720575941470600823,AN08B024,
720575941470728256,AN07B072,
720575941470799223,AN08B102,
720575941470835264,SApp08,
720575941470861120,AN12B008,
720575941470933824,DNxn127,
720575941471079264,AN10B019,
720575941471127104,DNp53,
720575941471139191,DNpe028,
720575941471147127,DNxl066,
720575941471238263,DNxn102,
720575941471240256,AN08B028,
720575941471266423,DNge062,
720575941471297911,DNxl109,
720575941471308896,SApp05,
720575941471346016,AN07B089,
720575941471360352,SApp06,
720575941471454583,DNg38,
720575941471550475,AN09B002,
720575941471627639,DNg92,
720575941471648631,AN05B040,
720575941471698752,AN19B028,
720575941471732599,SAch01,
720575941471768843,DNxn171,
720575941471805963,DNg51,
720575941471808375,DNxn125,
720575941471829568,SAG-like,
720575941471871274,SApp19,
720575941471910976,SAppxx,
720575941471916608,AN00A006,known_dimorphic
720575941471926080,AN_GNG_IPS_13,
720575941471955264,DNut040,
720575941472005952,DNxl068,
720575941472044352,DNg82,
720575941472123712,SApp08,
720575941472130315,SAxx01,
720575941472160011,DNp73,
720575941472178752,DNp70,
720575941472297787,AN07B071,
720575941472329568,ANXXX308,
720575941472359995,AN07B071,
720575941472508256,AN19B032,
720575941472522304,AN07B049,
720575941472554336,AN08B099,
720575941472597051,DNg12,
720575941472609632,AN07B035,
720575941472752736,AN10B037,
720575941472826976,SApp17,
720575941472867424,AN07B089,
720575941473471072,AN19B060,
720575941473472608,AN08B079,
720575941473714730,AN19B036,
720575941473760554,SAppxx,
720575941473793322,DNg02,
720575941473812576,SAxx02,
720575941473825888,DNge020,
720575941473859424,AN05B104,
720575941473861728,AN17A014,
720575941473933664,DNge104,
720575941473970747,DNge116,
720575941473987168,AN08B048,
720575941474054496,AN01B011,
720575941474063968,DNxn163,
720575941474101344,AN02A002,
720575941474117216,AN_SLP_AVLP_1,
720575941474126944,DNp34,
720575941474229297,SAxx02,
720575941474256224,DNpe008,
720575941474265374,AN08B099,
720575941474312800,DNge094,
720575941474324027,SApp10,
720575941474325297,AN19B063,
720575941474398513,AN08B089,
720575941474455867,AN17B011,
720575941474474270,SApp08,
720575941474543931,AN17A031,
720575941474552372,AN09B037,
720575941474562334,AN01A033,
720575941474566708,AN19B100,
720575941474589489,SA_DMT_ADMN_11,
720575941474608170,DNpe029,
720575941474665514,DNg106,
720575941474677825,DNg89,
720575941474766132,SApp03,
720575941474880308,SAchxx,
720575941475085633,SApp07,
720575941475322410,AN07B062,
720575941475341610,DNpe012,
720575941475357738,AN06B031,
720575941475448123,DNxn159,
720575941475456827,DNp72,
720575941475557681,DNg03,
720575941475572539,DNit004,
720575941475933755,AN10B015,
720575941475963697,AN10B047,
720575941476037918,AN07B060,
720575941476041265,AN19B059,
720575941476041521,AN08B109,
720575941476053354,AN06A112,
720575941476214833,DNge140,
720575941476250164,DNut062,
720575941476367937,DNg12,
720575941476378164,DNg10,
720575941476398897,DNge092,
720575941476477492,DNxn122,
720575941476515636,AN05B023,
720575941476632385,DNg01,
720575941476737566,AN09B031,
720575941476752180,AN10B017,
720575941476850462,AN09B044,
720575941476852254,DNg62,
720575941476929566,AN08B028,
720575941476977969,AN07B011,
720575941476978993,AN08B100,
720575941476980785,AN04A001,
720575941476981569,DNit007,
720575941476991028,SApp06,
720575941477003825,ANXXX084,known_dimorphic
720575941477006388,DNxn104,
720575941477008945,SApp05,
720575941477013825,DNg04,
720575941477053233,DNg103,
720575941477099313,DNge076,
720575941477145393,DNxl113,
720575941477158721,AN06A016,
720575941477201002,DNg07,
720575941477252913,SAG-like,
720575941477298996,DNge144,
720575941477314612,AN07B082,
720575941477326900,DNg19,
720575941477345332,SApp08,
720575941477380382,AN18B025,
720575941477392926,DNxl073,
720575941477419828,DNxn152,
720575941477443358,DNp47,
720575941477490794,AN05B063,
720575941477530986,AN06B039,
720575941477534516,AN17B012,
720575941477560129,AN10B046,
720575941477577025,AN17A024,
720575941477662001,ANXXX202,
720575941477713770,DNxn162,
720575941477736066,DNg92,
720575941477743646,AN04B023,
720575941477803073,AN09B004,
720575941477812131,DNxl113,
720575941477839902,AN10B037,
720575941477881665,AN27X013,
720575941477889310,AN12B019,
720575941477894686,AN12B001,
720575941477915700,DNp48,known_dimorphic
720575941477928834,AN07B082,
720575941478074592,DNg02,
720575941478195265,DNg42,
720575941478387306,AN04B023,
720575941478396778,SApp09,
720575941478429802,DNg70,
720575941478584938,ANXXX470,
720575941478585450,DNp22,
720575941478631786,AN07B072,
720575941478705770,DNxn168,
720575941478713962,AN09B026,
720575941478752362,AN10B056,
720575941478980291,ANXXX131,
720575941479177440,AN06B051,
720575941479267970,AN04B003,
720575941479284960,AN10B022,
720575941479326432,SApp02,
720575941479354498,SApp22,
720575941479434720,DNg12,
720575941479520898,AN08B098,
720575941479543776,DNxl124,
720575941479563650,DNxl084,
720575941479604643,AN08B099,
720575941479864771,AN19B104,known_dimorphic
720575941479889315,AN06B039,
720575941479890083,AN07B072,
720575941479970528,ANXXX318,
720575941480105039,DNnt013,
720575941480177487,AN17A068,
720575941480236111,SApp23,
720575941480245327,SAch01,
720575941480480963,DNxn172,
720575941480490882,DNfl035,
720575941480513154,DNg106,
720575941480554370,DNg79,
720575941480556162,AN06A017,
720575941480587394,DNxn071,
720575941480673154,DNg12,
720575941480693187,AN10B051,
720575941480704954,DNg07,
720575941480714626,AN12A003,
720575941480717280,AN10B037,
720575941480759971,DNxn179,
720575941480772259,AN09B004,
720575941480780451,DNg50,
720575941480782755,AN05B023,
720575941480784258,DNp43,
720575941480784381,AN19B060,
720575941480797859,DNad004,
720575941480799395,DNg105,
720575941480901827,DNge085,
720575941480917187,DNge069,
720575941480942499,DNnt013,
720575941480954019,DNxn187,
720575941480969123,AN01B005,
720575941480996226,DNpe008,
720575941481010511,AN10B027,
720575941481045155,DNp16,
720575941481059663,AN05B052,
720575941481103523,DNxn136,
720575941481122690,DNg08,
720575941481337679,DNg77,
720575941481339215,AN08B031,known_dimorphic
720575941481351843,AN27X013,
720575941481381117,DNg45,
720575941481407427,DNg10,
720575941481470883,AN27X017,
720575941481742671,SApp09,
720575941481985475,DNp69,
720575941482025923,SApp04,
720575941482057414,DNg28,
720575941482058179,DNxn144,
720575941482115526,AN12B055,
720575941482233027,AN_GNG_30,
720575941482268867,ANXXX145,
720575941482323651,AN19B024,known_sex_specific
720575941482348218,AN09B028,known_dimorphic
720575941482407677,DNnt008,
720575941482535366,DNg01,
720575941482713341,DNg07,
720575941482767869,AN05B097,
720575941482956998,AN08B026,
720575941482970310,DNge139,
720575941482975430,SAppxx,
720575941483052541,SAxx02,
720575941483099590,ANXXX099,
720575941483124410,AN06A092,
720575941483184070,SA_DMT_DMetaN_12,
720575941483266246,DNpe045,
720575941483358717,DNp17,
720575941483506618,AN17A014,
720575941483554189,DNut050,
720575941483566778,SApp01,
720575941483679674,DNge076,
720575941483701178,DNp67,
720575941483798781,AN10B015,
720575941483828154,AN08B050,
720575941483839042,AN19B106,
720575941483848122,AN17A015,
720575941483850749,AN05B021,
720575941483870018,SApp02,
720575941483879430,AN07B071,
720575941483885709,AN19B065,
720575941483888450,SApp05,
720575941483896838,AN08B101,
720575941484023549,AN10B033,
720575941484160954,AN07B085,
720575941484195514,DNp24,
720575941484265981,SApp03,
720575941484372221,AN09B029,
720575941484394125,AN17A008,
720575941484965186,AN04B003,
720575941484965698,AN19B036,
720575941485069520,AN10B048,
720575941485303693,AN10B037,
720575941485358733,DNxn114,
720575941485405250,AN06B023,
720575941485430992,DNg37,
720575941485651206,SApp05,
720575941485705478,AN17A013,
720575941485886672,AN06A018,
720575941485889858,AN10B051,
720575941486250758,AN19B093,
720575941486413709,DNg40,
720575941486437954,DNg108,
720575941486460813,SAxx02,
720575941486574598,DNg02,
720575941486575426,DNxl068,
720575941486587714,DNp17,
720575941486597442,ANXXX127,
720575941486612034,DNa03,
720575941486680717,DNp32,
720575941486681808,AN07B089,
720575941486684226,DNa14,
720575941486692493,DNp68,
720575941486694541,ANXXX116,known_dimorphic
720575941486700098,DNa05,
720575941486700354,ANXXX433,
720575941486711181,AN09A007,
720575941486776642,AN00A006,known_dimorphic
720575941486783238,AN08B099,
720575941486815238,DNfl022,
720575941486839046,AN04B004,
720575941486868432,AN08B100,
720575941486980560,AN12B006,
720575941487149378,DNp42,
720575941487186896,DNge112,
720575941487419856,AN09B019,
720575941487488821,AN10B019,
720575941487560757,SAchxx,
720575941487659984,DNut058,
720575941487707189,AN16B112,
720575941487783888,AN09B009,
720575941487800272,AN10B048,
720575941487869904,AN05B062,
720575941487876560,AN00A006,known_dimorphic
720575941487942352,SApp13,
720575941487967689,AN07B072,
720575941488006197,SApp23,
720575941488139214,AN07B056,
720575941488143824,AN05B025,
720575941488207305,AN01B011,
720575941488256976,AN08B099,
720575941488498892,SAchxx,
720575941488529205,SApp01,
720575941488722894,SApp13,
720575941488756711,AN_4_None,
720575941488845287,DNg44,
720575941489036494,DNxn139,
720575941489083596,DNg02,
720575941489182951,SApp01,
720575941489195724,DNnt008,
720575941489207605,DNnt012,
720575941489274057,DNge046,
720575941489375797,AN06A092,
720575941489377737,DNp17,
720575941489638094,AN17B012,
720575941489748169,AN10B020,
720575941489759177,AN17A068,
720575941489792206,SApp08,
720575941489802697,AN10B031,
720575941489812277,DNp52,
720575941490071605,DNut046,
720575941490249166,ANXXX410,
720575941490285006,AN23B003,
720575941490416181,DNg93,
720575941490463541,AN10B029,
720575941490535600,DNg53,
720575941490558261,DNit013,
720575941490590924,DNxn154,
720575941490651337,ANXXX380,
720575941490679497,DNge145,
720575941490694453,DNp30,
720575941490699061,AN19B019,
720575941490705865,AN14A003,
720575941490717390,DNa09,
720575941490799157,DNp58,
720575941490868021,AN10B047,
720575941490914761,AN19A018,known_sex_specific
720575941491012809,MDN,
720575941491055820,DNp17,
720575941491057614,ANXXX264,
720575941491065653,MDN,
720575941491126222,DNg33,
720575941491127246,AN09B003,
720575941491157454,AN08B012,
720575941491410382,ANXXX144,
720575941491584743,ANXXX200,
720575941491585511,AN07B041,
720575941491613671,,
720575941491648999,ANXXX002,
720575941491649255,oviDN,
720575941491649511,AN04B023,
720575941491761895,DNp10,
720575941491807463,DNp56,
720575941491875047,SApp07,
720575941491972327,DNge084,
720575941491992807,DNg100,
720575941492003559,SAch02,
720575941492017790,CvN1-3,
720575941492153214,AN07B069,
720575941492249776,SApp08,
720575941492283312,AN10B046,
720575941492328167,DNxl014,
720575941492360679,AN05B049,
720575941492419504,AN10B053,
720575941492467070,AN_GNG_179,
720575941492504958,AN07B072,
720575941492588976,DNxl123,
720575941492684208,DNpe054,
720575941492685232,AN05B024,
720575941492697264,DNp28,
720575941493018032,ANXXX106,
720575941493021104,DNut046,
720575941493106119,AN07B046,
720575941493311920,AN12B008,
720575941493318832,AN01B005,
720575941493333680,AN19A019,
720575941493567943,SApp22,
720575941493928064,DNnt008,
720575941493947006,DNg46,
720575941493998464,DNnt010,
720575941494185344,SApp17,
720575941494330750,AN10B033,
720575941494925182,DNxl127,
720575941494960254,DNg79,
720575941494975102,AN17B008,
720575941494986951,DNg02,
720575941494994558,AN18B053,known_dimorphic
720575941495055486,DNpe001,
720575941495108551,SAch01,
720575941495128446,AN01A014,
720575941495147719,AN01B014,
720575941495190142,AN19B051,
720575941495266247,DNxl104,
720575941495343047,SApp20,
720575941495377280,DNut042,
720575941495650174,SApp07,
720575941495729019,AN05B068,
720575941495736448,AN17B013,
720575941495775431,DNge085,
720575941495864905,CvN7,
720575941495899465,AN10B017,
720575941495918665,DNg106,
720575941495964615,AN09B044,
720575941495967969,SApp09,
720575941495998843,DNg41,
720575941496011719,DNa16,
720575941496013767,AN08B079,
720575941496095431,AN09B023,
720575941496116352,AN23B001,
720575941496208071,DNge058,
720575941496386171,SApp22,
720575941496426695,DNg02,
720575941496642944,AN07B005,
720575941496667520,AN19B009,
720575941496676295,DNa06,
720575941496684672,DNxl106,
720575941496695751,DNg22,
720575941496696263,DNp58,
720575941496697216,DNp39,
720575941496731042,DNg72,
720575941496919168,DNp57,
720575941496927360,ANXXX169,
720575941496967040,AN07B078,
720575941497035643,AN06B048,
720575941497064098,AN_4_None,
720575941497322880,DNp10,
720575941497822075,ANXXX019,
720575941497832777,SApp08,
720575941497853769,AN02A025,
720575941497858121,AN08B094,
720575941497902715,AN08B097,
720575941498097481,AN06A092,
720575941498290850,SApp02,
720575941498434683,DNge094,
720575941498438523,ANXXX099,
720575941498442363,SApp13,
720575941498444155,DNg06,
720575941498466171,SApp01,
720575941498486907,SApp01,
720575941498489723,AN05B052,
720575941498506569,AN10B046,
720575941498583675,AN09B016,
720575941498730146,AN_GNG_184,
720575941498736034,AN10B053,
720575941498788258,DNnt011,
720575941498832763,AN19B022,
720575941498833531,AN10B047,
720575941498862242,AN08B099,
720575941498947297,SApp21,
720575941498979145,AN08B100,
720575941498984161,DNxl114,
720575941498996193,ANXXX148,
720575941498998395,DNg02,
720575941499006433,AN08B057,
720575941499022049,AN17A002,
720575941499034786,AN08B099,
720575941499062601,AN07B040,
720575941499067003,SApp09,
720575941499076987,AN06B031,
720575941499077089,DNpe027,
720575941499161569,AN19A018,known_sex_specific
720575941499166281,DNxl021,
720575941499192905,AN05B005,
720575941499193161,AN_GNG_SAD_9,
720575941499200585,DNg95,
720575941499397003,SApp06,
720575941499618633,AN16B081,
720575941499708745,MDN,
720575941499772066,AN01A006,
720575941499893154,ANXXX410,
720575941499916962,AN05B023,
720575941500465547,AN17B009,
720575941500564363,SApp10,
720575941500700139,DNg01,
720575941500839147,DNit005,
720575941500908171,AN08B099,
720575941501088395,SApp17,
720575941501258583,AN19B079,
720575941501523394,AN07B056,
720575941501552983,DNg02,
720575941501608939,DNfl044,
720575941501635927,DNg02,
720575941501644683,AN10B037,
720575941501675826,SApp07,
720575941501705522,AN19B104,known_dimorphic
720575941501806786,AN18B025,
720575941501878466,AN19B065,
720575941501922498,AN07B091,
720575941501969714,SApp15,
720575941501994891,AN19B051,
720575941502004107,DNpe003,
720575941502081515,ANXXX120,
720575941502158059,AN08B018,
720575941502169835,SApp22,
720575941502197643,AN27X004,
720575941502213515,AN_SLP_AVLP_1,
720575941502252523,SAxxxx,
720575941502262411,DNge007,
720575941502273419,DNxl105,
720575941502323435,SAch01,
720575941502605963,XA,
720575941502628695,DNp15,
720575941502715019,DNg24,
720575941502721003,AN07B082,
720575941502734475,DNp38,
720575941502736779,AN09B018,
720575941503131371,DNut046,
720575941503193916,AN_GNG_SAD_6,
720575941503228610,AN08B099,
720575941503334962,AN10B037,
720575941503456491,AN_AVLP_51,
720575941503461867,DNge010,
720575941503483330,AN08B101,
720575941503488491,AN19B093,
720575941503507435,DNp02,
720575941503524914,AN05B104,
720575941503527147,DNge025,
720575941503528171,DNg02,
720575941503529522,DNg10,
720575941503549931,DNg71,
720575941503553474,AN05B024,
720575941503597116,SAchxx,
720575941503634341,,
720575941503680087,AN06A027,
720575941503710807,AN07B082,
720575941503767127,DNg37,
720575941503769650,DNg52,
720575941503788779,AN08B086,
720575941503808855,AN09B003,
720575941503813207,AN08B024,
720575941503846706,DNpe011,
720575941503855851,AN10B031,
720575941503934551,AN17A062,
720575941504090162,DNxl022,
720575941504117042,AN08B031,known_dimorphic
720575941504121394,AN19B104,known_dimorphic
720575941504157675,SApp09,
720575941504218949,AN07B089,
720575941504235095,AN10B034,
720575941504240407,AN07B060,
720575941504258839,DNge025,
720575941504319319,AN05B069,
720575941504328791,DNpe005,
720575941504331607,DNg110,
720575941504354754,,
720575941504361010,ANXXX120,
720575941504443074,AN05B094,
720575941504459458,DNxl063,
720575941504472645,AN07B072,
720575941504526386,DNg55,
720575941504533810,AN05B015,
720575941504555570,AN05B005,
720575941504602418,DNxn129,
720575941504621506,ANXXX099,
720575941504636610,AN05B100,
720575941504652482,DNxn124,
720575941504674754,AN10B024,
720575941504679106,DNxl117,
720575941504683570,AN19A018,known_sex_specific
720575941504687810,DNxn113,
720575941504703938,DNb02,
720575941504723906,AN05B017,
720575941504810290,DNg90,
720575941504849714,AN06A062,
720575941504860978,AN27X011,
720575941504921906,DNp47,
720575941505033010,DNp52,
720575941505059397,AN07B070,
720575941505143868,SApp23,
720575941505231781,AN_GNG_165,
720575941505236133,AN10B053,
720575941505239717,AN_4_None,
720575941505242789,DNg52,
720575941505393980,AN08B113,
720575941505410876,DNfl020,
720575941505415484,DNfl021,
720575941505421602,AN06A062,
720575941505530658,SApp22,
720575941505558085,AN05B044,
720575941505562949,ANXXX106,
720575941505566814,AN10B027,
720575941505620770,SApp15,
720575941505656866,AN07B091,
720575941505673566,DNg82,
720575941505708604,AN06B046,
720575941505767970,DNg20,
720575941505814588,AN19B079,
720575941505831262,AN10B047,
720575941505860887,SApp10,
720575941505872965,AN08B109,
720575941505881413,AN10B047,
720575941505929506,DNg02,
720575941505983813,DNg07,
720575941505985409,AN19B076,
720575941505988165,DNge151,
720575941506164037,DNg46,
720575941506196247,DNp20,
720575941506224700,SApp22,
720575941506229889,DNge089,
720575941506237500,AN12B001,
720575941506304828,AN12B017,
720575941506310821,DNge016,
720575941506431548,AN08B043,known_dimorphic
720575941506486437,AN05B067,
720575941506522021,SApp08,
720575941506550693,AN_multi_121,
720575941506628225,DNge095,
720575941506644028,DNnt011,
720575941506736956,DNp29,
720575941506912828,SApp05,
720575941507037057,AN06A010,
720575941507049239,DNit008,
720575941507062341,AN08B109,
720575941507062807,DNg19,
720575941507065111,DNxn109,
720575941507073303,DNp02,
720575941507077399,AN07B015,
720575941507079703,DNxl100,
720575941507123746,AN07B060,
720575941507181079,AN17A062,
720575941507205143,DNxn178,
720575941507241495,DNfl026,
720575941507242309,AN05B097,
720575941507243333,DNge061,
720575941507243589,DNbe002,
720575941507243845,ANXXX170,
720575941507247429,AN07B050,
720575941507249221,DNg109,
720575941507336517,AN17A015,
720575941507368005,AN18B019,
720575941507409502,DNge116,
720575941507410526,AN08B100,
720575941507434775,DNg20,
720575941507443841,AN08B102,
720575941507453313,AN03B050,
720575941507526213,EAXXX079,
720575941507568709,DNa16,
720575941507724929,DNxn109,
720575941507745826,ANXXX005,
720575941507751447,DNxn146,
720575941507758103,ANXXX202,
720575941507811422,,
720575941507870242,AN09A005,
720575941507894366,DNg69,
720575941507979077,AN09B035,
720575941508147746,CvN5,
720575941508250658,SApp10,
720575941508261922,DNnt007,
720575941508298786,DNg43,
720575941508375390,DNpe005,
720575941508471824,DNg81,
720575941508489857,AN07B101,
720575941508492417,DNg71,
720575941508500609,DNxl087,
720575941508517761,AN05B004,
720575941508518785,AN05B050,
720575941508580562,SAch02,
720575941508609665,AN19B001,
720575941508628830,AN05B017,
720575941508688257,SApp12,
720575941508749858,SAxxxx,
720575941508997154,ANXXX098,
720575941509010305,DNxn151,
720575941509165185,DNp27,
720575941509352976,vMS13,
720575941509737682,SAch01,
720575941510037714,SApp06,
720575941510064594,SAxxxx,
720575941510233616,AN08B034,
720575941510276562,AN10B047,
720575941510361298,DNge117,
720575941510475536,DNa02,
720575941510509072,DNnt009,
720575941510621968,DNxl127,
720575941510642192,DNa10,
720575941510651152,DNge138,
720575941511189836,AN19B059,
720575941511199564,SAppxx,
720575941511203026,AN05B025,
720575941511270610,DNg39,
720575941511281618,DNg96,
720575941511336402,DNg04,
720575941511390673,AN05B052,
720575941511473996,DNut054,
720575941511508690,AN17A009,
720575941511599314,AN19B017,
720575941511863250,AN10B020,
720575941512261443,SAxx02,
720575941512453443,AN07B071,
720575941512496716,DNxl094,known_dimorphic
720575941512498252,AN08B102,
720575941512515907,AN06B075,
720575941512596812,AN08B047,known_sex_specific
720575941512600140,DNxn106,
720575941512656593,AN07B045,
720575941512661580,AN06A095,
720575941512764515,AN10B029,
720575941512782947,AN07B101,
720575941512837452,DNge091,
720575941512840953,SApp05,
720575941512957393,AN19B079,
720575941513032780,DNit003,
720575941513085004,AN10B033,
720575941513087564,SApp10,
720575941513096012,DNnt015,
720575941513116762,DNg07,
720575941513203665,DNp41,
720575941513273593,SApp06,
720575941513278457,AN01B011,
720575941513376588,AN19B104,known_dimorphic
720575941513411930,SApp08,
720575941513419619,DNge118,
720575941513674131,DNfl037,
720575941513702865,AN23B004,
720575941513720979,AN07B062,
720575941513768780,DNge037,
720575941513772179,DNxn117,
720575941513777484,SApp14,
720575941513793612,DNg12,
720575941513795660,AN19B076,
720575941513798097,DNg88,
720575941513808849,DNge038,
720575941513811532,DNxn173,
720575941513942106,DNxn117,
720575941513981433,DNg26,
720575941513990988,CvN5-8,
720575941514017356,SApp06,
720575941514023523,ANXXX150,known_sex_specific
720575941514024657,AN07B071,
720575941514047052,AN02A002,
720575941514057283,AN09B033,
720575941514064716,DNd05,
720575941514092179,SApp01,
720575941514096787,AN08B086,
720575941514111564,DNg72,
720575941514120515,AN10B034,
720575941514148867,AN06B014,
720575941514201932,AN17A018,
720575941514337626,SAch01,
720575941514358675,DNg51,
720575941514372049,AN09B020,
720575941514415875,SAchxx,
720575941514447097,DNnt018,
720575941514456569,DNfl032,
720575941514461772,DNp11,
720575941514530892,DNp48,known_dimorphic
720575941514535244,AN09B029,
720575941514537731,SApp02,
720575941514608995,DNg81,
720575941514645850,SApp06,
720575941514658906,AN08B018,
720575941514787907,DNge068,
720575941514846713,AN06A095,
720575941514874627,AN10B039,
720575941514944761,AN10B049,
720575941514949881,DNnt017,
720575941515054659,AN17A018,
720575941515074883,DNp39,
720575941515077699,DNg12,
720575941515152195,DNpe006,
720575941515175770,AN23B002,
720575941515222083,AN17A062,
720575941515223555,AN10B039,
720575941515233859,AN05B078,
720575941515238234,DNg07,
720575941515329859,AN16B078,
720575941515375171,AN05B097,
720575941515411603,DNit005,
720575941515508314,AN07B015,
720575941515512931,AN09B004,
720575941515520505,AN06A095,
720575941515548515,DNge046,
720575941515576675,ANXXX145,
720575941515579747,DNxn170,
720575941515591523,ANXXX084,known_dimorphic
720575941515615843,AN10B037,
720575941515619427,DNpe055,
720575941515630947,DNp12,
720575941515668995,AN09B020,
720575941515678051,ANXXX169,
720575941515726691,DNge028,
720575941515746051,DNge044,
720575941515840403,DNge145,
720575941515872003,DNp56,
720575941515899994,AN16B078,
720575941515909635,AN00A006,known_dimorphic
720575941515917667,DNg07,
720575941515922169,DNpe003,
720575941515922778,DNxn183,
720575941515944803,DNge048,
720575941515951459,AN27X009,
720575941515969123,DNg60,
720575941515972698,DNg99,
720575941515989082,SApp15,
720575941516023699,SApp09,
720575941516048121,ANXXX043,
720575941516069625,AN10B048,
720575941516100954,AN06B051,
720575941516122540,AN08B099,
720575941516147546,AN07B025,
720575941516185859,AN09B040,
720575941516217091,AN08B097,
720575941516229475,DNp34,
720575941516237817,DNd02,
720575941516271450,DNg56,
720575941516280922,AN07B004,
720575941516302329,AN08B041,
720575941516357881,DNpe014,
720575941516432227,AN03B094,
720575941516480110,DNit005,
720575941516601690,oviDN,
720575941516704761,ANXXX023,
720575941516762515,AN09B023,
720575941516764819,DNg02,
720575941516779923,AN07B082,
720575941516786579,AN09B036,
720575941516800147,DNnt019,
720575941516887918,SApp17,
720575941517006296,DNg03,
720575941517100947,AN19B104,known_dimorphic
720575941517281708,AN04B023,
720575941517403308,AN03B094,
720575941517447571,AN27X017,
720575941517682392,AN10B022,
720575941517695660,DNxn144,
720575941517750188,AN10B049,
720575941517783212,AN10B047,
720575941517955288,SApp09,
720575941518026412,,
720575941518246327,AN16B078,
720575941518261932,DNg12,
720575941518277815,AN10B056,
720575941518341815,SApp12,
720575941518404974,DNpe039,
720575941518431927,IN16B046,
720575941518509495,DNxl131,
720575941518593134,AN12B060,known_dimorphic
720575941518794668,DNxl097,
720575941518795692,ANXXX116,known_dimorphic
720575941518824620,AN10B024,
720575941518866030,AN19B065,
720575941518881964,SApp07,
720575941518945459,DNge071,
720575941518951091,DNg36,
720575941519028396,AN05B097,
720575941519192792,AN19B079,
720575941519241176,DNxl111,
720575941519246296,DNge080,
720575941519274968,DNp17,
720575941519389806,AN06B014,
720575941519453550,DNxn168,
720575941519459950,AN19B044,
720575941519462766,DNg104,
720575941519463278,DNg108,
720575941519464046,DNg97,
720575941519514478,AN07B057,
720575941519592620,AN_GNG_90,
720575941519611608,DNxl086,
720575941519656814,DNxl117,
720575941519658862,DNp64,
720575941519866840,DNg76,
720575941519959768,AN06B039,
720575941519971507,AN07B035,
720575941519974104,SApp09,
720575941520078071,SApp09,
720575941520087223,AN10B046,
720575941520092151,AN19B065,
720575941520133367,AN18B019,
720575941520167790,AN12B019,
720575941520179639,AN10B046,
720575941520363511,AN04B051,
720575941520584631,AN05B071,
720575941520735411,DNge098,
720575941521067191,AN08B071,
720575941521070007,AN08B016,
720575941521081271,AN05B104,
720575941521111223,DNx02,
720575941521188791,DNpe052,
720575941521256115,DNxn181,
720575941521274551,DNg35,
720575941521275315,AN05B036,
720575941521282739,DNg49,
720575941521285047,AN02A009,
720575941521314227,SApp09,
720575941521340087,DNp51,
720575941521369523,DNge092,
720575941521454003,oviDN,
720575941522091255,AN06B048,
720575941522552823,ANXXX470,
720575941522739275,DNg10,
720575941523074295,DNp16,
720575941523079671,DNg106,
720575941523099127,DNut053,
720575941523106295,DNg14,
720575941523114743,AN07B046,
720575941523203403,AN03B039,
720575941523236171,DNg36,
720575941523327735,AN06B044,
720575941523447883,DNg07,
720575941523526146,SApp04,
720575941523790925,DNg106,
720575941523966820,AN07B089,
720575941523985410,AN05B052,
720575941524041986,SApp22,
720575941524165453,AN05B103,
720575941524167755,oviDN,
720575941524168011,AN05B081,
720575941524210763,DNg47,
720575941524375883,SApp07,
720575941524478795,DNit003,
720575941524513892,DNxn109,
720575941524522340,CvN1-3,
720575941524958118,DNut042,
720575941525186818,DNnt016,
720575941525217892,AN09B037,
720575941525263014,SApp06,
720575941525364994,AN05B096,
720575941525796098,SAch01,
720575941525803853,SApp21,
720575941525827586,AN27X003,known_sex_specific
720575941525881188,SApp05,
720575941525888100,ANXXX410,
720575941525922148,AN17A012,
720575941525946724,SAch01,
720575941526450713,AN10B029,
720575941526609689,SAchxx,
720575941526632194,AN09B044,
720575941526636290,AN19B079,
720575941526661890,AN09B019,
720575941526676045,DNg50,
720575941526676301,DNut047,
720575941526686797,AN09B040,
720575941526696804,DNut054,
720575941526712932,AN19B104,known_dimorphic
720575941526721869,AN10B053,
720575941526723609,DNnt012,
720575941526723940,DNp65,
720575941526730852,AN09B029,
720575941526772836,DNg37,
720575941526849357,DNg107,
720575941526853378,ANXXX150,known_sex_specific
720575941526857316,SApp05,
720575941526870628,AN08B009,known_sex_specific
720575941526892198,AN07B056,
720575941526916354,AN10B027,
720575941526946050,DNxn173,
720575941526946562,DNa11,
720575941526954424,CvN1-3,
720575941526954498,DNut051,
720575941526955266,DNge006,
720575941526991693,SApp07,
720575941527011865,AN05B023,
720575941527018009,ANXXX013,
720575941527078566,SApp07,
720575941527078681,AN09B033,
720575941527162905,DNb05,
720575941527175524,DNg03,
720575941527196185,SA_DMT_DMetaN_12,
720575941527231746,AN09B016,
720575941527232514,ANXXX151,
720575941527245337,AN17A002,
720575941527273316,AN05B049,
720575941527283366,AN10B039,
720575941527343106,AN05B069,
720575941527363330,AN06B031,
720575941527484441,ANXXX109,
720575941527529497,SApp03,
720575941527544708,ANXXX027,
720575941527644600,DNg57,
720575941527745702,AN19B099,
720575941527922598,DNg08,
720575941527973508,AN12B055,
720575941528001958,AN07B072,
720575941528092344,DNg36,
720575941528109222,DNg88,
720575941528229252,AN10B046,
720575941528320952,DNg88,
720575941528327590,SAchxx,
720575941528334539,AN19B079,
720575941528460966,AN27X017,
720575941528463526,AN09A007,
720575941528580811,SApp15,
720575941528849848,DNg08,
720575941528979844,AN05B009,
720575941529004164,AN17A014,
720575941529139844,DNxn153,
720575941529494660,DNc01,
720575941529711288,DNge004,
720575941529735883,AN06B007,
720575941529738955,AN06B005,
720575941529744869,DNg106,
720575941529748427,AN10B020,
720575941529763972,SApp09,
720575941529767812,AN05B106,
720575941529819832,AN10B029,
720575941529822648,AN19B102,
720575941529824440,oviDN,
720575941529830840,DNfl024,
720575941529904312,ANXXX030,
720575941530045624,AN05B025,
720575941530080997,DNxn111,
720575941530093496,DNxn119,
720575941530093752,AN09B023,
720575941530152907,DNx01,
720575941530295013,DNg49,
720575941530464184,AN07B049,
720575941530466488,DNg08,
720575941530471096,AN07B049,
720575941530577355,DNut046,
720575941530606467,DNg06,
720575941530649803,SA_DMT_DMetaN_6,
720575941530837451,AN06A092,
720575941530903171,,
720575941530964355,AN10B060,
720575941531178469,AN04A001,
720575941531252939,AN07B017,
720575941531270347,INXXX161,dimorphic
720575941531283403,AN09B042,
720575941531334373,DNxn108,
720575941531432907,AN17A013,
720575941531454923,AN17A015,
720575941531484619,ANXXX136,
720575941531488971,DNxl095,
720575941531528421,AN05B062,
720575941531735269,DNg72,
720575941531918565,DNxn109,
720575941531974629,DNg36,
720575941531996645,DNpe042,
720575941532002533,AN08B031,known_dimorphic
720575941532088920,SApp05,
720575941532181682,SAppxx,
720575941532187626,AN08B071,
720575941532194282,SApp08,
720575941532386538,AN_GNG_192,
720575941532422322,SAppxx,
720575941532427698,AN10B034,
720575941532441317,AN10B056,
720575941532484581,AN01B004,
720575941532500146,SApp08,
720575941532674435,AN17B002,
720575941532728195,DNut040,
720575941532746981,DNp43,
720575941532753893,AN06B075,
720575941532803160,DNxl081,
720575941532854501,AN09B021,
720575941532908773,AN10B039,
720575941532995521,AN05B104,
720575941532999361,ANXXX380,
720575941533250738,AN14A003,
720575941533291457,AN16B078,
720575941533316995,AN18B032,
720575941533339779,AN19B063,
720575941533345034,SApp09,
720575941533354469,ANXXX202,
720575941533380362,AN10B047,
720575941533398659,DNxn105,
720575941533506586,DNg106,
720575941533515139,AN27X015,
720575941533541720,AN06B026,
720575941533543402,AN10B022,
720575941533567754,DNge071,
720575941533578177,DNge085,
720575941533704067,DNp31,
720575941533782360,AN_5_None,
720575941533807082,DNg11,
720575941533857546,AN07B041,
720575941533863194,AN07B091,
720575941533946456,AN08B103,
720575941533990488,SApp10,
720575941534003075,AN08B018,
720575941534028010,AN08B069,known_dimorphic
720575941534075370,DNge071,
720575941534080600,AN07B089,
720575941534129330,DNx01,
720575941534146994,SAxx01,
720575941534222770,DNp15,
720575941534288984,AN06B057,
720575941534372530,SApp22,
720575941534435338,DNp22,
720575941534495720,SApp09,
720575941534721729,SApp23,
720575941534800618,DNge071,
720575941534802408,SApp22,
720575941534881368,DNb08,
720575941534887512,AN07B052,
720575941534900824,AN05B081,
720575941534911832,DNge139,
720575941534995994,SAchxx,
720575941534998282,AN06A010,
720575941534999896,AN09B012,known_dimorphic
720575941535068650,AN19B010,
720575941535086424,DNg13,
720575941535097578,DNge012,
720575941535103978,DNg28,
720575941535118314,ANXXX202,
720575941535140362,DNg15,
720575941535148778,AN19B028,
720575941535151898,SApp23,
720575941535166913,SAch01,
720575941535167320,DNxn073,
720575941535207651,SApp02,
720575941535228353,SAchxx,
720575941535231154,ANXXX165,
720575941535231832,DNxl123,
720575941535241409,AN17A076,
720575941535245034,DNb07,
720575941535258802,DNxn155,
720575941535266738,AN17A062,
720575941535332952,DNpe008,
720575941535482650,AN10B047,
720575941535705778,DNp17,
720575941535724522,DNge056,
720575941535778538,SApp07,
720575941535791338,AN_5_None,
720575941535811562,DNg12,
720575941535852522,AN06B039,
720575941535861482,AN09B018,
720575941535862506,DNa01,
720575941535925018,AN19B025,
720575941535938314,AN12B011,
720575941535975617,ANXXX049,
720575941535975873,DNg105,
720575941536003314,DNg10,
720575941536037362,SAxx02,
720575941536048321,DNg62,
720575941536062401,AN07B035,
720575941536070170,AN02A025,
720575941536140993,DNxn181,
720575941536219107,AN10B018,
720575941536231105,DNxn144,
720575941536279745,AN17A004,
720575941536301288,DNb02,
720575941536326805,DNnt008,
720575941536504602,SApp11,
720575941536507162,AN05B104,
720575941536519194,AN02A016,
720575941536530458,SApp12,
720575941536555546,SApp15,
720575941536580634,DNge129,
720575941536651496,AN08B031,known_dimorphic
720575941536695066,AN03B011,
720575941536706753,DNg80,
720575941536772378,DNp29,
720575941536778389,DNg01,
720575941536972018,DNg32,
720575941537098778,,
720575941537110554,AN10B037,
720575941537124890,AN10B039,
720575941537141786,SApp09,
720575941537162010,AN17A026,
720575941537193699,SApp02,
720575941537411560,AN07B069,
720575941537417341,AN_GNG_20,
720575941537448061,SApp16,
720575941537490813,AN08B089,
720575941537492712,AN17A015,
720575941537510386,AN06A041,
720575941537518229,SApp04,
720575941537542376,AN08B099,
720575941537583331,ANXXX169,
720575941537583336,DNp54,
720575941537638627,DNa14,
720575941537644003,SApp08,
720575941537684707,AN09B001,
720575941537701347,AN09B030,
720575941537703144,DNg04,
720575941537710824,DNg98,
720575941537718653,DNxn108,
720575941537732840,ANXXX434,
720575941537766632,DNd05,
720575941537784189,AN09B040,
720575941537820658,DNge095,
720575941537847272,ANXXX434,
720575941537850600,DNp54,
720575941537872253,AN12B089,known_dimorphic
720575941537912291,DNpe012,
720575941537991907,AN27X009,
720575941538066837,AN09B006,
720575941538080754,AN05B100,
720575941538209229,DNg10,
720575941538218216,DNg08,
720575941538221288,DNg26,
720575941538255587,DNg110,
720575941538256355,SAxx01,
720575941538257635,AN07B049,
720575941538336381,DNg60,
720575941538543253,AN07B071,
720575941538877133,AN06B046,
720575941538881778,SApp12,
720575941539005426,SApp05,
720575941539028722,DNxl099,
720575941539051669,AN11B008,
720575941539075314,AN07B021,
720575941539085973,ANXXX178,
720575941539100309,AN05B036,
720575941539118834,AN09B023,
720575941539172501,AN07B070,
720575941539226866,DNp63,
720575941539242389,AN05B006,
720575941539243669,DNnt016,
720575941539264242,DNd04,
720575941539298509,AN07B060,
720575941539325333,DNfl040,
720575941539325821,,
720575941539327474,AN06B009,
720575941539407090,DNpe011,
720575941539448781,AN17B013,
720575941539529597,AN08B113,
720575941539552717,DNxn115,
720575941539582669,AN10B048,
720575941539718037,SApp03,
720575941539767900,AN07B101,
720575941539792220,CvN6,
720575941539809997,DNp03,
720575941539816061,DNxn153,
720575941539923741,AN07B072,
720575941540215501,DNp01,
720575941540246364,DNxn125,
720575941540257741,DNxn167,
720575941540261581,AN17A073,
720575941540266109,AN10B037,
720575941540269693,oviDN,
720575941540291789,DNxl110,
720575941540462285,DNxl067,
720575941540466381,DNp08,
720575941540535069,DNg12,
720575941540545884,SApp08,
720575941540590973,ANXXX250,
720575941540592509,AN09B019,
720575941540625101,AN05B062,
720575941540944333,SApp09,
720575941540968397,AN09B018,
720575941541075069,AN05B098,
720575941541271325,DNg78,
720575941541431644,AN19B015,
720575941541469213,ANXXX170,
720575941541590301,AN08B113,
720575941541703453,AN07B072,
720575941541726493,DNge091,
720575941541832733,SApp20,
720575941541839389,ANXXX169,
720575941541952092,AN10B045,
720575941542372613,SApp22,
720575941542421340,AN07B013,
720575941542425180,AN09B040,
720575941542458204,AN17B005,
720575941542461276,AN17A018,
720575941542462300,AN18B053,known_dimorphic
720575941542468956,AN05B096,
720575941542469724,AN01B002,
720575941542484060,AN05B071,
720575941542514268,DNg43,
720575941542529884,AN_multi_18,
720575941542534236,DNp13,
720575941542580316,AN06A026,
720575941542584837,DNge020,
720575941542593372,ANXXX255,
720575941542610437,DNp23,
720575941542617117,DNp17,
720575941542664284,DNxn176,
720575941542676572,DNg85,
720575941542733573,DNfl021,
720575941542749788,AN08B012,
720575941542876957,AN07B021,
720575941542885661,DNg84,
720575941542898205,DNd04,
720575941542918941,AN10B008,
720575941543038237,AN17A068,
720575941543045149,DNa09,
720575941543092060,DNp14,
720575941543093021,DNxl073,
720575941543106652,AN07B049,
720575941543108956,DNp37,
720575941543158813,AN05B010,
720575941543173405,ANXXX433,
720575941543300381,AN10B037,
720575941543379644,SAch02,
720575941543603997,SApp23,
720575941543684357,DNg94,
720575941543804189,SApp02,
720575941543812893,AN07B037,
720575941543962629,DNg05,
720575941544157628,AN08B110,
720575941544353460,SApp07,
720575941544483252,CvN1-3,
720575941544541364,AN08B112,
720575941544685061,AN09B023,
720575941544710405,AN08B079,
720575941544725509,AN09B040,
720575941545033916,DNnt011,
720575941545068988,SApp10,
720575941545086088,AN08B106,
720575941545087493,AN01A055,
720575941545094536,AN07B078,
720575941545120361,DNg12,
720575941545123589,AN23B003,
720575941545219464,AN10B051,
720575941545249468,AN07B076,
720575941545273861,DNut042,
720575941545312005,DNp22,
720575941545418501,DNg67,
720575941545432425,DNb08,
720575941545487365,ANXXX082,
720575941545489413,AN27X017,
720575941545505672,,
720575941545785524,AN07B076,
720575941545863785,AN_4_None,
720575941545915836,ANXXX255,
720575941545989556,AN10B034,
720575941546194364,DNge145,
720575941546216628,AN08B099,
720575941546363169,SApp13,
720575941546424425,AN08B071,
720575941546427836,AN07B043,
720575941546446697,DNg91,
720575941546476476,ANXXX154,
720575941546494313,AN_4_None,
720575941546513001,DNp70,
720575941546593468,AN17A008,
720575941546602345,DNpe031,
720575941546634428,DNp23,
720575941546667452,DNp60,
720575941546668988,DNpe053,
720575941546693225,EA00B006,
720575941546829601,AN07B052,
720575941546868668,IN17A107,
720575941546970292,DNp16,
720575941547044980,AN07B052,
720575941547048052,AN07B071,
720575941547175092,AN19B051,
720575941547229620,ANXXX170,
720575941547246260,ANXXX046,
720575941547275144,AN07B072,
720575941547317940,DNge032,
720575941547337140,AN07B062,
720575941547426484,ANXXX116,known_dimorphic
720575941547432116,ANXXX170,
720575941547452084,DNp49,
720575941547473268,DNnt008,
720575941547718461,DNxn106,
720575941547763060,DNfl037,
720575941547837501,SApp22,
720575941548066184,DNge073,
720575941548144673,SApp07,
720575941548169608,DNp51,
720575941548170120,DNxl094,known_dimorphic
720575941548184200,SApp01,
720575941548187681,AN08B112,
720575941548225928,AN09B026,
720575941548246920,AN27X015,
720575941548340104,AN01A033,
720575941548351549,AN04B003,
720575941548409377,DNxn128,
720575941548476276,AN05B023,
720575941548493857,CvN1-3,
720575941548506657,SApp21,
720575941548641085,DNfl020,
720575941548655496,DNxl132,
720575941548829473,AN19B063,
720575941548843581,SApp05,
720575941548952609,AN07B069,
720575941549011060,SAch02,
720575941549022497,DNpe054,
720575941549063167,AN12B089,known_dimorphic
720575941549156980,DNg02,
720575941549428991,,
720575941549448225,AN23B002,
720575941549450301,AN05B050,
720575941549490209,DNg02,
720575941549506932,DNb03,
720575941549510974,AN16B078,
720575941549558388,AN07B063,
720575941549579553,SApp08,
720575941549788961,DNpe054,
720575941549927229,ANXXX043,
720575941549936957,AN06A017,
720575941549950207,AN_GNG_164,
720575941550148724,DNg31,
720575941550165054,DNg10,
720575941550196797,DNxl082,
720575941550391668,SApp07,
720575941550401086,DNfl024,
720575941550561341,DNxn189,
720575941550597236,SApp09,
720575941550649599,AN06B037,
720575941550675079,AN_4_None,
720575941550685063,AN07B082,
720575941550687037,AN06B007,
720575941550687805,DNge050,
720575941550700605,,
720575941550794751,DNg36,
720575941550909951,ANXXX072,
720575941550999175,AN19B076,
720575941551055495,SApp22,
720575941551093639,DNg12,
720575941551115775,SAch01,
720575941551193115,DNg10,
720575941551408538,AN08B107,
720575941551414170,DNg07,
720575941551486463,AN05B078,
720575941551514174,AN08B098,
720575941551514686,AN08B102,
720575941551640711,ANXXX049,
720575941551774526,DNit013,
720575941551911935,SApp08,
720575941551948543,DNp63,
720575941551955199,AN09B014,
720575941551991295,DNg16,
720575941552001791,AN05B053,
720575941552002815,DNg57,
720575941552009727,DNg49,
720575941552013055,AN09B009,
720575941552017663,DNxl100,
720575941552024575,AN07B005,
720575941552142727,DNa03,
720575941552163583,DNpe022,
720575941552165255,SA_MDA_1,
720575941552168959,AN10B048,
720575941552203930,AN07B089,
720575941552229887,AN06A027,
720575941552267777,SAch02,
720575941552359303,SAch01,
720575941552559131,SApp09,
720575941552584510,DNxn144,
720575941552589055,AN09B029,
720575941552590910,AN01B005,
720575941552602686,ANXXX254,known_dimorphic
720575941552603966,DNp19,
720575941552643841,AN05B050,
720575941552726407,DNg99,
720575941552768062,DNxn172,
720575941552783495,AN07B076,
720575941552842579,SAxx02,
720575941552863489,DNg92,
720575941552880190,SApp22,
720575941552896830,AN09B012,known_dimorphic
720575941552907838,DNp45,
720575941552922686,AN10B005,
720575941552999707,AN_4_None,
720575941553019475,SApp10,
720575941553032839,AN19B076,
720575941553055771,SApp01,
720575941553078938,SAch02,
720575941553134363,SApp06,
720575941553264211,CvN1-3,
720575941553301220,SApp22,
720575941553314714,AN06B023,
720575941553332708,SAchxx,
720575941553395098,AN18B032,
720575941553480327,XA,
720575941553530503,SApp10,
720575941553550471,DNxn109,
720575941553551495,DNg07,
720575941553577217,AN06B068,
720575941553583844,SApp06,
720575941553617124,SAppxx,
720575941553669092,SApp06,
720575941553670791,DNa13,
720575941553768705,AN_SMP_FLA_1,
720575941553773959,ANXXX132,
720575941553784455,AN_multi_18,
720575941553786503,aSP22,known_dimorphic
720575941553985875,DNg02,
720575941553999387,ANXXX027,
720575941554032155,SApp15,
720575941554109668,DNg51,
720575941554172807,DNp44,
720575941554198555,AN01A049,
720575941554220571,AN07B057,
720575941554228481,DNnt013,
720575941554350931,SApp17,
720575941554354259,DNg12,
720575941554501459,AN05B053,
720575941554615553,ANXXX057,
720575941554623130,AN01B004,
720575941554637732,AN19B076,
720575941554692580,AN08B018,
720575941554694372,DNg36,
720575941554701722,DNfl040,
720575941554856019,DNpe054,
720575941554879642,IN07B061,dimorphic
720575941554888676,DNxn144,
720575941554952858,DNge053,
720575941555066451,AN01B004,
720575941555155354,SApp09,
720575941555160986,SAxx01,
720575941555196929,DNfl012,
720575941555201025,AN05B026,
720575941555214593,AN19B100,
720575941555244772,AN09B030,
720575941555245313,AN05B054,
720575941555321601,ANXXX102,
720575941555369217,AN08B099,
720575941555384868,AN01B018,
720575941555393537,DNa13,
720575941555461377,DNfl024,
720575941555503187,AN08B005,
720575941555504467,DNge127,
720575941555505747,AN08B016,
720575941555507283,AN10B045,
720575941555509331,AN05B081,
720575941555637331,DNxn131,
720575941555674340,DNg41,
720575941555710547,DNp56,
720575941555742035,DNxn132,
720575941556189924,EA06B010,
720575941556195300,DNde001,
720575941556199652,DNxn109,
720575941556231652,AN05B060,
720575941556235940,AN08B099,
720575941556283876,DNge004,
720575941556296019,ANXXX202,
720575941556338916,AN19B024,known_sex_specific
720575941556367140,SApp06,
720575941556379108,DNxl129,
720575941556383908,ANXXX145,
720575941556419300,AN09B040,
720575941556420516,AN10B024,
720575941556437732,AN17A018,
720575941556446436,AN08B013,
720575941556498660,AN05B103,
720575941556707620,AN08B034,
720575941556839204,AN08B079,
720575941556869860,SApp09,
720575941556870884,DNg110,
720575941556877796,AN08B066,
720575941556990735,DNfl032,
720575941557126159,AN19B104,known_dimorphic
720575941557316004,DNg14,
720575941557337764,AN05B050,
720575941557352686,AN06B015,
720575941557372708,SApp22,
720575941557388708,DNb03,
720575941557413284,DNut051,
720575941557473572,DNde006,
720575941557512307,DNg12,
720575941557533092,SApp05,
720575941557591972,ANXXX046,
720575941557625971,SApp07,
720575941557692531,SApp08,
720575941557943155,DNg37,
720575941557948068,AN06B039,
720575941558153261,AN07B060,
720575941558189171,DNg07,
720575941558279972,AN06A080,
720575941558331684,AN05B100,
720575941558335524,AN19B018,
720575941558381860,DNxn183,
720575941558535716,AN09B034,
720575941558552591,AN12B055,
720575941558599972,DNxn177,
720575941558607396,DNp03,
720575941558704164,DNp12,
720575941558807411,DNfl015,
720575941558924270,SApp22,
720575941558960143,AN08B071,
720575941558966766,AN10B049,
720575941558973455,AN05B071,
720575941558996462,AN08B112,
720575941559011620,AN06B039,
720575941559017252,AN17A012,
720575941559022381,DNge095,
720575941559104813,DNg02,
720575941559170030,AN08B079,
720575941559176942,DNb04,
720575941559205933,DNg05,
720575941559245038,ANXXX157,
720575941559394931,DNg08,
720575941559458675,AN08B109,
720575941559494415,AN01B011,
720575941559874831,DNp04,
720575941559946478,DNpe008,
720575941559950863,DNg10,
720575941560024847,AN05B006,
720575941560068334,AN08B099,
720575941560162798,DNp35,
720575941560216079,AN17B007,
720575941560266152,AN19B044,
720575941560268270,AN05B101,
720575941560343155,ANXXX433,
720575941560405875,AN05B071,
720575941560414579,AN12B060,known_dimorphic
720575941560433267,AN18B022,
720575941560434035,DNxn152,
720575941560435059,DNge133,
720575941560435571,AN10B034,
720575941560503155,DNp73,
720575941560549491,DNg07,
720575941560566543,SApp09,
720575941560566799,AN17A015,
720575941560597775,DNg110,
720575941560655731,DNge051,
720575941560655784,AN16B078,
720575941560722344,SApp22,
720575941560998003,AN27X017,
720575941561334061,ANXXX200,
720575941561351213,SApp12,
720575941561376813,DNde006,
720575941561380653,AN17A015,
720575941561392173,DNg39,
720575941561409581,ANXXX084,known_dimorphic
720575941561414034,ANXXX308,
720575941561430829,oviDN,
720575941561466258,SApp07,
720575941561632045,AN03B011,
720575941561655341,DNae001,
720575941561659181,DNx02,
720575941561743872,DNg37,
720575941561762605,ANXXX043,
720575941561776173,DNxl120,
720575941561826216,AN10B053,
720575941561868544,AN10B027,
720575941562036743,DNut042,
720575941562059176,DNg82,
720575941562066088,AN07B071,
720575941562120960,SA_DMT_DMetaN_12,
720575941562127405,SAppxx,
720575941562192429,DNge090,
720575941562215469,DNg98,
720575941562217517,DNp24,
720575941562287202,AN03A002,
720575941562316039,SApp02,
720575941562404008,DNge088,
720575941562409479,AN07B082,
720575941562443362,AN10B020,
720575941562504546,AN10B029,
720575941562512018,AN09B033,
720575941562682624,AN19B060,
720575941562721938,AN05B054,
720575941562771624,DNnt012,
720575941562981522,DNxn114,
720575941563064071,DNg12,
720575941563084690,AN07B042,
720575941563169704,DNg13,
720575941563183016,DNg74,
720575941563201687,DNg12,
720575941563218944,DNxn122,
720575941563334912,DNp17,
720575941563338664,AN08B028,
720575941563344552,ANXXX145,
720575941563345576,AN05B102,
720575941563391383,DNg82,
720575941563424054,SAxxxx,
720575941563466152,AN27X009,
720575941563483816,AN19B019,
720575941563541351,AN10B019,
720575941563548160,AN10B034,
720575941563551656,ANXXX109,
720575941563563879,SApp10,
720575941563568999,SApp05,
720575941563622759,SAch01,
720575941563646050,AN07B005,
720575941563670023,AN01A014,
720575941563760552,SAch01,
720575941563866536,DNg08,
720575941563868328,AN05B049,
720575941563893858,SApp23,
720575941563967847,AN27X008,
720575941564030055,AN06B068,
720575941564071680,SApp15,
720575941564094720,AN19B093,
720575941564134242,AN07B070,
720575941564152722,AN07B045,
720575941564153234,AN09B021,
720575941564155282,AN13B002,
720575941564155904,DNnt012,
720575941564160402,AN05B069,
720575941564186007,DNg52,
720575941564189026,AN05B083,
720575941564202599,SApp10,
720575941564275602,DNp32,
720575941564373346,AN10B056,
720575941564402023,DNg09,
720575941564410112,DNg05,
720575941564421015,ANXXX202,
720575941564422290,AN08B050,
720575941564432786,DNxl080,
720575941564493831,SApp10,
720575941564504832,DNfl025,
720575941564541191,AN05B053,
720575941564623506,ANXXX202,
720575941564632674,AN08B079,
720575941564642304,AN09B003,
720575941564649216,DNit012,
720575941564671744,SApp12,
720575941564682135,AN05B050,
720575941564705431,AN10B047,
720575941564715264,ANXXX139,
720575941564723456,AN05B101,
720575941564740150,SApp15,
720575941564833938,CvN1-3,
720575941565008384,SAxx01,
720575941565091847,DNfl026,
720575941565099623,AN19B004,
720575941565100551,AN10B039,
720575941565122055,AN05B045,
720575941565124918,AN06A030,
720575941565158663,AN05B053,
720575941565245794,DNxn151,
720575941565250823,SApp01,
720575941565285730,CvN2,
720575941565293063,DNg12,
720575941565308423,AN07B043,
720575941565348103,AN02A017,
720575941565351943,ANXXX169,
720575941565392482,DNfl021,
720575941565393927,AN18B053,known_dimorphic
720575941565412654,SApp08,
720575941565477174,DNfl021,
720575941565499543,AN07B045,
720575941565508759,DNxl128,
720575941565517975,AN02A005,
720575941565526119,AN16B078,
720575941565533591,AN_GNG_75,
720575941565694262,DNfl036,
720575941565716578,DNfl030,
720575941565876375,DNge152,
720575941565919847,AN19B060,
720575941566122855,AN05B048,
720575941566132119,DNg22,
720575941566165302,DNg87,
720575941566170422,DNp14,
720575941566180199,DNg89,
720575941566182966,AN04A001,
720575941566204470,AN07B062,
720575941566232886,DNfl024,
720575941566309174,DNp26,
720575941566336822,ANXXX218,
720575941566364982,DNge122,
720575941566475623,AN09B020,
720575941566487655,DNge074,
720575941566500455,AN18B020,
720575941566556775,DNxn159,
720575941566565174,CB0191,
720575941566646375,AN09B015,
720575941566679598,AN10B024,
720575941566725991,AN10B048,
720575941566729460,AN04B003,
720575941566734836,SApp19,
720575941566744935,AN08B034,
720575941566767207,AN08B013,
720575941566797110,AN17A014,
720575941566889006,AN08B113,
720575941566913786,SApp07,
720575941566927610,SAxxxx,
720575941567010930,AN04B051,
720575941567089908,AN03A002,
720575941567187962,DNg92,
720575941567199790,DNg64,
720575941568118004,AN07B072,
720575941568199726,DNg12,
720575941568305658,AN07B101,
720575941568317230,AN12A017,
720575941568339706,AN19B098,
720575941568408622,AN08B026,
720575941568499502,DNp55,
720575941568708398,AN19B017,
720575941568733486,SApp07,
720575941568738036,AN08B109,
720575941568835834,DNx02,
720575941568870770,DNa10,
720575941568889332,AN17B008,
720575941568892148,AN12B060,known_dimorphic
720575941568894202,DNxn134,
720575941568946938,DNg18,
720575941569105658,DNge039,
720575941569153906,AN10B046,
720575941569197426,SAch02,
720575941569306874,DNg12,
720575941569320050,DNpe054,
720575941569338106,SApp04,
720575941569348858,DNxl112,
720575941569349370,AN06B007,
720575941569361658,AN05B010,
720575941569365242,AN08B012,
720575941569367546,ANXXX023,
720575941569373178,ANXXX171,
720575941569405342,SAchxx,
720575941569424372,DNht001,
720575941569479930,AN05B058,
720575941569505394,DNut042,
720575941569571186,DNp71,
720575941569579002,AN07B005,
720575941569581170,AN05B053,
720575941569583474,ANXXX049,
720575941569592690,AN08B026,
720575941569599602,AN19B007,
720575941569678450,DNxl071,
720575941569755550,SApp10,
720575941569801586,DNpe042,
720575941569808754,DNnt008,
720575941569814130,AN06B034,
720575941569836914,DNxn137,
720575941569909106,DNg84,
720575941570031092,DNge099,
720575941570128498,DNa01,
720575941570313118,AN16B078,
720575941571171067,AN07B082,
720575941571394811,AN03B039,
720575941571453342,DNge094,
720575941571547912,AN06B034,
720575941571671709,AN08B112,
720575941571691165,SAch01,
720575941571698184,SA_DMT_DMetaN,
720575941571863709,AN27X003,known_sex_specific
720575941571871241,DNge091,
720575941571900232,AN18B004,
720575941571900488,AN09B023,
720575941571901000,AN_multi_2,
720575941571901512,AN08B024,
720575941571988637,SApp22,
720575941572111261,SApp05,
720575941572120136,AN05B078,
720575941572171166,AN09A005,
720575941572392201,DNnt013,
720575941572407710,DNad004,
720575941572453790,AN12B060,known_dimorphic
720575941572464798,DNad006,
720575941572468126,AN19B010,
720575941572471454,DNg108,
720575941572620446,DNb03,
720575941572659870,AN05B102,
720575941572669342,DNb06,
720575941572671995,DNp59,
720575941572673950,AN07B035,
720575941572713359,AN16B078,
720575941572713886,DNg97,
720575941572719006,DNp67,
720575941572840591,SApp03,
720575941572855439,AN06A016,
720575941572925583,AN16B078,
720575941572941051,DNge094,
720575941572956232,AN07B070,
720575941573054646,AN26X004,
720575941573083656,AN08B026,
720575941573117341,SAch02,
720575941573266171,DNge054,
720575941573267784,AN_GNG_199,
720575941573346230,SApp12,
720575941573370696,DNg12,
720575941573385224,DNge114,
720575941573417117,DNg10,
720575941573499464,AN08B049,
720575941573616891,DNp59,
720575941573620744,DNx02,
720575941573655561,AN10B033,
720575941573657416,DNp62,
720575941573658184,DNg30,
720575941573846941,DNge094,
720575941573970831,AN07B062,
720575941573992776,AN12B008,
720575941574040329,DNit012,
720575941574098184,AN08B097,
720575941574140169,DNxl103,known_dimorphic
720575941574158075,DNg66,
720575941574213627,AN10B018,
720575941574226024,DNge020,
720575941574230523,DNg02,
720575941574252795,AN07B013,
720575941574320905,AN07B036,
720575941574322427,AN10B021,
720575941574375272,DNg07,
720575941574442235,AN_GNG_VES_12,
720575941574467997,DNpe054,
720575941574540040,AN05B049,
720575941574549768,AN03B011,
720575941574640136,AN07B069,
720575941574657032,AN06B040,
720575941574669725,AN08B100,
720575941574671517,DNpe011,
720575941574675869,DNb07,
720575941574689437,ANXXX145,
720575941574706953,ANXXX986,
720575941574724361,DNg23,
720575941574730235,AN01A055,
720575941574731272,DNp46,
720575941574744329,DNg02,
720575941574748681,AN08B009,known_sex_specific
720575941574753545,ANXXX086,
720575941574768392,AN10B015,
720575941574790664,DNg62,
720575941574813192,ANXXX986,
720575941574838280,ANXXX057,
720575941574844425,AN23B004,
720575941574850205,AN08B012,
720575941574851510,AN19A018,known_sex_specific
720575941574878351,DNnt019,
720575941574933661,DNde005,
720575941574940061,SApp06,
720575941574946299,SAxx01,
720575941574949627,AN05B056,
720575941574973705,ANXXX094,
720575941574979229,DNge142,
720575941574984201,DNge148,
720575941575292936,AN17A003,
720575941575419401,DNxl088,
720575941575439798,AN05B062,
720575941575484598,DNge071,
720575941575525992,DNfl041,
720575941575655311,AN_GNG_VES_10,
720575941575725928,DNxn129,
720575941575744655,DNxn140,
720575941575751784,SAchxx,
720575941575985241,AN08B106,
720575941576023400,AN19B101,
720575941576080822,SApp15,
720575941576140470,ANXXX030,
720575941576254134,DNxl078,
720575941576343222,AN09B011,
720575941576562792,DNxl101,
720575941576660840,AN02A005,
720575941576680949,AN10B034,
720575941576782774,SAxx01,
720575941577426265,AN11B012,
720575941577436761,AN08B081,
720575941577482585,DNxn108,
720575941577519961,DNit003,
720575941577622105,SAxxxx,
720575941578353909,AN10B033,
720575941578384629,DNxl121,
720575941578442741,AN12B076,
720575941578492761,AN07B051,
720575941578497369,AN18B002,
720575941578499673,DNge118,
720575941578509401,AN01B002,
720575941578527065,AN01A021,
720575941578601049,AN05B097,
720575941578679897,DNxn130,
720575941578692697,DNp09,
720575941578730841,AN05B101,
720575941578736629,AN07B085,
720575941578746713,AN_AVLP_GNG_23,
720575941578803025,DNa13,
720575941578888949,SApp07,
720575941578994933,AN06B046,
720575941579149145,SApp10,
720575941579149401,DNp17,
720575941579187321,AN_FLA_1,
720575941579208281,DNc02,
720575941579266169,ANXXX084,known_dimorphic
720575941579361873,AN10B060,
720575941579450745,DNge020,
720575941579616081,DNp16,
720575941579626577,AN_GNG_IPS_13,
720575941579629137,AN10B053,
720575941579645173,AN07B063,
720575941579749365,AN06A015,
720575941579780597,AN18B001,
720575941579788533,AN01A001,
720575941579793909,DNge010,
720575941579841013,DNp16,
720575941579857397,AN07B050,
720575941579876085,DNg74,
720575941579876341,SApp11,
720575941580007669,AN09B024,
720575941580074485,AN07B037,
720575941580098037,ANXXX092,
720575941580119541,AN23B010,
720575941580369489,DNg08,
720575941580594677,AN12B017,
720575941580602869,AN12B017,
720575941580654201,AN08B005,
720575941580685689,AN19B042,
720575941580693881,AN05B083,
720575941581362271,AN06A092,
720575941581648761,DNg54,
720575941581666655,vMS13,
720575941581672057,ANXXX093,
720575941581684601,DNa06,
720575941581721977,DNg21,
720575941581725305,ANXXX139,
720575941581772153,AN06B011,
720575941581870457,DNxn130,
720575941582077049,ANXXX202,
720575941582278777,SApp02,
720575941582282873,DNg08,
720575941582293369,AN17A012,
720575941583263710,AN06A026,
720575941583368543,AN14A003,
720575941583462110,DNge154,
720575941583758726,DNg01,
720575941583879007,AN12B089,known_dimorphic
720575941584448134,AN08B018,
720575941584448390,AN08B007,
720575941584451167,AN_GNG_152,
720575941584708486,DNnt011,
720575941584770014,SAch01,
720575941584898182,SApp22,
720575941584961246,SAxx02,
720575941585004127,AN19A018,known_sex_specific
720575941585137247,ANXXX055,
720575941585144415,ANXXX072,
720575941585231838,AN09B007,
720575941585234910,AN19B044,
720575941585365214,DNut042,
720575941585890694,ANXXX169,
720575941585920646,AN19A018,known_sex_specific
720575941585929350,AN08B023,
720575941585932422,AN17A018,
720575941585933190,AN05B009,
720575941585935494,AN10B015,
720575941586099334,DNfl030,
720575941586127750,AN05B007,
720575941586221958,DNp41,
720575941586273926,DNnt012,
720575941586425412,DNg12,
720575941586431812,AN18B023,
720575941586445534,AN07B062,
720575941586451166,ANXXX404,
720575941586455774,ANXXX033,
720575941586476510,AN05B015,
720575941586609886,DNg63,
720575941586627294,AN10B015,
720575941586647686,AN05B056,
720575941586648198,ANXXX433,
720575941586653062,DNp37,
720575941586697438,AN12B004,
720575941586901316,DNge089,
720575941586999518,SAxx01,
720575941587152862,SAxx01,
720575941587856951,DNg02,
720575941588123902,DNg12,
720575941588160580,AN10B022,
720575941588183620,AN19B100,
720575941588369662,DNg01,
720575941588409924,DNp17,
720575941588503948,AN08B112,
720575941588545335,SApp23,
720575941588619148,AN05B052,
720575941588689548,ANXXX313,
720575941588809612,SApp10,
720575941588874892,DNht001,
720575941588955703,DNge117,
720575941588957239,AN07B060,
720575941588978244,AN04B004,
720575941588978500,AN09B001,
720575941589017143,AN19B059,
720575941589087543,AN10B035,
720575941589194494,AN08B034,
720575941589246020,AN10B015,
720575941589256260,AN02A017,
720575941589304644,DNxl119,
720575941589330743,AN19B079,
720575941589353284,DNge085,
720575941589353540,SApp05,
720575941589590782,AN06A062,
720575941589678078,DNg12,
720575941589746756,AN27X017,
720575941589747012,AN27X017,
720575941589794046,AN10B019,
720575941589853950,DNg26,
720575941589968780,SApp22,
720575941589969292,SApp19,
720575941589986359,DNge128,
720575941590014775,AN06A080,
720575941590112040,AN16B078,
720575941590130174,SAch01,
720575941590202878,AN08B024,
720575941590387084,AN_GNG_IPS_19,
720575941590435070,DNpe010,
720575941590551592,DNg107,
720575941590576424,DNge091,
720575941590752396,AN09B033,
720575941590774924,ANXXX127,
720575941591050494,DNg32,
720575941591061246,ANXXX202,
720575941591064716,DNpe054,
720575941591151500,DNg02,
720575941591213196,AN27X013,
720575941591285132,DNxl118,
720575941591448972,DNa08,known_dimorphic
720575941591512972,AN04B003,
720575941591683212,AN02A022,
720575941591753256,SApp01,
720575941591761704,DNg02,
720575941591804712,DNxn109,
720575941591827752,SApp01,
720575941591832360,ANXXX090,
720575941591871528,SApp03,
720575941592025740,ANXXX084,known_dimorphic
720575941592092968,ANXXX433,
720575941592159958,AN07B071,
720575941592328741,SApp11,
720575941592445291,AN08B099,
720575941592508453,AN07B060,
720575941592514341,SApp17,
720575941592536939,ANXXX074,
720575941592612903,SAch01,
720575941592628950,DNge071,
720575941592644054,DNge091,
720575941592893992,DNp49,
720575941592898341,SAch02,
720575941592925992,DNg69,
720575941592983665,ANXXX098,
720575941592984616,AN04B001,
720575941592986481,SApp17,
720575941592998769,AN06B015,
720575941593041192,AN09B015,
720575941593057064,AN07B082,
720575941593285416,AN09B013,
720575941593409064,DNpe054,
720575941593486806,AN07B070,
720575941593493099,AN06B044,
720575941593505387,DNnt017,
720575941593520747,AN_GNG_IPS_13,
720575941593522283,AN18B001,
720575941593533803,SApp06,
720575941593604054,SApp10,
720575941593607126,ANXXX019,
720575941593654917,SApp13,
720575941593683051,DNp10,
720575941593714027,AN01A055,
720575941593749541,AN19B036,
720575941593759781,SApp15,
720575941593765672,ANXXX027,
720575941594006891,AN09B001,
720575941594188325,AN08B101,
720575941594292775,INXXX101,
720575941594303527,SApp07,
720575941594332711,AN09B030,
720575941594463013,ANXXX041,
720575941594497575,DNut046,
720575941594630001,AN08B095,
720575941594807921,SAchxx,
720575941594823537,DNp05,
720575941594858198,DNg109,
720575941595083734,AN01B014,
720575941595101809,AN08B097,
720575941595170341,AN07B085,
720575941595188261,AN06B045,
720575941595189029,DNp18,
720575941595190053,AN09B013,
720575941595193558,DNp35,
720575941595201573,AN05B105,
720575941595204229,SAch01,
720575941595237157,AN_AVLP_PVLP_1,
720575941595290149,AN10B049,
720575941595290151,AN14A003,
720575941595295783,AN01B005,
720575941595303717,AN07B045,
720575941595308071,AN07B021,
720575941595312517,SApp23,
720575941595335301,SApp09,
720575941595376677,DNxn143,
720575941595394161,AN06B046,
720575941595515941,ANXXX296,
720575941595517735,DNg75,
720575941595520039,DNpe041,
720575941595534981,DNfl019,
720575941595542823,DNp05,
720575941595590951,DNae005,
720575941595605029,DNge071,
720575941595615783,DNg106,
720575941595697285,SApp05,
720575941595808039,AN08B061,known_sex_specific
720575941595882609,ANXXX120,
720575941595910257,AN09B032,
720575941595940032,AN07B056,
720575941595947456,AN05B063,
720575941595949937,AN06A026,
720575941595955569,DNp13,
720575941595969728,SApp23,
720575941596069489,AN08B024,
720575941596082801,AN09B009,
720575941596085105,ANXXX005,
720575941596161137,SApp15,
720575941596171968,SApp19,
720575941596182129,DNp66,
720575941596205425,DNg106,
720575941596218225,DNg09,
720575941596240241,AN18B019,
720575941596424581,oviDN,
720575941596431749,DNut042,
720575941596590213,SApp17,
720575941596596357,DNit004,
720575941596600709,DNge116,
720575941596602048,DNxn118,
720575941596627569,AN07B018,
720575941596702597,AN08B009,known_sex_specific
720575941596729477,AN17A014,
720575941596748933,DNbe002,
720575941597150364,SApp05,
720575941597293724,AN07B042,
720575941597339804,SApp23,
720575941597345692,DNfl017,
720575941597457564,CvN4,
720575941597533993,ANXXX191,
720575941597632041,AN10B034,
720575941597645097,SApp22,
720575941598191808,AN19B074,
720575941598325148,DNge094,
720575941598469276,DNg68,
720575941598492457,DNg05,
720575941598566812,AN09B006,
720575941598584768,CvN2,
720575941598660288,AN12B060,known_dimorphic
720575941598693824,DNp17,
720575941598907072,DNa13,
720575941598950556,DNg27,
720575941598952604,ANXXX214,
720575941599034560,DNde005,
720575941599049152,DNut042,
720575941599063232,AN18B022,
720575941599075008,ANXXX250,
720575941599105728,AN09B033,
720575941599321385,AN_GNG_204,
720575941599326505,AN06B051,
720575941600537385,AN17A024,
720575941600640809,AN03B095,
720575941600878377,DNa05,
720575941600902841,SApp18,
720575941600910889,SAch02,
720575941600940473,AN06B023,
720575941601022710,AN07B078,
720575941601087478,AN09B031,
720575941601114102,AN17A013,
720575941601122806,AN09B023,
720575941601297705,DNxl096,
720575941601731769,DNxn118,
720575941602114494,DNnt015,
720575941602242750,IN08B003,sex_specific
720575941602323897,DNa04,
720575941602373054,SAppxx,
720575941602726078,DNge109,
720575941602751934,CvN1-3,
720575941602753782,SAch02,
720575941602854841,DNge081,
720575941602974649,DNpe054,
720575941603190006,ANXXX008,
720575941603438777,DNg07,
720575941603458750,AN12B004,
720575941603506622,SApp23,
720575941603685817,ANXXX024,
720575941603691198,AN10B033,
720575941603718073,AN12A017,
720575941603720377,DNp52,
720575941603720633,DNg20,
720575941603727545,ANXXX013,
720575941603732921,AN07B041,
720575941603744697,DNxl108,
720575941603755193,ANXXX264,
720575941603785913,DNxn148,
720575941603791350,DNg76,
720575941603845817,AN04B023,
720575941603871990,AN08B022,
720575941603880182,AN09B035,
720575941604048830,AN10B047,
720575941604056505,AN09B007,
720575941604155638,AN02A001,
720575941604241337,ANXXX380,
720575941604343225,DNg08,
720575941604343737,DNg110,
720575941604501182,AN10B060,
720575941604585662,DNg106,
720575941604639934,AN10B037,
720575941604710334,SApp05,
720575941604774253,ANXXX098,
720575941604982462,DNit003,
720575941604998590,AN06B042,
720575941605024365,AN07B063,
720575941605057901,,
720575941605091518,DNnt011,
720575941605171390,AN12B019,
720575941605174462,AN05B007,
720575941605417918,SApp01,
720575941605509054,AN27X017,
720575941605515966,AN17A047,
720575941605523902,DNp44,
720575941606542701,DNg07,
720575941606579309,AN05B076,
720575941606629485,,
720575941606717293,SApp01,
720575941607119725,DNge059,
720575941607564909,DNge100,
720575941607576173,AN17A024,
720575941607605101,AN18B020,
720575941607634285,oviDN,
720575941607672685,AN17A024,
720575941607693421,DNg111,
720575941607851117,AN05B100,
720575941608283978,AN09B042,
720575941608317037,AN07B017,
720575941608483914,ANXXX116,known_dimorphic
720575941608538954,SAch01,
720575941608733673,DNut042,
720575941609235302,DNge090,
720575941609437613,CvN6,
720575941609482413,SApp16,
720575941609599078,SApp01,
720575941609747430,DNge014,
720575941610213478,DNg01,
720575941610223974,SApp01,
720575941610283850,AN10B046,
720575941610317020,AN19B065,
720575941610332636,SApp06,
720575941610664621,AN09B033,
720575941610874598,SApp13,
720575941610908137,AN06A092,
720575941610917037,DNxl113,
720575941610928870,SApp23,
720575941610938797,AN09B012,known_dimorphic
720575941611010534,AN06B046,
720575941611018314,ANXXX037,
720575941611059274,SApp22,
720575941611082826,DNg03,
720575941611086410,AN27X008,
720575941611136476,DNg89,
720575941611136614,SAchxx,
720575941611188554,AN01A055,
720575941611254858,AN06B037,
720575941611266278,AN19B093,
720575941611278825,AN08B018,
720575941611304937,DNc01,
720575941611313738,AN05B021,
720575941611341898,AN17A024,
720575941611418442,AN05B102,
720575941611420134,AN07B052,
720575941611457098,DNg53,
720575941611603475,AN08B102,
720575941611688681,AN04B023,
720575941611791590,DNp06,
720575941611823078,ANXXX144,
720575941611824358,AN04A001,
720575941611833577,DNge051,
720575941611937709,ANXXX082,
720575941611944668,AN19B032,
720575941611963309,AN05B063,
720575941611992493,DNxn007,
720575941612009133,AN05B054,
720575941612023654,AN08B049,
720575941612039142,DNbe005,
720575941612042972,AN08B100,
720575941612044518,DNa04,
720575941612058982,DNxn179,
720575941612075622,AN12B017,
720575941612114140,SApp01,
720575941612174044,AN12B060,known_dimorphic
720575941612188589,AN01B002,
720575941612195501,DNg17,
720575941612233830,ANXXX150,known_sex_specific
720575941612278630,AN06B012,
720575941612286428,DNut048,
720575941612311981,AN19B042,
720575941612321382,DNa07,
720575941612340909,DNnt011,
720575941612374425,DNfl021,
720575941612401510,CB0191,
720575941612425190,AN09B034,
720575941612468710,AN12B019,
720575941612487142,AN09B018,
720575941612593069,AN07B037,
720575941612646809,SApp17,
720575941612667238,AN05B098,
720575941612873692,SApp20,
720575941612937881,SApp14,
720575941612982169,DNge094,
720575941613168915,SApp10,
720575941613245593,AN08B103,
720575941613322003,AN16B078,
720575941613418716,DNnt020,
720575941613459164,AN07B005,
720575941613469916,AN06B015,
720575941613532892,DNxn178,
720575941613540572,AN19B036,
720575941613710556,ANXXX174,
720575941613770259,AN12B004,
720575941614011868,AN07B037,
720575941614012892,DNg64,
720575941614190099,DNpe008,
720575941614272531,AN05B099,
720575941614309395,AN06B042,
720575941614432409,DNxn162,
720575941614433945,AN12B060,known_dimorphic
720575941614483475,DNg08,
720575941614893013,DNnt013,
720575941614894037,AN07B024,
720575941614906387,MDN,
720575941614909203,SApp02,
720575941614913555,AN05B056,
720575941615001813,AN_4_None,
720575941615259289,DNfl019,
720575941615336601,DNge060,
720575941615409817,AN17A015,
720575941615507925,AN08B099,
720575941615534489,DNp68,
720575941616031189,ANXXX120,
720575941616199637,SAchxx,
720575941616284629,DNp17,
720575941616501205,AN12B005,
720575941616608469,ANXXX169,
720575941617063551,AN07B041,
720575941617642965,AN18B023,
720575941617767893,AN19A018,known_sex_specific
720575941617820373,AN10B048,
720575941618058197,AN05B006,
720575941618363007,ANXXX178,
720575941618366079,DNp31,
720575941618637439,AN08B018,
720575941618655615,DNxl075,
720575941618730879,AN19A018,known_sex_specific
720575941618895231,DNb01,
720575941619633791,DNnt011,
720575941619856767,AN06B045,
720575941619873407,ANXXX002,
720575941619883135,DNpe031,
720575941620053375,AN17B008,
720575941620230527,AN17B016,
720575941620273535,DNd03,
720575941621460476,SAch01,
720575941621878268,SApp10,
720575941623162108,AN08B022,
720575941623193340,ANXXX130,
720575941623204860,AN07B050,
720575941623347594,AN07B085,
720575941623395483,SAppxx,
720575941623407050,DNg09,
720575941623634122,DNg02,
720575941623818348,SApp10,
720575941623908298,AN07B089,
720575941624212732,ANXXX075,
720575941624214780,AN05B068,
720575941624257532,DNp41,
720575941624328444,AN12B004,
720575941624437756,DNxn174,
720575941624461564,AN08B027,
720575941624487882,AN10B027,
720575941624536828,SA_DMT_DMetaN_6,
720575941624572042,DNg61,
720575941624639434,AN10B033,
720575941624749706,SApp06,
720575941624808074,AN23B001,
720575941624812187,SApp10,
720575941624812540,SApp12,
720575941624816124,DNg08,
720575941624831228,DNg17,
720575941625112940,AN10B047,
720575941625157019,SAch01,
720575941625164955,AN06B005,
720575941625193610,SApp10,
720575941625300682,AN_GNG_165,
720575941625301915,AN08B097,
720575941625561196,AN05B099,
720575941625603995,SAch01,
720575941625794186,DNae008,
720575941625866139,AN08B079,
720575941625952923,AN06B025,
720575941625972123,DNae003,
720575941625993371,DNg06,
720575941626007195,DNxn109,
720575941626032074,DNg95,
720575941626052810,AN10B031,
720575941626056556,DNge122,
720575941626065516,AN05B104,
720575941626088347,ANXXX116,known_dimorphic
720575941626118252,AN08B014,
720575941626133147,SApp15,
720575941626154604,SAppxx,
720575941626175643,DNg16,
720575941626190282,AN01B004,
720575941626193563,DNxn110,
720575941626222218,DNp16,
720575941626256266,DNxl115,
720575941626272650,AN19B001,
720575941626281354,AN13B002,
720575941626282634,DNxl072,
720575941626299530,DNg10,
720575941626302858,DNg12,
720575941626337162,DNg103,
720575941626435483,AN05B049,
720575941626447754,AN05B044,
720575941626500746,DNg100,
720575941626522762,AN01B004,
720575941626530442,DNxn134,
720575941626534090,AN06B002,
720575941626745452,oviDN,
720575941626967865,DNge091,
720575941627484454,DNge145,
720575941627576377,DNge085,
720575941628153913,DNge140,
720575941628167225,DNg03,
720575941628221497,SApp12,
720575941628231138,DNg52,
720575941628237625,DNxl111,
720575941628262969,DNge096,
720575941628267321,AN17A003,
720575941628271417,AN09B024,
720575941628282150,AN06A018,
720575941628349990,DNxn139,
720575941628544057,SApp07,
720575941628636130,SApp17,
720575941628636217,ANXXX027,
720575941628661542,AN08B059,known_sex_specific
720575941628690214,SApp01,
720575941628704994,AN10B047,
720575941628708646,SApp07,
720575941628710694,DNge116,
720575941628867042,DNg04,
720575941629121004,AN07B062,
720575941629386732,DNg12,
720575941629726246,DNp07,
720575941629872422,DNut037,
720575941629944870,AN08B018,
720575941629968166,AN27X011,
720575941629973986,AN08B113,
720575941630020134,AN00A006,known_dimorphic
720575941630049762,DNut054,
720575941630080038,AN05B046,
720575941630081574,DNp17,
720575941630209221,AN07B046,
720575941630277061,SApp15,
720575941630308549,SApp08,
720575941630349094,AN27X017,
720575941630493600,AN07B072,
720575941630522850,DNg64,
720575941630573794,AN_GNG_179,
720575941630646432,DNfl003_CvC,
720575941630921413,AN08B103,
720575941630971372,AN08B086,
720575941630997986,ANXXX037,
720575941631013090,DNxl134,
720575941631020012,AN08B113,
720575941631020192,DNnt010,
720575941631028962,DNge063,
720575941631060972,DNg65,
720575941631270626,ANXXX098,
720575941631315616,DNxl093,known_dimorphic
720575941631437804,AN09B023,
720575941631615468,AN10B034,
720575941631629292,AN08B010,
720575941631635426,AN06A030,
720575941631642860,DNut037,
720575941631912096,SApp12,
720575941631922117,AN05B048,
720575941631933893,SApp08,
720575941631945452,AN19B007,
720575941631952837,SApp02,
720575941631976864,AN08B018,
720575941632002720,DNg02,
720575941632050336,AN06A112,
720575941632059372,DNge006,
720575941632167611,DNg73,
720575941632198560,AN12B055,
720575941632241900,AN09B004,
720575941632311227,SApp15,
720575941632371948,AN09B004,
720575941632594592,DNa07,
720575941632652987,DNxl107,
720575941632799392,DNnt011,
720575941632875461,AN01A021,
720575941632898757,AN19B039,
720575941632978629,DNg02,
720575941633028549,AN02A001,
720575941633064389,AN08B018,
720575941633099680,AN18B003,
720575941633109664,AN07B045,
720575941633124539,AN10B048,
720575941633124549,DNxn157,
720575941633138629,AN05B099,
720575941633163707,AN07B069,
720575941633187488,AN06A015,
720575941633206944,DNp103,
720575941633508539,AN03B050,
720575941633520059,EA06B010,
720575941633589179,AN06B002,
720575941633591483,AN27X004,
720575941633591739,AN19B046,
720575941633602501,DNp25,
720575941633664443,AN19A019,
720575941633749179,SApp05,
720575941633779387,DNp09,
720575941633833403,DNge091,
720575941633863355,AN08B018,
720575941633896891,AN_AVLP_53,
720575941633911227,DNpe004,
720575941633920443,ANXXX380,
720575941634017723,DNpe018,
720575941634206651,AN07B082,
720575941634269371,DNg59,
720575941634316731,AN10B029,
720575941636180597,AN19B063,
720575941636531573,AN08B071,
720575941636577909,SAch01,
720575941637683829,ANXXX098,
720575941637686389,AN18B053,known_dimorphic
720575941637734175,DNg06,
720575941637800309,DNut046,
720575941637903733,SApp08,
720575941638266399,AN06B011,
720575941638305141,SApp10,
720575941638380661,SApp11,
720575941638407199,DNa15,
720575941639069471,SAch01,
720575941639363871,SApp23,
720575941639508853,AN17A050,
720575941639520543,SApp15,
720575941639531125,AN17A062,
720575941639571317,AN08B100,
720575941639588127,DNp33,
720575941639763999,DNg51,
720575941639802655,DNg08,
720575941639868277,AN12B008,
720575941640035359,AN07B070,
720575941640075551,DNge062,
720575941640436255,AN10B021,
720575941640505375,DNge035,
720575941640775455,DNxn133,
720575941640840991,DNg80,
720575941641037925,SApp01,
720575941641209119,AN09B037,
720575941641370962,AN01B011,
720575941641465682,AN17B008,
720575941642129528,CvN3,
720575941642285256,AN07B069,
720575941642369125,AN08B113,
720575941642623176,AN07B069,
720575941642837842,AN08B099,
720575941642868385,DNg12,
720575941642906529,DNxl021,
720575941642936146,SApp23,
720575941642966629,DNg07,
720575941643030945,DNg92,
720575941643043272,DNg72,
720575941643148901,AN19B101,
720575941643467877,AN05B071,
720575941643557458,AN19B101,
720575941643574392,SAch01,
720575941643577445,DNxn113,
720575941644032357,SApp09,
720575941644047698,SApp19,
720575941644058706,oviDN,
720575941644062290,AN10B053,
720575941644085330,ANXXX008,
720575941644144978,AN17B009,
720575941644253266,AN12B017,
720575941644253857,AN12B060,known_dimorphic
720575941644268626,DNg67,
720575941644283986,AN07B085,
720575941644291154,AN01B018,
720575941644319570,AN06B009,
720575941644324690,AN12B017,
720575941644554184,DNfl038,
720575941644727713,ANXXX006,
720575941644756168,DNg30,
720575941644799826,AN07B037,
720575941645076897,AN08B079,
720575941645080225,AN05B062,
720575941645080481,DNxn126,
720575941645117304,DNxl070,
720575941645203576,SApp09,
720575941645213048,DNit012,
720575941645236856,AN05B078,
720575941645239752,DNge085,
720575941645244360,AN07B015,
720575941645261217,AN09B032,
720575941645271240,AN17A031,
720575941645285576,SApp09,
720575941645316040,AN06B012,
720575941645365960,AN16B078,
720575941645370312,AN_SMP_FLA_1,
720575941645372792,DNut046,
720575941645444808,DNp22,
720575941645731272,DNge071,
720575941649024021,AN07B069,
720575941649039637,AN07B052,
720575941649412885,SAch01,
720575941649649649,SApp09,
720575941649765141,SAch01,
720575941649828629,AN19B063,
720575941649901297,AN12B019,
720575941649909233,AN16B078,
720575941649932785,AN07B095,
720575941649976049,DNge019,
720575941650178289,DNg45,
720575941650394901,SApp22,
720575941650514193,AN07B071,
720575941650789649,AN19B009,
720575941650852113,SApp01,
720575941650852369,SApp01,
720575941651139349,DNg92,
720575941651213553,SApp12,
720575941651316245,AN07B091,
720575941651755797,ANXXX202,
720575941651815445,DNge084,
720575941651827989,AN10B022,
720575941651866901,DNut054,
720575941651946005,AN17A003,
720575941651981077,ANXXX986,
720575941652036373,DNp62,
720575941652078869,DNg44,
720575941652085745,DNxn143,
720575941652113429,ANXXX094,
720575941652156657,DNp41,
720575941652159449,AN08B097,
720575941652159505,SApp03,
720575941652278033,DNg10,
720575941652319705,DNge019,
720575941652433393,DNpe011,
720575941652493524,DNfl028,
720575941652552433,ANXXX171,
720575941652579093,DNge149,
720575941652614129,DNae002,
720575941652633585,DNae002,
720575941652643313,AN06B025,
720575941652652305,,
720575941652716305,AN05B052,
720575941652728049,DNg74,
720575941652815857,DNb03,
720575941652845041,ANXXX033,
720575941653100817,AN10B047,
720575941653259025,AN09B033,
720575941653538065,AN05B078,
720575941653553169,AN06B002,
720575941653640465,DNxl086,
720575941653710297,AN07B060,
720575941653788633,SAchxx,
720575941653816081,pIP9,known_dimorphic
720575941653831185,DNxl092,
720575941653841681,DNge001,
720575941653952217,SApp11,
720575941654021081,AN05B046,
720575941654240273,AN07B049,
720575941654376916,DNg106,
720575941654405076,AN05B062,
720575941654687188,AN08B113,
720575941654974169,AN01A049,
720575941654998233,AN05B009,
720575941655117012,DNg11,
720575941655157209,AN07B071,
720575941655202265,AN03B009,
720575941655483092,AN09B032,
720575941655504084,AN19B014,
720575941655534804,AN07B024,
720575941655594708,SApp15,
720575941655664596,AN17B013,
720575941655665108,AN01B005,
720575941655669784,AN19B093,
720575941655733972,SApp17,
720575941655750356,AN19B049,
720575941655820244,DNg21,
720575941655952340,AN05B063,
720575941656032980,SApp20,
720575941656710736,DNge091,
720575941657558296,AN14B012,
720575941657679128,AN10B046,
720575941657683024,SAch02,
720575941657721624,AN09B033,
720575941657879576,DNp06,
720575941657989712,DNge003,
720575941658066456,DNge138,
720575941658075728,SApp05,
720575941658542928,AN05B078,
720575941658595352,AN06A112,
720575941658613784,DNad006,
720575941658621976,DNpe054,
720575941658641176,AN07B070,
720575941658841112,DNxl102,
720575941658893648,AN06A026,
720575941658902040,AN07B091,
720575941658910488,DNxn148,
720575941658936144,DNp69,
720575941658941264,DNxl080,
720575941659000400,AN01B004,
720575941659040080,AN08B024,
720575941659115288,AN05B096,
720575941659183952,SApp22,
720575941659223888,AN_4_None,
720575941659328592,AN08B010,
720575941659400984,DNg08,
720575941659595320,DNg10,
720575941659653712,AN07B049,
720575941659661624,AN07B052,
720575941660948348,DNg40,
720575941661127992,AN07B089,
720575941661233976,DNpe011,
720575941661275704,AN10B047,
720575941661385784,SApp04,
720575941661415224,DNg02,
720575941661428280,AN02A046,
720575941662302844,ANXXX108,
720575941662395704,DNd02,
720575941662397752,AN05B026,
720575941662407992,DNg29,
720575941662445180,AN10B047,
720575941662495356,DNg07,
720575941662498940,AN06B068,
720575941662506040,DNg27,
720575941662508600,AN18B053,known_dimorphic
720575941662536316,SApp05,
720575941662645304,DNd03,
720575941662695992,DNg65,
720575941662983224,DNpe054,
720575941663102520,DNg34,
720575941663129656,SApp09,
720575941663471740,AN03B095,
720575941663480188,DNge101,
720575941663484028,AN01B005,
720575941663484540,ANXXX318,
720575941663497084,DNa11,
720575941663498108,SApp14,
720575941663518844,DNxn146,
720575941663701884,DNg61,
720575941665097203,DNxn073,
720575941665230067,AN08B097,
720575941666660595,DNpe014,
720575941666666483,AN05B106,
720575941666925745,DNg12,
720575941667034355,AN05B069,
720575941667036081,AN07B071,
720575941667205553,AN08B015,
720575941667252211,ANXXX151,
720575941667254515,SApp11,
720575941667326707,AN10B046,
720575941667400179,AN08B071,
720575941668336883,AN08B023,
720575941668397735,AN10B060,
720575941668463347,AN05B102,
720575941668465319,DNge111,
720575941668481779,ANXXX074,
720575941668513011,DNp11,
720575941668520881,SAch01,
720575941668521137,SAch01,
720575941668526067,AN08B009,known_sex_specific
720575941668649971,AN10B046,
720575941668758449,AN11B012,
720575941668827825,SApp23,
720575941668844209,AN07B013,
720575941668914609,DNxn116,
720575941668926129,SApp22,
720575941669058035,SApp03,
720575941669591217,SAch02,
720575941669726129,DNg85,
720575941669801905,DNg54,
720575941669856945,AN03B009,
720575941669864113,AN10B039,
720575941670138033,AN09B033,
720575941670819495,AN07B032,
720575941671012263,AN08B026,
720575941671431335,AN05B027,
720575941671438247,DNxn140,
720575941671440807,SApp10,
720575941671479207,AN07B025,
720575941671658407,DNxn134,
720575941671946151,AN27X013,
720575941671947687,DNge116,
720575941672002727,AN06B039,
720575941678584253,SApp16,
720575941679772605,SAch01,
720575941679872189,AN08B018,
720575941680063677,AN10B039,
720575941680166333,AN05B040,
720575941680392381,AN08B059,known_sex_specific
720575941680648893,DNge019,
720575941681019325,AN09B040,
720575941681023421,AN14A003,
720575941681032125,DNg02,
720575941681075389,ANXXX026,
720575941681384637,DNg92,
720575941681678525,DNge093,
720575941681685693,AN17A012,
720575941684845551,AN07B046,
720575941685691375,AN19B004,
720575941685783158,AN19B101,
720575941686310895,DNge024,
720575941686486767,SApp19,
720575941686614511,SAch01,
720575941687006988,DNge071,
720575941687115247,SApp15,
720575941687408623,AN06B040,
720575941687421302,DNg09,
720575941687585036,ANXXX027,
720575941687586060,ANXXX041,
720575941687586316,ANXXX041,
720575941687667574,AN08B998,
720575941687774683,AN07B072,
720575941687786870,AN06B031,
720575941687936219,AN19B076,
720575941687950555,AN08B099,
720575941688127350,AN10B053,
720575941688133871,DNge046,
720575941688158447,AN01B002,
720575941688189935,DNb01,
720575941688217356,AN19B100,
720575941688239478,SApp23,
720575941688242328,DNge024,
720575941688250998,DNg47,
720575941688267416,SApp05,
720575941688517388,DNg93,
720575941688550895,SApp09,
720575941688560367,DNpe034,
720575941688574360,DNge109,
720575941688582518,DNge092,
720575941688592879,ANXXX157,
720575941688631414,AN07B003,
720575941688644315,DNge085,
720575941688674200,DNge115,
720575941688806412,DNxn145,
720575941688979318,AN10B037,
720575941689293430,AN09A007,
720575941689304438,AN17A013,
720575941689667547,AN08B099,
720575941689709019,DNg07,
720575941689710299,AN16B078,
720575941689715931,AN10B047,
720575941689892760,SApp21,
720575941689898392,AN09B036,
720575941689930648,SAch01,
720575941690171355,AN10B056,
720575941690343576,SAch01,
720575941690766555,DNxl084,
720575941690788827,DNxl091,
720575941690864603,SApp07,
720575941690874331,DNp16,
720575941690957787,ANXXX049,
720575941690964888,DNxn119,
720575941690974104,AN05B027,
720575941691002264,AN08B031,known_dimorphic
720575941691005080,AN07B003,
720575941691021720,DNg89,
720575941691031704,DNg48,
720575941691134872,ANXXX093,
720575941691165848,AN01A055,
720575941691254680,ANXXX130,
720575941691258776,AN17A009,
720575941691308952,DNg34,
720575941691311512,DNg31,
720575941691706264,AN19B001,
720575941700293082,DNg06,
720575941700316378,DNg02,
720575941701235930,DNxn142,
720575941701672666,DNp72,
720575941702043354,SApp23,
720575941702148570,SA_VTV_5,
720575941702256090,SA_DMT_ADMN_11,
720575941702564314,AN09B003,
720575941703138522,AN12B005,
720575941703146458,AN05B078,
720575941703160026,AN09B019,
720575941703161306,AN18B002,
720575941703161562,AN07B046,
720575941703180762,AN05B099,
720575941703186394,AN05B047,
720575941703187674,DNg87,
720575941703228634,AN05B100,
720575941703350746,AN17B005,
720575941703384026,DNpe001,
720575941720197690,AN07B091,
720575941720258362,DNg36,
720575941720495162,AN07B078,
720575941721004602,SApp07,
720575941721635130,SAch02,
720575941721638714,DNb09,
720575941721640506,DNg46,
720575941721644602,AN05B096,
720575941721763642,SApp10,
720575941722108218,DNg07,
720575941722116666,SApp15,
720575941722168890,AN27X016,
720575941722210362,DNg06,
720575941722212666,AN08B096,
720575941722224186,AN08B041,
720575941722633786,AN08B034,
720575941722762042,AN07B089,
720575941722790714,AN10B053,
720575941723164474,AN_GNG_11,
720575941723220282,DNxl063,
720575941723233338,AN01B002,
720575941723377978,AN04B001,
720575941723386170,ANXXX102,
720575941730244651,DNg12,
720575941730332715,DNg02,
720575941731044139,AN12B019,
720575941731655979,DNge094,
720575941732541739,AN10B034,
720575941732549163,DNg59,
720575941732586539,DNg05,
720575941732764971,AN09B004,
720575941733034283,DNp19,
720575941733143339,DNg94,
720575941733201451,SApp02,
720575941733201963,SAxx01,
720575941733215019,DNpe013,
