Cell ID,Cell Type,Dimorphism
720575941350550320,SNta09,
720575941350568496,SNta35,
720575941350569776,SNta37,
720575941350604336,SNta29,
720575941351530032,SNpp51,
720575941351536688,SNch11,
720575941351552816,SNxx33,
720575941351652400,SNppxx,
720575941351680560,SNxx04,
720575941352015920,SNta43,
720575941352016432,SNta38,
720575941352075568,SNxxxx,
720575941352076848,SNta27,
720575941352077104,SNta08,
720575941352082224,SNch09,
720575941352087344,SNta44,
720575941352088624,SNxx14,
720575941352099376,SNxx03,
720575941352535088,SNpp51,
720575941352647216,SNta21,
720575941352904496,SNta21,
720575941352906800,SNch10,
720575941352944688,SNch05,
720575941353553712,SNppxx,
720575941365796976,SNta38,
720575941366999190,SNta37,
720575941366999702,SNta45,
720575941390363396,SNta03,
720575941390521750,SNta35,
720575941390784918,SNpp47,
720575941390787076,SNch04,
720575941390787478,SNta26,
720575941390798742,SNxx22,
720575941390812566,SNta37,
720575941390819222,SNta37,
720575941390823830,SNta38,
720575941390824854,SNch09,
720575941391425540,SNpp53,
720575941391840918,SNpp42,
720575941391853572,SNpp51,
720575941391859716,SNta04,
720575941391868676,SNch05,
720575941391870468,SNpp39,
720575941391873796,SNta43,
720575941391874052,SNta34,
720575941391875588,SNxx05,
720575941391879172,SNta44,
720575941391879940,SNta40,
720575941391939844,SNxx03,
720575941391944964,SNxx05,
720575941391948036,SNch13,
720575941391961238,SNxx30,
720575941391962628,SNta04,
720575941391983364,SNxx10,
720575941391990532,SNch01,
720575941391991044,SNch12,
720575941391992836,,
720575941392038294,SNxx33,
720575941392111254,SNta09,
720575941392178838,SNpp60,
720575941392197270,SNpp47,
720575941392252310,SNpp60,
720575941392289028,SNch12,
720575941392322820,SNxx03,
720575941392327428,SNta30,
720575941392417174,SNpp50,
720575941392495876,SNta38,
720575941392556438,SNch02,
720575941392561558,SNta44,
720575941392562948,SNch12,
720575941392566422,SNch04,
720575941392567190,SNta29,
720575941392594070,SNxxxx,
720575941392596118,SNpp52,
720575941392605956,SNta20,
720575941392683670,SNxx14,
720575941392711684,SNta23,
720575941392712196,SNch02,
720575941392720388,SNta44,
720575941393102998,SNpp08,
720575941393147140,SNxxxx,
720575941393202326,SNta20,
720575941393356694,SNch10,
720575941393364996,,
720575941393408772,SNta21,
720575941393480342,SNta40,
720575941393492630,SNta32,
720575941393503382,SNpp52,
720575941394130582,SNxx03,
720575941394162582,SNta21,
720575941399183907,SNxx02,
720575941399363107,SNta21,
720575941399364899,SNta26,
720575941399378979,SNta09,
720575941399392291,SNta37,
720575941399395107,SNta21,
720575941399517475,SNpp60,
720575941400265763,SNpp58,
720575941400417827,SNta29,
720575941400423459,SNxxxx,
720575941400434979,SNta44,
720575941400580387,SNch12,
720575941400682275,,
720575941400789539,SNch01,
720575941400803875,SNta44,
720575941400814627,SNta41,
720575941400823843,SNta37,
720575941400827171,SNch09,
720575941400872227,SNxx03,
720575941400887331,,
720575941400887587,,
720575941400903203,,
720575941400907811,SNxx03,
720575941400945955,SNta20,
720575941400947747,SNta43,
720575941401556771,SNch09,
720575941401657123,SNta30,
720575941401735203,SNch10,
720575941401760803,SNpp52,
720575941401782307,SNta09,
720575941401812771,SNppxx,
720575941401852963,SNxx05,
720575941402023280,SNpp28,
720575941402186608,SNpp40,
720575941402188400,SNta09,
720575941402202147,SNxxxx,
720575941402225008,SNta43,
720575941402398832,,
720575941402503459,SNpp45,
720575941402690160,SNta31,
720575941403533424,SNta21,
720575941403544944,SNxx33,
720575941403770224,SNppxx,
720575941403879792,SNta44,
720575941403893360,SNta44,
720575941403910000,SNxxxx,
720575941403911536,SNch10,
720575941403918192,SNxx15,
720575941403926128,SNta39,
720575941403930992,SNta32,
720575941404057712,SNxx20,
720575941404060016,SNta20,
720575941404386160,SNta04,
720575941404451440,SNta43,
720575941404746352,SNxxxx,
720575941405296752,SNta33,
720575941405318000,SNxx04,
720575941405337968,SNxx04,
720575941405352304,SNxx05,
720575941405810862,SNch12,
720575941405850671,SNta10,
720575941405872431,SNta09,
720575941405904814,SNpp56,
720575941405908654,SNpp58,
720575941405928622,SNch05,
720575941405939118,SNta09,
720575941405965486,SNta37,
720575941406060974,SNta20,
720575941406099886,SNta29,
720575941406119342,SNta35,
720575941406216622,SNpp43,
720575941406275502,SNpp62,
720575941406945839,SNch02,
720575941406989742,SNpp47,
720575941407048239,SNch06,
720575941407050287,SNta44,
720575941407056558,SNpp61,
720575941407101870,SNta28,
720575941407143215,SNpp17,
720575941407335727,SNta09,
720575941407409582,SNxx14,
720575941407414319,SNpp29,
720575941407418927,SNta33,
720575941407435823,SNta44,
720575941407437871,SNch07,
720575941407469615,SNta29,
720575941407510319,,
720575941407518511,SNxx03,
720575941407520559,SNta42,
720575941407527471,SNxx11,
720575941407529263,SNxx05,
720575941407529390,SNta09,
720575941407560239,SNta23,
720575941407567151,SNch05,
720575941407590574,,
720575941407593646,SNta20,
720575941407604654,SNppxx,
720575941408164655,SNta43,
720575941408296875,SNta09,
720575941408355499,SNta44,
720575941408382638,SNxx04,
720575941408422062,SNxx33,
720575941408437934,SNta09,
720575941408447535,SNta29,
720575941408453423,SNch12,
720575941408456107,SNta02,
720575941408487471,SNppxx,
720575941408521007,SNta30,
720575941408534831,SNta34,
720575941408541999,SNppxx,
720575941408586923,SNta37,
720575941408587435,SNta43,
720575941408588203,SNta35,
720575941408677035,,
720575941409200175,SNppxx,
720575941409226158,SNta20,
720575941409240367,SNta21,
720575941409581483,SNch14,
720575941409598891,SNppxx,
720575941409747115,SNta30,
720575941409753003,SNch07,
720575941409788783,SNta09,
720575941409864303,SNta09,
720575941409876847,SNxx04,
720575941409992619,SNta43,
720575941410014319,SNta29,
720575941410107503,SNta09,
720575941410121327,SNta20,
720575941410140075,SNpp51,
720575941410180207,SNta26,
720575941410208111,SNpp26,
720575941410209195,SNta43,
720575941410219179,SNta11,
720575941410225323,SNxx01,
720575941410233003,SNta20,
720575941410238635,SNta37,
720575941410573935,SNch02,
720575941410790315,SNch06,
720575941411160747,SNta14,
720575941411173035,SNch11,
720575941411188395,SNch10,
720575941411225259,SNppxx,
720575941411400815,SNpp52,
720575941411531947,SNxx03,
720575941411564143,SNta45,
720575941411694447,SNch05,
720575941411751316,SNppxx,
720575941411765359,SNta26,
720575941411767407,,
720575941411773841,SNch05,
720575941411775343,SNta44,
720575941411775855,SNch05,
720575941411791508,SNta09,
720575941411855508,SNta03,
720575941411859601,SNta20,
720575941411872660,SNta09,
720575941411902609,SNpp28,
720575941411947156,SNta20,
720575941411966868,SNta38,
720575941411985556,SNta26,
720575941412228975,SNta29,
720575941412514775,SNta34,
720575941412566639,SNch02,
720575941412589527,SNch10,
720575941412676055,SNta29,
720575941412717716,SNta37,
720575941412948369,SNxx33,
720575941413112212,SNpp50,
720575941413120660,SNxx10,
720575941413157847,SNpp47,
720575941413203567,SNta20,
720575941413300881,SNta39,
720575941413320337,SNxxxx,
720575941413326737,SNch10,
720575941413338769,SNta32,
720575941413378961,SNta27,
720575941413384849,SNta37,
720575941413410449,SNta42,
720575941413438356,SNpp41,
720575941413554836,SNta29,
720575941413580180,SNta29,
720575941413600660,SNxxxx,
720575941413604756,SNch14,
720575941413613716,SNxxxx,
720575941413616788,SNtaxx,
720575941413620628,SNta44,
720575941413628564,SNxx06,
720575941413638804,SNxx05,
720575941413640596,SNta45,
720575941413641620,SNta34,
720575941413642388,SNta21,
720575941413645204,SNta27,
720575941413645972,SNpp07,
720575941413651092,SNta42,
720575941413819537,SNpp52,
720575941413878044,SNch12,
720575941413887260,SNpp58,
720575941413908113,SNta43,
720575941413950097,SNta30,
720575941414017820,SNta27,
720575941414245777,SNta41,
720575941414263953,SNpp45,
720575941414313617,SNta26,
720575941414453396,SNta31,
720575941414456724,SNpp39,
720575941414465428,SNxx03,
720575941414496148,SNxx10,
720575941414502292,SNch06,
720575941414520980,SNpp01,
720575941414947217,SNta11,
720575941415145620,SNpp45,
720575941415148316,SNpp45,
720575941415154460,SNta37,
720575941415159188,SNta02,
720575941415165844,SNxx20,
720575941415209876,SNppxx,
720575941415463708,SNch04,
720575941415494940,SNch06,
720575941415566364,SNta02,
720575941415571228,SNch08,
720575941415611420,SNta11,
720575941415674140,SNch14,
720575941415677468,SNta41,
720575941415683100,SNch03,
720575941415697436,SNxx03,
720575941415717404,SNta23,
720575941415718940,,
720575941415727388,SNxx03,
720575941416255516,,
720575941416635164,SNxx33,
720575941416636956,SNta34,
720575941417202460,SNta02,
720575941417244956,SNxx20,
720575941417249308,SNpp45,
720575941417261340,SNta21,
720575941421131735,SNta29,
720575941421365719,SNta37,
720575941423472087,SNta37,
720575941423705815,SNta37,
720575941423707351,SNta45,
720575941423723479,SNta37,
720575941424913748,SNch07,
720575941425239892,SNpp28,
720575941425329748,SNch07,
720575941425373012,,
720575941426165588,SNch09,
720575941426667860,SNppxx,
720575941426669140,SNpp45,
720575941426670420,SNta38,
720575941426672212,SNta29,
720575941426694996,SNta26,
720575941426705492,SNta31,
720575941426714196,SNxx03,
720575941426786388,SNch03,
720575941426794836,SNch12,
720575941426798932,SNxx03,
720575941426807124,SNta23,
720575941426815060,SNch10,
720575941426818900,SNch05,
720575941426821204,SNta28,
720575941426823764,SNxx04,
720575941426831444,SNxx29,
720575941426833492,SNxx04,
720575941426836308,SNxx17,
720575941426840148,SNta42,
720575941426845012,SNpp60,
720575941426853204,SNta37,
720575941426856788,SNpp41,
720575941427393620,SNta39,
720575941427396692,SNta27,
720575941427534420,SNxxxx,
720575941427645012,SNpp50,
720575941428236792,SNpp06,
720575941428294025,SNta09,
720575941428331860,SNxxxx,
720575941428332884,SNta30,
720575941428347529,SNxx03,
720575941428349688,SNta26,
720575941428371593,SNxx05,
720575941428400265,SNch12,
720575941428409737,SNch05,
720575941428484015,SNta09,
720575941428518319,SNta09,
720575941428522159,SNta10,
720575941428522488,SNta37,
720575941428523768,SNxx03,
720575941428529839,SNta37,
720575941428754936,SNta04,
720575941428843951,SNta04,
720575941428888495,SNch12,
720575941429575777,SNta25,
720575941429581527,SNta37,
720575941429618273,SNta37,
720575941429636233,SNxxxx,
720575941429693432,SNpp43,
720575941429713400,SNta44,
720575941429722031,SNta40,
720575941429793417,SNxx07,
720575941429849559,,
720575941429907927,SNta43,
720575941429959855,SNxx19,
720575941430024462,SNta04,
720575941430055343,SNppxx,
720575941430075128,SNta30,
720575941430078968,,
720575941430095352,SNta44,
720575941430099704,SNpp50,
720575941430103288,SNta11,
720575941430103433,SPSN,
720575941430104713,SNch10,
720575941430106104,SNtaxx,
720575941430107785,SNta37,
720575941430111736,SNppxx,
720575941430113455,SNta41,
720575941430114441,SNta32,
720575941430114552,SNta45,
720575941430123768,SNta20,
720575941430129289,SNta44,
720575941430132216,SNch09,
720575941430132472,SNxx33,
720575941430137848,SNxx05,
720575941430143480,SNta31,
720575941430149807,SNta26,
720575941430151928,SNch07,
720575941430155695,SNta34,
720575941430158767,SNxxxx,
720575941430176649,SNxx03,
720575941430177161,SNpp41,
720575941430189705,SNxx03,
720575941430194569,SNxxxx,
720575941430198665,SNta42,
720575941430200201,SNppxx,
720575941430209417,SNch10,
720575941430216206,SNpp51,
720575941430241199,SNta44,
720575941430244271,,
720575941430245039,SNta31,
720575941430247343,SNta43,
720575941430251439,SNxx03,
720575941430252536,SNta42,
720575941430257071,SNpp41,
720575941430257839,SNta29,
720575941430262447,SNch12,
720575941430264824,SNta37,
720575941430267055,SNch01,
720575941430281464,SNxx21,
720575941430283000,SNxx14,
720575941430295032,SNta38,
720575941430295288,SNpp43,
720575941430298638,SNpp23,
720575941430303736,SNch07,
720575941430390030,SNta34,
720575941430442510,SNch09,
720575941430461710,SNta44,
720575941430567182,SNta09,
720575941430604207,SNppxx,
720575941430639319,SNch07,
720575941430643297,SNxx26,
720575941430711689,SNpp58,
720575941430751224,SNxx03,
720575941430774231,SNxx02,
720575941430779863,SNta37,
720575941430841185,SNxxxx,
720575941430854319,SNpp50,
720575941430873614,SNch12,
720575941430902542,SNch03,
720575941430903689,SNxx03,
720575941430962017,SNch01,
720575941430966625,SNta41,
720575941430986593,SNta26,
720575941430992993,SNch10,
720575941430999649,SNta19,
720575941431007073,SNch04,
720575941431016033,SNxx06,
720575941431028065,SNxx03,
720575941431036513,SNxx04,
720575941431040865,SNxx03,
720575941431090825,SNta25,
720575941431100847,SNxxxx,
720575941431116897,SNch09,
720575941431128417,SNta31,
720575941431132769,SNxx06,
720575941431133025,SNch01,
720575941431133537,SNxx10,
720575941431139425,SNta42,
720575941431144545,SNta34,
720575941431145569,SNch06,
720575941431145825,SNxxxx,
720575941431148641,SNxxxx,
720575941431246295,SNta29,
720575941431275223,SNta37,
720575941431289559,CV1025,
720575941431290839,SNta29,
720575941431294679,SNch13,
720575941431299543,SNta09,
720575941431305943,SNch07,
720575941431310551,SNpp43,
720575941431314647,SNch10,
720575941431324119,SNch05,
720575941431327447,SNta02,
720575941431329239,SNta27,
720575941431337687,SNch07,
720575941431400151,SNta27,
720575941431406295,SNxx03,
720575941431432407,SNta32,
720575941431440087,SNxx14,
720575941431457528,SNxxxx,
720575941431570958,SNpp44,
720575941431663630,SNxx11,
720575941431664910,SNta44,
720575941431670542,SNta38,
720575941431671566,SNta42,
720575941431672078,SNta20,
720575941431686753,SNta04,
720575941431717295,SNpp39,
720575941431753313,SNxxxx,
720575941431774895,SNpp39,
720575941431794391,SNpp47,
720575941431817903,SNta21,
720575941431895288,SNxx04,
720575941431905016,SNta20,
720575941431909335,SNta32,
720575941431911416,SNpp11,
720575941431911928,SNpp39,
720575941431920993,SNpp59,
720575941431924065,SNxxxx,
720575941431969751,SNta38,
720575941432092942,SNxx14,
720575941432096014,SNta29,
720575941432098062,SNta26,
720575941432114958,SNta40,
720575941432116238,SNta34,
720575941432116494,SNta25,
720575941432126990,SNch05,
720575941432143374,SNpp40,
720575941432146446,SNxx03,
720575941432154071,SNpp52,
720575941432203278,SNxxxx,
720575941432206606,SNch13,
720575941432216590,SNxx03,
720575941432221143,SNta37,
720575941432246542,SNta28,
720575941432247054,SNta37,
720575941432248078,SNch10,
720575941432255502,SNxx10,
720575941432259287,SNch06,
720575941432374967,SNta44,
720575941432664974,SNxx04,
720575941432912855,SNta21,
720575941432953486,SNta45,
720575941432999950,SNta29,
720575941433022990,SNpp44,
720575941433074702,SNta04,
720575941433077902,,
720575941433129230,SNxx03,
720575941433129486,SNxxxx,
720575941433316896,SNta29,
720575941433402912,SNch09,
720575941433509408,SNta09,
720575941433546272,SNta29,
720575941433616928,SNch05,
720575941433697294,SNta21,
720575941433754912,SNch03,
720575941434027662,SNpp39,
720575941434065806,SNta43,
720575941434196407,SNta44,
720575941434204855,SNta44,
720575941434259127,SNta44,
720575941434465934,SNta44,
720575941434473102,SNta09,
720575941434474638,SNxx04,
720575941434483598,,
720575941434486926,SNta43,
720575941434494350,SNpp60,
720575941434495630,SNch04,
720575941434522912,SNpp45,
720575941434540430,SNta30,
720575941434547854,SNch03,
720575941434563214,SNta44,
720575941434573710,SNch05,
720575941434577038,SNta29,
720575941434577550,SNta37,
720575941434583223,SNta29,
720575941434594080,SNppxx,
720575941434629408,SNch05,
720575941434830112,SNppxx,
720575941434882487,SNxxxx,
720575941434917664,SNppxx,
720575941434917920,SNta20,
720575941434926112,SNta28,
720575941434973326,SNta19,
720575941435038752,SNch06,
720575941435046176,SNxx02,
720575941435049504,SNxx03,
720575941435067424,SNta19,
720575941435074080,SNta37,
720575941435082784,SNpp51,
720575941435147406,SNch12,
720575941435254926,SNxx04,
720575941435393439,SNch09,
720575941435404430,SNpp34,
720575941435441184,SNta29,
720575941435504160,SNta24,
720575941435575596,,
720575941435632658,SNta21,
720575941435699744,SNpp20,
720575941435717164,SNta45,
720575941435751980,SNxx30,
720575941435754002,SNpp50,
720575941435762220,SNta26,
720575941435776032,SNta32,
720575941435874066,SNpp40,
720575941435910583,SNta35,
720575941435914770,SNch05,
720575941435920031,SNch05,
720575941435931936,SNch05,
720575941435938190,SNta11,
720575941435984160,SNpp58,
720575941435995936,SNxx05,
720575941435996704,SNta26,
720575941436024864,SNppxx,
720575941436027424,SNch05,
720575941436156460,SNch12,
720575941436337426,SNxx33,
720575941436362399,IN01B091,
720575941436639807,SNta30,
720575941436804927,SNta37,
720575941436942239,SNta38,
720575941437067026,SNta37,
720575941437067538,SNta09,
720575941437199167,SNch04,
720575941437256492,SNpp52,
720575941437257516,SNch10,
720575941437266988,SNta42,
720575941437267756,SNta29,
720575941437268524,SNta39,
720575941437298220,SNta42,
720575941437305644,SNta21,
720575941437308716,SNch05,
720575941437338156,SNta42,
720575941437349164,SNch05,
720575941437374508,SNta24,
720575941437390751,SNta29,
720575941437396895,SNta29,
720575941437463596,SNxx05,
720575941437474604,SNta40,
720575941437486124,SNxxxx,
720575941437486866,SNta38,
720575941437487122,SNxxxx,
720575941437511954,SNta41,
720575941437537068,SNxx05,
720575941437561941,SNxx20,
720575941437587730,SNxx01,
720575941437599317,SNta29,
720575941437608978,SNxx04,
720575941437701973,SNch07,
720575941437703765,SNta28,
720575941437767509,SNch05,
720575941437781036,SNta04,
720575941437833301,SNta29,
720575941437883455,SNch11,
720575941437939029,SNxxxx,
720575941437972821,SNta14,
720575941438018367,SNta29,
720575941438023999,SNta41,
720575941438077228,SNpp02,
720575941438262101,SNpp42,
720575941438336723,SNxx03,
720575941438343123,SNxx04,
720575941438343379,SNxx04,
720575941438346195,SNxx04,
720575941438351059,SNxx04,
720575941438351634,SNpp02,
720575941438352851,SNxx04,
720575941438360787,SNxx01,
720575941438363347,SNxx03,
720575941438368467,SNxx14,
720575941438371027,SNxx01,
720575941438371283,SNxx06,
720575941438373075,SNxx06,
720575941438374975,SNta10,
720575941438375379,SNxx03,
720575941438377171,SNxx05,
720575941438377427,SNxx05,
720575941438390847,SNxx05,
720575941438396223,SNch01,
720575941438398015,SNta44,
720575941438398271,SNxx03,
720575941438400319,SNpp46,
720575941438405676,SNppxx,
720575941438410028,SNpp39,
720575941438410540,SNch12,
720575941438413779,SNxx14,
720575941438416172,SNpp45,
720575941438421459,SNxx21,
720575941438421715,SNxx04,
720575941438422290,SNch09,
720575941438424531,SNxx14,
720575941438425043,SNxx14,
720575941438425299,SNxx14,
720575941438425811,SNxx14,
720575941438427347,SNxx14,
720575941438434322,SNxx17,
720575941438456876,SNppxx,
720575941438457618,SNxx03,
720575941438474258,SNpp50,
720575941438487615,SNta21,
720575941438498623,SNta39,
720575941438501183,SNta43,
720575941438580191,SNch06,
720575941438593503,SNta23,
720575941438629599,SNxx03,
720575941438660063,SNta21,
720575941438662111,SNxxxx,
720575941438711263,SNch05,
720575941438749663,SNta37,
720575941438801755,SNta20,
720575941438802779,SNta09,
720575941438814299,SNta09,
720575941438824277,SNpp19,
720575941438938924,SNpp38,
720575941439013467,SNta09,
720575941439021403,SNta09,
720575941439042767,SNpp41,
720575941439054171,SNta21,
720575941439082587,SNta26,
720575941439094802,SNch05,
720575941439121243,SNta20,
720575941439157845,SNxx03,
720575941439175442,SNta14,
720575941439213909,SNpp58,
720575941439243349,SNta35,
720575941439260972,SNch05,
720575941439271980,SNppxx,
720575941439295829,SNta37,
720575941439296597,SNta33,
720575941439296853,SNpp17,
720575941439299413,SNpp60,
720575941439302485,SNta29,
720575941439317471,SNta43,
720575941439329183,SNta28,
720575941439351967,SNta29,
720575941439413333,SNxx06,
720575941439426133,SNch03,
720575941439427413,SNta44,
720575941439449941,SNta37,
720575941439451477,SNpp50,
720575941439452501,SNch12,
720575941439455067,SNch04,
720575941439487711,SNxx05,
720575941439548639,SNta44,
720575941439558623,SNpp54,
720575941439565535,SNpp19,
720575941439668943,,
720575941439868863,SNta42,
720575941439870143,SNta24,
720575941439919423,SNxx03,
720575941440153791,SNxx33,
720575941440175707,SNta28,
720575941440178523,SNta45,
720575941440179547,SNxx14,
720575941440182363,SNta29,
720575941440194783,SNpp39,
720575941440228693,SNxx01,
720575941440231871,SNta04,
720575941440235711,SNpp28,
720575941440257471,SNta33,
720575941440260543,SNta45,
720575941440267455,SNxxxx,
720575941440270271,SNta11,
720575941440290495,SNxx04,
720575941440308053,SNta43,
720575941440317887,SNta29,
720575941440318655,SNta41,
720575941440325823,SNch05,
720575941440338879,SNxx01,
720575941440349887,SNxx03,
720575941440364885,SNpp22,
720575941440375637,SNpp32,
720575941440375999,SNxx06,
720575941440378203,SNxx03,
720575941440393407,SNxxxx,
720575941440395455,SNta37,
720575941440395711,SNch14,
720575941440410047,SNta37,
720575941440411071,SNxx04,
720575941440411839,SNta42,
720575941440414911,SNch02,
720575941440418495,SNta27,
720575941440419519,SNxx33,
720575941440422591,SNta20,
720575941440423887,SNta29,
720575941440428495,SNta04,
720575941440429247,SNta25,
720575941440432831,,
720575941440433599,SNta20,
720575941440434623,SNta45,
720575941440437951,SNta38,
720575941440438975,SNtaxx,
720575941440439999,SNxx03,
720575941440442047,SNta38,
720575941440442815,SNpp17,
720575941440447423,SNpp52,
720575941440447935,SNpp47,
720575941440448191,SNxx10,
720575941440519887,SNpp18,
720575941440521679,SNpp18,
720575941440548443,SNch05,
720575941440561499,SNch14,
720575941440568155,SNpp40,
720575941440578651,SNch12,
720575941440579419,SNxxxx,
720575941440584795,SNch09,
720575941440585563,SNch05,
720575941440590171,SNxx05,
720575941440594779,SNch04,
720575941440613211,SNch12,
720575941440626523,SNta29,
720575941440669787,SNta43,
720575941440670299,SNxx01,
720575941440685915,SNta42,
720575941440686171,SNxx16,
720575941440687451,SNxx06,
720575941440692571,SNta31,
720575941440695643,SNch12,
720575941440704603,SNta37,
720575941440713563,SNxx04,
720575941440714331,SNxx03,
720575941440756127,SNta26,
720575941440841631,SNch05,
720575941440855759,SNpp41,
720575941440857807,SNta28,
720575941440860623,SNta11,
720575941440893135,SNch09,
720575941440900303,SNch04,
720575941440904655,SNxx06,
720575941440918479,SNpp22,
720575941440922575,SNch02,
720575941440969301,SNta21,
720575941440998863,SNta34,
720575941441017807,SNxx03,
720575941441018831,SNxx03,
720575941441112155,SNta29,
720575941441201855,SNta45,
720575941441217983,SNxx10,
720575941441280347,SNta29,
720575941441280603,SNxx03,
720575941441301203,SNta38,
720575941441366619,SNxx05,
720575941441635931,SNta34,
720575941441647707,SNxx04,
720575941441725391,SNxx30,
720575941441792463,SNpp20,
720575941441878719,SNxx04,
720575941441880271,SNta44,
720575941441888959,SNppxx,
720575941441924563,SNta43,
720575941441953743,SNpp16,
720575941441953999,SNta35,
720575941441982927,SNpp39,
720575941441992399,SNch07,
720575941442197595,SNpp45,
720575941442202715,SNpp45,
720575941442297514,SNta25,
720575941442317994,SNpp19,
720575941442438570,SNppxx,
720575941442477994,SNch12,
720575941442560207,SNch05,
720575941442608591,SNch01,
720575941442837674,SNch02,
720575941443376810,SNpp45,
720575941443620778,SNch03,
720575941443621034,SNpp18,
720575941443624362,SNta38,
720575941443626410,SNta20,
720575941443628714,SNta30,
720575941443635370,SNch09,
720575941443727786,SNpp21,
720575941443938474,SNta25,
720575941443951530,SNta29,
720575941443967402,SNta04,
720575941443974826,SNta44,
720575941443979946,SNta35,
720575941443982506,SNta34,
720575941443986602,SNxx04,
720575941444035754,SNxx22,
720575941444049322,SNta36,
720575941444049578,SNta23,
720575941444058026,SNxxxx,
720575941444058794,SNxx05,
720575941444074922,SNxx08,
720575941444306090,SNpp07,
720575941444486314,SNpp60,
720575941444493495,SNpp51,
720575941444519594,SNxx01,
720575941444574135,SNpp51,
720575941444576695,SNpp51,
720575941444841130,SNppxx,
720575941444882090,SNxx14,
720575941444894378,SNpp39,
720575941444968106,SNxxxx,
720575941445349908,SNta09,
720575941445456916,SNta25,
720575941445475348,SNxx29,
720575941445494548,SNta25,
720575941446575380,SNch05,
720575941446604308,SNpp18,
720575941446820628,SNta45,
720575941446836947,SNta25,
720575941446901524,SNta30,
720575941446903316,SNta03,
720575941446918676,SNta04,
720575941446919444,SNta44,
720575941446919956,SNta26,
720575941446935828,SNta04,
720575941446937876,SNta42,
720575941446966292,SNta42,
720575941446967060,SNpp39,
720575941446989749,SNch12,
720575941447000757,SNpp50,
720575941447003573,SNch04,
720575941447005365,SNch12,
720575941447006228,SNxx03,
720575941447018516,SNta26,
720575941447023029,SNch03,
720575941447031572,SNch09,
720575941447032852,SNta44,
720575941447039157,SNta29,
720575941447043604,SNta27,
720575941447140021,SNta38,
720575941447153589,SNch05,
720575941447208117,SNta35,
720575941447215797,SNta25,
720575941447305909,SNta20,
720575941447365725,SNta44,
720575941447379549,SNta20,
720575941447414197,SNta29,
720575941447662670,SNta02,
720575941447704413,,
720575941447712861,SNta29,
720575941447758442,SPSN,
720575941447760490,SPSN,
720575941447770388,SNxx08,
720575941447785322,SNxx10,
720575941447788052,SNxx32,
720575941447815700,SNta13,
720575941447825684,SNpp50,
720575941447826452,SNch06,
720575941447837546,SNch06,
720575941447846164,SNta28,
720575941447865194,SNxx33,
720575941447893582,SNta09,
720575941447900778,SNxx03,
720575941448052558,SNxx03,
720575941448133045,SNch11,
720575941448193614,SNta18,
720575941448315573,SNxx04,
720575941448316085,SNpp52,
720575941448368565,SNpp22,
720575941448520468,SNxx20,
720575941448523540,SNxx04,
720575941448681053,SNta08,
720575941448739509,SNxxxx,
720575941448740277,SNch09,
720575941448741813,SNta29,
720575941448753333,SNta04,
720575941448813237,SNxx05,
720575941448815541,SNta29,
720575941448818357,SNxxxx,
720575941448819293,SNch03,
720575941448821941,SNta26,
720575941448826805,SNpp50,
720575941448829877,SNta32,
720575941448842165,SNch10,
720575941448844213,SNxx01,
720575941448846773,SNta29,
720575941448906421,SNxxxx,
720575941448909237,SNta04,
720575941448909493,SNta04,
720575941448973134,SNpp41,
720575941449030237,SNta45,
720575941449040221,SNta18,
720575941449040733,SNxx04,
720575941449041501,SNxxxx,
720575941449053277,SNch06,
720575941449053789,SNxx03,
720575941449119837,SNxx06,
720575941449140302,,
720575941449154382,SNta28,
720575941449210293,SNch01,
720575941449358202,SNch05,
720575941449363322,SNxx03,
720575941449399733,,
720575941449447861,SNta03,
720575941449554298,SNta45,
720575941449601205,SNta38,
720575941449613390,SNta43,
720575941449619278,SNxx06,
720575941449640885,SNta45,
720575941449652046,SNxx05,
720575941449674574,SNta37,
720575941449676110,SNch03,
720575941449737397,SNtaxx,
720575941449784413,SNpp53,
720575941449922375,SNta08,
720575941449953629,SNpp39,
720575941449959517,SNta43,
720575941449967197,SNxx17,
720575941449973341,SNta45,
720575941449989981,SNxx10,
720575941449992797,SNch09,
720575941450131271,SNta09,
720575941450199886,SNch11,
720575941450336949,SNch05,
720575941450359221,SNppxx,
720575941450397109,SNta21,
720575941450422965,SNta20,
720575941450425269,SNta14,
720575941450560378,SNpp19,
720575941450577486,SNpp50,
720575941450591866,SNta45,
720575941450624839,SNta14,
720575941450629545,SNta37,
720575941450697565,SNppxx,
720575941450753607,SNpp15,
720575941450753658,SNpp60,
720575941450874746,SNch11,
720575941450891386,SNxx04,
720575941450968698,SNpp41,
720575941451008634,SNch05,
720575941451068538,SNpp50,
720575941451073146,SNta21,
720575941451075450,SNta39,
720575941451132238,SNta42,
720575941451147591,SNta29,
720575941451304270,SNta02,
720575941451324750,SNta29,
720575941451326286,SNxx04,
720575941451333710,SNta21,
720575941451341134,SNta20,
720575941451533946,SNxxxx,
720575941451573882,SNpp43,
720575941451648583,SNxx10,
720575941451759017,SNta33,
720575941451788615,SNch03,
720575941451792711,SNta02,
720575941451805255,SNta37,
720575941451810119,SNta37,
720575941451820871,SNxx04,
720575941451826042,SNta25,
720575941451828807,SNch05,
720575941451832647,SNta03,
720575941451858345,SNta04,
720575941451866439,SNta32,
720575941451915847,SNxx03,
720575941451917481,SNpp19,
720575941451921735,SNch03,
720575941451923015,SNch03,
720575941451935303,SNxxxx,
720575941451936071,SNta25,
720575941451957114,SNpp32,
720575941451958087,SNta30,
720575941451960903,SNxxxx,
720575941452123443,SNta09,
720575941452150953,SNxx14,
720575941452277673,SNta29,
720575941452297385,SNta42,
720575941452356147,SNta09,
720575941452382889,SNch06,
720575941452389703,SNta38,
720575941452394963,SNta29,
720575941452404275,SNta38,
720575941452405673,SNxx03,
720575941452409769,SNxx05,
720575941452424873,SNxxxx,
720575941452436551,SNch13,
720575941452443561,SNta34,
720575941452449961,SNch09,
720575941452462505,,
720575941452464041,SNch01,
720575941452465833,,
720575941452475443,SNta11,
720575941452570490,SNch01,
720575941452587386,SNpp39,
720575941452590458,SNta33,
720575941452612659,SNch07,
720575941452744775,SNxxxx,
720575941452754247,SNpp30,
720575941452766535,SNppxx,
720575941452926633,SNta18,
720575941452949929,SNxxxx,
720575941452966313,,
720575941452996521,SNta04,
720575941453311657,SNta04,
720575941453318313,SNta23,
720575941453644201,SNta41,
720575941453820266,SNxx10,
720575941453909555,SNxx04,
720575941453925427,SNxxxx,
720575941453927987,SNch05,
720575941453993523,SNxx03,
720575941453994803,SNch03,
720575941453999667,SNch05,
720575941454005555,SNxx06,
720575941454007859,SNch10,
720575941454013491,SNxx05,
720575941454018611,SNta25,
720575941454023987,SNxx04,
720575941454024243,SNch10,
720575941454034227,SNta45,
720575941454089453,SNta09,
720575941454133485,SNta37,
720575941454137069,SNta37,
720575941454576947,SNta29,
720575941454908211,SNppxx,
720575941454965866,SNta38,
720575941455306221,SNpp50,
720575941455311597,SNta29,
720575941455312621,SNta25,
720575941455317741,SNta29,
720575941455320301,SNta44,
720575941455403882,SNxx04,
720575941455434477,SNpp47,
720575941455512170,SNxx03,
720575941455518058,SNxx04,
720575941455520618,SNxx04,
720575941455521130,SNxx02,
720575941455526762,SNxx04,
720575941455534954,SNxx04,
720575941455575146,SNxx02,
720575941455575402,SNxx10,
720575941455590762,SNta29,
720575941455750893,SNta08,
720575941455758317,SNch05,
720575941455760877,SNpp50,
720575941455764717,SNta30,
720575941455770349,SNxx03,
720575941455772397,SNch05,
720575941455793901,SNta37,
720575941455801581,SNta04,
720575941455829744,SNxxxx,
720575941455839213,SNch14,
720575941455912176,SNta43,
720575941456225520,SNpp28,
720575941456263274,SNpp56,
720575941456265578,SNpp60,
720575941456267882,SNpp39,
720575941456275050,abdominal_ppk_neuron,
720575941456335315,SNta43,
720575941456467103,SNta20,
720575941456491757,SNta28,
720575941456615071,SNxx26,
720575941456665069,SNta43,
720575941456665325,SNppxx,
720575941456760735,SNta35,
720575941456766879,SNpp43,
720575941456783853,SNpp20,
720575941457013919,SNpp60,
720575941457274694,SNta01,
720575941457322221,SNxx05,
720575941457333485,SNppxx,
720575941457352262,SNpp29,
720575941457353286,SNpp61,
720575941457373424,SNch12,
720575941457380906,SNta45,
720575941457382896,SNta44,
720575941457404486,SNxxxx,
720575941457475142,SNpp44,
720575941457503046,SNch04,
720575941457550320,,
720575941457595039,SNxx33,
720575941457596063,SNch11,
720575941457704863,SNpp50,
720575941457763824,SNch07,
720575941457770480,SNta38,
720575941457773040,SNxx03,
720575941457803504,SNta37,
720575941457845488,SNta29,
720575941457882096,SNta31,
720575941457891056,SNta43,
720575941457922719,SNxx33,
720575941457923231,SNta28,
720575941458069407,SNxx33,
720575941458082975,SNta20,
720575941458092447,SNxx02,
720575941458097567,SNch09,
720575941458144159,SNxx05,
720575941458160799,SNch09,
720575941458166175,SNta19,
720575941458200479,,
720575941458201247,SNta38,
720575941458208927,SNta31,
720575941458213791,SNch05,
720575941458217887,SNta43,
720575941458309331,SNxx03,
720575941458335558,SNch05,
720575941458364371,SNch03,
720575941458395091,SNch05,
720575941458475760,SNpp01,
720575941458551507,SNta25,
720575941458580691,SNch05,
720575941458611440,SNxx05,
720575941458695494,SNxx06,
720575941458773232,SNxx03,
720575941458792176,SNxx14,
720575941458879984,SNpp34,
720575941458891590,SNta30,
720575941458896454,SNta37,
720575941458913491,SNch12,
720575941458914886,SNch05,
720575941458917075,SNta04,
720575941458917702,SNxx04,
720575941458925126,SNta29,
720575941458928710,SNta29,
720575941458944708,SNppxx,
720575941458982726,SNta34,
720575941458985286,SNch06,
720575941459002015,SNpp50,
720575941459007046,SNpp15,
720575941459021126,SNxx03,
720575941459021252,SNpp62,
720575941459023174,SNxx03,
720575941459029830,SNxx22,
720575941459034182,SNxx03,
720575941459034694,SNxx04,
720575941459037510,SNta42,
720575941459042886,SNch10,
720575941459043910,SNpp51,
720575941459054495,SNpp52,
720575941459060932,SNta09,
720575941459083167,SNxx03,
720575941459136708,SNta41,
720575941459224516,SNta41,
720575941459537296,SNta29,
720575941459588934,SNta34,
720575941459627152,SNpp19,
720575941459671440,SNta09,
720575941459679888,SNch01,
720575941459681936,SNta11,
720575941459688080,SNxx14,
720575941459710879,SNta21,
720575941459742111,SNxx05,
720575941459764880,SNta30,
720575941459837584,SNpp11,
720575941459871888,SNta20,
720575941459892806,SNta21,
720575941459899974,SNch10,
720575941459926854,SNpp20,
720575941459983248,SNxxxx,
720575941460105939,SNta12,
720575941460111556,SNch11,
720575941460114884,SNpp60,
720575941460125248,SNpp19,
720575941460187332,SNta03,
720575941460200256,SNpp56,
720575941460202048,SNpp55,
720575941460204243,SNxx30,
720575941460208851,SNxx05,
720575941460217920,SNta37,
720575941460223443,SNch11,
720575941460227795,SNta44,
720575941460232256,SNta37,
720575941460257732,SNxx33,
720575941460257747,SNta43,
720575941460271044,abdominal_ppk_neuron,
720575941460272836,SNxx04,
720575941460302035,SNxx07,
720575941460314323,SNta38,
720575941460316736,SNpp02,
720575941460317139,SNta40,
720575941460317760,SNpp01,
720575941460319808,SNpp01,
720575941460336851,SNch10,
720575941460344019,SNta35,
720575941460346835,SNxx06,
720575941460352467,SNta29,
720575941460353491,SNch11,
720575941460410688,SNch14,
720575941460561860,SNch12,
720575941460565568,SNpp19,
720575941460572480,SNch14,
720575941460639808,SNta37,
720575941460659014,SNpp22,
720575941460659652,SNta25,
720575941460659782,SNppxx,
720575941460662980,SNta44,
720575941460663236,SNta37,
720575941460663748,SNxx06,
720575941460668100,SNxx03,
720575941460668612,SNta44,
720575941460681156,SNch10,
720575941460720836,SNch05,
720575941460740548,SNpp02,
720575941460740672,SNta35,
720575941460740928,SNta35,
720575941460750532,SNxx06,
720575941460756676,SNch09,
720575941460757444,SNxx22,
720575941460757956,SNta09,
720575941460760516,SNta20,
720575941460764868,SNxx33,
720575941460767428,SNta36,
720575941460815300,SNxx04,
720575941460818576,SNta44,
720575941460857232,SNpp50,
720575941460907277,SNta02,
720575941460957651,SNpp41,
720575941460974861,SNta02,
720575941461069069,SNta20,
720575941461085197,SNxxxx,
720575941461168653,SNta09,
720575941461181395,SNta20,
720575941461204164,SNpp26,
720575941461206541,SNta21,
720575941461206724,SNta04,
720575941461248525,SNta28,
720575941461275536,SNch03,
720575941461308173,SNta06,
720575941461334928,SNta19,
720575941461358992,SNta29,
720575941461379472,SNta34,
720575941461390480,SNxx03,
720575941461390736,SNta11,
720575941461441805,SNpp47,
720575941461519248,SNxx06,
720575941461532816,SNta45,
720575941461539984,SNta23,
720575941461542800,SNxx01,
720575941461545104,SNch14,
720575941461556880,SNta43,
720575941461571216,SNta44,
720575941461574544,SNch10,
720575941461589392,SNta23,
720575941461590160,SNta29,
720575941461600912,SNta44,
720575941461601424,SNta37,
720575941461607824,SNta23,
720575941461618832,SNch05,
720575941461699012,SNppxx,
720575941461831891,SNxx03,
720575941461910227,SNch05,
720575941461934035,SNxx03,
720575941461950163,SNppxx,
720575941461950864,SNta30,
720575941462205328,SNta38,
720575941462254736,SNxxxx,
720575941462295952,SNta37,
720575941462357188,SNxxxx,
720575941462371085,SNpp41,
720575941462454580,SNta25,
720575941462527540,SNta25,
720575941462541876,SNta21,
720575941462542388,SNta38,
720575941462708237,SNpp47,
720575941462764301,SNch02,
720575941462806285,SNxxxx,
720575941462811917,SNta37,
720575941462823949,SNta43,
720575941462828301,SNxxxx,
720575941462841613,SNta37,
720575941462851853,SNpp51,
720575941462853901,SNta11,
720575941462980916,SNta45,
720575941463174544,SNppxx,
720575941463182480,SNta37,
720575941463289664,SNch06,
720575941463343117,SNxxxx,
720575941463569677,SNpp47,
720575941463648525,SNta44,
720575941464060246,SNxx14,
720575941464136500,SNpp28,
720575941464186454,SNta41,
720575941464318806,SNpp02,
720575941464336692,SNta38,
720575941464349014,SNpp45,
720575941464372276,SNta28,
720575941464396045,SNppxx,
720575941464399373,SNch11,
720575941464779798,SNta01,
720575941464859926,SNta38,
720575941464860182,SNta09,
720575941465428054,SNpp45,
720575941465447190,SNta04,
720575941465466676,SNxx33,
720575941465731670,SNta21,
720575941465763670,SNta43,
720575941465771350,SNta04,
720575941465772886,SNta29,
720575941465817174,SNta38,
720575941465819478,SNta27,
720575941465849174,SNch05,
720575941465864278,,
720575941465870678,,
720575941465877590,SNta41,
720575941465879894,SNpp39,
720575941465893974,,
720575941465894230,SNtaxx,
720575941465894486,SNxx05,
720575941465896534,SNxx04,
720575941465967894,SNpp59,
720575941466112022,SNxx26,
720575941466184470,SNpp17,
720575941466321750,SNxx03,
720575941466437718,SNta11,
720575941466491414,SNta29,
720575941466495510,SNxx33,
720575941466496278,SNxx05,
720575941466500374,SNta42,
720575941466527510,SNta43,
720575941466529302,SNch05,
720575941466533910,SNta03,
720575941466537238,SNpp59,
720575941466538518,SNpp29,
720575941466546710,SNta29,
720575941466547222,SNch05,
720575941466547990,SNta04,
720575941466551830,,
720575941466552086,SNta30,
720575941466629654,SNxxxx,
720575941466639126,SNta31,
720575941466649366,SNta31,
720575941466650134,SNxx04,
720575941466652438,SNta37,
720575941466670870,SNta38,
720575941466672150,SNta31,
720575941466691094,SNxx03,
720575941466695190,SNta26,
720575941466696470,SNta43,
720575941466699798,SNxx16,
720575941466707222,SNpp50,
720575941466726742,SNta03,
720575941466750486,SNppxx,
720575941466998493,SNta26,
720575941467184214,SNxx25,
720575941467260381,SNch05,
720575941467303133,SNta34,
720575941467323357,SNta19,
720575941467323613,SNta35,
720575941467345204,SNta21,
720575941467374045,SNta42,
720575941467383894,SNpp45,
720575941467386710,SNppxx,
720575941467391453,SNpp57,
720575941467413078,SNxx03,
720575941467564822,SNxx05,
720575941467765300,SNta26,
720575941468448375,SNta38,
720575941468532343,SNpp52,
720575941468546167,SNta29,
720575941468551947,SNpp47,
720575941468570379,SNpp60,
720575941468590347,SNta09,
720575941468617335,SNpp28,
720575941468647133,SNpp53,
720575941468784349,SNta38,
720575941468834827,SNch09,
720575941468841995,SNta45,
720575941468852957,,
720575941468859869,SNxx03,
720575941469089856,SNxx03,
720575941469158464,SNta30,
720575941469169984,SNta26,
720575941469229021,SNpp41,
720575941469244992,SNta35,
720575941469248064,SNpp16,
720575941469695453,SNch03,
720575941469716701,SNpp30,
720575941469820279,abdominal_ppk_neuron,
720575941469846135,SNxx14,
720575941469863543,SNtaxx,
720575941469980427,SNch11,
720575941470084363,SNpp19,
720575941470088203,SNpp50,
720575941470129527,SNppxx,
720575941470187895,SNpp52,
720575941470197623,SNta27,
720575941470220663,SNta09,
720575941470247744,SNpp56,
720575941470279543,SNta44,
720575941470281335,SNta42,
720575941470301047,SNpp43,
720575941470303095,SNta33,
720575941470307959,SNta23,
720575941470313847,SNxxxx,
720575941470320861,SNppxx,
720575941470380253,SNpp61,
720575941470426379,SNpp17,
720575941470426432,SNxx10,
720575941470429504,SNta37,
720575941470430016,SNta29,
720575941470432832,SNta08,
720575941470447669,,
720575941470469899,SNpp52,
720575941470481163,SNxx04,
720575941470482443,SNta29,
720575941470484747,SNta37,
720575941470498315,SNch02,
720575941470507019,SNxx04,
720575941470582283,SNxx06,
720575941470587147,SNxx04,
720575941470588171,SNxx04,
720575941470592779,SNxx06,
720575941470595851,SNpp52,
720575941470596875,SNppxx,
720575941470598155,,
720575941470782583,SNta38,
720575941470783095,SNta38,
720575941470807671,SNch13,
720575941470823543,SNxxxx,
720575941470832192,SNta29,
720575941470833472,SNta41,
720575941470840128,,
720575941470840896,SNch05,
720575941470865984,SNxx06,
720575941470880119,SNxx01,
720575941470922538,SNch06,
720575941470929728,SNch10,
720575941470930496,SNta45,
720575941470931242,SNch06,
720575941470939178,SNta37,
720575941470943018,SNta37,
720575941470966592,SNta34,
720575941470967104,SNta35,
720575941470973248,SNta28,
720575941470975040,SNxx03,
720575941470988842,SNta25,
720575941471020299,SNta21,
720575941471057675,SNta42,
720575941471145847,SNta21,
720575941471146871,SNxx04,
720575941471167607,SNch06,
720575941471180151,SNxx33,
720575941471225184,SNch12,
720575941471413312,SNta11,
720575941471425632,SNta38,
720575941471454219,SNta18,
720575941471487499,SNpp20,
720575941471495543,SNpp53,
720575941471497536,SNch01,
720575941471644202,SNta20,
720575941471656490,SNta35,
720575941471674666,SNpp50,
720575941471682346,SNta21,
720575941471734570,SNta35,
720575941471740458,SNpp43,
720575941471742762,SNpp43,
720575941471747114,SNch07,
720575941471805559,SNch05,
720575941472131339,SNch01,
720575941472157707,SNxx20,
720575941472168715,SNta21,
720575941472177962,SNpp46,
720575941472200715,SNch05,
720575941472204896,SNta44,
720575941472210443,SNpp45,
720575941472213034,SNta37,
720575941472218154,SNta37,
720575941472219690,SNta30,
720575941472316458,SNta26,
720575941472378427,SNta20,
720575941472460640,SNta25,
720575941472483392,SNch05,
720575941472489275,SNxx03,
720575941472518459,SNta01,
720575941472540480,SNpp45,
720575941472730464,SNch02,
720575941472813664,SNta38,
720575941472829243,SNta41,
720575941472835936,SNta42,
720575941472840288,SNta30,
720575941472846176,SNta37,
720575941472847456,SNch02,
720575941472851552,SNta44,
720575941472878432,SNta28,
720575941472888160,SNxxxx,
720575941472933216,,
720575941472935008,SNch04,
720575941472964192,SNta44,
720575941472965984,SNxxxx,
720575941472970592,SNpp41,
720575941473146509,SNta33,
720575941473329450,SNxx29,
720575941473362016,SNpp50,
720575941473385770,SNpp53,
720575941473434720,SNta21,
720575941473438048,SNtaxx,
720575941473441120,SNch03,
720575941473561440,SNta37,
720575941473655082,SNch01,
720575941473757226,SNxx33,
720575941473760298,SNta21,
720575941473770538,SNta43,
720575941473807200,SNpp50,
720575941473819178,SNch06,
720575941473824096,SNxx05,
720575941473828704,SNta38,
720575941473829674,SNxx22,
720575941473830698,SNch05,
720575941473832544,SNpp50,
720575941473837408,SNpp52,
720575941473842218,SNta39,
720575941473848362,SNch01,
720575941473849386,SNta37,
720575941473849898,SNpp51,
720575941473852458,SNtaxx,
720575941474046523,SNpp45,
720575941474330666,SNta32,
720575941474391082,SNch05,
720575941474396987,SNta38,
720575941474400059,SNta30,
720575941474402875,SNta43,
720575941474403131,SNch05,
720575941474404411,SNpp01,
720575941474419515,SNxx03,
720575941474483003,SNch05,
720575941474489915,SNta30,
720575941474504763,SNpp50,
720575941474508091,SNch10,
720575941474509361,SNch05,
720575941474574890,SNxx03,
720575941474606122,SNch11,
720575941474606890,SNpp23,
720575941474629425,,
720575941474639146,SNppxx,
720575941474641194,SNta19,
720575941474647850,SNta42,
720575941474661918,SNpp62,
720575941474791745,SNxx03,
720575941474798145,SNxx04,
720575941474824513,SNch05,
720575941474841403,SNta03,
720575941475137595,SNta38,
720575941475349563,SNta32,
720575941475371835,SNta31,
720575941475372091,SNta40,
720575941475417147,SNxx03,
720575941475558449,SNch09,
720575941475702833,SNch01,
720575941475818346,SNta02,
720575941475824746,SNta09,
720575941475837034,SNta20,
720575941475899242,SNch05,
720575941475949371,SNxx04,
720575941475956283,SNta21,
720575941475972145,SNta28,
720575941476031537,SNta29,
720575941476059185,SNta34,
720575941476060465,SNxxxx,
720575941476060721,SNxxxx,
720575941476079665,SNpp23,
720575941476083562,SNch04,
720575941476089137,SNch12,
720575941476105265,SNta28,
720575941476124446,SNta29,
720575941476127518,SNta28,
720575941476131614,SNch10,
720575941476138292,SNxxxx,
720575941476141105,SNxx05,
720575941476141342,SNch05,
720575941476141598,SNta40,
720575941476145182,SNta43,
720575941476149022,SNta44,
720575941476154142,SNch10,
720575941476161585,SNpp60,
720575941476174657,SNch06,
720575941476176177,SNxx22,
720575941476176689,SNta30,
720575941476177438,SNta44,
720575941476177950,SNch09,
720575941476178737,SNta37,
720575941476180766,SNta11,
720575941476185374,SNta09,
720575941476260916,SNpp58,
720575941476268574,SNta30,
720575941476289089,,
720575941476389441,SNpp17,
720575941476498996,SNpp47,
720575941476500276,SNta40,
720575941476502580,SNta32,
720575941476504628,SNta19,
720575941476505140,SNta14,
720575941476521780,SNpp44,
720575941476540212,SNch09,
720575941476542260,SNxx21,
720575941476544308,SNpp59,
720575941476560945,SNxx11,
720575941476577076,SNta44,
720575941476577332,SNch05,
720575941476577585,SNta29,
720575941476587316,,
720575941476589620,SNta04,
720575941476589876,SNxx03,
720575941476590644,SNta38,
720575941476591156,SNch02,
720575941476599860,SNxxxx,
720575941476600628,,
720575941476606260,SNxx04,
720575941476621121,SNch07,
720575941476623425,SNta37,
720575941476624961,SNta41,
720575941476627777,SNta34,
720575941476644929,SNta11,
720575941476645681,SNch05,
720575941476685617,SNta39,
720575941476692545,SNxx05,
720575941476714561,SNta30,
720575941476720705,SNch05,
720575941476723521,SNta42,
720575941476725825,SNta43,
720575941476726849,SNpp04,
720575941476727873,SNxx04,
720575941476728129,SNxx03,
720575941476734529,SNpp56,
720575941476929844,SNta04,
720575941476939329,,
720575941476966449,SNta44,
720575941476971057,SNxxxx,
720575941476972138,SNch08,
720575941476978737,SNta34,
720575941476994097,SNxx04,
720575941477007409,SNch10,
720575941477122410,SNpp24,
720575941477162526,SNta38,
720575941477192222,SNppxx,
720575941477227073,SNta03,
720575941477300532,SNta39,
720575941477328436,SNpp16,
720575941477360180,SNta04,
720575941477361204,SNpp25,
720575941477379121,SNpp38,
720575941477420000,SNta33,
720575941477479018,SNpp52,
720575941477488490,SNch12,
720575941477503338,SNxx04,
720575941477512810,SNch07,
720575941477513834,SNpp39,
720575941477557313,SNch11,
720575941477562689,SNch05,
720575941477575489,,
720575941477593706,SNch05,
720575941477598570,SNta42,
720575941477600106,SNta37,
720575941477607786,SNta40,
720575941477624426,SNxx04,
720575941477624544,SNpp40,
720575941477624938,SNta42,
720575941477631338,SNxx14,
720575941477636458,SNppxx,
720575941477639530,,
720575941477641322,SNpp40,
720575941477649258,SNta09,
720575941477654890,SNta29,
720575941477676768,SNpp56,
720575941477680945,SNta21,
720575941477689824,SNta09,
720575941477819522,SNxx15,
720575941477878580,SNta02,
720575941477895843,SNch06,
720575941477912372,SNpp39,
720575941477919262,SNppxx,
720575941477927476,SNppxx,
720575941477936436,SNta20,
720575941477940354,SNta03,
720575941477954846,SNta21,
720575941477974402,SNta20,
720575941478002818,SNta42,
720575941478015362,SNpp60,
720575941478027427,SNppxx,
720575941478054786,SNta37,
720575941478056322,SNppxx,
720575941478061987,SNch12,
720575941478074275,SNch05,
720575941478080106,SNxx05,
720575941478080362,SNxx03,
720575941478103914,SNpp51,
720575941478201409,SNch01,
720575941478257827,SNta45,
720575941478267360,SNch03,
720575941478281602,SNta43,
720575941478387050,SNpp10,
720575941478404687,SNch14,
720575941478461058,SNta24,
720575941478649423,SNta09,
720575941478756431,SNpp41,
720575941478762319,SNxx28,
720575941478969568,SNch09,
720575941479070314,SNta21,
720575941479082090,SNta20,
720575941479092586,SNta21,
720575941479106690,INXXX360,dimorphic
720575941479112066,SNta26,
720575941479150645,SNta21,
720575941479198432,SNpp50,
720575941479223264,SNxx23,
720575941479283936,SNpp57,
720575941479289568,SNta20,
720575941479290819,SNta09,
720575941479294432,SNta21,
720575941479296992,SNch10,
720575941479298784,SNta43,
720575941479305952,SNpp20,
720575941479375072,SNta23,
720575941479376096,SNta37,
720575941479377120,SNta23,
720575941479380960,SNxx05,
720575941479381472,SNta32,
720575941479381984,SNta43,
720575941479388640,SNta42,
720575941479419331,SNta35,
720575941479419843,SNta35,
720575941479428035,SNta25,
720575941479473059,SNta23,
720575941479474306,SNta21,
720575941479475479,,
720575941479552642,SNta44,
720575941479553987,SNta25,
720575941479555714,SNta30,
720575941479562882,SNta11,
720575941479570306,SNta43,
720575941479571586,SNppxx,
720575941479583285,SNta21,
720575941479587714,SNxx33,
720575941479605378,SNch04,
720575941479636610,SNxx03,
720575941479642754,SNxx03,
720575941479652738,SNxx03,
720575941479653250,SNta34,
720575941479664719,SNch11,
720575941479665282,SNxx06,
720575941479670914,SNta40,
720575941479677058,SNxx14,
720575941479737507,SNch12,
720575941479827363,SNpp50,
720575941479829923,SNta20,
720575941479834531,SNta38,
720575941479839395,SNta26,
720575941479853475,SNta08,
720575941479858595,SNxx03,
720575941479883599,SNpp47,
720575941479890851,SNxx03,
720575941479899811,SNxx06,
720575941479957923,SNta32,
720575941479959715,SNta38,
720575941479973539,SNta38,
720575941479974819,SNch05,
720575941479990691,SNta42,
720575941480087275,SNpp56,
720575941480093163,SNta45,
720575941480094699,SNpp58,
720575941480100587,SNta45,
720575941480100843,SNta37,
720575941480101867,SNch05,
720575941480105195,SNpp48,
720575941480122091,SNpp41,
720575941480122347,SNppxx,
720575941480134635,SNta38,
720575941480140523,SNxx33,
720575941480141698,SNxx05,
720575941480145131,SNta39,
720575941480153679,SNch05,
720575941480154091,SNta45,
720575941480157675,SNch06,
720575941480157931,SNxx33,
720575941480163563,SNta29,
720575941480168171,SNta38,
720575941480171755,SNta38,
720575941480172267,SNta45,
720575941480172523,SNta28,
720575941480175595,SNta28,
720575941480176875,SNppxx,
720575941480180203,SNta29,
720575941480183531,SNta43,
720575941480184655,SNta29,
720575941480185579,SNpp47,
720575941480187778,SNxx03,
720575941480218787,SNch06,
720575941480218959,SNxx06,
720575941480226357,SNta38,
720575941480235087,SNxx22,
720575941480235343,SNxx10,
720575941480240352,SNpp45,
720575941480332930,SNch10,
720575941480346242,SNppxx,
720575941480366755,,
720575941480372934,SNch05,
720575941480419267,SNch09,
720575941480458691,SNpp19,
720575941480490626,abdominal_ppk_neuron,
720575941480492483,SNch14,
720575941480493186,SNxx08,
720575941480494978,SNpp39,
720575941480502402,,
720575941480503938,SNppxx,
720575941480508802,SNpp51,
720575941480511430,SNta02,
720575941480522950,SNpp01,
720575941480527413,SNta38,
720575941480528514,SNpp39,
720575941480563586,SNxx03,
720575941480585346,SNpp51,
720575941480708431,SNta21,
720575941480744527,SNtaxx,
720575941480754400,SNta02,
720575941480760288,SNta14,
720575941480761763,SNppxx,
720575941480772431,SNpp59,
720575941480796835,SNpp52,
720575941480808867,SNpp52,
720575941480836687,SNta18,
720575941480875087,SNch05,
720575941480894287,SNppxx,
720575941480913338,SNta02,
720575941480943043,SNppxx,
720575941480945917,SNxx33,
720575941480946883,SNpp01,
720575941480947386,SNxx12,
720575941480959618,SNpp39,
720575941481030083,SNta23,
720575941481038531,SNxx01,
720575941481040975,SNta34,
720575941481061199,SNpp19,
720575941481082554,SNch06,
720575941481093885,SNpp51,
720575941481097411,SNxx03,
720575941481100623,SNta40,
720575941481101251,SNxx03,
720575941481109699,SNtaxx,
720575941481114819,SNxxxx,
720575941481118403,SNxx33,
720575941481119930,SNppxx,
720575941481128445,SNta31,
720575941481133309,SNpp20,
720575941481166266,SNta37,
720575941481167101,SNpp02,
720575941481190330,SNta35,
720575941481287421,SNta11,
720575941481617859,SNpp44,
720575941481639363,SNxxxx,
720575941481729103,SNta20,
720575941481850307,SNpp52,
720575941481935811,SNta28,
720575941481950659,SNpp50,
720575941481977539,SNpp45,
720575941482006211,SNpp41,
720575941482016963,SNxx26,
720575941482052550,SNta29,
720575941482054086,SNxxxx,
720575941482068934,SNta44,
720575941482080454,SNch10,
720575941482083526,SNta26,
720575941482093510,,
720575941482153926,SNpp57,
720575941482155462,SNxx01,
720575941482156998,SNch02,
720575941482161094,SNta45,
720575941482161350,SNxx03,
720575941482173382,SNpp30,
720575941482186182,SNch02,
720575941482190790,SNxx06,
720575941482405629,SNpp18,
720575941482445242,,
720575941482473658,,
720575941482561533,SNxx02,
720575941482572730,SNpp61,
720575941482590138,SNch09,
720575941482636986,SNpp41,
720575941482677434,SNch06,
720575941482678202,SNxx03,
720575941482680262,SNch06,
720575941482690746,SNxxxx,
720575941482705082,SNta23,
720575941482710714,SNta37,
720575941482715578,SNxx10,
720575941482723514,SNta37,
720575941482734266,SNxx19,
720575941482742781,SNch09,
720575941482745085,SNta45,
720575941482748925,SNch10,
720575941482752765,SNta26,
720575941482761213,SNta26,
720575941482768381,SNta21,
720575941482770429,SNxx04,
720575941482795005,SNpp51,
720575941482797309,SNta35,
720575941482804733,SNta33,
720575941482816186,SNpp23,
720575941482827005,SNta37,
720575941482831869,SNta45,
720575941482835965,SNxx03,
720575941482846717,SNpp01,
720575941482847485,SNch06,
720575941482854141,SNta44,
720575941482858947,SNta21,
720575941482869757,SNpp47,
720575941482966726,SNta42,
720575941483102150,SNpp25,
720575941483125245,SNpp29,
720575941483300349,SNpp53,
720575941483643578,SNpp20,
720575941483659517,SNpp51,
720575941483669757,SNpp45,
720575941483722694,SNppxx,
720575941483834946,SNpp40,
720575941483890061,SNpp60,
720575941483898434,SNpp47,
720575941483899277,SNch07,
720575941483904066,SNta38,
720575941483909954,SNppxx,
720575941483912258,SNta29,
720575941483927106,SNpp41,
720575941484052230,SNch04,
720575941484143622,SNpp13,
720575941484176314,SNpp45,
720575941484179130,SNpp39,
720575941484207034,SNxx03,
720575941484223177,SNta04,
720575941484327677,,
720575941484334598,SNta35,
720575941484359421,SNppxx,
720575941484522758,SNch12,
720575941485007938,SNch07,
720575941485012802,SNxxxx,
720575941485088397,SNta38,
720575941485089421,SNta20,
720575941485089677,SNxx03,
720575941485211533,SNpp47,
720575941485295824,SNch12,
720575941485347280,SNxx03,
720575941485357574,SNch10,
720575941485376464,SNpp47,
720575941485398669,SNta38,
720575941485400528,SNpp58,
720575941485401741,SNta01,
720575941485402178,SNta30,
720575941485419661,SNch02,
720575941485432461,SNpp60,
720575941485442370,SNta29,
720575941485445698,SNpp18,
720575941485447490,SNta21,
720575941485449357,SNch03,
720575941485450893,SNch10,
720575941485462850,SNta29,
720575941485464898,SNch05,
720575941485477186,SNxx05,
720575941485500557,SNta27,
720575941485526925,SNch14,
720575941485527437,SNpp40,
720575941485530509,SNxxxx,
720575941485536397,SNch05,
720575941485538701,SNta29,
720575941485540237,SNta29,
720575941485558736,SNpp11,
720575941485560386,SNta40,
720575941485561922,SNta41,
720575941485569346,SNta32,
720575941485571650,SNppxx,
720575941485575174,SNppxx,
720575941485576002,SNch07,
720575941485577026,SNpp50,
720575941485578960,SNpp01,
720575941485651462,SNta14,
720575941485667590,SNch09,
720575941485681670,SNta20,
720575941485730566,SNta34,
720575941485737478,SNpp58,
720575941485805776,SNta04,
720575941486397250,SNxx33,
720575941486467981,SNpp60,
720575941486870736,SNch11,
720575941486912976,SNta38,
720575941486927824,SNpp44,
720575941486934992,SNta34,
720575941486939856,SNta34,
720575941487012816,,
720575941487014864,SNta40,
720575941487020496,SNch10,
720575941487021264,SNta39,
720575941487025104,SNch12,
720575941487026640,SNta37,
720575941487028176,SNch01,
720575941487028688,SNta43,
720575941487031248,SNxx01,
720575941487031504,SNta37,
720575941487035856,SNch05,
720575941487039440,SNxx29,
720575941487087824,SNpp19,
720575941487146050,SNxx04,
720575941487174918,SNpp39,
720575941487195970,SNxx03,
720575941487196738,SNpp39,
720575941487196873,SNta11,
720575941487205321,SNta04,
720575941487260873,SNta18,
720575941487496400,SNta44,
720575941487700533,SNxx21,
720575941487761973,SNch12,
720575941487796688,SNxx06,
720575941487798480,SNxx06,
720575941487806672,SNta40,
720575941487851984,SNxx10,
720575941487872976,SNpp39,
720575941488171721,SNta09,
720575941488218165,SNch05,
720575941488221237,SNch05,
720575941488293321,SNxx22,
720575941488307662,SNta02,
720575941488324661,SNta11,
720575941488346574,SNta37,
720575941488370382,SNta09,
720575941488386512,SNpp04,
720575941488505038,SNta42,
720575941488535760,SNxx04,
720575941488605390,SNta20,
720575941488639182,SNch09,
720575941488647886,SNta37,
720575941488734156,SNta29,
720575941488789198,SNpp08,
720575941488886066,SNta38,
720575941488887858,SNta44,
720575941488892978,SNta44,
720575941488986828,SNpp37,
720575941489031221,,
720575941489041205,SNppxx,
720575941489091815,SNta09,
720575941489099751,SNta01,
720575941489242599,SNpp61,
720575941489286631,SNta23,
720575941489292341,SNppxx,
720575941489304629,SNta18,
720575941489313845,SNta33,
720575941489385781,SNpp51,
720575941489387977,SNta24,
720575941489388233,SNch09,
720575941489388489,SNta14,
720575941489390281,SNpp49,
720575941489391561,SNta03,
720575941489396277,SNta02,
720575941489399349,SNta11,
720575941489402316,SNta44,
720575941489408565,SNta30,
720575941489411637,SNta34,
720575941489415221,SNxx03,
720575941489416501,SNta21,
720575941489418805,SNxx14,
720575941489423669,SNxx03,
720575941489436213,SNta34,
720575941489440053,SNta44,
720575941489443893,SNta38,
720575941489453877,abdominal_ppk_neuron,
720575941489454389,SNta38,
720575941489455669,SNta23,
720575941489469385,SNpp22,
720575941489516597,SNch05,
720575941489521717,SNta38,
720575941489694914,SNch09,
720575941489741001,SNta18,
720575941489742018,SNta24,
720575941489745609,SNta37,
720575941489752265,SNta41,
720575941489758665,SNxxxx,
720575941489760962,SNta24,
720575941489761993,SNta21,
720575941489801422,SNta29,
720575941489804750,SNch10,
720575941489821641,SNta31,
720575941489844681,SNxxxx,
720575941489846217,SNtaxx,
720575941489849545,SNxx03,
720575941489853385,SNxxxx,
720575941489853897,SNch05,
720575941489855945,SNxx14,
720575941489885132,SNch11,
720575941490117326,SNta09,
720575941490167246,SNta28,
720575941490210766,SNch06,
720575941490212302,SNta42,
720575941490221006,SNch10,
720575941490228430,SNta03,
720575941490228686,SNxxxx,
720575941490228942,SNta21,
720575941490229710,SNta23,
720575941490244302,SNxx04,
720575941490247886,SNxx04,
720575941490255054,SNta24,
720575941490264270,SNpp39,
720575941490354636,SNta34,
720575941490355404,SNta34,
720575941490368972,SNta31,
720575941490391756,,
720575941490411212,SNch02,
720575941490412775,SNta19,
720575941490430439,SNxx08,
720575941490469095,SNpp59,
720575941490524620,INXXX381,
720575941490695625,SNppxx,
720575941490707175,SNppxx,
720575941490709991,SNch01,
720575941490715879,SNta23,
720575941490732775,SNta25,
720575941490742192,SNta11,
720575941490772942,SNta37,
720575941490774247,SNta35,
720575941490778855,SNxx05,
720575941490792654,SNta41,
720575941490799079,SNxxxx,
720575941490805479,,
720575941490807728,SNta44,
720575941490808295,SNta27,
720575941490846951,SNta03,
720575941490893518,SNta18,
720575941490970562,SNta24,
720575941491061708,SNta37,
720575941491068108,SNta29,
720575941491091662,SNpp10,
720575941491131854,SNpp52,
720575941491144423,SNta44,
720575941491144935,SNta29,
720575941491271881,SNta18,
720575941491345584,SNta44,
720575941491349452,SNta38,
720575941491462631,SNpp48,
720575941491561959,SNxx05,
720575941491614695,SNta20,
720575941491620839,SNta21,
720575941491725518,SNch05,
720575941491741671,SNxx03,
720575941491767502,SNxx04,
720575941491779278,SNta21,
720575941491903408,SNta45,
720575941491904432,SNta26,
720575941491944396,SNxx03,
720575941491969740,SNta21,
720575941491974604,SNpp45,
720575941492127614,SNta29,
720575941492298416,SNta29,
720575941492320944,SNta42,
720575941492340967,SNta02,
720575941492366055,SNta44,
720575941492375984,SNta29,
720575941492377776,SNta27,
720575941492385968,SNta44,
720575941492387504,SNxx03,
720575941492400048,SNch05,
720575941492414384,SNta20,
720575941492417200,SNpp50,
720575941492422576,SNxx10,
720575941492608382,SNta30,
720575941492611710,SNxxxx,
720575941492695746,SNta43,
720575941492717762,SNta24,
720575941492948418,SNta19,
720575941493025406,SNch04,
720575941493093058,SNch09,
720575941493257154,SNch05,
720575941493259714,SNch07,
720575941493269936,SNta38,
720575941493274032,SNta43,
720575941493277383,SNch14,
720575941493287344,SNta29,
720575941493293488,SNppxx,
720575941493303216,SNxxxx,
720575941493399490,SNch07,
720575941493409986,SNch05,
720575941493433538,SNch07,
720575941493438919,SNta04,
720575941493451207,SNta09,
720575941493476290,SNch09,
720575941493507010,SNta19,
720575941493514946,SNch09,
720575941493535943,SNta09,
720575941493547975,SNxxxx,
720575941493598407,SNxxxx,
720575941493622727,SNta37,
720575941493708414,SNta29,
720575941493711486,SNxx06,
720575941493712254,SNta42,
720575941493737415,SNta29,
720575941493918128,SNch01,
720575941493955248,SNch05,
720575941494026628,SNch07,
720575941494050430,SNta30,
720575941494055806,SNta44,
720575941494063232,SNxxxx,
720575941494084992,SNch02,
720575941494117502,SNxx03,
720575941494130046,SNta42,
720575941494136702,SNxx05,
720575941494140286,SNxx33,
720575941494144126,SNta39,
720575941494144382,SNta44,
720575941494149502,SNta28,
720575941494241152,SNch12,
720575941494635207,SNpp59,
720575941494637182,SNxxxx,
720575941494794439,SNta29,
720575941494929534,SNta30,
720575941494993095,SNpp29,
720575941495007614,SNppxx,
720575941495078599,SNta40,
720575941495084999,SNta40,
720575941495086791,SNpp59,
720575941495113671,SNta40,
720575941495120071,SNxxxx,
720575941495120327,SNxx30,
720575941495130055,SNxx03,
720575941495187655,SNch07,
720575941495187911,SNta20,
720575941495192519,SNpp50,
720575941495193287,SNta37,
720575941495194055,SNxx33,
720575941495194567,SNpp60,
720575941495196615,SNta14,
720575941495202247,SNppxx,
720575941495205063,SNpp50,
720575941495388800,SNch05,
720575941495626622,SNta05,
720575941495659646,SNpp39,
720575941495678846,SNpp45,
720575941495679102,SNta21,
720575941495680123,SNxx04,
720575941495736007,SNta09,
720575941495748731,SNxxxx,
720575941495765371,,
720575941495799424,SNta42,
720575941495810688,SNxxxx,
720575941495852416,SNpp62,
720575941495888763,,
720575941496089732,SNta31,
720575941496089988,SNta35,
720575941496093060,SNta41,
720575941496094084,SNpp45,
720575941496094596,SNta41,
720575941496095364,SNta41,
720575941496170977,SNta45,
720575941496177225,SNxx14,
720575941496178887,SNpp34,
720575941496189409,SNta09,
720575941496257761,SNta03,
720575941496381921,SNta29,
720575941496397129,SNta22,
720575941496414689,SNta30,
720575941496417761,SNta37,
720575941496477639,,
720575941496517705,,
720575941496633472,SNpp51,
720575941496657024,SNta37,
720575941496678272,SNpp41,
720575941496689536,SNxx10,
720575941496692096,SNpp05,
720575941496693120,SNxxxx,
720575941496726857,SNch11,
720575941496878203,SNch07,
720575941496922337,SNta09,
720575941496935074,SNch04,
720575941496937634,SNta02,
720575941497075328,SNta44,
720575941497078946,SNta09,
720575941497088162,SNta34,
720575941497187490,SNta30,
720575941497335168,SNch05,
720575941497348224,SNxx04,
720575941497349248,SNta14,
720575941497375138,SNta28,
720575941497379195,SNpp60,
720575941497384571,SNta26,
720575941497388923,SNxx04,
720575941497390976,SNta20,
720575941497394505,SNch11,
720575941497396347,SNpp60,
720575941497407611,SNta04,
720575941497443809,SNta44,
720575941497471611,SNch03,
720575941497473659,SNch03,
720575941497477499,SNxx06,
720575941497495163,SNta37,
720575941497502587,SNch02,
720575941497516411,SNta30,
720575941497518203,SNpp39,
720575941497519483,SNxxxx,
720575941497641185,SNta29,
720575941497642465,SNta21,
720575941497769289,SNpp45,
720575941497863300,SNta24,
720575941497960521,SNta26,
720575941497962313,SNta20,
720575941497975163,SNppxx,
720575941497975625,SNppxx,
720575941497985865,SNxx04,
720575941497988681,SNta29,
720575941497991803,SNta28,
720575941497992673,SNta34,
720575941497993801,SNta29,
720575941497996361,SNxxxx,
720575941497999073,SNxxxx,
720575941498022985,SNta24,
720575941498066657,SNxx05,
720575941498066820,SNta37,
720575941498067169,SNxx01,
720575941498073313,SNta23,
720575941498083041,SNta19,
720575941498084321,SNch02,
720575941498087649,SNxxxx,
720575941498091233,SNxxxx,
720575941498093281,SNch05,
720575941498097225,SNxx03,
720575941498128201,SNta37,
720575941498128763,SNta09,
720575941498133321,SNxx11,
720575941498133577,SNta43,
720575941498134089,SNxx03,
720575941498143713,SNpp14,
720575941498146889,SNta38,
720575941498155081,SNta36,
720575941498156617,SNpp02,
720575941498210948,SNta30,
720575941498221700,SNta25,
720575941498246050,SNch12,
720575941498311035,SNta40,
720575941498354564,SNta25,
720575941498376324,SNta25,
720575941498403716,SNta45,
720575941498409860,SNxxxx,
720575941498411170,SNpp60,
720575941498438881,SNta29,
720575941498472059,SNch01,
720575941498476155,SNta21,
720575941498516868,SNta24,
720575941498563809,SNta37,
720575941498642338,SNta37,
720575941498749051,SNta38,
720575941498781602,SNta18,
720575941498794658,SNta20,
720575941498795938,SNta23,
720575941498798498,SNta37,
720575941498808994,SNta30,
720575941498815906,SNta32,
720575941498827170,SNpp19,
720575941498832516,SNta24,
720575941498887842,SNch09,
720575941498917601,SNppxx,
720575941498947401,SNta38,
720575941498950881,SNxx07,
720575941498984777,SNta37,
720575941498988873,SNpp14,
720575941498997251,SNch07,
720575941499040891,SNch07,
720575941499080571,SNch01,
720575941499081731,SNxxxx,
720575941499219937,SNpp45,
720575941499269794,SNpp51,
720575941499347106,SNta26,
720575941499381643,SNta28,
720575941499385250,SNch06,
720575941499419977,SNpp45,
720575941499510434,SNxx11,
720575941499531170,SNch09,
720575941499569633,SNpp50,
720575941499637410,SNta44,
720575941499641227,SNta43,
720575941499716611,SNch05,
720575941499774882,SNta21,
720575941499781282,SNch10,
720575941500449464,SNta40,
720575941500540066,SNxx03,
720575941500602530,SNppxx,
720575941500608162,SNta20,
720575941500613026,SNta21,
720575941500615330,SNch05,
720575941500644491,SNch10,
720575941500651659,SNxx04,
720575941500658571,SNta26,
720575941500660363,SNpp01,
720575941500662667,SNta18,
720575941500840939,SNch11,
720575941500850411,SNch01,
720575941500858507,SNpp40,
720575941500876523,SNxx03,
720575941500887383,SNxxxx,
720575941500891883,SNta29,
720575941500925419,SNta02,
720575941500998795,SNta45,
720575941501000791,SNpp42,
720575941501002123,SNta38,
720575941501006219,SNta38,
720575941501018763,SNta30,
720575941501039755,SNta30,
720575941501048459,SNch09,
720575941501099755,SNpp39,
720575941501114603,SNxx22,
720575941501165963,SNxx03,
720575941501166475,SNch12,
720575941501171851,SNta29,
720575941501180811,SNta32,
720575941501182091,SNta31,
720575941501182603,SNch11,
720575941501195915,SNxx29,
720575941501207179,SNch06,
720575941501248343,SNta43,
720575941501280855,SNta09,
720575941501358679,SNta38,
720575941501652107,SNta34,
720575941501757122,SNta09,
720575941501760706,SNch05,
720575941501783746,SNta44,
720575941501807243,SNtaxx,
720575941501893003,,
720575941501961666,SNta34,
720575941501974210,SNta09,
720575941501993355,SNxx20,
720575941501994123,SNta35,
720575941502024587,SNta09,
720575941502076866,SNch06,
720575941502103531,SNxx30,
720575941502233995,SNpp34,
720575941502596587,SNxx33,
720575941502605035,SNta38,
720575941502653419,SNxx04,
720575941502691211,SNch01,
720575941502698123,SNch01,
720575941502717931,SNta26,
720575941502724331,SNpp32,
720575941502763915,SNxx03,
720575941502784343,SNpp32,
720575941502831959,SNta29,
720575941502839383,SNta27,
720575941502840663,SNta23,
720575941502871127,SNta34,
720575941502880855,SNta38,
720575941502927959,SNta44,
720575941502938967,SNxx04,
720575941502993602,SNch06,
720575941502993858,SNch06,
720575941503006658,SNch09,
720575941503187506,SNch10,
720575941503188018,SNta38,
720575941503202242,SNta04,
720575941503298108,SNxx33,
720575941503307068,SNpp02,
720575941503372092,SNta01,
720575941503374652,SNta09,
720575941503402149,SNta44,
720575941503449026,SNxx15,
720575941503477564,SNta44,
720575941503508162,SNta28,
720575941503516907,SNta04,
720575941503527986,SNxx20,
720575941503552962,SNta37,
720575941503554754,SNta20,
720575941503558082,SNch05,
720575941503563714,SNta37,
720575941503574210,SNpp39,
720575941503579074,SNxx03,
720575941503584194,SNta35,
720575941503602226,SNta45,
720575941503614258,SNta27,
720575941503623874,SNxx03,
720575941503627324,SNta11,
720575941503635799,SNxx03,
720575941503636418,SNta26,
720575941503638834,SNta24,
720575941503646514,SNpp41,
720575941503649330,SNta44,
720575941503652802,SNxx04,
720575941503655474,SNxx14,
720575941503657410,SNta02,
720575941503657922,SNta32,
720575941503658405,SNta37,
720575941503659202,SNxx03,
720575941503667762,SNch14,
720575941503698341,SNta29,
720575941503701308,SNpp49,
720575941503716146,SNxx05,
720575941503722546,SNxxxx,
720575941503727922,SNta03,
720575941503730226,SNpp45,
720575941503773955,SNta43,
720575941504132843,SNch05,
720575941504153067,SNta20,
720575941504155883,SNpp39,
720575941504198635,SNta21,
720575941504233047,SNpp23,
720575941504322647,SNta21,
720575941504409282,SNta32,
720575941504414658,SNxx33,
720575941504445207,SNta42,
720575941504447682,SNxx33,
720575941504466711,SNxx22,
720575941504519218,SNch01,
720575941504549938,SNxx04,
720575941504557106,SNch10,
720575941504614981,SNch11,
720575941504617541,SNch03,
720575941504666940,,
720575941504699671,SNta04,
720575941504707653,SNpp16,
720575941504709957,SNta38,
720575941504763045,SNta18,
720575941504776357,SNch12,
720575941504784549,SNpp40,
720575941504898981,SNta04,
720575941504911013,SNta27,
720575941504978308,SNta32,
720575941505064261,SNta29,
720575941505075906,SNppxx,
720575941505076674,SNta33,
720575941505077186,SNta33,
720575941505086914,SNpp45,
720575941505095996,SNpp62,
720575941505118658,SNta21,
720575941505162405,SNta30,
720575941505177026,SNta21,
720575941505197116,SNch05,
720575941505199420,SNta35,
720575941505204293,SNpp52,
720575941505214268,SNta19,
720575941505215548,SNta34,
720575941505255986,SNta02,
720575941505257010,SNpp45,
720575941505261477,SNta20,
720575941505265829,SNta09,
720575941505270851,SNta44,
720575941505274277,SNta38,
720575941505281084,SNxx03,
720575941505281445,SNta09,
720575941505282213,SNch12,
720575941505288101,SNta24,
720575941505288252,SNch11,
720575941505288613,SNta31,
720575941505291324,SNch10,
720575941505296293,SNta24,
720575941505299762,SNppxx,
720575941505304124,SNxx05,
720575941505304997,SNch12,
720575941505312677,SNch10,
720575941505314469,SNta04,
720575941505400997,SNta38,
720575941505403557,SNta23,
720575941505404581,SNta39,
720575941505405861,SNch14,
720575941505427877,SNta43,
720575941505428901,,
720575941505489987,SNta29,
720575941505499927,SNta42,
720575941505584418,SNta09,
720575941505593378,SNta09,
720575941505608482,SNta29,
720575941505660706,SNta19,
720575941505698620,SNch14,
720575941505732421,SNpp50,
720575941505749176,SNpp59,
720575941505770369,SNta02,
720575941505785182,,
720575941505802369,SNta04,
720575941505888933,SNch05,
720575941505903710,SNta41,
720575941505924668,SNta04,
720575941505973271,SNpp39,
720575941505975063,SNta02,
720575941505997079,SNta44,
720575941505998615,SNta37,
720575941506000222,SNta20,
720575941506003479,SNta43,
720575941506004540,SNta25,
720575941506006807,SNta44,
720575941506010903,SNta28,
720575941506011813,,
720575941506015255,SNta37,
720575941506017815,SNta35,
720575941506024542,SNxx05,
720575941506032151,SNpp20,
720575941506045207,SNta35,
720575941506054434,SNta38,
720575941506057566,SNta31,
720575941506084421,SNxx19,
720575941506107265,SNta35,
720575941506107973,SNpp09,
720575941506128919,SNch09,
720575941506130455,SNta44,
720575941506133271,SNpp39,
720575941506138903,SNpp50,
720575941506158882,SNch03,
720575941506184357,SNxx03,
720575941506185125,SNxx03,
720575941506202949,SNta28,
720575941506218300,SNxxxx,
720575941506231365,SNxx11,
720575941506231621,SNta35,
720575941506235708,SNpp30,
720575941506267205,SNta20,
720575941506281541,SNxx01,
720575941506286405,SNxx03,
720575941506291269,SNpp57,
720575941506296389,SNta43,
720575941506300229,SNta04,
720575941506301861,SNpp50,
720575941506302373,SNxx28,
720575941506305093,SNxxxx,
720575941506309701,SNta38,
720575941506318917,SNta40,
720575941506427521,SNch03,
720575941506463364,SNxx33,
720575941506477441,SNppxx,
720575941506672956,SNpp45,
720575941506721815,SNta03,
720575941506732567,SNta25,
720575941506754071,SNch11,
720575941506789445,SNppxx,
720575941506829125,SNta38,
720575941506863013,SNppxx,
720575941506873916,SNpp39,
720575941506927710,SNta37,
720575941506928700,SNta20,
720575941506950460,SNxx03,
720575941506973500,SNta20,
720575941506975548,SNpp45,
720575941506984482,SNpp50,
720575941506987554,SNpp52,
720575941506990626,SNxx04,
720575941507004194,SNpp50,
720575941507004962,SNxx33,
720575941507053335,,
720575941507085697,SNxxxx,
720575941507210565,SNxx29,
720575941507215710,SNta37,
720575941507227461,SNta26,
720575941507228997,SNpp32,
720575941507235362,SNppxx,
720575941507236165,SNpp52,
720575941507236993,SNpp47,
720575941507241089,SNta27,
720575941507241601,SNxx33,
720575941507242625,SNta37,
720575941507253317,SNppxx,
720575941507295301,SNta23,
720575941507325218,SNta20,
720575941507325986,SNta37,
720575941507332702,SNta21,
720575941507335458,SNta38,
720575941507337762,SNta23,
720575941507354206,SNta44,
720575941507355230,SNta42,
720575941507357790,SNta35,
720575941507364386,SNxxxx,
720575941507383902,SNta24,
720575941507408162,SNta43,
720575941507412062,SNxx03,
720575941507430178,,
720575941507431518,SNxx06,
720575941507434274,SNta38,
720575941507438882,SNch06,
720575941507445342,,
720575941507448354,SNta38,
720575941507452254,SNta41,
720575941507457570,SNpp01,
720575941507460446,SNta37,
720575941507460898,SNxx14,
720575941507462690,SNta43,
720575941507462750,SNxx29,
720575941507466018,SNta43,
720575941507472990,SNta43,
720575941507515671,SNta32,
720575941507528577,SNta43,
720575941507530369,SNxx24,
720575941507551416,SNta44,
720575941507555201,SNxx22,
720575941507564673,SNch04,
720575941507626625,SNxx23,
720575941507640449,SNch03,
720575941507644033,SNta44,
720575941507658625,SNta37,
720575941507728709,SNxx26,
720575941507745559,SNxx04,
720575941507847458,SNta20,
720575941507872784,SNpp60,
720575941507882512,SNta20,
720575941507910928,SNta19,
720575941507931920,SNch12,
720575941507967813,SNxx04,
720575941508000069,SNpp39,
720575941508068190,SNta42,
720575941508169089,SNpp41,
720575941508197761,SNta42,
720575941508206721,SNta23,
720575941508246818,SNxx20,
720575941508262946,SNta30,
720575941508282402,SNxx05,
720575941508384385,SNta20,
720575941508478081,SNxx12,
720575941508478593,SNta44,
720575941508505729,SNpp59,
720575941508594130,SNta09,
720575941508668370,SNta25,
720575941508685522,,
720575941508718370,SNpp37,
720575941508719233,SNpp25,
720575941508742354,SNpp37,
720575941508778256,SNppxx,
720575941508778450,,
720575941508820574,SNppxx,
720575941508823134,SNta29,
720575941508835457,SNpp52,
720575941508853086,SNppxx,
720575941508955090,SNta18,
720575941509038096,SNta18,
720575941509108609,SNpp45,
720575941509480464,SNxx14,
720575941509501200,SNta28,
720575941509501968,SNch11,
720575941509729234,SNch12,
720575941509732306,SNxx33,
720575941509736658,SNta11,
720575941510305234,SNta45,
720575941510308818,SNta45,
720575941510309842,SNxxxx,
720575941510311634,SNta44,
720575941510321874,SNxx05,
720575941510343122,SNch09,
720575941510374098,SNta19,
720575941510383570,SNta39,
720575941510387666,SNch09,
720575941510436368,SNta43,
720575941510464272,SNta21,
720575941510486544,SNta42,
720575941510487056,SNxxxx,
720575941510498064,SNch05,
720575941510506256,SNch05,
720575941510808018,SNtaxx,
720575941511069004,SNch05,
720575941511103185,SNta43,
720575941511159505,SNta44,
720575941511171282,SNta37,
720575941511239696,SNppxx,
720575941511273938,SNch05,
720575941511341521,SNta44,
720575941511368012,SNta41,
720575941511548370,SNpp20,
720575941511887569,SNpp42,
720575941511983058,SNta21,
720575941512019154,SNta20,
720575941512019410,SNta20,
720575941512369873,SNch06,
720575941512505553,SNta21,
720575941512534993,SNta44,
720575941512816337,SNta29,
720575941512823505,SNta42,
720575941512836561,SNxxxx,
720575941512858956,SNch05,
720575941512916433,SNxx03,
720575941512917713,SNxx03,
720575941512928332,SNch05,
720575941512928977,SNpp60,
720575941512932195,SNta09,
720575941512933073,SNpp56,
720575941512933708,SNta43,
720575941512936145,SNppxx,
720575941512942289,SNxx08,
720575941512947276,SNch06,
720575941512951884,SNxx03,
720575941513021955,SNta26,
720575941513028707,SNpp58,
720575941513081187,SNta09,
720575941513115651,SNta20,
720575941513121123,SNta37,
720575941513137507,SNch05,
720575941513160803,SNch05,
720575941513197561,SNch03,
720575941513217027,SNppxx,
720575941513299788,SNpp21,
720575941513303898,SNta09,
720575941513332812,SNxx06,
720575941513345017,SNta02,
720575941513348601,SNta42,
720575941513374810,SNta03,
720575941513377529,SNta09,
720575941513378041,SNta09,
720575941513393996,SNpp32,
720575941513435738,SNta02,
720575941513479417,SNta37,
720575941513553242,SNta38,
720575941513651532,SNxx29,
720575941513665868,SNpp40,
720575941513720211,SNta33,
720575941513727953,SNppxx,
720575941513735235,SNxxxx,
720575941513739843,SNta29,
720575941513756748,SNpp41,
720575941513764172,SNpp45,
720575941513883027,SNta45,
720575941513960003,SNxx03,
720575941514072467,SNxx33,
720575941514126915,SNta29,
720575941514137155,SNta23,
720575941514149187,SNta24,
720575941514165651,SNta37,
720575941514168723,SNta45,
720575941514181731,SNta21,
720575941514184291,SNxx33,
720575941514187363,SNta38,
720575941514217283,SNxx05,
720575941514219843,SNxx01,
720575941514220099,SNta29,
720575941514220179,SNta35,
720575941514239555,SNxx01,
720575941514240579,SNta19,
720575941514253379,SNta11,
720575941514268563,,
720575941514272067,SNch10,
720575941514277955,SNta43,
720575941514280682,SNxx04,
720575941514308867,SNxxxx,
720575941514375377,SNta14,
720575941514412122,SNpp41,
720575941514493433,SNta04,
720575941514504441,,
720575941514539610,SNta25,
720575941514547020,SNpp45,
720575941514603513,SNta29,
720575941514611811,SNxx10,
720575941514683395,SNta38,
720575941514695523,SNch03,
720575941514696803,SNxx06,
720575941514697731,SNch04,
720575941514711299,SNpp44,
720575941514716771,SNta21,
720575941514720099,SNch10,
720575941514720867,SNxx04,
720575941514722563,SNta31,
720575941514728291,SNta31,
720575941514749443,SNxxxx,
720575941514764899,SNxxxx,
720575941514775619,SNxx05,
720575941514788867,SNpp56,
720575941514794499,SNch10,
720575941514804227,SNppxx,
720575941514806019,SNpp43,
720575941514810202,SNxx26,
720575941514814467,,
720575941514878457,SNta02,
720575941514912346,SNta44,
720575941514951417,SNta43,
720575941514996985,SNta44,
720575941515009529,SNta38,
720575941515013369,SNch05,
720575941515018330,SNxxxx,
720575941515026522,SNta18,
720575941515030009,SNta23,
720575941515067385,SNxx03,
720575941515076931,SNpp32,
720575941515077187,SNta04,
720575941515083001,SNxx14,
720575941515096666,SNxx06,
720575941515098361,SNxx22,
720575941515111673,SNta26,
720575941515112185,SNch06,
720575941515115866,SNxx10,
720575941515116793,SNta20,
720575941515120889,SNta28,
720575941515122681,SNxxxx,
720575941515126521,SNta21,
720575941515126777,SNch06,
720575941515127642,SNta04,
720575941515129593,SNta29,
720575941515130714,SNta29,
720575941515137370,SNta28,
720575941515139577,SNta04,
720575941515159955,,
720575941515254115,SNta37,
720575941515300755,SNta18,
720575941515426915,SNxx03,
720575941515574371,SNxxxx,
720575941515586915,SNppxx,
720575941515591011,SNxxxx,
720575941515654243,SNxx33,
720575941515659523,SNxx20,
720575941515666435,SNta39,
720575941515667802,SNta37,
720575941515669251,SNxxxx,
720575941515676163,SNpp52,
720575941515702163,SNch09,
720575941515726403,SNch05,
720575941515726659,SNta14,
720575941515729299,SNch05,
720575941515737235,SNpp41,
720575941515743635,SNta29,
720575941515744403,SNta44,
720575941515750291,SNta43,
720575941515756691,SNta38,
720575941515759763,SNxxxx,
720575941515764627,SNxx04,
720575941515777091,SNta21,
720575941515782291,SNta30,
720575941515789123,SNppxx,
720575941515791251,SNpp50,
720575941515844755,SNta19,
720575941515893139,SNta23,
720575941515915155,SNch10,
720575941515926106,SNxx04,
720575941515934457,SNpp50,
720575941515966201,SNppxx,
720575941515969452,SNta40,
720575941516050092,SNxx03,
720575941516093612,SNta09,
720575941516159660,SNta09,
720575941516207532,SNpp45,
720575941516244908,SNppxx,
720575941516252076,SNxx14,
720575941516396204,SNta29,
720575941516408419,SNta11,
720575941516466531,SNta21,
720575941516474979,SNta21,
720575941516533753,SNpp52,
720575941516552814,SNch05,
720575941516578926,SNta09,
720575941516589402,SNta11,
720575941516591064,SNpp28,
720575941516667246,SNta01,
720575941516716910,SNta04,
720575941516726232,SNta01,
720575941516772499,SNxx21,
720575941516789720,SNta30,
720575941516817880,SNta43,
720575941516856280,SNpp08,
720575941516925550,SNpp47,
720575941516938606,SNta20,
720575941517438867,SNxx03,
720575941517461907,SNta14,
720575941517464723,SNta20,
720575941517493932,SNta09,
720575941517769644,SNxx20,
720575941517789100,SNch05,
720575941517795756,SNta31,
720575941517802412,SNta43,
720575941517802668,SNta09,
720575941517805996,SNta38,
720575941517809324,SNta04,
720575941517817260,SNta29,
720575941517818796,SNta04,
720575941517841580,SNta44,
720575941517884888,SNpp18,
720575941517889196,SNch10,
720575941517896620,SNch10,
720575941517926828,SNta30,
720575941517935276,SNxx01,
720575941517946540,SNpp60,
720575941517953964,SNxx03,
720575941517965228,SNta20,
720575941517967788,SNta38,
720575941517968044,SNta23,
720575941517971372,SNch09,
720575941518148568,SNpp58,
720575941518159320,SNch05,
720575941518159832,SNta42,
720575941518167768,SNta38,
720575941518174680,SNch06,
720575941518203352,SNta09,
720575941518227416,SNxx03,
720575941518283480,SNxx03,
720575941518288600,SNxxxx,
720575941518314712,SNxx03,
720575941518316504,SNta20,
720575941518317016,SNxx04,
720575941518335159,,
720575941518438060,SNch10,
720575941518492343,SNta09,
720575941518501486,SNpp45,
720575941518508471,SNxx15,
720575941518522990,SNta25,
720575941518524782,SNta43,
720575941518526830,SNpp47,
720575941518527086,SNta41,
720575941518530926,SNta44,
720575941518542263,SNta20,
720575941518556343,SNch12,
720575941518607276,SNta27,
720575941518609774,SNta35,
720575941518610615,SNta30,
720575941518613614,,
720575941518619575,SNta41,
720575941518621294,SNta37,
720575941518625902,SNta42,
720575941518631022,SNxx04,
720575941518634606,SNch06,
720575941518634862,SNta20,
720575941518637678,SNch09,
720575941518640494,SNta29,
720575941518644846,SNch11,
720575941518678894,SNxx21,
720575941518751404,SNppxx,
720575941518757804,SNta34,
720575941518789804,SNxx03,
720575941518801836,SNch05,
720575941518820524,abdominal_ppk_neuron,
720575941518854360,SNta26,
720575941518926212,SNpp60,
720575941518933427,SNpp43,
720575941518996659,SNch03,
720575941519105646,SNppxx,
720575941519167086,SNxxxx,
720575941519168388,SNta34,
720575941519216856,SNch03,
720575941519240152,SNppxx,
720575941519243992,SNta21,
720575941519282904,SNch10,
720575941519294936,SNta29,
720575941519296428,SNppxx,
720575941519371736,SNpp34,
720575941519403374,SNch10,
720575941519433144,SNta34,
720575941519639172,SNch07,
720575941519645100,SNta21,
720575941519646852,SNta29,
720575941519647364,SNta29,
720575941519647876,SNta29,
720575941519658884,SNch09,
720575941519665284,SNch05,
720575941519676036,SNpp47,
720575941519685764,SNch07,
720575941519689092,SNxx33,
720575941519689860,SNxx33,
720575941519745203,SNta38,
720575941519755908,SNta29,
720575941519763384,SNta42,
720575941519870596,SNta34,
720575941519897016,SNxxxx,
720575941519908791,SNta29,
720575941519980504,SNta21,
720575941519987383,SNpp43,
720575941520036536,SNta34,
720575941520049079,SNta44,
720575941520107191,SNch05,
720575941520107955,SNta39,
720575941520108215,SNch01,
720575941520112819,SNta45,
720575941520114099,SNta38,
720575941520127411,SNta29,
720575941520129715,SNxx03,
720575941520131255,SNxx04,
720575941520202679,SNxxxx,
720575941520221875,SNch05,
720575941520242099,SNta37,
720575941520242355,SNta20,
720575941520248243,SNta37,
720575941520248499,SNta45,
720575941520249523,SNch01,
720575941520251571,SNta32,
720575941520333815,SNxx28,
720575941520399863,SNpp52,
720575941520415991,SNta09,
720575941520718515,SNta14,
720575941520957623,SNch05,
720575941520965879,SNch03,
720575941520979123,SNta03,
720575941521039283,SNpp60,
720575941521060023,SNxx33,
720575941521100023,,
720575941521393739,SNxx14,
720575941521425227,SNta02,
720575941521576779,SNta34,
720575941521640011,SNta35,
720575941521640267,SNta35,
720575941521643851,SNxx22,
720575941521662135,SNta21,
720575941521722547,SNpp23,
720575941521747787,SNta04,
720575941521754615,SNta04,
720575941521759479,SNta43,
720575941521763319,SNta27,
720575941521903435,SNta26,
720575941521939635,SNppxx,
720575941522005239,SNppxx,
720575941522036915,SNppxx,
720575941522080247,SNta38,
720575941522090487,SNpp02,
720575941522099191,SNta23,
720575941522114551,SNch08,
720575941522116855,SNta44,
720575941522128119,SNxx20,
720575941522143991,SNxx03,
720575941522159863,SNta04,
720575941522210551,SNxxxx,
720575941522227447,SNch05,
720575941522236663,SNch02,
720575941522244855,SNta42,
720575941522247159,SNch10,
720575941522247671,SNta45,
720575941522250999,SNta23,
720575941522254327,SNch07,
720575941522273271,SNxx06,
720575941522288375,SNppxx,
720575941522291959,SNta39,
720575941522294263,SNta35,
720575941522296055,SNxxxx,
720575941522296567,SNta29,
720575941522297591,SNta32,
720575941522298359,SNta37,
720575941522299127,SNch04,
720575941522303991,SNxx14,
720575941522340024,SNta25,
720575941522374840,SNta43,
720575941522375608,SNta35,
720575941522525624,SNta35,
720575941522526136,SNta35,
720575941522948757,SNta03,
720575941523078647,SNxx21,
720575941523084535,SNta29,
720575941523120631,SNta27,
720575941523148619,SNppxx,
720575941523156043,SNta37,
720575941523161419,SNch10,
720575941523172171,SNch09,
720575941523175243,SNta20,
720575941523183435,SNpp50,
720575941523208011,SNta42,
720575941523231563,SNpp40,
720575941523270731,SNch06,
720575941523272011,SNtaxx,
720575941523286091,SNtaxx,
720575941523297099,SNta37,
720575941523303243,SNch05,
720575941523310667,SNxx02,
720575941523311947,SNxx05,
720575941523319115,SNta04,
720575941523326283,SNpp52,
720575941523755767,SNppxx,
720575941523774466,SNxx03,
720575941523774797,SNta43,
720575941523812685,SNch05,
720575941524064184,SNta09,
720575941524096077,SNta25,
720575941524123650,SNta28,
720575941524124674,SNta30,
720575941524126466,SNta37,
720575941524145508,SNch11,
720575941524170059,SNpp41,
720575941524171620,SNch05,
720575941524190283,SNppxx,
720575941524191332,SNta29,
720575941524197732,SNch12,
720575941524199755,abdominal_ppk_neuron,
720575941524220162,SNta35,
720575941524241227,SNta38,
720575941524297241,SNta09,
720575941524345700,SNta35,
720575941524369741,SNta35,
720575941524391501,SNxx03,
720575941524424473,SNta09,
720575941524544793,SNta25,
720575941524619289,,
720575941524984651,SNta07,
720575941525191682,SNxx33,
720575941525209766,SNpp19,
720575941525265485,SNpp19,
720575941525302694,SNpp14,
720575941525327362,SNta29,
720575941525329410,SNpp45,
720575941525339650,SNta29,
720575941525340674,SNta28,
720575941525349634,SNppxx,
720575941525354918,SNta09,
720575941525363970,SNta18,
720575941525364738,SNta20,
720575941525373350,SNta25,
720575941525381634,SNta30,
720575941525391526,SNpp59,
720575941525451960,SNpp18,
720575941525496164,SNppxx,
720575941525498212,SNxx20,
720575941525501284,SNpp39,
720575941525505101,SNta20,
720575941525522276,SNta25,
720575941525578662,SNpp58,
720575941525606914,SNta38,
720575941525608473,SNta38,
720575941525652714,SNxx10,
720575941525691492,,
720575941525723138,SNch09,
720575941525804546,SNxx06,
720575941525814349,SNpp01,
720575941525817858,SNxx04,
720575941525847810,SNxx14,
720575941525851394,SNta39,
720575941525853698,SNta39,
720575941525864013,SNch06,
720575941525878605,SNxx03,
720575941525886564,SNta44,
720575941525890660,SNta24,
720575941525931341,SNxxxx,
720575941525933389,SNxx22,
720575941525936717,SNppxx,
720575941525940813,SNppxx,
720575941525942349,SNppxx,
720575941525943629,SNppxx,
720575941525943885,SNpp45,
720575941525957732,SNxx06,
720575941525960292,SNta42,
720575941525960548,SNta29,
720575941525962084,SNxx14,
720575941525962340,SNpp39,
720575941525962596,SNta21,
720575941525966436,SNch01,
720575941526032409,SNta28,
720575941526034969,SNta29,
720575941526038041,SNpp50,
720575941526116633,SNta43,
720575941526118681,SNxx04,
720575941526144793,SNta40,
720575941526148633,SNta32,
720575941526168601,SNta29,
720575941526176537,SNxx03,
720575941526177817,SNch04,
720575941526181145,SNppxx,
720575941526183449,SNch02,
720575941526190105,,
720575941526195481,SNta32,
720575941526317240,SNta28,
720575941526335234,SNta20,
720575941526343096,SNta29,
720575941526343352,SNta29,
720575941526344376,SNta29,
720575941526344632,SNxxxx,
720575941526376962,SNta23,
720575941526496388,SNxx33,
720575941526525284,SNta03,
720575941526545318,SNxx04,
720575941526593892,SNppxx,
720575941526624184,SNta35,
720575941526629816,SNta35,
720575941526639362,SNxxxx,
720575941526640386,SNta43,
720575941526662840,SNta02,
720575941526673229,SNpp52,
720575941526678093,IN13B001,
720575941526696292,SNta39,
720575941526720589,SNpp20,
720575941526759096,SNch06,
720575941526785636,SNch05,
720575941526919078,SNta09,
720575941526924198,SNch12,
720575941526927270,SNta37,
720575941526940326,SNta28,
720575941526942374,SNta04,
720575941526950681,,
720575941526953894,SNta24,
720575941526995878,SNta38,
720575941526999718,SNch11,
720575941527002393,SNppxx,
720575941527005465,SNch14,
720575941527008184,SNta30,
720575941527012774,SNta44,
720575941527020710,SNch12,
720575941527039142,SNta40,
720575941527046566,SNta38,
720575941527048614,SNppxx,
720575941527074232,SNch12,
720575941527076377,SNta38,
720575941527089666,SNxxxx,
720575941527112870,SNppxx,
720575941527284738,SNxx32,
720575941527285176,SNxxxx,
720575941527311949,SNch05,
720575941527330404,SNta20,
720575941527345922,SNta20,
720575941527360868,SNppxx,
720575941527472568,SNta11,
720575941527475640,SNta11,
720575941527481254,SNxx05,
720575941527508505,SNch05,
720575941527553049,SNxx04,
720575941527675524,SNpp41,
720575941527825830,SNpp47,
720575941527836582,SNpp45,
720575941527843512,SNpp42,
720575941527849638,SNta29,
720575941527947908,SNta43,
720575941527950468,SNch12,
720575941528027012,SNxx25,
720575941528030596,SNpp17,
720575941528036996,SNppxx,
720575941528051076,SNxx33,
720575941528056708,SNta24,
720575941528057220,SNxx21,
720575941528057732,SNta20,
720575941528061316,SNta43,
720575941528062084,SNta23,
720575941528064132,SNch10,
720575941528068228,SNch09,
720575941528084868,,
720575941528088708,,
720575941528173700,SNch12,
720575941528174980,,
720575941528178308,SNxx14,
720575941528180100,SNch07,
720575941528180356,SNta29,
720575941528182660,SNxx14,
720575941528411064,SNppxx,
720575941528430008,SNta20,
720575941528441528,SNta29,
720575941528443814,SNch05,
720575941528446136,SNta45,
720575941528448422,SNxx04,
720575941528450982,SNxx05,
720575941528454584,SNta37,
720575941528635595,SNta20,
720575941528639160,SNta20,
720575941528700875,SNta34,
720575941528715960,SNpp41,
720575941528750520,SNpp16,
720575941528891576,SNpp01,
720575941528902072,SNta38,
720575941528902840,SNta29,
720575941528925624,SNta44,
720575941528930232,SNxx29,
720575941528941496,SNxx19,
720575941528972932,SNta42,
720575941528980408,SNxx06,
720575941528983992,SNta43,
720575941528993720,SNppxx,
720575941529000888,SNta23,
720575941529186507,SNta40,
720575941529284740,SNxx03,
720575941529435832,SNta44,
720575941529511352,SNta37,
720575941529743236,SNppxx,
720575941529766532,SNpp39,
720575941529781221,SNxx03,
720575941530028472,SNta30,
720575941530090474,SNxx10,
720575941530120933,SNta35,
720575941530148555,SNta30,
720575941530163128,SNpp39,
720575941530183115,SNpp09,
720575941530233291,SNpp07,
720575941530245579,SNpp60,
720575941530269643,SNta41,
720575941530275531,SNta39,
720575941530280139,SNxx14,
720575941530285259,SNta28,
720575941530286539,SNta20,
720575941530288331,SNpp44,
720575941530296011,SNta35,
720575941530305483,SNta24,
720575941530313931,SNch11,
720575941530319051,SNta43,
720575941530335435,SNta44,
720575941530336459,SNpp07,
720575941530342859,SNta08,
720575941530419147,SNxxxx,
720575941530436299,,
720575941530457035,,
720575941530457547,SNta32,
720575941530464203,SNta33,
720575941530464459,SNta33,
720575941530492619,SNta01,
720575941530529002,,
720575941530649572,SNta30,
720575941530700516,SNta30,
720575941530827651,SNta42,
720575941530910851,SNta09,
720575941531010532,SNta30,
720575941531020773,SNta04,
720575941531031012,SNta30,
720575941531243237,SNpp17,
720575941531246116,SNpp44,
720575941531254731,SNxx07,
720575941531356107,SNpp34,
720575941531449829,SNxx03,
720575941531552229,SNta38,
720575941531553765,SNta38,
720575941531564773,SNch10,
720575941531571685,SNta26,
720575941531574501,SNta29,
720575941531578404,SNppxx,
720575941531591652,SNta30,
720575941531649253,SNxx20,
720575941531650277,SNpp45,
720575941531657701,SNch02,
720575941531664101,,
720575941531668453,SNta04,
720575941531673317,SNta26,
720575941531809483,SNta21,
720575941531825611,SNpp39,
720575941532111908,SNxxxx,
720575941532130021,SNpp43,
720575941532146212,SNpp60,
720575941532184100,SNpp60,
720575941532214564,SNxxxx,
720575941532235556,SNpp47,
720575941532317571,SNpp53,
720575941532353880,SNxx03,
720575941532402866,SNta29,
720575941532408754,SNxx04,
720575941532457091,,
720575941532486885,SNch01,
720575941532524978,SNta09,
720575941532534616,SNta09,
720575941532543107,SNta09,
720575941532543722,SNxx05,
720575941532546392,SNta09,
720575941532553394,SNta37,
720575941532554072,SNta29,
720575941532558979,SNta33,
720575941532566706,SNppxx,
720575941532567384,SNta37,
720575941532568195,SNta20,
720575941532570755,SNta35,
720575941532571779,SNxx04,
720575941532572035,SNta44,
720575941532579459,SNta39,
720575941532582787,SNxx21,
720575941532584323,SNpp43,
720575941532636452,SNta21,
720575941532819587,SNta02,
720575941532845234,SNta14,
720575941532937304,SNta04,
720575941533068810,SNta25,
720575941533102529,SNta09,
720575941533109635,SNta03,
720575941533120522,SNxx04,
720575941533171466,SNta38,
720575941533174564,SNxxxx,
720575941533206282,SNta29,
720575941533226724,SNpp19,
720575941533239562,,
720575941533239701,SNpp60,
720575941533301514,SNta32,
720575941533303525,SNch05,
720575941533341194,SNta42,
720575941533369475,SNch05,
720575941533402634,SNta38,
720575941533422116,SNxxxx,
720575941533426980,SNta32,
720575941533451300,SNch05,
720575941533451812,SNta40,
720575941533455396,SNxxxx,
720575941533476132,SNpp43,
720575941533485505,SNpp57,
720575941533501220,SNta32,
720575941533516580,SNta41,
720575941533516836,SNta44,
720575941533517604,SNta31,
720575941533518372,SNta29,
720575941533521700,SNta29,
720575941533521956,SNta44,
720575941533522980,SNta44,
720575941533535320,SNch04,
720575941533540900,SNta29,
720575941533559274,SNch09,
720575941533587122,SNch15,
720575941533616164,SNta29,
720575941533616420,SNta34,
720575941533628708,SNch09,
720575941533629476,SNxxxx,
720575941533629988,SNta30,
720575941533640484,SNta29,
720575941533641252,SNta44,
720575941533655332,SNta29,
720575941533655844,SNpp60,
720575941533657114,SNta09,
720575941533657380,SNta40,
720575941533657636,SNxxxx,
720575941533658148,SNta44,
720575941533658660,SNpp60,
720575941533660186,SNta02,
720575941533660708,SNta29,
720575941533661220,SNpp51,
720575941533663268,SNpp47,
720575941533663524,SNpp47,
720575941533664538,SNta09,
720575941533668696,SNta26,
720575941533676120,SNpp50,
720575941533688858,SNta09,
720575941533690817,SNpp43,
720575941533702948,SNta29,
720575941533703716,SNta29,
720575941533704484,SNta29,
720575941533707300,SNxxxx,
720575941533707556,SNta21,
720575941533708836,SNxxxx,
720575941533709348,SNpp43,
720575941533709604,SNxxxx,
720575941533709860,SNxxxx,
720575941533710628,SNpp40,
720575941533711396,SNxxxx,
720575941533711908,SNpp44,
720575941533712420,SNch05,
720575941533714212,SNta29,
720575941533714724,SNta21,
720575941533714980,SNta29,
720575941533716004,SNta21,
720575941533717028,SNta29,
720575941533733156,SNch11,
720575941533733866,SNta18,
720575941533734122,SNta21,
720575941533736682,,
720575941533737706,SNta37,
720575941533752810,SNta08,
720575941533768228,SNch11,
720575941533781028,SNta21,
720575941533826842,SNta28,
720575941533827354,SNch06,
720575941533832426,SNpp22,
720575941533922586,SNpp16,
720575941533930266,SNpp43,
720575941533954482,SNta37,
720575941533968277,SNta28,
720575941533972885,SNta26,
720575941533976090,SNta23,
720575941533990232,SNch12,
720575941533998485,SNta29,
720575941533999765,SNta29,
720575941534010261,SNpp47,
720575941534015125,SNta29,
720575941534023000,SNta20,
720575941534028978,SNta23,
720575941534033586,SNta41,
720575941534036824,SNxx04,
720575941534038165,SNch07,
720575941534044394,SNta37,
720575941534046552,SNta45,
720575941534049624,SNch12,
720575941534049941,SNta20,
720575941534050904,SNta35,
720575941534053298,SNta32,
720575941534060722,SNch05,
720575941534071896,SNta42,
720575941534084018,SNxx03,
720575941534087602,SNta24,
720575941534088792,SNta45,
720575941534090418,SNxx29,
720575941534106968,SNta41,
720575941534107992,SNta11,
720575941534109418,SNtaxx,
720575941534120170,SNta21,
720575941534121194,SNta32,
720575941534124632,SNta18,
720575941534127338,SNta36,
720575941534130008,SNxx03,
720575941534131178,SNta38,
720575941534135274,SNpp07,
720575941534139314,SNxx03,
720575941534146482,SNxx06,
720575941534175978,SNta33,
720575941534186218,SNch06,
720575941534197994,SNxx14,
720575941534221546,SNta42,
720575941534225898,SNxx04,
720575941534226154,SNch10,
720575941534227178,SNpp60,
720575941534227434,SNta19,
720575941534281738,SNpp60,
720575941534384472,SNta29,
720575941534448216,SNxxxx,
720575941534455896,SNxx05,
720575941534646026,SNppxx,
720575941534647562,SNch06,
720575941534652938,SNta29,
720575941534664970,SNta37,
720575941534666762,SNxx17,
720575941534672872,SNch05,
720575941534738008,SNta37,
720575941534739178,SNta38,
720575941534769330,SNpp02,
720575941534856024,SNxx06,
720575941534873432,SNxx29,
720575941534874456,SNpp52,
720575941534894936,SNppxx,
720575941534935489,SNta20,
720575941534939841,SNta37,
720575941534948289,SNta43,
720575941534950081,SNxx02,
720575941534955457,SNxx03,
720575941534972353,SNta29,
720575941534979521,SNppxx,
720575941535028234,SNta09,
720575941535042241,SNch06,
720575941535058369,SNch05,
720575941535072193,SNta35,
720575941535102986,SNxx14,
720575941535107562,SNppxx,
720575941535110666,,
720575941535111178,SNxx04,
720575941535121379,SNpp45,
720575941535122922,SNta28,
720575941535126762,SNch06,
720575941535133667,SNta10,
720575941535138074,SNpp58,
720575941535149802,SNpp39,
720575941535154458,SNta30,
720575941535154970,,
720575941535167770,SNta43,
720575941535290378,,
720575941535391459,SNch11,
720575941535410714,SNch05,
720575941535439882,SNxx04,
720575941535524890,SNta30,
720575941535530689,SNxx03,
720575941535543066,SNch09,
720575941535557914,SNta43,
720575941535558682,SNch05,
720575941535643930,SNta44,
720575941535651354,SNxx05,
720575941535660314,SNta41,
720575941535666970,SNxx06,
720575941535699994,SNpp50,
720575941535700250,SNta43,
720575941535708954,SNpp44,
720575941535716801,SNta04,
720575941535829994,SNch01,
720575941535919370,SNch03,
720575941535923137,SNta43,
720575941535938792,SNpp40,
720575941535939521,SNta23,
720575941535946945,SNta32,
720575941535971850,SNxx05,
720575941535973569,SNch10,
720575941536007450,SNpp12,
720575941536010472,SNch05,
720575941536010984,SNpp60,
720575941536148712,SNpp19,
720575941536164634,SNta20,
720575941536184818,SNta02,
720575941536209045,SNta20,
720575941536395413,SNta37,
720575941536409571,SNpp60,
720575941536471834,SNpp56,
720575941536482586,SNppxx,
720575941536485402,SNxxxx,
720575941536490901,SNta04,
720575941536498970,SNppxx,
720575941536514842,SNta33,
720575941536544995,SNpp45,
720575941536546074,SNta24,
720575941536568725,SNta38,
720575941536585458,SNta20,
720575941536604392,SNxx04,
720575941536609512,SNxx14,
720575941536609729,SNta09,
720575941536618216,SNxx02,
720575941536629514,SNta14,
720575941536633576,SNta29,
720575941536651713,SNch05,
720575941536674290,SNta04,
720575941536686529,SNxx03,
720575941536693731,SNta27,
720575941536695528,SNch03,
720575941536695784,SNta42,
720575941536697354,SNta21,
720575941536699658,SNta20,
720575941536700387,SNta41,
720575941536703208,SNta43,
720575941536704232,SNch02,
720575941536704488,SNxx05,
720575941536706019,SNch07,
720575941536706787,SNta24,
720575941536717544,SNch11,
720575941536717800,SNxx33,
720575941536724968,SNta27,
720575941536728808,SNpp56,
720575941536730817,SNta02,
720575941536755683,SNxx03,
720575941536766947,SNta28,
720575941536928498,SNta18,
720575941537142298,SNxx03,
720575941537184538,SNch05,
720575941537210595,SNxx06,
720575941537280227,SNta30,
720575941537397731,SNta25,
720575941537488616,SNppxx,
720575941537498088,SNpp19,
720575941537511912,SNxxxx,
720575941537607907,SNta39,
720575941537629667,SNppxx,
720575941537631459,SNta29,
720575941537635826,SNta42,
720575941537643213,SNta08,
720575941537643925,SNta09,
720575941537648021,SNta26,
720575941537649301,SNxx25,
720575941537672853,SNta37,
720575941537702371,SNch02,
720575941537710819,SNxx21,
720575941537743821,SNxx22,
720575941537744100,SNpp58,
720575941537774029,SNta09,
720575941537796045,SNta37,
720575941537821565,SNta02,
720575941537824740,SNpp40,
720575941537898189,SNch07,
720575941537915005,SNta09,
720575941537935080,SNxx26,
720575941537961341,SNch05,
720575941538006165,SNpp22,
720575941538018034,SNta18,
720575941538036978,SNxxxx,
720575941538039026,SNta42,
720575941538040306,SNxx08,
720575941538042610,SNta42,
720575941538047637,SNta44,
720575941538057202,SNta24,
720575941538058211,SNpp52,
720575941538058901,SNta27,
720575941538060530,SNpp19,
720575941538077170,SNpp45,
720575941538080242,SNta38,
720575941538081266,SNpp02,
720575941538109077,SNxx03,
720575941538112661,SNpp50,
720575941538115221,SNta29,
720575941538116989,SNta42,
720575941538119829,SNta03,
720575941538121960,SNxx03,
720575941538139378,SNta43,
720575941538143474,SNxx03,
720575941538143986,SNta28,
720575941538144405,SNxxxx,
720575941538165885,SNpp27,
720575941538178280,SNch05,
720575941538179816,SNch05,
720575941538187925,SNta37,
720575941538193301,SNch03,
720575941538205589,SNta29,
720575941538206101,SNta11,
720575941538228712,SNxx03,
720575941538229987,SNch05,
720575941538237160,SNpp39,
720575941538267107,SNpp45,
720575941538283235,SNxx05,
720575941538543346,SNta38,
720575941538776213,SNta37,
720575941538892925,SNxxxx,
720575941539017597,SNta27,
720575941539022741,SNta29,
720575941539026674,SNpp30,
720575941539045581,SNppxx,
720575941539053517,SNpp10,
720575941539056845,SNta04,
720575941539067285,SNpp41,
720575941539097493,abdominal_ppk_neuron,
720575941539248253,SNpp43,
720575941539332557,SNppxx,
720575941539334525,SNta02,
720575941539341949,SNta03,
720575941539343229,SNxxxx,
720575941539343997,SNta32,
720575941539345021,SNta09,
720575941539353037,SNta44,
720575941539353549,SNch10,
720575941539357133,SNxx33,
720575941539363789,SNch05,
720575941539365581,SNta37,
720575941539371725,SNch15,
720575941539399629,SNppxx,
720575941539405261,SNxx01,
720575941539406285,SNch08,
720575941539415421,SNxx03,
720575941539416781,SNta04,
720575941539425661,SNxx05,
720575941539436925,SNta39,
720575941539437693,SNta37,
720575941539438461,SNta41,
720575941539438741,SNxxxx,
720575941539439997,SNch10,
720575941539442301,SNta26,
720575941539445373,SNch05,
720575941539447933,SNpp61,
720575941539450749,SNxx10,
720575941539491420,SNpp60,
720575941539505101,SNch14,
720575941539524324,SNpp47,
720575941539566029,SNpp45,
720575941539697045,SNpp45,
720575941539707634,SNpp39,
720575941539723506,SNxx03,
720575941539841917,SNch01,
720575941539856732,SNta35,
720575941539891804,SNta29,
720575941539919997,SNpp45,
720575941539978332,SNta29,
720575941540041245,SNta09,
720575941540076573,SNta11,
720575941540132221,SNpp50,
720575941540239997,SNpp17,
720575941540241533,SNpp32,
720575941540242268,SNpp43,
720575941540248445,SNpp51,
720575941540249373,SNch09,
720575941540252109,SNta29,
720575941540262093,SNta29,
720575941540271485,SNpp50,
720575941540283597,SNpp19,
720575941540290077,SNppxx,
720575941540337789,SNch10,
720575941540812669,SNpp28,
720575941540973773,SNppxx,
720575941540986829,SNta21,
720575941540991181,SNta20,
720575941541041021,SNta09,
720575941541125980,SNta20,
720575941541290781,SNch09,
720575941541450525,SNch01,
720575941541452829,SNta24,
720575941541459485,SNta19,
720575941541466972,SNch05,
720575941541470044,SNta20,
720575941541475420,SNch12,
720575941541476444,SNch02,
720575941541492572,SNta38,
720575941541591900,SNxx04,
720575941541592924,SNta37,
720575941541599068,SNxx04,
720575941541602652,SNta42,
720575941541610076,SNta37,
720575941541612124,SNpp50,
720575941541883421,SNta23,
720575941541893149,SNta30,
720575941541895965,SNta37,
720575941541932829,SNpp45,
720575941541966365,SNxxxx,
720575941541968157,SNxxxx,
720575941541980165,SNxx33,
720575941541986140,SNpp60,
720575941541987357,SNta39,
720575941541992733,SNxx03,
720575941542001437,SNta25,
720575941542001693,SNta20,
720575941542009373,SNta37,
720575941542032220,SNch05,
720575941542087004,SNch06,
720575941542087453,SNpp04,
720575941542169349,SNta34,
720575941542204508,SNpp45,
720575941542357765,SNpp45,
720575941542366469,SNta09,
720575941542392837,SNch07,
720575941542482524,CV1025,
720575941542517533,SNxx01,
720575941542576413,SNpp52,
720575941542681093,SNch03,
720575941542829085,SNpp39,
720575941542848604,SNpp45,
720575941542858525,SNch01,
720575941543148549,SNpp60,
720575941543320169,SNppxx,
720575941543388009,SNta02,
720575941543388421,SNpp20,
720575941543396969,SNta09,
720575941543431868,SNta21,
720575941543472233,SNta20,
720575941543541436,SNta02,
720575941543550140,SNta09,
720575941543600100,SNpp60,
720575941543600612,SNpp47,
720575941543709628,SNta23,
720575941543713724,SNta09,
720575941543761669,SNch05,
720575941543765277,SNch05,
720575941543766533,SNta34,
720575941543772933,SNch04,
720575941543773445,SNxx04,
720575941543777285,SNta11,
720575941543791109,SNta37,
720575941543830021,SNta21,
720575941543850013,SNpp22,
720575941543853853,SNpp58,
720575941543857157,SNch11,
720575941543884293,SNxx04,
720575941543886341,SNxx04,
720575941543889669,SNxx04,
720575941543890693,SNch05,
720575941543899141,SNch05,
720575941543900677,SNxx22,
720575941544012732,SNta14,
720575941544177124,SNpp47,
720575941544192740,SNpp47,
720575941544537780,SNta09,
720575941544677556,SNch11,
720575941544701957,SNpp41,
720575941544702981,SNxx12,
720575941544723717,SNta21,
720575941544740101,SNppxx,
720575941544748805,SNppxx,
720575941544751877,SNpp50,
720575941544781236,SNppxx,
720575941544826804,SNta37,
720575941544841188,SNch06,
720575941544890629,SNxx05,
720575941544977340,SNch11,
720575941544978916,SNch06,
720575941544991164,SNpp28,
720575941545016292,SNch05,
720575941545085156,SNch05,
720575941545122696,SNpp01,
720575941545154532,SNch05,
720575941545205253,SNpp45,
720575941545209736,SNta02,
720575941545256420,SNch05,
720575941545264612,SNch05,
720575941545342600,SNch12,
720575941545352584,SNxxxx,
720575941545369961,SNta23,
720575941545403141,SNpp47,
720575941545442952,SNta03,
720575941545446249,SNta20,
720575941545449065,SNpp50,
720575941545456233,SNta38,
720575941545463401,SNta23,
720575941545463657,SNch11,
720575941545469801,SNpp50,
720575941545476796,SNta37,
720575941545482428,SNch10,
720575941545484137,SNpp50,
720575941545491205,SNxx20,
720575941545492997,SNch01,
720575941545497276,SNta29,
720575941545503749,SNpp39,
720575941545519877,SNta21,
720575941545548476,SNxx03,
720575941545550780,SNta37,
720575941545551036,SNta21,
720575941545558204,SNxx03,
720575941545558972,SNch15,
720575941545561961,SNxx04,
720575941545562044,SNta37,
720575941545563068,SNta34,
720575941545568700,SNta20,
720575941545572232,SNta30,
720575941545575529,SNxx05,
720575941545580732,SNta43,
720575941545585084,SNpp01,
720575941545613417,SNta44,
720575941545857212,SNta28,
720575941545863273,SNta11,
720575941545912500,SNta37,
720575941545917876,SNta44,
720575941545918900,SNta21,
720575941545919412,SNta09,
720575941546013033,SNch11,
720575941546176873,SNta18,
720575941546210228,SNch09,
720575941546212028,SNta21,
720575941546225588,SNpp45,
720575941546233572,SNta03,
720575941546243177,SNta20,
720575941546255796,SNxx03,
720575941546266804,SNta28,
720575941546279860,SNxxxx,
720575941546371764,SNch09,
720575941546386868,SNxx05,
720575941546389684,SNpp40,
720575941546389940,SNta32,
720575941546391220,SNxx14,
720575941546398900,SNppxx,
720575941546421865,SNta14,
720575941546445929,SNtaxx,
720575941546518305,SNch11,
720575941546578465,SNta02,
720575941546713971,SNpp50,
720575941546850184,SNta30,
720575941546858120,SNxx23,
720575941546858632,SNta37,
720575941546890017,SNpp54,
720575941546901281,SNta20,
720575941546902633,SNpp45,
720575941546919969,SNxx22,
720575941546962721,SNpp41,
720575941546985148,SNppxx,
720575941547003937,SNpp61,
720575941547007777,SNpp60,
720575941547010081,SNta28,
720575941547019452,SNxx04,
720575941547111092,SNta32,
720575941547137672,SNta20,
720575941547182728,SNta30,
720575941547188148,SNch05,
720575941547190408,SNch02,
720575941547197576,SNch05,
720575941547214964,SNta25,
720575941547217288,SNta29,
720575941547272584,SNta23,
720575941547288456,SNxx06,
720575941547352381,SNppxx,
720575941547382077,SNpp47,
720575941547394621,SNta02,
720575941547398515,SNta31,
720575941547411517,SNch04,
720575941547419763,SNta31,
720575941547440500,SNta09,
720575941547542132,SNta35,
720575941547596148,SNch06,
720575941547607924,SNta11,
720575941547889697,SNpp41,
720575941547924769,SNch09,
720575941548059681,SNta43,
720575941548069512,SNta27,
720575941548135048,SNpp34,
720575941548148769,SNpp35,
720575941548415777,SNxxxx,
720575941548423713,SNta20,
720575941548424481,SNta24,
720575941548442401,abdominal_ppk_neuron,
720575941548457761,SNch01,
720575941548470561,SNta34,
720575941548470817,SNpp47,
720575941548479265,SNta45,
720575941548486689,SNxx01,
720575941548491297,SNch05,
720575941548496756,SNch09,
720575941548498465,SNta33,
720575941548509985,SNta38,
720575941548510241,SNta09,
720575941548511265,SNch12,
720575941548513313,SNch12,
720575941548518689,SNch05,
720575941548519713,SNta03,
720575941548522813,IN09A060,
720575941548530237,SNta28,
720575941548597108,SNpp35,
720575941548597537,SNta29,
720575941548605985,SNch09,
720575941548613921,SNxx03,
720575941548614433,SNta32,
720575941548626568,SNch05,
720575941548627848,SNpp62,
720575941548642164,SNxxxx,
720575941548642952,SNxx04,
720575941548715325,SNpp44,
720575941548837949,SNta03,
720575941548924989,SNch10,
720575941548935741,SNta38,
720575941548938356,SNxx25,
720575941548943165,SNta29,
720575941548951613,SNta38,
720575941548955197,SNta19,
720575941548959549,SNta30,
720575941548962932,SNta30,
720575941548964669,SNpp58,
720575941548965693,SNta26,
720575941548966516,SNta25,
720575941548977213,SNta35,
720575941548978292,SNta27,
720575941548978721,SNta01,
720575941548979060,SNta09,
720575941548982845,SNta19,
720575941548990324,SNta09,
720575941548992884,SNta34,
720575941549012596,SNch05,
720575941549014900,SNta44,
720575941549024628,SNxx03,
720575941549056061,SNpp57,
720575941549062717,SNta37,
720575941549064253,SNch09,
720575941549066045,SNta29,
720575941549076541,SNta32,
720575941549099636,SNta37,
720575941549115508,SNxx03,
720575941549117812,SNxx03,
720575941549120116,SNch07,
720575941549124468,SNta27,
720575941549124724,SNta32,
720575941549129588,SNch01,
720575941549133428,SNch09,
720575941549133940,SNpp39,
720575941549171572,SNta34,
720575941549352819,SNppxx,
720575941549450785,SNxx08,
720575941549461793,SNxxxx,
720575941549471231,SNta02,
720575941549482017,,
720575941549499709,SNta04,
720575941549508095,SNpp56,
720575941549581684,SNta14,
720575941549584701,SNxx01,
720575941549644606,SNppxx,
720575941549686078,SNpp14,
720575941549742142,SNta09,
720575941549811262,SNch01,
720575941549844542,SNta09,
720575941549896510,SNta42,
720575941549916927,SNch04,
720575941549932093,SNpp50,
720575941549947965,SNta36,
720575941550009889,SNppxx,
720575941550036340,SNta42,
720575941550075169,SNxx03,
720575941550077502,SNta35,
720575941550108961,SNppxx,
720575941550282558,SNch03,
720575941550601076,SNta02,
720575941550638397,SNppxx,
720575941550652159,SNxx33,
720575941550652415,SNpp45,
720575941550658559,SNta28,
720575941550689396,SNpp39,
720575941550725747,SNta45,
720575941550743155,SNta21,
720575941550763123,SNta38,
720575941550835059,SNta28,
720575941550859575,SNch13,
720575941550879367,SNta09,
720575941550880627,SNpp58,
720575941550882931,SNta20,
720575941550883955,SNta44,
720575941550899967,SNta43,
720575941550908787,SNpp39,
720575941550933988,SNta09,
720575941550934919,SNta32,
720575941550959219,SNta44,
720575941550959475,SNta44,
720575941550959731,SNta20,
720575941550960243,SNta44,
720575941550977671,SNta29,
720575941550993287,SNxxxx,
720575941550995967,SNxx29,
720575941551004415,SNpp39,
720575941551012351,SNta37,
720575941551014911,SNch04,
720575941551036415,SNch04,
720575941551049471,SNxxxx,
720575941551070719,SNpp30,
720575941551082099,SNxxxx,
720575941551097991,SNch05,
720575941551121031,SNpp02,
720575941551123335,SNta38,
720575941551124339,SNpp60,
720575941551124595,SNpp57,
720575941551125107,SNpp60,
720575941551125619,SNta41,
720575941551126131,SNta44,
720575941551127155,SNta23,
720575941551127295,SNxx33,
720575941551127551,SNta23,
720575941551176510,SNta44,
720575941551177022,SNta18,
720575941551185267,SNta31,
720575941551186547,SNta23,
720575941551188851,SNta31,
720575941551189619,SNta23,
720575941551190387,SNta34,
720575941551191155,SNta31,
720575941551193971,SNta23,
720575941551194227,SNta34,
720575941551221619,SNppxx,
720575941551255667,SNta22,
720575941551256947,SNpp56,
720575941551257203,SNpp57,
720575941551323251,SNpp60,
720575941551323507,SNta23,
720575941551323763,SNta34,
720575941551332723,SNta23,
720575941551342707,SNta44,
720575941551343219,SNta44,
720575941551348378,SNta33,
720575941551361307,SNch12,
720575941551433243,SNta03,
720575941551449371,SNta20,
720575941551459902,SNch12,
720575941551473947,SNta01,
720575941551475940,SNpp47,
720575941551491390,SNta43,
720575941551557786,SNch02,
720575941551565630,SNxxxx,
720575941551567934,SNch06,
720575941551595070,SNxxxx,
720575941551597886,SNta20,
720575941551603483,SNpp29,
720575941551606299,SNta09,
720575941551640091,SNpp01,
720575941551666238,SNxx05,
720575941551669566,SNxx03,
720575941551673242,SNta42,
720575941551692350,SNch05,
720575941551699455,SNta09,
720575941551701310,SNta37,
720575941551712154,SNta37,
720575941551715134,SNxx22,
720575941551715646,SNta35,
720575941551721278,SNch10,
720575941551725630,SNta37,
720575941551729214,SNta37,
720575941551731518,SNta20,
720575941551744539,SNta04,
720575941551787326,SNpp28,
720575941551838618,SNta29,
720575941551961599,SNta33,
720575941551971583,SNta37,
720575941552004095,SNxx08,
720575941552025343,SNxx02,
720575941552148535,SNch05,
720575941552353671,SNpp24,
720575941552358199,SNta29,
720575941552387841,SNxx03,
720575941552426497,SNpp56,
720575941552461111,SNta30,
720575941552476673,SNta42,
720575941552521271,SNxxxx,
720575941552558910,SNch05,
720575941552566043,SNpp50,
720575941552580635,SNxx04,
720575941552583167,SNxx04,
720575941552583303,SNta29,
720575941552584731,SNta04,
720575941552587009,SNta35,
720575941552596737,SNch06,
720575941552690055,SNta28,
720575941552692103,SNta33,
720575941552696711,SNch02,
720575941552699015,SNta42,
720575941552725127,SNch05,
720575941552763527,SNch06,
720575941552769671,SNch03,
720575941552775223,SNch11,
720575941552777607,SNxx03,
720575941552778039,SNxxxx,
720575941552780167,SNta04,
720575941552793479,SNch06,
720575941552794247,SNta28,
720575941552795271,SNta43,
720575941552803207,SNppxx,
720575941552805255,SNxx01,
720575941552806279,SNta42,
720575941552811655,SNxx03,
720575941552815239,SNta45,
720575941552831233,SNta04,
720575941552891731,SNta20,
720575941552935507,SNta02,
720575941552937243,SNxxxx,
720575941552942163,SNta37,
720575941552945235,SNta38,
720575941552974163,SNta41,
720575941553015579,SNta37,
720575941553028435,SNch05,
720575941553044507,SNta11,
720575941553051675,SNta33,
720575941553057307,SNch09,
720575941553060635,SNta42,
720575941553125915,SNpp15,
720575941553139227,SNch05,
720575941553139940,SNpp47,
720575941553311898,SNch12,
720575941553414554,SNta29,
720575941553418138,SNta29,
720575941553441178,SNta40,
720575941553444506,SNta38,
720575941553446042,SNch06,
720575941553449626,SNta34,
720575941553455514,SNta44,
720575941553457562,SNxx05,
720575941553507994,SNch05,
720575941553514138,SNxx05,
720575941553525658,SNxx05,
720575941553529242,SNxx06,
720575941553548698,SNta14,
720575941553552282,SNxx03,
720575941553559194,SNpp50,
720575941553560474,SNxx22,
720575941553564058,SNxx06,
720575941553588122,SNta37,
720575941553601946,SNxx03,
720575941553606298,SNxx06,
720575941553608346,SNta30,
720575941553617818,SNxx04,
720575941553624474,SNta39,
720575941553625242,SNta37,
720575941553633178,SNta30,
720575941553635226,SNta19,
720575941553637786,SNpp44,
720575941553654407,SNpp34,
720575941553683483,SNxx06,
720575941553708954,SNta19,
720575941553736731,SNpp50,
720575941553752065,SNch01,
720575941553752577,SNta30,
720575941553752833,SNta30,
720575941553757185,SNpp55,
720575941553870820,SNta31,
720575941553883163,SNta42,
720575941554021403,SNxxxx,
720575941554028059,SNpp45,
720575941554031131,SNxx10,
720575941554044727,SNta38,
720575941554058039,SNta40,
720575941554158931,SNta35,
720575941554160211,SNta29,
720575941554163539,SNta38,
720575941554175031,SNxxxx,
720575941554192263,SNta11,
720575941554246042,SNta04,
720575941554249729,SNta09,
720575941554267219,SNpp35,
720575941554269953,SNch05,
720575941554308762,SNta28,
720575941554318081,SNta30,
720575941554319873,SNta37,
720575941554335745,SNxx04,
720575941554344705,SNta28,
720575941554420507,SNpp37,
720575941554534739,SNta43,
720575941554560666,SNch06,
720575941554597203,SNxx03,
720575941554608723,SNta42,
720575941554610771,SNta26,
720575941554613587,SNxx06,
720575941554624083,SNxx04,
720575941554641747,SNta38,
720575941554667547,SNta38,
720575941554720228,SNppxx,
720575941554774756,SNxx21,
720575941554783460,SNpp45,
720575941554868388,SNxx14,
720575941554874340,SNxx07,
720575941554880228,SNppxx,
720575941554970340,SNch10,
720575941554983834,SNch12,
720575941554985217,SNta21,
720575941554989732,SNta30,
720575941555072339,,
720575941555101850,SNxxxx,
720575941555141274,SNppxx,
720575941555174483,SNxx06,
720575941555175169,SNppxx,
720575941555188378,SNch05,
720575941555195620,SNta29,
720575941555208193,SNta21,
720575941555209956,SNpp20,
720575941555212186,SNppxx,
720575941555213722,SNta14,
720575941555215514,SNta20,
720575941555215770,SNta07,
720575941555226596,SNch05,
720575941555229185,SNpp40,
720575941555233281,,
720575941555236068,SNch07,
720575941555258596,SNxxxx,
720575941555319780,SNta35,
720575941555323108,SNta44,
720575941555355364,SNxx04,
720575941555359059,SNta39,
720575941555482707,SNxx05,
720575941555485779,SNta19,
720575941555516243,SNppxx,
720575941555640740,SNpp24,
720575941555672356,SNpp01,
720575941555774977,SNxx05,
720575941555797540,SNta19,
720575941555869476,SNta28,
720575941555959972,SNxx08,
720575941555969700,SNxx17,
720575941555971236,SNxx03,
720575941555977892,SNch04,
720575941556026625,SNch05,
720575941556059620,SNta20,
720575941556080129,SNta11,
720575941556193508,SNta39,
720575941556197860,SNta03,
720575941556212708,SNta38,
720575941556215524,SNpp39,
720575941556243108,SNxxxx,
720575941556245924,SNpp06,
720575941556270675,SNch05,
720575941556298323,SNppxx,
720575941556307364,SNpp45,
720575941556313171,SNppxx,
720575941556314451,SNch05,
720575941556317348,SNta11,
720575941556319059,SNxxxx,
720575941556342436,SNta25,
720575941556351396,SNppxx,
720575941556361892,SNta04,
720575941556370852,SNta04,
720575941556378276,SNta45,
720575941556385444,SNta04,
720575941556452004,SNpp39,
720575941556457636,SNch14,
720575941556471716,SNxx05,
720575941556488356,SNta23,
720575941556488868,SNta37,
720575941556493732,SNch11,
720575941556512932,SNta14,
720575941556518308,SNpp50,
720575941556736804,SNch08,
720575941556747891,SNppxx,
720575941556890660,SNpp07,
720575941556892388,SNxx06,
720575941556894500,SNta20,
720575941556978340,SNppxx,
720575941557157903,SNta09,
720575941557241871,SNta29,
720575941557294884,SNta33,
720575941557296292,,
720575941557304612,SNta20,
720575941557308196,SNta37,
720575941557318180,SNxx14,
720575941557318692,SNta45,
720575941557322660,SNpp50,
720575941557326884,SNta02,
720575941557335332,SNta44,
720575941557351204,SNta03,
720575941557375247,SNta09,
720575941557375268,SNta32,
720575941557399534,SNxx14,
720575941557421092,SNxx14,
720575941557453860,SNta43,
720575941557455140,SNxx04,
720575941557458447,SNpp10,
720575941557464356,SNppxx,
720575941557485550,SNta09,
720575941557491215,SNch02,
720575941557515246,SNta35,
720575941557564142,SNta44,
720575941557623923,SNta30,
720575941557665774,SNta28,
720575941557695859,SNch05,
720575941557710062,SNxx03,
720575941557736356,SNpp45,
720575941557935012,,
720575941557939950,SNpp43,
720575941557956772,SNppxx,
720575941558001956,SNch06,
720575941558006564,SNxxxx,
720575941558018163,SNpp50,
720575941558310180,SNta26,
720575941558316068,SNch01,
720575941558317860,abdominal_ppk_neuron,
720575941558324004,SNta38,
720575941558353709,SNta02,
720575941558427663,SNch11,
720575941558434093,SNta09,
720575941558435855,SNta04,
720575941558455085,SNpp14,
720575941558461455,SNpp47,
720575941558514221,SNxxxx,
720575941558634511,SNta41,
720575941558636815,SNta42,
720575941558638607,SNta28,
720575941558667309,SNta01,
720575941558677549,SNta24,
720575941558678254,SNppxx,
720575941558735598,SNta33,
720575941558743853,SNta40,
720575941558786596,SNxx03,
720575941558870052,SNxxxx,
720575941558878253,SNta28,
720575941558898959,SNta28,
720575941558936079,SNta29,
720575941558945807,SNxx33,
720575941558949391,SNta21,
720575941558962547,SNxxxx,
720575941558963827,SNta37,
720575941558964751,SNta23,
720575941558966543,SNta11,
720575941558969871,SNch06,
720575941558970639,SNta34,
720575941558982126,SNpp14,
720575941558985252,SNch05,
720575941558985999,SNta44,
720575941559025523,abdominal_ppk_neuron,
720575941559037455,SNxx06,
720575941559047539,SNta42,
720575941559066639,SNch05,
720575941559067151,SNta45,
720575941559084559,SNch09,
720575941559102223,SNta39,
720575941559113743,,
720575941559114767,SNch14,
720575941559116815,SNxxxx,
720575941559119342,SNta30,
720575941559125263,SNch05,
720575941559126287,SNpp41,
720575941559134190,SNta32,
720575941559135214,SNta09,
720575941559141391,SNch05,
720575941559145454,SNta29,
720575941559148815,SNta20,
720575941559150607,SNxx04,
720575941559152622,SNta27,
720575941559154926,SNpp16,
720575941559214125,SNch03,
720575941559225838,SNch05,
720575941559236078,SNch07,
720575941559243502,SNta04,
720575941559251694,SNta43,
720575941559254254,SNtaxx,
720575941559260654,SNxx10,
720575941559262958,SNppxx,
720575941559275379,SNta37,
720575941559283571,SNta38,
720575941559424883,SNta14,
720575941559425139,SNta26,
720575941559432563,SNta38,
720575941559439987,SNta11,
720575941559441779,SNta44,
720575941559478387,,
720575941559487347,SNch12,
720575941559499123,SNta39,
720575941559507315,SNxxxx,
720575941559508595,SNch05,
720575941559529587,SNta39,
720575941559538547,SNta29,
720575941559552371,SNta32,
720575941559561587,SNpp60,
720575941559563379,SNch10,
720575941559903247,SNxxxx,
720575941559932205,SNta20,
720575941559943439,SNppxx,
720575941559953935,SNta29,
720575941559971087,,
720575941559979123,SNpp23,
720575941560134515,SNxx06,
720575941560174963,SNxx04,
720575941560198003,SNta35,
720575941560267053,SNxxxx,
720575941560293165,SNxx04,
720575941560294701,SNxx03,
720575941560295725,SNta04,
720575941560352371,SNch05,
720575941560365806,SNpp28,
720575941560392051,SNch09,
720575941560400173,SNta25,
720575941560404595,SNta35,
720575941560408621,SNta38,
720575941560419373,SNta39,
720575941560423469,SNch10,
720575941560426029,SNxxxx,
720575941560428403,SNppxx,
720575941560431219,SNpp50,
720575941560436269,SNxx03,
720575941560437805,SNta39,
720575941560533486,SNpp52,
720575941560550951,SNta04,
720575941560552207,SNpp40,
720575941560559375,SNxx03,
720575941560600744,SNta09,
720575941560602024,SNta08,
720575941560621038,SNpp39,
720575941560640783,SNppxx,
720575941560719272,SNta37,
720575941560805032,SNta34,
720575941560827431,SNch09,
720575941560833575,SNta19,
720575941560833831,SNta19,
720575941560839207,SNch07,
720575941560844327,SNxxxx,
720575941560855591,SNch13,
720575941560859431,SNta29,
720575941560886311,SNta41,
720575941560886823,SNta44,
720575941560891687,SNta29,
720575941560891943,SNta29,
720575941560892711,SNta38,
720575941560893479,SNxxxx,
720575941560894247,SNpp50,
720575941560895015,SNxxxx,
720575941560940845,SNxx05,
720575941560944429,CS,
720575941561307794,SNxx20,
720575941561382189,SNpp52,
720575941561384237,SNta29,
720575941561407277,SNppxx,
720575941561411373,SNch10,
720575941561485714,SNta09,
720575941561505170,SNta43,
720575941561776552,SNta34,
720575941561777064,SNta37,
720575941562060712,SNpp37,
720575941562110759,SNpp57,
720575941562111271,SNta41,
720575941562112551,SNta41,
720575941562113063,SNta20,
720575941562115367,SNta29,
720575941562120231,SNpp39,
720575941562140160,SNta20,
720575941562163368,SNta42,
720575941562166184,SNxx04,
720575941562169383,SNxxxx,
720575941562169895,SNxxxx,
720575941562170407,SNta30,
720575941562178304,SNta22,
720575941562178599,SNch05,
720575941562178728,SNxx03,
720575941562179367,SNch07,
720575941562180647,SNch05,
720575941562181159,SNch05,
720575941562182439,SNch05,
720575941562182695,SNxxxx,
720575941562182951,SNpp47,
720575941562193576,SNta28,
720575941562201383,SNpp59,
720575941562201901,SNxx05,
720575941562203181,SNxx04,
720575941562206503,SNch08,
720575941562206759,SNch08,
720575941562208807,SNta30,
720575941562210855,SNch09,
720575941562221607,SNta40,
720575941562222375,SNta44,
720575941562222887,SNta44,
720575941562224167,SNta44,
720575941562224679,SNta44,
720575941562227239,SNta45,
720575941562227751,SNpp39,
720575941562262184,SNta37,
720575941562262317,SNta11,
720575941562266669,SNpp45,
720575941562280872,SNxxxx,
720575941562290600,SNta42,
720575941562291368,SNxx05,
720575941562294440,SNta35,
720575941562306728,SNpp02,
720575941562316456,SNxx07,
720575941562470151,SNxx22,
720575941562515207,SNch05,
720575941562541666,SNxx22,
720575941562546834,SNppxx,
720575941562599687,SNta44,
720575941562671506,SNta44,
720575941562675602,SNpp60,
720575941562911127,SNta02,
720575941562918295,SNch07,
720575941562962951,SNch04,
720575941563000471,SNpp42,
720575941563056535,SNppxx,
720575941563102098,SNta37,
720575941563124370,SNch10,
720575941563131282,SNch05,
720575941563139986,SNta28,
720575941563142056,SNch01,
720575941563158440,SNch05,
720575941563170984,SNpp45,
720575941563178152,SNppxx,
720575941563196562,SNta23,
720575941563198610,SNta34,
720575941563205010,SNch16,
720575941563234194,SNta39,
720575941563247506,SNxxxx,
720575941563248542,SNta38,
720575941563249042,SNta44,
720575941563251090,SNta19,
720575941563256978,SNppxx,
720575941563276702,SNta40,
720575941563277726,SNta28,
720575941563293494,SNta42,
720575941563294110,SNta38,
720575941563301686,SNpp23,
720575941563502646,SNta25,
720575941563518518,SNxx26,
720575941563569718,SNta26,
720575941563570176,SNta44,
720575941563572736,SNta25,
720575941563592246,SNxx33,
720575941563635712,SNta25,
720575941563642112,,
720575941563646720,SNta32,
720575941563652096,SNta39,
720575941563654912,SNta27,
720575941563658496,SNta37,
720575941563776146,SNta42,
720575941563793554,SNtaxx,
720575941563826322,,
720575941563826590,SNta30,
720575941563827090,SNta44,
720575941563851106,SNxx17,
720575941563888231,SNta29,
720575941563904871,SNch03,
720575941564034962,SNxx06,
720575941564038503,SNta09,
720575941564054935,SNpp50,
720575941564075008,SNxx25,
720575941564109154,SNpp35,
720575941564122471,SNch05,
720575941564147858,SNta21,
720575941564150418,SNppxx,
720575941564153490,SNppxx,
720575941564184327,SNta29,
720575941564186375,SNta45,
720575941564187655,SNta29,
720575941564191639,SNta29,
720575941564199063,SNpp39,
720575941564200455,SNta26,
720575941564208391,SNta11,
720575941564220258,SNta29,
720575941564233570,SNxxxx,
720575941564236807,SNta09,
720575941564242530,SNpp52,
720575941564254562,SNtaxx,
720575941564292450,SNch07,
720575941564300386,SNta43,
720575941564311650,SNta44,
720575941564332039,SNta11,
720575941564333666,SNxx03,
720575941564338695,SNxx06,
720575941564342791,SNta21,
720575941564344071,SNpp45,
720575941564381696,SNppxx,
720575941564557366,SNxx14,
720575941564567094,SNpp60,
720575941564567862,SNch09,
720575941564628887,SNpp43,
720575941564633239,SNppxx,
720575941564637847,SNta20,
720575941564638103,SNta23,
720575941564651159,SNch09,
720575941564651671,SNtaxx,
720575941564652183,SNta24,
720575941564653207,SNta43,
720575941564662423,SNta44,
720575941564663447,SNta11,
720575941564717207,SNta29,
720575941564726935,SNxx03,
720575941564728727,,
720575941564741271,SNta29,
720575941564741527,SNxx03,
720575941564749463,SNpp50,
720575941564749719,SNxx04,
720575941564826466,SNta42,
720575941564864914,SNta30,
720575941564868498,SNpp39,
720575941564871570,SNppxx,
720575941564933218,SNta29,
720575941564964359,SNppxx,
720575941564996352,SNch03,
720575941565015296,SNch05,
720575941565023488,SNppxx,
720575941565033984,SNpp41,
720575941565072694,SNpp47,
720575941565076278,SNxx04,
720575941565084423,SNxx05,
720575941565115655,SNppxx,
720575941565118006,SNta04,
720575941565138274,SNxx08,
720575941565144423,SNpp60,
720575941565145191,SNch09,
720575941565152054,SNppxx,
720575941565190759,SNpp45,
720575941565203207,SNxx23,
720575941565206582,SNch06,
720575941565225526,SNch03,
720575941565227574,SNta30,
720575941565229366,SNxxxx,
720575941565233718,SNxx14,
720575941565240630,SNxx04,
720575941565241495,SNta41,
720575941565246518,SNpp15,
720575941565249078,,
720575941565249334,SNta41,
720575941565249846,SNxx33,
720575941565252150,SNta32,
720575941565252918,SNch11,
720575941565453207,SNta04,
720575941565487767,SNpp19,
720575941565519255,SNpp52,
720575941565520942,SNpp61,
720575941565554791,SNch11,
720575941565579111,SNta03,
720575941565579879,SNta20,
720575941565586734,SNta04,
720575941565643830,SNta39,
720575941565657142,SNxx05,
720575941565704295,SNppxx,
720575941565810695,SNch05,
720575941565861383,SNppxx,
720575941565898550,SNta28,
720575941565994806,SNxx03,
720575941565996598,SNpp60,
720575941566050663,SNta38,
720575941566119831,SNta14,
720575941566179382,SNpp47,
720575941566185270,SNta28,
720575941566203446,SNch02,
720575941566207335,SNta43,
720575941566476647,,
720575941566478439,SNpp45,
720575941566771758,SNta40,
720575941566814006,SNpp45,
720575941566973434,SNpp50,
720575941566978036,SNta34,
720575941566982138,SNch05,
720575941567026676,SNta30,
720575941567032052,SNch06,
720575941567040500,SNpp58,
720575941567062375,SNppxx,
720575941567077882,,
720575941567141620,SNta02,
720575941567142906,SNta29,
720575941567170862,SNta29,
720575941567171630,SNta20,
720575941567181682,SNta09,
720575941567185710,SNta37,
720575941567187246,SNch04,
720575941567221236,SNta20,
720575941567231534,SNxxxx,
720575941567275054,SNch05,
720575941567275822,SNta34,
720575941567282478,SNch12,
720575941567456626,SNpp40,
720575941567520370,SNch02,
720575941568145454,SNta32,
720575941568154158,SNta21,
720575941568187694,SNpp51,
720575941568303098,SNta03,
720575941568360442,SNpp17,
720575941568367610,SNta30,
720575941568374010,SNta37,
720575941568384250,SNch05,
720575941568440058,SNxx06,
720575941568453882,SNxx01,
720575941568455418,SNpp59,
720575941568467706,SNxxxx,
720575941568507642,SNta34,
720575941568508154,SNta21,
720575941568508666,SNta28,
720575941568510458,SNpp45,
720575941568512250,SNta37,
720575941568513274,SNta19,
720575941568515322,SNch05,
720575941568516602,SNta32,
720575941568606196,SNpp16,
720575941568625010,SNta23,
720575941568638578,SNta44,
720575941568650354,SNtaxx,
720575941568661618,SNta43,
720575941568709234,SNxx22,
720575941568712306,SNxx03,
720575941568720498,SNta39,
720575941568734766,SNpp45,
720575941568788526,SNta20,
720575941568802292,SNta42,
720575941568803572,SNta41,
720575941568807156,SNta28,
720575941568840954,SNxx03,
720575941568844276,SNxx25,
720575941568845812,SNta29,
720575941568852212,SNpp20,
720575941568890106,SNta27,
720575941568925172,SNta39,
720575941568925684,SNpp02,
720575941568931060,SNxx01,
720575941568940276,SNta29,
720575941568941556,SNta20,
720575941568945652,SNta42,
720575941568959988,SNta37,
720575941569002490,SNta32,
720575941569038324,SNpp58,
720575941569046266,SNta32,
720575941569204474,SNppxx,
720575941569326586,SNta35,
720575941569331962,SNta07,
720575941569431284,SNta28,
720575941569517214,SNta02,
720575941569517470,SNta02,
720575941569548276,SNxxxx,
720575941569548914,SNta30,
720575941569585778,SNppxx,
720575941569621236,SNta39,
720575941569799838,SNpp47,
720575941569906846,SNta26,
720575941569966238,SNta20,
720575941570110110,SNch05,
720575941570148466,SNpp52,
720575941570362356,SNch12,
720575941570567924,SNta44,
720575941570749256,SNta02,
720575941570878536,SNpp02,
720575941570960968,SNta28,
720575941571020702,SNta42,
720575941571036062,SNxxxx,
720575941571037854,SNch09,
720575941571039134,SNch05,
720575941571316475,SNpp19,
720575941571410939,SNch04,
720575941571416059,SNta04,
720575941571422622,SNta24,
720575941571428254,SNta02,
720575941571431326,SNch11,
720575941571439006,SNta30,
720575941571456926,abdominal_ppk_neuron,
720575941571566494,SNch07,
720575941571573918,SNpp61,
720575941571574430,SNpp60,
720575941571576478,,
720575941571582203,SNta37,
720575941571584158,SNpp32,
720575941571713800,SNta09,
720575941571783688,SNta26,
720575941571787933,SNch14,
720575941571861256,SNta37,
720575941571867656,SNpp28,
720575941571873544,SNta20,
720575941571890077,SNch03,
720575941571909627,,
720575941571926344,SNch04,
720575941571962526,SNta42,
720575941572010397,SNta40,
720575941572054024,SNta37,
720575941572074056,SNxx04,
720575941572147869,SNch05,
720575941572190621,SNta25,
720575941572214024,SNch02,
720575941572231325,SNta07,
720575941572275613,SNta29,
720575941572282782,SNch05,
720575941572289289,SNta02,
720575941572310942,SNta37,
720575941572339209,SNta25,
720575941572423177,SNta35,
720575941572423496,SNta29,
720575941572425800,SNta37,
720575941572430494,SNppxx,
720575941572430664,SNta19,
720575941572447816,SNta44,
720575941572467016,SNxxxx,
720575941572468382,SNta13,
720575941572517192,SNxxxx,
720575941572517448,SNta39,
720575941572530504,SNch10,
720575941572558920,SNch10,
720575941572564040,SNch10,
720575941572569416,SNxx03,
720575941572585800,SNta43,
720575941572597064,SNxx14,
720575941572600648,SNxx05,
720575941572601416,SNtaxx,
720575941572604232,SNppxx,
720575941572605000,SNpp41,
720575941572608840,SNxx02,
720575941572623369,SNch06,
720575941572799119,SNta09,
720575941572825851,SNxx14,
720575941573091080,SNxx04,
720575941573101576,SNta37,
720575941573114619,SNxx25,
720575941573117853,SNch09,
720575941573125533,SNta29,
720575941573198262,SNta09,
720575941573217694,SNch01,
720575941573224699,SNch11,
720575941573227003,SNpp47,
720575941573231355,SNta21,
720575941573238198,SNxx04,
720575941573239965,SNpp50,
720575941573240392,SNta29,
720575941573240733,SNta44,
720575941573241083,SNta44,
720575941573243899,SNch04,
720575941573256955,SNta35,
720575941573260027,SNta41,
720575941573260189,SNta18,
720575941573275899,SNch09,
720575941573277622,SNta19,
720575941573299707,SNxx01,
720575941573305851,SNta27,
720575941573308667,SNch10,
720575941573309691,SNpp53,
720575941573315323,SNta34,
720575941573345608,SNta44,
720575941573354166,SNta44,
720575941573364552,SNppxx,
720575941573367589,SNppxx,
720575941573371208,SNppxx,
720575941573383581,SNxx29,
720575941573418505,SNch09,
720575941573438501,SNta44,
720575941573444534,SNta28,
720575941573445046,SNta28,
720575941573450934,SNch05,
720575941573468424,SNxx16,
720575941573477558,SNta37,
720575941573496840,SNpp45,
720575941573513765,SNta44,
720575941573547528,SNtaxx,
720575941573553928,SNch05,
720575941573554952,SNta27,
720575941573558792,SNch05,
720575941573563144,SNch09,
720575941573566390,SNta26,
720575941573573384,SNta21,
720575941573580552,SNta42,
720575941573582600,SNta09,
720575941573599901,SNxx04,
720575941573613981,SNta45,
720575941573633718,SNpp01,
720575941573636509,SNta37,
720575941573643677,SNta42,
720575941573647773,SNch12,
720575941573650077,SNpp58,
720575941573656631,SNta35,
720575941573672456,SNta39,
720575941573674504,SNta43,
720575941573680136,SNta20,
720575941573682440,SNta28,
720575941573694216,SNta23,
720575941573694728,SNta42,
720575941573697544,SNta39,
720575941573702664,SNta26,
720575941573702920,SNch05,
720575941573704968,SNppxx,
720575941573728777,SNxx14,
720575941573754377,SNxxxx,
720575941573777309,SNta34,
720575941573778077,SNta42,
720575941573781430,SNta21,
720575941573782344,SNta23,
720575941573817526,SNch05,
720575941573859877,IN14A120,
720575941573874231,SNta35,
720575941573881609,SNxx05,
720575941573887227,SNxx04,
720575941573904649,SNch08,
720575941573909769,SNxx04,
720575941573921545,SNxx03,
720575941573927689,SNta29,
720575941573928201,SNta37,
720575941573988168,SNxx03,
720575941573996872,SNta33,
720575941574006344,SNta21,
720575941574008136,SNpp39,
720575941574039048,SNpp61,
720575941574107023,SNxx33,
720575941574135035,SNpp40,
720575941574147323,SNta34,
720575941574169704,SNpp16,
720575941574172937,SNxx19,
720575941574183419,SNta20,
720575941574188795,SNch03,
720575941574206971,SNta42,
720575941574222587,SNxx08,
720575941574228475,SNta38,
720575941574247675,SNppxx,
720575941574258427,SNta20,
720575941574364061,SNta26,
720575941574374557,SNxxxx,
720575941574506383,SNta30,
720575941574518821,SNta25,
720575941574523279,SNxx33,
720575941574544649,SNta20,
720575941574544904,SNxxxx,
720575941574551816,abdominal_ppk_neuron,
720575941574564495,SNta44,
720575941574566543,SNta37,
720575941574570127,SNta38,
720575941574571407,SNxx05,
720575941574587145,SNta23,
720575941574588559,SNxx10,
720575941574606749,SNta37,
720575941574636957,SNta37,
720575941574673672,SNpp07,
720575941574703881,SNta38,
720575941574713014,SNch01,
720575941574716342,SNta18,
720575941574731165,SNpp41,
720575941574931451,SNta02,
720575941574972667,SNch01,
720575941575041423,SNpp61,
720575941575068598,SNxxxx,
720575941575083784,SNpp38,
720575941575164854,SNxx05,
720575941575166902,SNch06,
720575941575170742,SNta21,
720575941575179446,SNta37,
720575941575193782,SNta45,
720575941575195830,SNch02,
720575941575199414,SNta44,
720575941575206326,SNch11,
720575941575206582,SNta37,
720575941575207350,SNxx03,
720575941575210934,SNch05,
720575941575211919,IN13B054,
720575941575223656,SNpp39,
720575941575224936,SNta30,
720575941575229288,SNxxxx,
720575941575231592,SNxxxx,
720575941575234664,SNxx33,
720575941575235176,SNxx03,
720575941575251816,,
720575941575280904,SNppxx,
720575941575291656,SNch01,
720575941575292680,SNpp39,
720575941575326095,SNppxx,
720575941575386511,SNta38,
720575941575410575,SNta31,
720575941575423753,SNta14,
720575941575584438,SNta20,
720575941575638632,SNpp23,
720575941575640409,SNta09,
720575941575670361,SNch05,
720575941575671400,SNta12,
720575941575681113,SNta05,
720575941575691353,SNta32,
720575941575722073,SNta23,
720575941575745896,SNch11,
720575941575758696,SNxx05,
720575941575772264,SNta09,
720575941575774824,SNxx22,
720575941575777974,SNta30,
720575941575778664,SNta37,
720575941575780712,SNpp45,
720575941576006489,SNch07,
720575941576013711,SNch05,
720575941576017241,SNch05,
720575941576037302,SNxxxx,
720575941576046262,SNpp16,
720575941576089014,SNta35,
720575941576482664,SNpp45,
720575941576567400,SNpp12,
720575941576573544,SNta29,
720575941576575080,SNpp58,
720575941576724406,SNpp59,
720575941576730216,SNch10,
720575941576744374,SNppxx,
720575941576759478,SNxx03,
720575941576809910,SNpp45,
720575941576828241,SNta38,
720575941576857077,SNta02,
720575941577008465,SNta44,
720575941577056501,SNta02,
720575941577076072,SNpp45,
720575941577085288,SNppxx,
720575941577094248,SNpp45,
720575941577111541,SNta43,
720575941577129297,SNta20,
720575941577144657,SNta20,
720575941577213529,SNxxxx,
720575941577219929,SNpp48,
720575941577238361,SNta34,
720575941577446225,SNch06,
720575941577491801,SNta38,
720575941577501273,SNxxxx,
720575941577508185,SNta09,
720575941577508953,SNch09,
720575941577513305,SNta28,
720575941577516377,SNta34,
720575941577608025,SNxxxx,
720575941577628249,SNta09,
720575941577640793,SNch06,
720575941577641817,SNta04,
720575941577660249,SNch06,
720575941577663833,SNxx14,
720575941577673305,SNch06,
720575941577689945,SNxx05,
720575941577690713,SNxx03,
720575941577699161,SNta45,
720575941577707353,SNch10,
720575941577762137,SNpp50,
720575941578015577,SNta11,
720575941578131701,SNch15,
720575941578190937,SNta29,
720575941578302545,SNppxx,
720575941578316881,SNta29,
720575941578322257,SNta29,
720575941578354933,SNta36,
720575941578443097,SNxx06,
720575941578679633,SNta20,
720575941578686033,SNxxxx,
720575941578686289,SNta20,
720575941578700369,SNpp40,
720575941578785269,SNpp52,
720575941578801233,SNxxxx,
720575941578812497,SNxx04,
720575941578818293,SNch04,
720575941578901493,SNta30,
720575941578902773,SNta44,
720575941578904053,SNta23,
720575941578908405,SNxx03,
720575941578910453,SNch09,
720575941578915061,SNxx03,
720575941578924533,SNpp60,
720575941578932213,SNta38,
720575941578935029,SNpp50,
720575941578950133,SNpp39,
720575941579056249,SNxxxx,
720575941579130745,SNxx03,
720575941579159161,SNta20,
720575941579176793,SNppxx,
720575941579179641,SNch05,
720575941579222865,SNta29,
720575941579230809,SNch05,
720575941579235929,SNppxx,
720575941579283577,SNta38,
720575941579312761,SNpp59,
720575941579354233,SNta28,
720575941579556473,SNta28,
720575941579560017,,
720575941579634001,SNppxx,
720575941579639633,SNpp50,
720575941579786997,SNpp39,
720575941579798517,SNppxx,
720575941579807221,SNpp51,
720575941579875317,SNpp52,
720575941580204153,SNta04,
720575941580360273,SNxx05,
720575941580360785,SNta20,
720575941580373881,SNta44,
720575941580375889,SNta25,
720575941580377721,SNch09,
720575941580382073,SNta30,
720575941580388473,SNta30,
720575941580389241,SNta30,
720575941580572149,SNpp45,
720575941580604537,SNta31,
720575941580609657,SNta25,
720575941580641525,SNppxx,
720575941580643449,SNxx29,
720575941580693625,SNta11,
720575941580712825,SNppxx,
720575941580715641,SNxx29,
720575941580739961,SNta42,
720575941580742009,SNta28,
720575941580753785,SNch10,
720575941580757113,SNta29,
720575941580758137,SNch12,
720575941580761465,SNta45,
720575941580785785,SNta30,
720575941580804473,SNxxxx,
720575941580840825,SNpp07,
720575941580851577,SNxx06,
720575941580870009,SNta20,
720575941580878969,SNta31,
720575941581511775,SNta20,
720575941581566303,SNch12,
720575941581623391,SNch05,
720575941581672313,SNta37,
720575941581739615,SNta09,
720575941581754719,SNta34,
720575941581763167,SNpp58,
720575941581801567,SNta11,
720575941581911391,SNta11,
720575941582029689,SNpp39,
720575941582233695,SNch12,
720575941582296697,SNppxx,
720575941582317177,SNta33,
720575941582539909,SNta30,
720575941582662277,SNta24,
720575941582688901,SNta24,
720575941582695301,SNta24,
720575941583156869,SNta29,
720575941583182213,SNxxxx,
720575941583193733,SNta44,
720575941583223391,SNta29,
720575941583239301,SNch09,
720575941583316358,SNpp52,
720575941583333766,SNta41,
720575941583348063,SNta45,
720575941583350623,SNta21,
720575941583371142,SNta04,
720575941583377503,SNta04,
720575941583439399,SNxx02,
720575941583440423,SNxx02,
720575941583453735,abdominal_ppk_neuron,
720575941583499615,SNta43,
720575941583523935,SNpp47,
720575941583546975,SNta30,
720575941583557983,SNch03,
720575941583565663,SNxx01,
720575941583568479,SNpp50,
720575941583568862,SNch05,
720575941583573599,SNpp50,
720575941583574111,SNta21,
720575941583577183,SNpp60,
720575941583598558,SNta02,
720575941583726558,SNta42,
720575941583734238,SNta09,
720575941583746270,SNch07,
720575941583752158,SNxx14,
720575941583819910,SNta14,
720575941583981445,SNta37,
720575941583989637,SNta24,
720575941584024887,SNta37,
720575941584044087,SNpp58,
720575941584082783,SNxxxx,
720575941584353119,IN23B071,
720575941584446815,SNpp52,
720575941584459871,SNppxx,
720575941584584326,SNta20,
720575941584592262,SNxx04,
720575941584593030,IN13A061,
720575941584789982,SNpp19,
720575941584810206,SNch14,
720575941584946310,SNch05,
720575941584950150,SNta45,
720575941584955102,SNxx28,
720575941584957406,SNpp50,
720575941584959710,SNxx33,
720575941584966622,SNxx04,
720575941584967390,SNta19,
720575941584995206,SNch03,
720575941585000070,SNpp01,
720575941585004678,SNxx03,
720575941585022598,SNta32,
720575941585029254,SNta28,
720575941585032070,SNta29,
720575941585035398,SNtaxx,
720575941585081695,SNxx03,
720575941585102687,SNta21,
720575941585104991,SNta11,
720575941585141343,SNpp45,
720575941585143647,SNpp51,
720575941585188062,SNppxx,
720575941585342686,SNta20,
720575941585344478,SNch01,
720575941585359582,SNta14,
720575941585381598,SNta45,
720575941585406174,SNta04,
720575941585469918,SNch09,
720575941585488862,SNpp10,
720575941585494750,SNta18,
720575941585496030,SNta37,
720575941585506270,SNta38,
720575941585757830,SNta25,
720575941585901446,SNta23,
720575941585941214,SNta28,
720575941586058462,SNta27,
720575941586060254,SNch04,
720575941586072030,SNta29,
720575941586284510,SNxx05,
720575941586312260,SNxxxx,
720575941586372830,SNta34,
720575941586408414,SNta21,
720575941586435806,SNta37,
720575941586436318,SNpp19,
720575941586440158,SNpp51,
720575941586443998,SNpp55,
720575941586474564,SNxx25,
720575941586510916,SNppxx,
720575941586636356,SNta37,
720575941586771012,SNta14,
720575941586816580,SNch12,
720575941586875716,,
720575941587147486,SNpp39,
720575941587147998,SNxx04,
720575941587182135,SNxx05,
720575941587196453,SNxx30,
720575941587217207,SNpp47,
720575941587241271,SNch02,
720575941587365161,SNppxx,
720575941587436087,SNxx22,
720575941587511095,SNta37,
720575941587520068,SNpp21,
720575941587611703,SNch11,
720575941587625253,SNta28,
720575941587656772,SNta30,
720575941588060484,SNta20,
720575941588062020,SNxxxx,
720575941588068420,SNta21,
720575941588070468,SNxx03,
720575941588114174,SNta09,
720575941588116222,SNta26,
720575941588134724,SNch10,
720575941588140868,SNxx05,
720575941588144196,SNch03,
720575941588159812,SNppxx,
720575941588160068,SNta33,
720575941588201726,SNpp08,
720575941588279038,SNta04,
720575941588468869,SNpp58,
720575941588502405,SNpp60,
720575941588503173,SNpp59,
720575941588503429,SNpp47,
720575941588520076,SNta09,
720575941588524428,SNta09,
720575941588530309,SNppxx,
720575941588534917,SNpp59,
720575941588539525,IN13B054,
720575941588545157,SNta38,
720575941588545925,SNta44,
720575941588545932,SNta09,
720575941588546437,SNta45,
720575941588546871,SNxx20,
720575941588566661,SNta45,
720575941588575365,SNta38,
720575941588577157,SNta21,
720575941588580229,SNta45,
720575941588581253,SNta38,
720575941588610437,SNta38,
720575941588610693,SNta38,
720575941588610949,SNta21,
720575941588611205,SNta38,
720575941588611461,SNta38,
720575941588624005,SNta44,
720575941588624261,SNta45,
720575941588624517,SNta32,
720575941588624773,SNta32,
720575941588625029,SNta44,
720575941588627751,SNxx06,
720575941588661381,SNta40,
720575941588661637,SNta40,
720575941588661893,SNxxxx,
720575941588662149,SNxx33,
720575941588664197,SNta19,
720575941588672901,SNta25,
720575941588673669,SNta25,
720575941588674181,SNta30,
720575941588691333,SNta35,
720575941588691589,SNta35,
720575941588695941,SNta25,
720575941588710021,SNta25,
720575941588710199,SNch04,
720575941588715404,SNta02,
720575941588717957,SNta30,
720575941588740741,SNta45,
720575941588741509,SNta45,
720575941588743813,SNta45,
720575941588751237,SNta35,
720575941588752517,SNta45,
720575941588758405,SNta45,
720575941588930615,SNch11,
720575941588948791,SNta32,
720575941588983095,SNta04,
720575941588985655,SNta18,
720575941588986679,SNta44,
720575941588993079,SNta29,
720575941588993591,SNta29,
720575941588994103,SNpp47,
720575941589004343,SNxx06,
720575941589028663,SNxx05,
720575941589056567,SNch06,
720575941589058103,SNta34,
720575941589064759,SNta04,
720575941589070903,SNch10,
720575941589074487,SNxx05,
720575941589084471,SNxx16,
720575941589093431,SNta42,
720575941589096503,SNppxx,
720575941589134889,SNxxxx,
720575941589251369,SNta37,
720575941589260073,SNta38,
720575941589293394,SNpp60,
720575941589379838,SNta27,
720575941589387006,SNta44,
720575941589410642,SNch05,
720575941589434450,SNta37,
720575941589434962,SNta37,
720575941589436754,SNta19,
720575941589463122,SNta37,
720575941589463378,SNta37,
720575941589464914,SNta37,
720575941589465170,SNtaxx,
720575941589470290,SNta38,
720575941589472338,SNta38,
720575941589554258,SNta43,
720575941589555538,SNta43,
720575941589555794,SNta37,
720575941589556050,SNta43,
720575941589560402,SNta43,
720575941589562706,SNta27,
720575941589567314,SNta37,
720575941589569022,SNpp38,
720575941589579262,SNpp16,
720575941589596242,SNtaxx,
720575941589609271,SNta19,
720575941589624402,SNxxxx,
720575941589665362,SNch05,
720575941589665874,SNch07,
720575941589669714,SNpp60,
720575941589671506,SNpp60,
720575941589707090,SNta20,
720575941589715794,SNta20,
720575941589716791,SNta44,
720575941589717758,SNxxxx,
720575941589736702,SNxxxx,
720575941589764434,SNta20,
720575941589767678,SNta20,
720575941589768190,SNta43,
720575941589768446,SNta20,
720575941589772114,SNta42,
720575941589773566,SNpp50,
720575941589773623,SNxx03,
720575941589788414,SNta41,
720575941589807954,SNta44,
720575941589810942,SNxx06,
720575941589816658,SNta38,
720575941589829118,SNxxxx,
720575941589859895,SNpp49,
720575941589870078,SNch03,
720575941589878839,SNta09,
720575941589894142,SNch03,
720575941589907710,SNxx05,
720575941589913086,SNch10,
720575941589917950,SNxx05,
720575941589927678,SNxxxx,
720575941589948414,SNpp39,
720575941589951486,SNta32,
720575941589958455,SNxx07,
720575941589982775,SNta32,
720575941589993015,SNppxx,
720575941590043474,SNch05,
720575941590045324,SNpp48,
720575941590045836,SNta19,
720575941590049106,SNta39,
720575941590233640,SNxx14,
720575941590341516,SNpp43,
720575941590358156,SNta38,
720575941590375464,SNxx05,
720575941590412940,SNch05,
720575941590438540,SNch03,
720575941590440332,,
720575941590444940,SNta42,
720575941590451084,SNta42,
720575941590456716,SNta34,
720575941590460556,SNta44,
720575941590464908,SNxx22,
720575941590465164,SNxx04,
720575941590466700,SNxx04,
720575941590469516,SNta37,
720575941590516876,SNxx30,
720575941590546686,SNta28,
720575941590548222,SNta45,
720575941590575358,SNta37,
720575941590778475,SNxx14,
720575941590879998,SNpp39,
720575941590969195,SNta09,
720575941591122828,SNch12,
720575941591151979,SNta11,
720575941591225128,SNpp60,
720575941591264619,SNpp43,
720575941591267724,SNppxx,
720575941591278220,SNta21,
720575941591303422,SNch05,
720575941591357182,SNta20,
720575941591403262,SNta21,
720575941591429672,SNta42,
720575941591441960,SNpp19,
720575941591449896,SNpp60,
720575941591662376,SNpp47,
720575941591858728,SNpp53,
720575941591860264,SNta21,
720575941591866920,SNta20,
720575941591867432,SNch04,
720575941591868456,SNta38,
720575941591868968,SNta37,
720575941591869992,SNta37,
720575941591887656,SNxx29,
720575941591899432,SNpp17,
720575941591970188,SNch01,
720575941591987240,SNxxxx,
720575941591987496,SNxx01,
720575941591993128,SNta21,
720575941591998504,SNta37,
720575941592002088,SNta32,
720575941592005160,SNpp45,
720575941592046187,SNxx02,
720575941592129494,SNch01,
720575941592143211,SNta14,
720575941592148075,SNxx26,
720575941592355286,SNta25,
720575941592392918,SNpp57,
720575941592418599,SNta43,
720575941592448982,SNch05,
720575941592456487,SNxx04,
720575941592464235,SNta45,
720575941592469611,SNpp07,
720575941592469867,SNta04,
720575941592479781,SNta02,
720575941592485995,SNch12,
720575941592503147,SNch02,
720575941592504427,SNch12,
720575941592510571,SNta41,
720575941592582251,SNta43,
720575941592604456,SNta20,
720575941592631659,SNta23,
720575941592634219,SNta32,
720575941592637547,SNta30,
720575941592639595,SNta43,
720575941592644459,SNxx01,
720575941592645415,SNta29,
720575941592647973,SNta09,
720575941592653163,SNppxx,
720575941592654955,SNxx04,
720575941592657771,SNpp23,
720575941592659051,SNxxxx,
720575941592668011,SNpp40,
720575941592697639,SNta04,
720575941592811045,SNta43,
720575941592820519,SNxx05,
720575941592823510,SNta44,
720575941592828456,SNpp55,
720575941592850472,SNta37,
720575941592913191,SNpp60,
720575941592926248,SNch11,
720575941593192305,SNpp47,
720575941593194347,SNch06,
720575941593301355,SNta32,
720575941593341398,SNch06,
720575941593377393,SNta37,
720575941593388145,SNpp20,
720575941593396849,SNxxxx,
720575941593421425,SNch02,
720575941593424424,SNpp45,
720575941593467350,SNppxx,
720575941593485937,,
720575941593489366,SNta03,
720575941593590385,SNta39,
720575941593699624,SNch05,
720575941593704488,SNta20,
720575941593894102,SNpp41,
720575941593897942,SNpp50,
720575941593901270,SNpp39,
720575941593902550,SNpp50,
720575941593904517,SNta31,
720575941593905366,SNta44,
720575941593909462,SNta41,
720575941593918934,SNta45,
720575941593921061,SNxxxx,
720575941593924310,SNxxxx,
720575941593932246,SNta29,
720575941593961255,SNta04,
720575941594001541,SNxx14,
720575941594013654,SNta29,
720575941594016726,,
720575941594030550,SNxx05,
720575941594035414,SNta37,
720575941594035670,SNta35,
720575941594037462,SNta04,
720575941594047190,SNtaxx,
720575941594050518,SNch10,
720575941594057686,SNpp52,
720575941594135941,SNta35,
720575941594202475,SNxx03,
720575941594264101,SNxx04,
720575941594274341,SNch12,
720575941594285681,SNta29,
720575941594293031,SNta29,
720575941594303857,SNch14,
720575941594306855,SNxx14,
720575941594311463,SNta43,
720575941594312999,SNta19,
720575941594331941,SNch14,
720575941594333733,SNpp57,
720575941594336039,SNpp59,
720575941594346277,SNta39,
720575941594351909,SNta34,
720575941594354981,SNta28,
720575941594356517,SNpp60,
720575941594370597,SNppxx,
720575941594395687,SNxx14,
720575941594397223,SNxx05,
720575941594398503,SNta26,
720575941594399271,SNta32,
720575941594410198,SNxx05,
720575941594410865,SNch01,
720575941594420081,SNta27,
720575941594484694,SNxx08,
720575941594763121,SNpp62,
720575941594829014,SNxxxx,
720575941594839409,SNxx03,
720575941594855793,SNta25,
720575941594858097,SNta38,
720575941594859633,SNch09,
720575941594869462,SNta29,
720575941594893270,SNch02,
720575941594944113,SNta44,
720575941594952561,SNpp32,
720575941595122725,,
720575941595167525,SNxx30,
720575941595186213,SNxx08,
720575941595189541,SNpp19,
720575941595199525,SNppxx,
720575941595205253,SNta44,
720575941595238181,SNta21,
720575941595277607,SNta45,
720575941595291687,SNpp50,
720575941595302439,SNta22,
720575941595321895,SNta29,
720575941595413361,SNta03,
720575941595449302,SNpp39,
720575941595535237,SNxx33,
720575941595541873,SNta27,
720575941595543173,SNta43,
720575941595553669,SNxxxx,
720575941595556229,SNxx14,
720575941595561093,SNch08,
720575941595563909,SNpp51,
720575941595596581,SNpp16,
720575941595613317,SNta35,
720575941595643269,SNta30,
720575941595656069,SNxxxx,
720575941595664261,SNpp57,
720575941595679877,,
720575941595691653,SNta36,
720575941595694725,SNch05,
720575941595785116,SNta43,
720575941595833529,SNta30,
720575941595853425,SNta42,
720575941595865280,SNxx02,
720575941595922801,SNpp39,
720575941595941489,SNppxx,
720575941595955868,SNta21,
720575941595962737,SNpp19,
720575941595963761,SNpp50,
720575941595979164,SNta20,
720575941595979712,SNta09,
720575941595982449,SNpp52,
720575941595989617,SNta38,
720575941596039207,SNta21,
720575941596090268,SNpp02,
720575941596116357,SNxxxx,
720575941596139164,SNta34,
720575941596141445,SNta40,
720575941596168128,,
720575941596223424,SNta04,
720575941596303237,SNxxxx,
720575941596344197,SNta37,
720575941596351929,SNta32,
720575941596402821,SNta37,
720575941596416881,SNpp11,
720575941596422277,abdominal_ppk_neuron,
720575941596426373,SNpp19,
720575941596651377,SNta21,
720575941596652913,SNpp39,
720575941596670364,SNta42,
720575941597033116,SNta37,
720575941597037212,SNch05,
720575941597270720,SNch01,
720575941597279168,SNta45,
720575941597324736,SNpp18,
720575941597368732,SNpp52,
720575941597371804,SNta20,
720575941597374876,SNta11,
720575941597393308,SNch05,
720575941597410716,SNppxx,
720575941597420956,SNpp60,
720575941597425564,SNpp50,
720575941597433500,SNxx04,
720575941597491904,SNta25,
720575941597505948,SNch07,
720575941597522617,SNpp22,
720575941597528512,SNppxx,
720575941597531072,SNppxx,
720575941597643712,SNta42,
720575941597644992,SNpp22,
720575941597652160,SNxxxx,
720575941597655488,SNch10,
720575941597694761,SNxxxx,
720575941597734592,SNta24,
720575941597735360,SNta39,
720575941597740480,SNpp50,
720575941597743296,SNta43,
720575941597800384,SNpp45,
720575941597823785,SNta37,
720575941597963049,SNpp47,
720575941597989276,SNxx06,
720575941597990044,SNch10,
720575941597990300,SNta43,
720575941597997097,SNxxxx,
720575941598003753,SNta33,
720575941598059561,SNpp29,
720575941598282176,SNxx10,
720575941598291904,SNxx06,
720575941598302364,SNpp52,
720575941598316329,SNta28,
720575941598336668,SNpp32,
720575941598496448,SNxxxx,
720575941598510528,SNxx04,
720575941598549952,SNta34,
720575941598598336,SNta43,
720575941598666176,SNta18,
720575941598916764,SNppxx,
720575941598924444,SNppxx,
720575941598954908,SNppxx,
720575941598975644,SNta21,
720575941599240489,SNta45,
720575941599331518,SNpp22,
720575941599433408,SNta20,
720575941599464233,SNpp16,
720575941599470889,SNta37,
720575941599514409,SNppxx,
720575941599515433,SNxxxx,
720575941599516201,SNpp41,
720575941599526953,SNta30,
720575941599530281,SNta11,
720575941599575593,SNch06,
720575941599578409,SNch10,
720575941599588649,SNch10,
720575941599597353,SNta30,
720575941599607337,SNta20,
720575941599648553,SNpp39,
720575941600027945,SNta11,
720575941600242982,SNta11,
720575941600275494,SNch03,
720575941600297766,SNch12,
720575941600542249,SNxx03,
720575941600542505,SNxxxx,
720575941600635321,SNta37,
720575941600676646,SNta04,
720575941600846118,SNta11,
720575941600849702,SNch12,
720575941600978729,SNxxxx,
720575941601136374,SNpp43,
720575941601147833,SNta09,
720575941601173494,SNta30,
720575941601244918,SNta42,
720575941601251810,SNta43,
720575941601258230,SNta23,
720575941601281065,SNpp45,
720575941601294889,SNpp52,
720575941601377014,SNta09,
720575941601391142,SNta18,
720575941601391862,SNta38,
720575941601448438,SNta26,
720575941601478438,SNch04,
720575941601490982,SNch12,
720575941601596198,SNch04,
720575941601637414,SNch04,
720575941601691174,SNta43,
720575941601769718,SNch02,
720575941601928674,SNta04,
720575941602001890,SNta04,
720575941602075430,SNxxxx,
720575941602093246,SNxx04,
720575941602130726,SNta24,
720575941602142178,SNta04,
720575941602180390,SNta24,
720575941602290366,SNxxxx,
720575941602404030,SNpp52,
720575941602429118,SNta42,
720575941602479545,SNch02,
720575941602481081,SNta21,
720575941602568182,SNta29,
720575941602568694,SNpp61,
720575941602782137,abdominal_ppk_neuron,
720575941602833593,SNta29,
720575941602836409,SNpp50,
720575941602838201,SNta44,
720575941602921206,SNta26,
720575941602921401,SNtaxx,
720575941602921462,SNta37,
720575941602922681,SNxx29,
720575941602923705,SNta38,
720575941602928825,SNppxx,
720575941602933750,SNch02,
720575941602934713,,
720575941602948086,SNta40,
720575941602967286,SNta29,
720575941602977721,SNppxx,
720575941603059190,SNxx03,
720575941603072502,SNpp02,
720575941603485174,SNta29,
720575941603560230,SNta11,
720575941603581734,SNch12,
720575941603605030,SNch02,
720575941603608310,SNta29,
720575941603608822,SNxxxx,
720575941603647166,SNch12,
720575941603700409,SNch06,
720575941603737273,SNpp50,
720575941603759289,SNppxx,
720575941603770041,SNta41,
720575941603936702,SNpp16,
720575941604005054,SNch05,
720575941604025790,SNta36,
720575941604034238,,
720575941604057570,SNch06,
720575941604058046,SNpp50,
720575941604127458,SNch02,
720575941604164798,SNch10,
720575941604168894,,
720575941604172478,SNta23,
720575941604186046,SNta29,
720575941604189630,SNxx14,
720575941604343334,SNta04,
720575941604467867,SNxx33,
720575941604498843,SNta21,
720575941604549622,SNxx05,
720575941604683046,SNta45,
720575941604703678,SNxxxx,
720575941604777186,SNta04,
720575941604802342,SNta44,
720575941604856546,SNch04,
720575941604911725,SNta02,
720575941604916845,SNta28,
720575941604988350,SNta34,
720575941605007038,SNppxx,
720575941605010878,SNta29,
720575941605080034,SNta44,
720575941605104749,SNta09,
720575941605121574,SNxxxx,
720575941605155110,SNta44,
720575941605277922,SNta19,
720575941605278178,SNta30,
720575941605282413,,
720575941605475774,SNpp45,
720575941605554366,SNppxx,
720575941605559917,SNch02,
720575941605767650,SNch04,
720575941606084205,SNxx33,
720575941606092653,SNch11,
720575941606150882,SNta44,
720575941606157794,SNxxxx,
720575941606162146,SNta30,
720575941606239714,SNch12,
720575941606267245,SNta23,
720575941606537581,SNxx26,
720575941606637677,SNch09,
720575941606639981,SNta04,
720575941606642541,SNpp50,
720575941606658413,SNta44,
720575941606662509,SNxxxx,
720575941606675565,SNta45,
720575941606684781,,
720575941606686829,SNxx15,
720575941606689901,SNch12,
720575941606778989,SNch06,
720575941606793837,SNxx03,
720575941606795373,SNch05,
720575941606798445,,
720575941606801261,SNxx03,
720575941606806637,SNta38,
720575941606812525,SNta34,
720575941606814573,SNxx02,
720575941606821229,SNta30,
720575941606852461,SNpp46,
720575941607110765,SNxxxx,
720575941607567213,SNxx03,
720575941607583341,SNpp52,
720575941607596909,SNta28,
720575941608265034,SNta20,
720575941608300874,SNpp28,
720575941608358730,SNpp19,
720575941608498506,SNta29,
720575941608509002,SNta30,
720575941608557130,SNta43,
720575941608629066,SNpp29,
720575941608769513,SNta09,
720575941608773097,SNta02,
720575941608807657,SNta30,
720575941608957929,SNpp17,
720575941608997097,SNta09,
720575941609194413,SNta09,
720575941609196262,SNpp23,
720575941609228461,SNxx01,
720575941609298022,SNta09,
720575941609341030,SNxx04,
720575941609350061,SNpp10,
720575941609413606,SNta29,
720575941609414246,SNta29,
720575941609462886,SNta44,
720575941609481133,SNta29,
720575941609487789,SNpp23,
720575941609563622,SNxx19,
720575941609567462,SNta30,
720575941609578342,SNta05,
720575941609621834,SNpp19,
720575941609624138,SNta42,
720575941609636838,,
720575941609670246,SNta37,
720575941609699174,SNta04,
720575941609920998,,
720575941609977065,SNch06,
720575941610063334,SNch11,
720575941610094057,SNxxxx,
720575941610110026,SNpp39,
720575941610113354,SNxx33,
720575941610116841,SNpp45,
720575941610122570,SNta27,
720575941610132042,SNta35,
720575941610138442,SNch14,
720575941610157386,SNta36,
720575941610194914,SNch12,
720575941610213194,SNta37,
720575941610219558,SNch03,
720575941610220582,SNch03,
720575941610229322,SNch05,
720575941610234954,SNch10,
720575941610235466,SNxx04,
720575941610237258,SNta04,
720575941610237770,SNta44,
720575941610243146,SNpp60,
720575941610261993,SNxx30,
720575941610288098,SNch02,
720575941610333666,SNch02,
720575941610341346,SNch02,
720575941610350562,SNch12,
720575941610354658,SNch04,
720575941610439145,SNta31,
720575941610446300,SNta02,
720575941610452457,SNta39,
720575941610458601,SNta04,
720575941610462953,SNxx22,
720575941610485225,SNpp39,
720575941610512873,,
720575941610514921,SNch05,
720575941610538729,SNta09,
720575941610545385,SNta37,
720575941610546665,SNta44,
720575941610550249,SNta39,
720575941610573130,SNta29,
720575941610609581,SNch05,
720575941610611117,SNta43,
720575941610613677,SNta43,
720575941610658524,SNpp02,
720575941610671068,SNxx14,
720575941610676454,SNta21,
720575941610676966,SNta29,
720575941610677478,SNpp45,
720575941610678502,SNta38,
720575941610682086,SNpp15,
720575941610695718,SNch14,
720575941610697766,SNch14,
720575941610720330,SNta28,
720575941610750822,SNta38,
720575941610755686,SNxxxx,
720575941610760294,SNta45,
720575941610792230,SNch16,
720575941610808906,SNpp51,
720575941610892874,SNppxx,
720575941610898349,SNta37,
720575941610920109,SNta41,
720575941610941926,SNta20,
720575941610949350,SNta43,
720575941610960870,SNta23,
720575941610967782,SNpp07,
720575941611014630,SNta19,
720575941611015654,SNxx04,
720575941611021030,SNta29,
720575941611024301,SNxx05,
720575941611036589,SNta44,
720575941611037414,SNch09,
720575941611040429,SNxx06,
720575941611042793,SNta20,
720575941611044838,SNta30,
720575941611051594,SNta29,
720575941611052362,SNta42,
720575941611053286,SNxx04,
720575941611059942,SNta37,
720575941611061990,SNch05,
720575941611064294,SNppxx,
720575941611095370,SNta25,
720575941611164006,SNch09,
720575941611169382,SNta28,
720575941611218250,,
720575941611260006,SNxxxx,
720575941611267686,,
720575941611287654,SNta38,
720575941611297382,SNta38,
720575941611348457,SNta35,
720575941611350505,SNpp45,
720575941611352553,SNta03,
720575941611365414,SNta30,
720575941611369449,SNta35,
720575941611413737,SNta05,
720575941611432109,SNxx19,
720575941611469229,SNch15,
720575941611479725,SNpp35,
720575941611480650,SNxxxx,
720575941611486125,SNta19,
720575941611732909,SNppxx,
720575941611739978,SNch01,
720575941611741542,SNxxxx,
720575941611783388,SNpp56,
720575941611856742,SNch04,
720575941611861225,SNch05,
720575941611904745,SNxx03,
720575941611904870,SNta28,
720575941611920045,SNpp50,
720575941611937965,SNch06,
720575941611939036,SNta20,
720575941611950044,SNxx10,
720575941612031590,SNta29,
720575941612033126,SNppxx,
720575941612067548,SNpp22,
720575941612068198,SNppxx,
720575941612076518,SNta45,
720575941612110118,SNxx26,
720575941612214758,SNppxx,
720575941612299484,SNta09,
720575941612314076,SNxx16,
720575941612318940,SNxx01,
720575941612327644,SNpp41,
720575941612330972,SNta34,
720575941612336604,SNta32,
720575941612337116,SNta32,
720575941612337628,SNta44,
720575941612340444,SNta14,
720575941612346332,SNta29,
720575941612348380,SNpp56,
720575941612358950,SNpp28,
720575941612370140,SNch09,
720575941612413083,SNxx33,
720575941612418012,SNch10,
720575941612448732,SNch05,
720575941612452838,SNppxx,
720575941612454364,SNch13,
720575941612455676,SNpp41,
720575941612457446,SNta21,
720575941612459484,SNxx04,
720575941612462332,SNpp41,
720575941612471910,SNpp22,
720575941612483036,SNta24,
720575941612486620,SNta27,
720575941612503772,,
720575941612511452,SNxx03,
720575941612513756,SNta34,
720575941612516828,SNch16,
720575941612517596,SNta29,
720575941612518108,SNtaxx,
720575941612519388,SNxxxx,
720575941612525020,SNta30,
720575941612526044,SNxx04,
720575941612541660,SNta34,
720575941612551132,SNpp50,
720575941612619878,SNch05,
720575941612657404,SNxxxx,
720575941612662169,SNpp43,
720575941612667545,SNch07,
720575941612680109,SNppxx,
720575941612685977,SNxx33,
720575941612703405,SNta14,
720575941612707993,SNta37,
720575941612723629,SNpp39,
720575941612735641,SNta38,
720575941612742573,SNpp39,
720575941612777901,SNxx05,
720575941612786585,SNch11,
720575941612933139,SNpp07,
720575941613271548,SNpp59,
720575941613352979,abdominal_ppk_neuron,
720575941613365011,SNta04,
720575941613370131,SNta24,
720575941613371155,SNxx04,
720575941613431036,SNta24,
720575941613439452,SNta23,
720575941613453532,SNxx29,
720575941613455635,SNta45,
720575941613462035,SNpp60,
720575941613469459,SNxx04,
720575941613474323,SNch01,
720575941613647324,SNxxxx,
720575941613788703,SNpp51,
720575941613984275,SNta39,
720575941613984988,SNta14,
720575941614000092,SNta07,
720575941614001171,SNta26,
720575941614015964,SNta21,
720575941614029721,SNxx02,
720575941614029977,SNxxxx,
720575941614100255,SNta41,
720575941614240508,,
720575941614289561,SNpp43,
720575941614368153,SNta21,
720575941614370969,SNta23,
720575941614666259,SNppxx,
720575941614736281,SNta23,
720575941614801621,SNta20,
720575941614888601,SNxxxx,
720575941614914067,SNta21,
720575941614922771,SNch01,
720575941615009945,SNpp52,
720575941615150293,SNch09,
720575941615188220,IN14A026,
720575941615282073,,
720575941615301785,SNta38,
720575941615851673,SNch05,
720575941616042278,SNta43,
720575941616157909,SNta34,
720575941616161237,SNta18,
720575941616198438,SNxxxx,
720575941616223270,SNxxxx,
720575941616247590,SNta43,
720575941616256550,SNta43,
720575941616262182,SNta43,
720575941616487381,SNta29,
720575941616493013,SNpp40,
720575941616494630,SNta43,
720575941616505557,SNxx04,
720575941616517333,SNch10,
720575941616527573,SNta21,
720575941616535334,SNta43,
720575941616536277,SNxx05,
720575941616542165,SNch02,
720575941616545749,SNta34,
720575941616572885,SNta24,
720575941616573666,SNch03,
720575941616654965,,
720575941616701141,SNch05,
720575941616709077,SNta19,
720575941616715733,SNxx01,
720575941616762837,SNta25,
720575941616773158,SNxxxx,
720575941616775893,SNpp43,
720575941616776742,SNta37,
720575941616855590,SNta43,
720575941616855669,SNxxxx,
720575941616889382,SNta43,
720575941617120469,SNch09,
720575941617126869,SNta43,
720575941617174133,SNta38,
720575941617175935,SNta09,
720575941617218677,SNtaxx,
720575941617325429,SNta26,
720575941617344127,SNta20,
720575941617427061,SNta44,
720575941617438335,SNta19,
720575941617495423,SNta28,
720575941617725567,SNch02,
720575941617997941,,
720575941618269990,SNch02,
720575941618450982,SNch02,
720575941618563199,SNta31,
720575941618563967,SNpp49,
720575941618564479,SNta40,
720575941618736678,SNta04,
720575941618797094,SNta04,
720575941618824998,SNta04,
720575941618893183,SNpp39,
720575941618896511,SNta03,
720575941618908031,SNch10,
720575941618909541,SNxx05,
720575941618910053,SNxx01,
720575941618920831,SNpp02,
720575941618958975,SNta01,
720575941618978175,SNch10,
720575941618993378,SNta39,
720575941619000703,SNxx14,
720575941619005823,SNta44,
720575941619007615,SNta35,
720575941619015807,,
720575941619028095,SNppxx,
720575941619029375,SNpp52,
720575941619075366,SNch12,
720575941619089958,SNch12,
720575941619243135,SNta44,
720575941619409525,SNta29,
720575941619423714,SNta04,
720575941619731170,SNxxxx,
720575941619731426,SNpp39,
720575941619733218,SNta32,
720575941619733986,SNxxxx,
720575941619735522,SNta43,
720575941619738338,SNch11,
720575941619744738,SNta25,
720575941619744994,SNxxxx,
720575941619745762,SNta29,
720575941619746274,SNch05,
720575941619746530,SNta30,
720575941619749090,SNch09,
720575941619749602,SNxx33,
720575941619763170,SNch12,
720575941619874175,SNta40,
720575941619885951,SNch03,
720575941619886719,SNch06,
720575941619897215,SNch05,
720575941619908965,SNxx01,
720575941619909247,SNppxx,
720575941619912293,SNxx15,
720575941620461439,SNpp29,
720575941620673151,SNch05,
720575941621573884,SNta38,
720575941621660924,SNta29,
720575941622232060,SNpp42,
720575941622900220,SNta26,
720575941623155196,SNpp51,
720575941623203324,SNch04,
720575941623245308,SNxx04,
720575941623264714,SNpp02,
720575941623283146,SNch09,
720575941623294716,SNxx03,
720575941623295178,SNch05,
720575941623302396,SNta38,
720575941623306748,SNxx14,
720575941623313660,SNta29,
720575941623316220,SNch02,
720575941623330556,SNpp52,
720575941623340426,SNta09,
720575941623351963,SNxx28,
720575941623377354,SNpp37,
720575941623473253,SNppxx,
720575941623475611,SNta09,
720575941623528091,SNpp02,
720575941623534986,SNta26,
720575941623576458,SNta29,
720575941623585644,SNta43,
720575941623639195,SNpp06,
720575941623682442,SNta04,
720575941623696522,SNta35,
720575941624105098,SNch04,
720575941624180476,SNxx03,
720575941624189180,SNta29,
720575941624189436,SNta30,
720575941624211708,SNxxxx,
720575941624212988,SNxx02,
720575941624478410,SNta04,
720575941624479178,SNch10,
720575941624485834,SNxx04,
720575941624613116,SNxxxx,
720575941624624236,SNch05,
720575941624665570,SNch04,
720575941624760428,SNta29,
720575941624765036,SNta28,
720575941624790012,SNta02,
720575941624808188,SNxx04,
720575941624817148,SNta20,
720575941624818284,SNppxx,
720575941624830716,SNppxx,
720575941624830972,SNpp52,
720575941624848778,SNppxx,
720575941624891274,SNta29,
720575941624899722,SNta27,
720575941624915611,SNta33,
720575941624921243,SNta04,
720575941624922732,SNppxx,
720575941624929435,SNpp11,
720575941624929947,SNta20,
720575941624935323,SNch05,
720575941624939978,SNppxx,
720575941624941211,SNta40,
720575941624967626,SNxx14,
720575941624977098,SNta32,
720575941625022316,SNta30,
720575941625038282,SNxx01,
720575941625046218,SNch10,
720575941625052059,SNxx33,
720575941625052827,SNch07,
720575941625053339,SNch11,
720575941625056155,,
720575941625057125,SNpp50,
720575941625064091,SNta20,
720575941625067675,SNta37,
720575941625068955,SNta37,
720575941625072027,SNta32,
720575941625081243,,
720575941625088155,SNxxxx,
720575941625153132,SNch01,
720575941625169516,SNta25,
720575941625170796,SNxxxx,
720575941625172076,SNta25,
720575941625172332,SNpp59,
720575941625189228,SNta39,
720575941625189484,SNch12,
720575941625198956,SNta20,
720575941625200236,SNta37,
720575941625259402,SNpp45,
720575941625261676,SNch05,
720575941625265772,SNppxx,
720575941625272202,SNta29,
720575941625296266,SNta29,
720575941625299850,SNch05,
720575941625344394,SNta35,
720575941625344906,SNta29,
720575941625401226,SNch09,
720575941625407370,SNpp11,
720575941625408394,SNxx12,
720575941625411210,SNpp51,
720575941625414794,SNxxxx,
720575941625528731,SNta25,
720575941625555658,SNta35,
720575941625610698,SNpp04,
720575941625777034,SNxxxx,
720575941625837164,SNpp32,
720575941625844123,SNta39,
720575941625845450,SNppxx,
720575941625884268,SNxx04,
720575941625913994,SNta37,
720575941625957531,SNxx02,
720575941625959835,SNta20,
720575941625962395,SNxx16,
720575941626065004,SNxxxx,
720575941626110346,SNxx22,
720575941626274698,SNpp39,
720575941626496364,SNta31,
720575941626511818,SNch05,
720575941626523082,SNch01,
720575941626554937,SNxx19,
720575941626609721,SNxx14,
720575941626613817,SNppxx,
720575941626618425,SNta37,
720575941626634809,SNta42,
720575941626807334,SNta02,
720575941626812966,SNta02,
720575941627040038,SNpp60,
720575941627046694,SNta34,
720575941627147558,SNch09,
720575941627173177,SNxxxx,
720575941627185721,SNxx01,
720575941627191865,SNtaxx,
720575941627193145,SNta31,
720575941627194425,SNxxxx,
720575941627196217,SNppxx,
720575941627221286,SNpp51,
720575941627410214,SNta04,
720575941627441209,SNta42,
720575941627950905,SNta33,
720575941628004665,SNta30,
720575941628366649,SNpp45,
720575941628602406,SNta09,
720575941628604217,SNppxx,
720575941628615138,SNpp23,
720575941628619577,SNta20,
720575941628698082,SNta09,
720575941628709414,SNta19,
720575941628715234,SNch09,
720575941628727778,SNxxxx,
720575941628732966,SNta45,
720575941628778210,SNta38,
720575941628790754,SNch04,
720575941628799270,SNxx04,
720575941628821798,SNta38,
720575941628841254,,
720575941628844070,SNxx01,
720575941628845350,SNxx01,
720575941628845606,SNxx33,
720575941628872486,SNxx03,
720575941628873254,CV1022,
720575941628876838,SNta04,
720575941628879910,SNta35,
720575941628880678,SNch05,
720575941628897574,SNpp43,
720575941629078764,SNpp47,
720575941629084130,SNch12,
720575941629165804,SNta09,
720575941629274860,SNta25,
720575941629292012,SNpp21,
720575941629438246,SNxx05,
720575941629457132,SNxx22,
720575941629486572,SNta20,
720575941629512172,SNta37,
720575941629572134,SNch10,
720575941629722150,SNta25,
720575941629728038,SNta37,
720575941630099426,SNta03,
720575941630102725,SNpp57,
720575941630108130,SNxx04,
720575941630112226,SNta42,
720575941630118370,SNta38,
720575941630120418,SNta31,
720575941630124770,SNxx04,
720575941630143970,SNxxxx,
720575941630190050,SNxx03,
720575941630198242,SNxxxx,
720575941630199522,SNtaxx,
720575941630202082,SNta27,
720575941630297894,SNch05,
720575941630306854,SNxx03,
720575941630386373,SNch05,
720575941630500000,SNta09,
720575941630569829,,
720575941630674592,SNta03,
720575941630695138,SNxxxx,
720575941630701984,SNta09,
720575941630727148,SNxxxx,
720575941630834914,SNpp32,
720575941630880955,SNpp22,
720575941630888864,SNta04,
720575941631002338,PU,
720575941631043003,SNch01,
720575941631076332,SNch12,
720575941631106284,SNch06,
720575941631111916,,
720575941631120620,SNch08,
720575941631121900,SNtaxx,
720575941631122924,SNch06,
720575941631124972,SNta37,
720575941631126508,SNxx05,
720575941631130860,SNta02,
720575941631133420,SNch03,
720575941631143660,SNch06,
720575941631154924,SNta14,
720575941631155948,SNppxx,
720575941631162348,SNch02,
720575941631165627,SNpp59,
720575941631173100,SNxx23,
720575941631173868,SNta34,
720575941631186412,SNxx03,
720575941631191020,SNxx04,
720575941631192812,SNta04,
720575941631193324,SNxx10,
720575941631197676,SNxx03,
720575941631204844,SNta37,
720575941631205612,SNpp39,
720575941631211244,,
720575941631212780,SNta44,
720575941631215596,SNta27,
720575941631223788,SNta44,
720575941631229932,abdominal_ppk_neuron,
720575941631391202,SNta42,
720575941631520236,SNta24,
720575941631597794,,
720575941631644130,SNxx03,
720575941631665890,SNxx04,
720575941631698146,SNch04,
720575941631747232,PU,
720575941631748000,,
720575941631768556,SNta11,
720575941631954629,SNta29,
720575941631974341,SNpp44,
720575941631979205,SNta43,
720575941631982277,SNch04,
720575941631985349,SNch07,
720575941632002501,SNta31,
720575941632020677,SNta41,
720575941632024517,SNxxxx,
720575941632048837,SNta34,
720575941632079301,SNxx33,
720575941632079813,SNta32,
720575941632085445,SNta42,
720575941632113056,SNpp45,
720575941632137888,SNta19,
720575941632140731,SNpp35,
720575941632253088,IN01B091,
720575941632269984,SNch05,
720575941632271264,SNta44,
720575941632274592,SNxx01,
720575941632280224,SNta38,
720575941632280736,SNta32,
720575941632281504,SNta45,
720575941632315067,SNta39,
720575941632486587,SNpp39,
720575941632609477,SNta43,
720575941632659436,SNta02,
720575941632660411,SNch06,
720575941632665324,SNch05,
720575941632674796,SNta33,
720575941632678892,SNpp39,
720575941632685755,SNta21,
720575941632687035,SNta38,
720575941632687596,SNta21,
720575941632693435,SNta37,
720575941632699835,SNxxxx,
720575941632726469,SNta42,
720575941632779451,SNxx03,
720575941632818373,SNxx03,
720575941632822981,,
720575941632828859,SNpp44,
720575941632870560,SNch12,
720575941632907717,SNta43,
720575941632939680,SNxx03,
720575941633052064,PU,
720575941633070240,SNta42,
720575941633096608,SNxx08,
720575941633097888,SNta38,
720575941633107616,SNch10,
720575941633111968,SNpp39,
720575941633249723,SNta28,
720575941633260485,SNpp16,
720575941633588411,PU,
720575941633602757,SNxx01,
720575941633603525,SNppxx,
720575941633810037,SNta29,
720575941634325947,SNpp45,
720575941634340539,SNpp62,
720575941634368699,SNpp62,
720575941634380987,SNta21,
720575941634409403,SNta21,
720575941635047525,SNta39,
720575941635232357,SNta38,
720575941635244645,SNta38,
720575941635558757,SNch10,
720575941635777125,SNta39,
720575941636231029,SNta23,
720575941636248933,SNxx03,
720575941636252277,SNxxxx,
720575941636285045,SNta09,
720575941636318581,SNta29,
720575941636446069,SNta26,
720575941636552565,SNch07,
720575941636673909,SNch12,
720575941636748405,SNta35,
720575941637642357,SNpp24,
720575941637803039,SNch05,
720575941637820789,SNta38,
720575941637821045,SNta38,
720575941637822581,SNta29,
720575941637948959,SNta39,
720575941638072607,SNta09,
720575941638108191,SNta21,
720575941638110495,SNta29,
720575941638121247,SNta28,
720575941638274421,SNpp16,
720575941638297717,SNpp52,
720575941638308725,SNta04,
720575941638318453,SNta42,
720575941638323829,SNta19,
720575941638329205,SNxxxx,
720575941638337653,SNta43,
720575941638417269,SNxx04,
720575941638425461,SNch06,
720575941638428533,SNpp57,
720575941638432117,SNta43,
720575941638451829,SNxx06,
720575941638477173,SNpp51,
720575941638477941,,
720575941638972789,SNch09,
720575941638982773,SNch14,
720575941638984565,SNpp44,
720575941639102837,SNta38,
720575941639118197,SNta38,
720575941639122037,SNpp39,
720575941639198751,SNta18,
720575941639234772,SNta37,
720575941639286996,SNtaxx,
720575941639297909,SNpp41,
720575941639316436,SNta38,
720575941639324277,SNpp41,
720575941639330004,SNta39,
720575941639334100,SNta38,
720575941639346293,SNta32,
720575941639356533,SNxx21,
720575941639370452,SNta38,
720575941639486239,SNxx03,
720575941639513631,SNta28,
720575941639553055,SNta30,
720575941639563039,SNta29,
720575941639564831,SNta42,
720575941639569951,SNta35,
720575941639570207,SNta31,
720575941639592916,SNta43,
720575941639593428,SNta43,
720575941639623892,SNtaxx,
720575941639630548,SNtaxx,
720575941639647519,SNta30,
720575941639648543,SNch09,
720575941639650335,SNta39,
720575941639650591,SNta44,
720575941639665183,SNpp41,
720575941639732948,SNta43,
720575941639733716,SNta38,
720575941639733972,SNta38,
720575941639834997,SNch05,
720575941639848309,SNppxx,
720575941639908564,SNta38,
720575941639912660,SNtaxx,
720575941640006868,SNta38,
720575941640168479,SNpp57,
720575941640168991,SNta33,
720575941640210207,SNpp58,
720575941640444191,SNpp50,
720575941640449055,SNpp42,
720575941640847461,SNta02,
720575941641001317,SNpp15,
720575941641037413,SNta25,
720575941641042789,SNpp02,
720575941641092709,SNta37,
720575941641218405,SNta35,
720575941641371749,SNpp59,
720575941641614418,SNta09,
720575941641776210,SNta20,
720575941642150757,SNta44,
720575941642256248,SNxx20,
720575941642287480,SNta29,
720575941642406501,SNta30,
720575941642437281,SNta02,
720575941642441592,SNta25,
720575941642474657,SNta09,
720575941642544741,SNta37,
720575941642611557,SNpp02,
720575941642613153,,
720575941642628552,SNta40,
720575941642629989,SNta30,
720575941642637925,SNta44,
720575941642643557,SNpp39,
720575941642648933,SNpp22,
720575941642689441,SNta09,
720575941642789793,SNta42,
720575941642795169,SNta34,
720575941642796626,SNxxxx,
720575941642946248,SNta37,
720575941642996818,SNppxx,
720575941643069778,SNxxxx,
720575941643074386,SNch11,
720575941643079585,SNch12,
720575941643094610,SNch05,
720575941643096146,SNta42,
720575941643098962,SNta35,
720575941643102290,SNch02,
720575941643104594,SNch12,
720575941643186770,SNta27,
720575941643194213,SNta25,
720575941643207762,SNxx04,
720575941643208274,SNta38,
720575941643210322,SNxx04,
720575941643211858,SNxx14,
720575941643213138,SNta37,
720575941643367288,SNxx10,
720575941643433829,SNxx03,
720575941643444837,SNpp51,
720575941643463269,SNxx15,
720575941643493752,SNta28,
720575941643494776,SNxx14,
720575941643497080,SNta42,
720575941643635064,SNta29,
720575941643678053,SNppxx,
720575941643680594,SNta38,
720575941643686738,SNxxxx,
720575941643855480,SNch10,
720575941643857272,SNch06,
720575941643858808,SNch05,
720575941643861368,SNxx33,
720575941643885688,SNta04,
720575941643945160,SNta29,
720575941643955320,SNxx22,
720575941643956424,SNta11,
720575941643957880,SNxxxx,
720575941643980664,SNta21,
720575941643984229,SNpp60,
720575941643990392,SNta40,
720575941643991416,SNtaxx,
720575941643995000,SNxxxx,
720575941643995512,SNta38,
720575941643997048,SNta35,
720575941643999096,SNta29,
720575941644005240,SNta38,
720575941644008056,SNch14,
720575941644013176,SNch06,
720575941644016248,SNta23,
720575941644022136,SNxx06,
720575941644024952,SNta31,
720575941644052562,SNpp18,
720575941644063826,SNta29,
720575941644081234,,
720575941644084088,SNppxx,
720575941644211617,SNxx04,
720575941644226465,SNta29,
720575941644236232,SNpp16,
720575941644260040,SNta28,
720575941644278984,SNch10,
720575941644312776,SNch12,
720575941644316360,SNxx05,
720575941644317640,SNta37,
720575941644368504,SNpp39,
720575941644383944,SNxxxx,
720575941644385480,SNxx03,
720575941644395738,SNxx33,
720575941644413896,SNxx04,
720575941644421832,SNta29,
720575941644426184,SNta27,
720575941644427208,SNta29,
720575941644431560,SNpp60,
720575941644433096,SNta45,
720575941644574840,SNta40,
720575941644634744,SNta11,
720575941644684961,SNta04,
720575941644732577,SNch06,
720575941644733857,,
720575941644745810,SNch05,
720575941644777889,SNxx03,
720575941644805970,SNta13,
720575941644868257,SNta27,
720575941644888696,SNch06,
720575941644911816,SNta44,
720575941644934856,SNpp50,
720575941645007265,SNta35,
720575941645088673,SNpp32,
720575941645260232,SNta31,
720575941645265352,SNta26,
720575941645317576,SNpp45,
720575941645616801,SNpp45,
720575941645618337,SNpp39,
720575941645656440,SNxx20,
720575941645675425,SNxx05,
720575941645697144,SNch01,
720575941645708920,SNch05,
720575941645973960,SNta21,
720575941649166613,SNta28,
720575941649321237,SNta09,
720575941649347349,SNch01,
720575941649443349,SNta37,
720575941649809685,SNch03,
720575941649987569,SNta08,
720575941649992177,SNta09,
720575941650002161,SNpp02,
720575941650002929,SNpp02,
720575941650004465,SNch05,
720575941650088177,SNch05,
720575941650095857,SNta29,
720575941650124529,SNch07,
720575941650516245,,
720575941650520341,SNch05,
720575941650521621,SNch11,
720575941650745105,SNch05,
720575941650811157,SNxx19,
720575941650821909,SNta29,
720575941650837269,SNta30,
720575941650851093,SNch03,
720575941650855701,SNpp39,
720575941650872341,SNch12,
720575941650890257,SNta09,
720575941650922257,SNpp52,
720575941651216113,SNxx04,
720575941651307249,SNta09,
720575941651523825,SNta42,
720575941651573269,SNta42,
720575941651578097,SNta27,
720575941651635441,SNta04,
720575941651639793,SNch03,
720575941651645937,SNxx29,
720575941651724785,SNch05,
720575941651725041,SNpp47,
720575941651725809,SNxxxx,
720575941651726065,SNpp22,
720575941651810581,SNta37,
720575941652076505,SNta09,
720575941652089049,SNta09,
720575941652158425,SNta02,
720575941652224785,SNpp41,
720575941652250865,SNta27,
720575941652297177,SNta37,
720575941652325081,SNta37,
720575941652391385,SNta29,
720575941652397273,SNta09,
720575941652410836,SNch09,
720575941652417236,SNppxx,
720575941652612369,SNxx06,
720575941652621073,SNta45,
720575941652640017,SNta04,
720575941652642577,SNta11,
720575941652668689,SNxx05,
720575941652713684,SNta42,
720575941652745684,SNxx04,
720575941652746001,SNch03,
720575941652750353,,
720575941652758289,SNch13,
720575941652769041,SNta38,
720575941652780049,SNta43,
720575941652783121,SNxx22,
720575941652784913,SNxx20,
720575941652852692,SNta09,
720575941652943572,SNta28,
720575941652960724,SNch05,
720575941652961492,SNta35,
720575941652961748,SNta35,
720575941652966129,SNta23,
720575941653161713,SNch05,
720575941653171473,SNta37,
720575941653526289,SNxx22,
720575941653561361,SNxx33,
720575941653570321,SNta21,
720575941653571089,SNpp19,
720575941653624537,SNta29,
720575941653863129,SNpp07,
720575941653882324,SNpp45,
720575941653945300,SNta35,
720575941653998548,SNta29,
720575941654029017,SNxx03,
720575941654030297,SNta35,
720575941654030809,SNch04,
720575941654033113,SNppxx,
720575941654033625,SNta03,
720575941654083028,SNxx06,
720575941654155225,SNta25,
720575941654155737,SNta43,
720575941654161625,SNta19,
720575941654163156,SNta42,
720575941654165721,SNppxx,
720575941654166489,,
720575941654198233,SNxxxx,
720575941654201305,SNxxxx,
720575941654234897,SNta23,
720575941654326228,SNppxx,
720575941654376660,SNxx05,
720575941654397908,SNta42,
720575941654472409,SNta37,
720575941654505428,SNch05,
720575941654525396,SNch12,
720575941654528468,SNxx02,
720575941654559700,SNxx04,
720575941654638804,,
720575941654648532,SNpp02,
720575941654659028,SNta04,
720575941654661076,,
720575941654661332,SNta26,
720575941654664660,SNpp02,
720575941654692052,SNta29,
720575941654692820,SNppxx,
720575941654695124,SNxx04,
720575941654701780,SNta45,
720575941654706388,SNta23,
720575941654706900,SNta32,
720575941654710740,,
720575941654712276,SNta29,
720575941655015385,SNch10,
720575941655192788,SNpp60,
720575941655526100,SNpp39,
720575941655641817,SNpp62,
720575941655663065,SNta20,
720575941655916824,SNch05,
720575941655995160,SNta28,
720575941656018968,SNpp20,
720575941656021784,SNta43,
720575941656119376,SNta09,
720575941656137552,SNta13,
720575941656154704,SNch12,
720575941656329040,SNpp42,
720575941656354896,SNpp01,
720575941656380496,SNta25,
720575941656383824,SNch12,
720575941656389200,SNta37,
720575941656391760,SNta21,
720575941656565584,SNpp60,
720575941656643408,SNta04,
720575941657313048,SNpp56,
720575941657340952,SNta30,
720575941657673552,SNpp17,
720575941657704216,SNpp47,
720575941657708568,SNxx33,
720575941657710104,SNta32,
720575941657716248,SNch02,
720575941657724696,SNpp45,
720575941657725208,SNta43,
720575941657782808,SNta45,
720575941657783320,SNta45,
720575941657788184,CV1022,
720575941657790744,SNta37,
720575941657810456,SNxx03,
720575941657820952,SNpp02,
720575941657824536,SNpp07,
720575941657968464,SNpp43,
720575941657968976,SNta42,
720575941657974352,SNta42,
720575941657985872,SNta45,
720575941657992272,SNch05,
720575941658018640,SNch12,
720575941658019920,SNta44,
720575941658024016,SNch14,
720575941658060368,SNpp63,
720575941658081872,SNta39,
720575941658113616,SNta32,
720575941658121296,SNta30,
720575941658129744,SNta44,
720575941658132560,SNch03,
720575941658200400,SNxxxx,
720575941658246424,SNxx03,
720575941658291224,SNta37,
720575941658398232,SNta45,
720575941658603800,SNta21,
720575941658620184,SNxx03,
720575941658631448,SNxx29,
720575941658876240,SNxxxx,
720575941658907160,SNxx33,
720575941658931792,SNpp50,
720575941659764280,SNch07,
720575941661401400,SNta38,
720575941661406264,SNpp18,
720575941661408312,SNta29,
720575941661422392,SNta38,
720575941661430072,SNta45,
720575941661436984,SNxx22,
720575941661438776,SNta41,
720575941661442872,SNta45,
720575941661445688,SNxx33,
720575941661445944,SNxxxx,
720575941661449016,SNch05,
720575941661462840,SNta41,
720575941661485112,SNta04,
720575941661510456,SNxx15,
720575941661524024,SNch06,
720575941661537336,SNxx02,
720575941661541944,SNch03,
720575941661558584,SNta34,
720575941661562936,SNta23,
720575941661577528,SNta35,
720575941661577784,SNta21,
720575941661591096,SNch05,
720575941661600056,SNta14,
720575941662116732,SNpp45,
720575941662118268,SNpp08,
720575941662123900,SNxx21,
720575941662125692,SNch10,
720575941662126460,SNtaxx,
720575941662178872,SNxx05,
720575941662366520,SNta23,
720575941662427260,SNch04,
720575941662445624,SNta26,
720575941662531452,SNta18,
720575941662563196,SNch13,
720575941662579068,SNxx21,
720575941662610300,SNch10,
720575941662613628,SNxx03,
720575941662622588,SNta45,
720575941662623612,SNxx03,
720575941662627708,SNta39,
720575941662629500,SNta38,
720575941663014780,SNta04,
720575941663119484,SNch11,
720575941663849596,SNpp45,
720575941665341171,SNta09,
720575941665372147,SNta09,
720575941665469683,SNta02,
720575941665667571,SNch06,
720575941666910707,SNpp23,
720575941667024817,SNta09,
720575941667061937,SNxx03,
720575941667115953,SNta11,
720575941667356659,SNch05,
720575941667394291,SNta41,
720575941667397619,SNta38,
720575941667398387,SNpp41,
720575941667404531,SNta39,
720575941667430387,SNxx22,
720575941667430643,SNta29,
720575941667438835,SNpp59,
720575941667504371,SNch06,
720575941667505139,SNta42,
720575941667520243,SNxx04,
720575941667522291,SNtaxx,
720575941667528947,SNpp60,
720575941667561971,SNpp07,
720575941668286707,SNta39,
720575941668296179,SNta42,
720575941668330995,SNta24,
720575941668335347,SNpp10,
720575941668442801,SNta41,
720575941668771239,SNta25,
720575941668780209,SNppxx,
720575941668795825,SNta02,
720575941668805041,SNta37,
720575941668853425,SNxx03,
720575941668857521,SNta02,
720575941668862897,SNpp50,
720575941668867761,SNta43,
720575941668905649,SNch04,
720575941668911281,,
720575941668951729,SNxx03,
720575941668952497,SNta37,
720575941668960679,SNch09,
720575941668962993,SNta31,
720575941668964017,SNxx03,
720575941668978865,SNta37,
720575941668981169,SNch05,
720575941669018791,SNpp43,
720575941669080051,SNxx03,
720575941669081587,SNta02,
720575941669098417,SNpp56,
720575941669123315,SNta20,
720575941669235367,SNpp30,
720575941669289649,SNta29,
720575941669802929,SNpp60,
720575941669820081,SNpp41,
720575941669826993,SNch09,
720575941669908145,SNxx33,
720575941669949105,SNta28,
720575941669990567,SNppxx,
720575941670006951,SNta45,
720575941670010023,SPSN,
720575941670016679,SNta30,
720575941670027175,SNta28,
720575941670279386,SNch10,
720575941670279642,SNch10,
720575941670280154,SNta42,
720575941670287066,SNch13,
720575941670292186,SNta19,
720575941670297818,SNch11,
720575941670298074,SNch08,
720575941670298330,SNpp59,
720575941670298586,SNpp59,
720575941670300122,SNch08,
720575941670303450,SNta37,
720575941670311130,SNta02,
720575941670315994,SNta29,
720575941670316506,SNta38,
720575941670317274,SNta29,
720575941670317530,SNta29,
720575941670318810,SNta29,
720575941670320346,SNta35,
720575941670331354,SNch13,
720575941670332634,SNpp47,
720575941670332890,SNpp60,
720575941670333658,SNpp47,
720575941670545063,SNta37,
720575941670559409,SNxx04,
720575941670560167,SNch14,
720575941670565041,SNta21,
720575941670628263,SNta20,
720575941670647207,SNxx14,
720575941670647975,,
720575941670648743,SNxx33,
720575941670649767,SNch01,
720575941671015335,SNxx14,
720575941671066023,SNta43,
720575941671121063,SNta39,
720575941671402407,SNppxx,
720575941671407271,SNpp50,
720575941671967911,SNppxx,
720575941671986855,SNta20,
720575941673512175,SNch10,
720575941673513199,SNch10,
720575941673513967,SNta42,
720575941673516271,SNch10,
720575941673566703,SNpp45,
720575941674027226,SNta37,
720575941674074330,SNta37,
720575941674153690,SNta30,
720575941674161370,SNta30,
720575941674181871,SNta38,
720575941674209775,SNxxxx,
720575941674215151,SNch09,
720575941674454490,SNxxxx,
720575941674464218,SNta30,
720575941674964442,SNta37,
720575941675009754,SNta30,
720575941675192794,SNta19,
720575941675440090,SNch02,
720575941675541210,SNch12,
720575941675611354,SNch12,
720575941676786927,SNta24,
720575941676807663,SNta43,
720575941678392765,SNch11,
720575941678405594,SNta30,
720575941678486205,IN01B091,
720575941678508250,SNta30,
720575941678574781,SNpp17,
720575941678603709,SNta30,
720575941678635965,SNta20,
720575941678938813,,
720575941679069679,SNta44,
720575941679089391,SNxxxx,
720575941679700669,SNta37,
720575941679702205,SNta18,
720575941679702461,SNta45,
720575941679796925,,
720575941680129213,SNch10,
720575941680136125,SNta09,
720575941680142269,SNta44,
720575941680143805,SNch05,
720575941680144573,SNta29,
720575941680203453,SNta45,
720575941680222653,SNta36,
720575941680223677,SNch10,
720575941680228541,SNta30,
720575941680229565,SNta43,
720575941680242877,SNch01,
720575941680248253,SNpp62,
720575941680252349,SNxx04,
720575941680254141,SNch05,
720575941680259517,SNxx03,
720575941680261053,SNxx03,
720575941680262333,SNta39,
720575941680270269,SNxx03,
720575941680271037,SNpp50,
720575941680273341,SNxx04,
720575941680273597,SNta35,
720575941680275389,SNta25,
720575941680280815,SNta31,
720575941680281071,SNta44,
720575941680282351,SNxxxx,
720575941680283375,SNxxxx,
720575941680355567,,
720575941680646845,SNch01,
720575941680722877,SNta44,
720575941681025469,SNta09,
720575941681163197,SNxx04,
720575941683842200,SNta44,
720575941683879576,SNta39,
720575941684669423,SNpp47,
720575941684753903,SNta09,
720575941684784111,SNta35,
720575941684794607,SNxx04,
720575941684891887,SNch05,
720575941685008602,SNta30,
720575941685015258,SNch15,
720575941685022959,SNxx10,
720575941685036250,SNxxxx,
720575941685065199,SNpp02,
720575941685070831,,
720575941685093359,SNta21,
720575941685113839,SNppxx,
720575941685269999,SNta11,
720575941685698778,SNch14,
720575941685701338,SNch05,
720575941685877004,SNta45,
720575941685977718,SNta09,
720575941686007052,SNpp10,
720575941686230646,SNch06,
720575941686231414,SNch05,
720575941686540527,SNta38,
720575941686541039,SNta26,
720575941686760943,SNpp44,
720575941686962159,SNta44,
720575941686971375,SNta20,
720575941686976495,SNta04,
720575941686985967,SNpp22,
720575941686988015,SNta44,
720575941687054831,,
720575941687068655,SNta43,
720575941687070447,SNta43,
720575941687071727,SNxxxx,
720575941687076079,SNpp59,
720575941687078127,SNxx14,
720575941687338102,SNta27,
720575941687441420,SNta45,
720575941687452172,SNta11,
720575941687456780,SNta29,
720575941687460364,SNppxx,
720575941687533324,SNch12,
720575941687534604,SNta20,
720575941687583606,SNta01,
720575941687596150,SNppxx,
720575941687609868,SNch14,
720575941687611660,SNch06,
720575941687627020,SNta44,
720575941687647500,SNch10,
720575941687650060,SNta39,
720575941687654668,SNch05,
720575941687661580,SNxx04,
720575941687671670,SNxx04,
720575941687684214,SNta27,
720575941687688566,SNch10,
720575941687717103,,
720575941687760502,SNta40,
720575941687765878,SNta44,
720575941687768182,SNta27,
720575941687769462,SNxxxx,
720575941687769718,SNch05,
720575941687778166,SNta32,
720575941687780214,SNta40,
720575941687781238,SNta28,
720575941687791734,SNxx04,
720575941687803766,SNta21,
720575941687804022,SNta40,
720575941687810166,SNta23,
720575941687813238,SNpp39,
720575941687836635,SNta09,
720575941687881691,SNta09,
720575941687885295,SNch02,
720575941687901935,SNxx03,
720575941687916251,SNpp50,
720575941687941595,SNta38,
720575941687954139,SNch12,
720575941687961051,SNta38,
720575941688156278,SNppxx,
720575941688165784,SNta21,
720575941688297112,SNta10,
720575941688336280,SNta35,
720575941688487180,SNta31,
720575941688494604,SNta43,
720575941688502796,SNta44,
720575941688521996,SNxx12,
720575941688542191,SNch01,
720575941688550383,SNta20,
720575941688586479,SNta30,
720575941688639640,SNch05,
720575941689154316,SNxx04,
720575941689217654,,
720575941689290715,SNta38,
720575941689322392,SNch09,
720575941689334168,SNpp57,
720575941689463960,SNta29,
720575941689557467,SNta19,
720575941689743835,SNta30,
720575941689768856,SNta30,
720575941689772251,SNpp20,
720575941689780120,SNta09,
720575941689834715,,
720575941689841627,SNxx01,
720575941689844443,SNta34,
720575941689846747,SNpp39,
720575941689848539,SNch11,
720575941689850075,SNxx01,
720575941689852891,SNxx04,
720575941689853403,SNch05,
720575941689854171,SNxx03,
720575941689856664,SNta20,
720575941689857688,SNta38,
720575941689857944,SNta45,
720575941689876120,SNta44,
720575941689943448,SNch03,
720575941690005144,SNta27,
720575941690007960,,
720575941690696667,SNch04,
720575941690721688,SNta09,
720575941690741400,SNpp59,
720575941690745051,SNta42,
720575941690747099,SNxx06,
720575941690791387,SNta25,
720575941690794971,SNpp50,
720575941690891160,SNpp45,
720575941691004056,SNpp52,
720575941691378907,SNxx03,
720575941691438299,SNpp45,
720575941691440091,SNpp39,
720575941691713176,SNxx20,
720575941696303834,SNch02,
720575941696304090,SNta04,
720575941696304602,SNta08,
720575941696304858,SNta11,
720575941696305114,SNta04,
720575941696305370,SNch12,
720575941696307162,SNta04,
720575941696307418,SNta04,
720575941696308186,SNpp28,
720575941696308442,SNta04,
720575941696308698,SNch12,
720575941696309466,SNch12,
720575941696309978,SNta04,
720575941696310490,SNch03,
720575941696311770,SNch04,
720575941696312026,SNta08,
720575941696312794,SNch03,
720575941696315610,SNta11,
720575941696316122,SNta04,
720575941696316378,SNta04,
720575941696316890,SNch03,
720575941696321498,SNch03,
720575941696321754,SNch03,
720575941696322010,SNch12,
720575941696322266,SNta18,
720575941696322778,SNta18,
720575941696326618,SNch03,
720575941696327386,SNta04,
720575941696328922,SNch03,
720575941696329434,SNch02,
720575941696329690,SNch02,
720575941696353242,SNch03,
720575941696353498,SNch02,
720575941696355034,SNch12,
720575941696355290,SNch03,
720575941700564186,SNta04,
720575941700684762,SNta43,
720575941700734170,SNch02,
720575941700799706,SNxx05,
720575941701811162,SNta29,
720575941701879258,SNpp34,
720575941702129114,SNpp39,
720575941702131674,SNch02,
720575941702131930,SNta30,
720575941702140890,SNta44,
720575941702152922,SNxx06,
720575941702161370,SNta44,
720575941702164186,SNxx03,
720575941702203610,SNta37,
720575941702226650,SNpp01,
720575941702233818,SNpp20,
720575941702235610,SNpp50,
720575941702248666,SNpp50,
720575941703025882,SNpp20,
720575941703117530,IN01B088,sex_specific
720575941703123674,SNta29,
720575941703163354,SNpp09,
720575941703163866,SNppxx,
720575941703165914,SNppxx,
720575941703166938,SNxx30,
720575941703169754,SNpp06,
720575941703177946,SNxx04,
720575941703752154,SNch05,
720575941703766746,SNppxx,
720575941703793114,SNta09,
720575941720333626,SNta09,
720575941720403514,SNch05,
720575941720600122,SNta09,
720575941720604730,SNpp02,
720575941720627002,SNta25,
720575941721502522,SNppxx,
720575941722075706,SNch12,
720575941722144314,SNxxxx,
720575941722144826,IN01B063,
720575941722158650,SNch10,
720575941722166586,SNxx04,
720575941722167098,SNta45,
720575941722170170,SNpp41,
720575941722174522,SNpp32,
720575941722184250,SNch10,
720575941722191674,SNta27,
720575941722194746,SNta20,
720575941722217018,SNta38,
720575941722220858,SNpp56,
720575941722221626,SNpp30,
720575941722234938,SNch12,
720575941722254394,SNxx05,
720575941722271802,SNxx05,
720575941722278202,SNch10,
720575941722312762,SNxx03,
720575941722955322,SNta43,
720575941723004986,SNta20,
720575941723095610,SNxx07,
720575941723156538,SNta21,
720575941723174202,SNta20,
720575941723200570,SNpp09,
720575941723577914,SNxx05,
720575941723620154,SNta44,
720575941723918138,SNch05,
720575941729890091,SNxx04,
720575941730101803,SNxxxx,
720575941730150187,SNta31,
720575941731210027,SNta37,
720575941731508011,SNpp52,
720575941731589931,SNxx05,
720575941731609643,SNta04,
720575941731688491,SNxx03,
720575941731695915,SNta22,
720575941731713579,,
720575941731741995,SNxx19,
720575941731743787,SNpp56,
720575941732410155,SNxxxx,
720575941732527915,SNppxx,
720575941732907819,SNpp45,
720575941733165611,SNch05,
720575941733166635,SNch05,
720575941733258795,SNta11,
720575941733281579,SNppxx,
