Cell ID,Cell Type,Dimorphism
10581,IN06B012,
11270,IN01A020,
20260,INXXX056,
22709,IN05B022,
27478,w-cHIN,
29300,IN17A029,
47170,INXXX217,
78326,IN03B058,
82663,IN19A006,
98796,IN00A053,
195007,IN10B036,
537470,IN04B053,
800001,IN07B016,
800002,IN07B010,
800003,IN17A001,
800004,IN07B007,
800008,IN19A002,
800009,IN17A001,
800011,IN23B006,
800014,IN17B003,
800018,IN01A008,
800020,IN19A001,
800021,IN03A003,
800022,IN19B110,
800024,IN19B107,
800026,IN05B010,
800027,IN23B007,
800029,INXXX147,
800030,IN12B002,
800032,IN21A001,
800033,IN10B001,
800035,IN05B002,
800036,IN03B020,
800037,IN10B001,
800040,IN05B002,
800041,IN27X001,
800042,IN27X005,
800046,IN23B020,
800048,IN09A001,
800051,IN07B001,
800052,INXXX095,
800053,IN07B001,
800054,INXXX025,potentially_male-specific
800059,IN09A004,
800062,IN06B001,
800063,IN12B002,
800064,IN14A002,
800069,IN08A007,
800070,IN19B021,
800071,IN12B002,
800072,INXXX464,
800073,IN12A001,
800075,IN19B003,
800076,INXXX032,
800077,IN12B002,
800079,IN01A035,
800081,IN08A002,
800082,IN19A011,
800084,IN19B008,
800085,IN07B002,
800086,IN09A014,
800087,IN05B010,
800088,INXXX003,
800089,IN19B012,
800090,IN19A019,
800091,IN04B004,
800092,IN05B028,
800093,IN03B035,
800095,IN20A.22A001,
800097,IN14A002,
800098,IN05B010,
800100,INXXX468,
800101,IN01A012,
800102,IN03A004,
800103,IN19A007,
800106,IN16B020,
800111,IN13A001,
800112,INXXX004,
800113,IN05B094,
800114,IN17A001,
800115,IN13B004,
800116,IN13A001,
800117,IN19A015,
800118,INXXX089,
800119,IN19A007,
800120,IN07B007,
800121,INXXX036,
800123,INXXX107,
800124,IN19A019,
800125,IN04B001,
800126,IN09A001,
800127,IN19A008,
800130,INXXX077,
800131,IN13B027,
800132,IN13A003,
800133,IN17A017,
800134,IN03A010,
800135,IN08B001,
800136,IN06B035,
800139,IN13A002,
800140,IN19B003,
800141,IN19A002,
800142,IN19B108,
800143,IN26X001,
800144,IN07B012,
800145,IN11A001,
800147,IN12A001,
800148,INXXX042,
800149,IN07B006,
800150,IN19A001,
800151,IN03A020,
800153,IN09A001,
800154,IN17A019,
800155,IN03A004,
800156,IN13B011,
800157,IN19A004,
800159,IN19B003,
800160,IN10B007,
800162,IN19A015,
800163,IN19A002,
800166,INXXX149,
800167,IN21A001,
800170,IN19A014,
800171,IN07B002,
800173,IN17A001,
800174,IN19A006,
800178,IN11A001,
800179,IN23B018,
800180,IN23B005,
800181,IN10B004,
800182,INXXX022,
800183,IN13A003,
800188,IN19A010,
800189,IN13A008,
800192,INXXX038,
800193,IN01B001,
800194,IN13A010,
800201,INXXX044,
800202,IN03B032,
800203,IN13A003,
800206,IN23B001,
800207,IN19A015,
800208,IN05B010,
800211,INXXX464,
800212,IN19A001,
800213,IN12B003,
800214,IN19A014,
800215,IN01A034,
800216,IN19B012,
800217,IN26X001,
800218,INXXX126,
800220,IN06B016,
800221,IN04B001,
800224,IN13A001,
800225,IN23B009,
800226,IN19A011,
800228,IN13A005,
800232,INXXX027,
800233,IN19A007,
800234,IN14B005,
800235,IN12A010,
800236,IN19A008,
800239,IN08A007,
800240,IN04B007,
800243,IN23B009,
800244,IN06B018,
800245,IN02A004,
800246,IN12B002,
800247,IN07B002,
800249,INXXX271,
800250,IN05B034,
800252,IN19A008,
800254,IN06B008,
800256,IN08A002,
800257,IN19A008,
800258,IN05B005,
800259,IN19A005,
800262,IN05B003,
800263,IN20A.22A001,
800264,IN13B007,
800265,IN12B013,
800267,INXXX011,
800268,IN01B001,
800269,IN19A004,
800270,IN13A002,
800271,IN07B007,
800272,INXXX044,
800273,IN13B004,
800276,IN14A002,
800277,IN18B015,
800278,IN13A007,
800279,IN03A071,
800281,INXXX004,
800283,IN17A007,
800286,INXXX464,
800287,IN13B007,
800288,IN17A001,
800291,IN13A001,
800294,IN03A073,
800295,INXXX297,
800296,IN09A002,
800297,IN13B048,
800298,IN01A009,
800299,IN16B074,
800300,IN08B004,
800301,IN05B016,
800303,IN23B009,
800304,IN19A008,
800305,INXXX044,
800306,IN13B001,
800307,IN13A003,
800308,IN07B008,
800311,IN07B009,
800312,IN03B011,
800313,IN07B006,
800314,IN03B020,
800315,IN07B007,
800317,IN21A008,
800318,IN08A002,
800319,INXXX027,
800320,IN05B011a,
800321,INXXX135,
800323,dPR1,
800325,IN03A030,
800326,IN19A001,
800329,dPR1,
800330,IN19A001,
800332,IN13A010,
800333,IN04B008,
800334,IN17A007,
800335,IN19A004,
800337,IN23B005,
800338,IN20A.22A006,
800340,IN08A002,
800341,IN18B016,
800342,IN05B008,
800343,IN05B003,
800344,IN19A004,
800345,IN16B016,
800347,IN21A001,
800348,IN13B004,
800350,INXXX087,
800353,IN08A002,
800354,IN07B002,
800356,IN13B001,
800359,INXXX052,
800361,IN13B059,
800363,IN10B011,
800364,IN04B004,
800369,IN19A011,
800371,IN21A002,
800372,IN13B005,
800373,IN23B001,
800374,IN19A007,
800375,INXXX464,
800376,IN04B005,
800377,IN13B005,
800378,IN05B012,
800380,IN17A013,
800382,IN10B003,
800383,IN12A001,
800385,GFC3,
800386,INXXX039,
800387,IN16B020,
800389,IN13A001,
800390,IN21A019,
800391,IN13B004,
800392,IN19A004,
800393,IN08B080,
800394,IN13A004,
800396,IN03A023,
800397,IN11B004,
800398,IN07B002,
800399,IN19A124,
800401,IN23B005,
800402,IN09A007,
800403,IN03A006,
800405,IN18B005,
800406,IN13B001,
800407,IN18B016,
800409,IN05B039,
800411,IN19A007,
800413,IN10B011,
800414,IN14A006,
800415,IN27X004,
800416,IN03A026_b,
800417,INXXX158,
800419,IN23B046,
800420,IN03B021,
800422,IN13B005,
800423,IN13B001,
800424,IN09A001,
800426,IN07B006,
800427,IN06B003,
800428,IN13A002,
800430,IN19A005,
800432,IN01A008,
800433,IN13A004,
800434,IN09A002,
800436,IN12B035,
800437,IN05B030,
800438,IN26X001,
800439,INXXX137,
800440,IN01B003,
800441,IN06B016,
800442,IN17A061,
800443,IN02A012,
800444,IN02A008,
800446,IN13A009,
800447,IN05B031,
800448,IN03B021,
800449,IN01A010,
800451,INXXX039,
800452,IN19A016,
800453,INXXX042,
800455,IN05B012,
800456,IN19B107,
800457,IN03A068,
800458,IN09A009,
800459,IN03A001,
800461,IN19A003,
800464,IN18B006,
800465,IN17A016,
800466,IN20A.22A001,
800468,IN08A003,potentially_male-specific
800470,IN13A012,
800471,IN13A002,
800472,IN12A004,
800473,IN06B012,
800476,IN02A004,
800477,IN00A002,
800480,IN21A014,
800482,IN19B035,
800483,IN03A007,
800484,IN04B006,
800485,IN06B003,
800487,IN04B034,
800488,INXXX027,
800489,IN16B083,
800490,IN19A008,
800492,IN03A004,
800493,IN14A002,
800494,IN19A007,
800495,IN09A003,
800496,IN11B004,
800497,IN19A005,
800500,IN03B005,
800501,IN19A005,
800502,INXXX247,
800503,IN08B004,
800505,IN09A006,
800506,IN19A009,
800508,IN01A011,
800509,INXXX396,
800510,INXXX038,
800511,IN08A006,
800513,IN01B079,
800514,IN13B005,
800515,IN21A008,
800516,INXXX025,potentially_male-specific
800517,INXXX027,
800518,IN02A026,
800520,IN11A028,
800524,IN13A002,
800525,IN19A018,
800526,IN19A017,
800527,IN19A005,
800528,IN23B011,
800529,IN19A018,
800530,IN13B010,
800531,IN19A006,
800532,IN05B028,
800534,vPR6,
800535,IN08A050,
800536,IN19A011,
800537,IN23B009,
800538,INXXX421,
800539,IN03B019,
800542,IN12A019_c,
800543,IN01B003,
800544,IN01A034,
800545,IN13A034,
800546,IN13A009,
800547,IN03A068,
800549,IN21A004,
800550,IN08B062,
800551,IN19A015,
800552,IN07B038,
800554,IN21A008,
800555,IN05B094,
800556,IN08B017,
800557,IN03A006,
800559,IN08A019,
800560,IN06B016,
800561,IN08A006,
800562,IN07B001,
800564,IN17A011,
800565,IN18B008,
800566,IN07B007,
800567,INXXX036,
800569,IN03A040,
800570,IN13B013,
800571,INXXX149,
800572,IN09B006,
800574,IN08B006,
800575,INXXX044,
800576,IN03A001,
800579,IN05B018,
800580,IN01A012,
800582,INXXX032,
800583,IN19B012,
800585,IN04B068,
800586,IN09A003,
800587,IN02A007,
800588,IN17A013,
800590,IN19A032,
800592,IN13B021,
800593,IN17B006,
800594,INXXX008,
800595,IN06B008,
800596,IN19A003,
800597,IN13A011,
800599,IN16B022,
800602,INXXX183,
800604,IN09A080,
800605,IN21A016,
800612,IN09A060,
800613,IN21A001,
800614,dMS2,
800616,IN08B085_a,
800618,IN12B003,
800622,IN19A003,
800624,IN13B010,
800628,IN01A009,
800629,IN09A018,
800631,IN12A003,
800632,IN09B014,
800638,IN19A015,
800640,IN20A.22A008,
800641,INXXX062,potentially_male-specific
800642,IN13A006,
800643,IN17A016,
800644,INXXX126,
800645,IN19A084,
800646,IN03A006,
800649,INXXX062,potentially_male-specific
800650,IN21A001,
800651,IN12B011,
800654,IN07B007,
800655,IN09A006,
800656,IN19A020,
800657,IN06B029,
800660,INXXX044,
800662,IN21A094,
800663,IN03A006,
800666,IN14A001,
800668,IN13B001,
800669,IN23B037,
800670,IN20A.22A008,
800671,IN13A004,
800672,IN02A003,
800675,IN21A003,
800676,IN09B008,
800677,IN21A003,
800678,IN10B012,
800679,IN14A002,
800681,IN03A021,
800684,IN12A002,sexually_dimorphic
800685,IN09A002,
800687,IN19A003,
800688,IN08B006,
800690,IN00A050,
800691,IN13A005,
800692,IN14A008,
800693,IN01B002,
800694,IN19A029,
800695,IN01A045,
800697,INXXX115,
800698,IN13B001,
800699,IN08A005,
800700,IN00A002,
800701,IN13A008,
800702,IN26X001,
800703,IN06B017,
800704,IN05B021,
800705,IN03A010,
800706,INXXX143,
800707,IN08A005,
800708,IN13B009,
800712,IN04B002,
800713,INXXX100,
800714,IN13B058,
800716,IN09A002,
800717,IN00A025,
800720,IN13B105,
800721,IN09B014,
800722,IN08A006,
800723,INXXX062,potentially_male-specific
800724,IN08B019,
800725,IN16B032,
800726,IN08A008,
800727,IN01B008,
800730,INXXX100,
800731,IN19B004,
800733,IN12B020,
800735,IN04B002,
800736,IN03A010,
800737,IN03B022,
800739,IN12A002,sexually_dimorphic
800741,IN06B008,
800742,IN03A003,
800745,IN12B007,
800747,IN19A012,
800749,IN13A006,
800750,IN19A032,
800751,IN13B013,
800752,IN19B008,
800754,INXXX223,
800756,IN20A.22A001,
800757,IN26X001,
800759,IN16B018,
800760,IN12B007,
800763,IN05B020,
800766,IN14A093,
800769,IN19A017,
800771,IN07B013,
800772,IN08A005,
800773,IN12B007,
800774,IN06B059,
800775,IN13A018,
800778,IN13A003,
800780,IN14B002,
800782,IN19A008,
800783,IN20A.22A005,
800784,IN12B007,
800785,IN02A003,
800786,IN17A028,
800787,IN03A010,
800788,INXXX044,
800789,IN14A005,
800790,IN17A040,
800791,IN13A052,
800792,IN17A022,
800793,IN21A004,
800795,IN04B006,
800796,IN19B011,
800797,IN13B014,
800798,IN11A020,
800799,IN08B108,
800800,IN13B012,
800801,INXXX230,
800802,IN21A004,
800804,IN12A002,sexually_dimorphic
800805,IN18B005,
800806,IN09A013,
800807,IN19B011,
800809,IN00A001,
800810,INXXX129,
800811,INXXX306,
800812,INXXX100,
800813,IN09B005,
800814,IN19B007,
800815,IN13B009,
800816,IN21A010,
800817,IN02A012,
800818,IN02A012,
800820,IN09B008,
800822,IN17A023,
800824,IN06A064,
800826,IN17B006,
800827,IN12B003,
800829,INXXX029,
800830,IN08A040,
800832,IN21A003,
800833,IN09A004,
800835,INXXX100,
800836,IN13A004,
800837,IN19B012,
800838,IN19A012,
800839,IN19A028,
800842,IN13A013,
800844,IN02A003,
800846,IN12A003,
800848,IN09A006,
800849,INXXX217,
800852,INXXX225,
800855,IN01A045,
800856,IN08A006,
800857,IN21A002,
800858,IN14A001,
800859,IN06B017,
800860,IN19A010,
800863,INXXX466,
800864,IN06B061,
800865,IN13B088,
800869,IN12B084,
800870,IN04B024,
800874,IN04B090,
800876,IN09A007,
800878,IN19A041,
800879,IN19B012,
800880,IN14B004,
800883,INXXX096,
800884,IN10B006,
800885,INXXX257,
800888,IN10B030,
800891,IN19A088_c,
800892,IN06B013,
800893,INXXX058,potentially_male-specific
800894,IN21A009,
800895,IN01A010,
800896,IN09A002,
800897,IN03A006,
800898,IN12B018,
800900,IN10B012,
800902,IN09A003,
800903,IN13A005,
800904,IN01A016,
800905,IN14A004,
800907,IN19A014,
800908,INXXX058,potentially_male-specific
800910,IN18B006,
800912,INXXX044,
800916,IN23B006,
800918,IN19A029,
800919,IN10B014,
800920,IN13B008,
800921,IN19A009,
800922,IN09A004,
800923,IN03B011,
800924,IN17A028,
800925,IN05B022,
800926,IN03B001,
800927,IN09B008,
800931,IN13A009,
800938,IN10B016,
800941,INXXX032,
800943,IN17B004,
800945,INXXX440,
800946,INXXX468,
800947,IN09B045,
800948,dMS5,
800949,IN06B013,
800951,IN10B015,
800952,IN06A024,
800953,IN04B075,
800954,IN01B002,
800955,IN20A.22A007,
800956,INXXX029,
800959,IN21A017,
800961,INXXX111,
800963,IN17A025,
800964,IN03A067,
800965,INXXX287,
800966,IN19A073,
800967,w-cHIN,
800968,INXXX290,
800969,IN07B008,
800970,IN06B006,
800972,vMS17,male-specific
800973,IN00A016,
800975,IN12A009,
800976,IN21A002,
800977,IN16B016,
800978,IN03A015,
800982,IN09B022,
800984,IN09B005,
800985,IN12A019_b,
800986,INXXX149,
800987,IN14A008,
800990,IN14A005,
800991,IN04B022,
800992,IN21A011,
800993,IN14A005,
800995,IN06B015,
800996,IN19B027,
800997,IN14A001,
800998,IN17B004,
800999,IN07B104,
801002,IN21A010,
801004,IN03A026_d,
801006,IN19A010,
801007,IN13A050,
801010,IN00A031,
801013,INXXX149,
801014,IN06B008,
801015,INXXX184,
801016,INXXX246,
801017,IN21A002,
801018,IN13A007,
801019,IN09A006,
801022,IN21A018,
801023,INXXX065,
801024,IN10B032,
801026,IN21A012,
801027,IN19A003,
801028,IN19B007,
801029,INXXX032,
801030,INXXX045,
801032,IN21A015,
801035,IN10B015,
801036,IN19A030,
801037,IN08B067,
801040,IN14A004,
801043,IN02A007,
801045,IN05B033,
801047,IN07B009,
801048,IN09A039,
801049,IN07B006,
801050,IN13B006,
801051,IN08B054,
801052,IN07B104,
801053,IN06A005,
801054,IN21A004,
801055,IN16B014,
801056,INXXX269,
801059,IN17A016,
801060,INXXX095,
801061,IN19B012,
801064,IN10B006,
801065,INXXX084,
801067,IN01A009,
801068,IN01A034,
801069,INXXX007,
801071,vMS12_a,
801072,IN07B012,
801074,IN03A007,
801075,IN18B011,
801077,IN19B021,
801082,IN17A052,
801083,IN16B032,
801084,IN01A023,
801085,IN12B003,
801087,IN17A017,
801088,IN03B015,
801089,INXXX031,
801091,IN21A002,
801093,INXXX111,
801094,IN16B018,
801096,IN09B008,
801097,IN21A003,
801098,INXXX062,potentially_male-specific
801100,dMS2,
801101,IN01A012,
801102,IN19A142,
801103,IN21A008,
801104,IN01A010,
801105,IN03B025,
801106,IN16B020,
801107,IN06B014,
801108,IN06A063,
801109,INXXX307,
801110,IN01A045,
801111,IN03A010,
801113,IN07B013,
801114,IN06B030,
801115,IN08A005,
801116,IN14B001,
801117,IN19B068,
801118,IN09B005,
801120,IN09A006,
801122,IN17A094,
801124,IN17A007,
801125,IN12A012,
801126,IN01B003,
801127,INXXX468,
801128,IN23B008,
801129,IN09A004,
801133,IN17A017,
801134,IN14A007,
801135,INXXX084,
801136,IN20A.22A006,
801138,IN12A006,
801140,IN18B009,potentially_male-specific
801141,w-cHIN,
801142,IN23B024,
801143,IN05B001,
801144,IN13B004,
801146,IN20A.22A001,
801147,IN04B007,
801149,INXXX466,
801150,INXXX232,
801151,IN10B010,
801152,INXXX262,
801154,IN13B023,
801156,IN19B027,
801159,IN18B011,
801160,IN01B008,
801162,IN06A005,
801163,IN05B008,
801164,IN21A016,
801166,IN21A009,
801167,IN08A022,
801168,IN18B021,
801169,INXXX297,
801171,IN14B001,
801174,IN23B039,
801175,IN03A009,
801176,IN12A021_a,
801178,INXXX409,
801179,IN10B011,
801180,IN12B047,
801181,IN23B021,
801183,INXXX095,
801184,INXXX058,potentially_male-specific
801186,INXXX008,
801187,IN06B024,
801188,IN01A007,
801189,IN06B013,
801190,IN14A005,
801192,IN21A018,
801193,IN21A016,
801194,INXXX031,
801195,IN21A020,
801196,IN12A007,
801199,INXXX034,
801200,IN03A009,
801202,IN09A007,
801207,IN01A011,
801208,IN08A035,
801209,IN20A.22A007,
801210,IN21A016,
801212,IN17B014,
801213,INXXX329,
801214,LBL40,
801218,IN14A011,
801219,INXXX352,
801221,IN06B063,
801222,IN21A007,
801224,IN09A017,
801227,IN26X002,
801228,IN13A008,
801229,IN13A012,
801230,INXXX096,
801231,IN17A025,
801233,IN03B021,
801235,IN01A015,
801237,IN08B040,
801239,IN13A006,
801242,INXXX167,
801243,IN18B045_a,
801244,INXXX260,
801245,TN1a_g,
801246,LBL40,
801247,TN1a_h,male-specific
801248,IN17A025,
801249,IN13B009,
801250,IN05B038,
801251,IN19B021,
801252,IN07B009,
801253,IN19A040,
801254,IN13B011,
801255,IN23B064,
801256,IN13A007,
801257,IN16B036,
801258,IN13B012,
801260,IN01A039,
801261,IN19B005,
801262,IN18B011,
801263,IN17A041,
801264,IN19A088_b,
801265,INXXX217,
801266,IN06B014,
801268,INXXX115,
801270,IN14A004,
801271,IN01B012,
801272,IN17B015,
801273,IN13A013,
801274,IN03A089,
801275,IN14A012,
801276,IN19A093,
801277,IN12B010,
801278,IN19A027,
801279,INXXX324,
801280,IN06B021,
801281,IN23B007,
801282,IN05B022,
801283,IN16B020,
801284,INXXX122,
801285,IN12B013,
801286,IN01A007,
801287,IN20A.22A001,
801289,IN20A.22A021,
801290,IN21A006,
801293,INXXX073,
801294,IN14A010,
801296,IN16B016,
801297,IN23B007,
801299,IN10B023,
801302,IN10B002,
801303,IN20A.22A064,
801305,IN05B073,
801306,IN01A032,
801307,IN12B027,
801308,IN10B014,
801309,IN17A016,
801311,IN23B008,
801312,IN01A011,
801313,IN17A019,
801316,IN21A001,
801317,IN08B046,
801318,IN19A009,
801320,IN07B022,
801321,IN00A003,
801323,IN19B015,
801324,IN21A019,
801325,IN06A064,
801326,IN13A007,
801327,IN09B022,
801328,INXXX258,
801331,IN13B025,
801332,IN19A027,
801333,IN01A062_c,
801334,IN12B034,
801336,INXXX273,
801337,IN13A036,
801340,IN23B041,
801342,IN17A017,
801345,IN03A073,
801346,INXXX328,
801347,INXXX008,
801349,IN20A.22A001,
801351,IN04B054_b,
801355,IN03A004,
801356,IN14B005,
801357,IN21A013,
801358,IN12A036,
801359,IN10B013,male-specific
801360,IN12A043_c,
801363,IN23B007,
801364,IN19A019,
801365,INXXX100,
801366,IN03B021,
801367,IN17A020,
801368,IN01B072,
801369,INXXX137,
801371,INXXX471,
801373,IN03A043,
801374,IN13B010,
801377,IN23B006,
801378,IN13B011,
801380,IN21A009,
801382,IN09A002,
801383,IN23B023,
801384,IN03B036,
801385,IN18B005,
801386,IN21A003,
801387,IN12B009,
801389,IN09B006,
801390,INXXX181,
801392,IN03B052,
801395,IN17B004,
801396,IN14A006,
801397,INXXX045,
801400,IN17A066,
801401,IN00A004,
801402,IN17A037,
801404,IN11B002,
801405,IN08B042,
801406,IN01B002,
801409,IN14A005,
801411,IN19A020,
801412,IN13A014,
801413,IN00A009,
801414,IN12A006,
801415,IN04B005,
801417,IN02A033,
801420,IN16B030,
801421,IN03A001,
801422,IN20A.22A008,
801423,IN23B008,
801424,IN14A006,
801425,IN21A028,
801426,IN18B011,
801427,IN19A096,
801429,INXXX466,
801430,INXXX126,
801431,IN14B003,
801432,IN12B005,
801433,IN13A005,
801435,IN19A024,
801437,IN08A006,
801441,IN08A008,
801442,IN19B016,
801443,IN03B016,
801446,IN17A019,
801447,IN03A014,
801449,IN01A010,
801450,IN14A006,
801451,IN12A011,
801452,IN09B022,
801453,IN21A010,
801454,IN16B033,
801455,IN06B020,
801456,IN17A020,
801457,IN03B035,
801458,IN19A027,
801459,IN06B019,
801460,IN12B069,
801462,IN12A010,
801464,INXXX124,
801466,INXXX223,
801467,IN21A015,
801470,IN00A031,
801471,IN03A053,
801472,IN14A005,
801473,IN03A067,
801474,IN03A005,
801478,IN12B005,
801479,IN27X007,
801482,IN19B015,
801483,IN03A031,
801485,IN16B029,
801486,IN14A011,
801487,IN03B028,
801489,IN01A043,
801490,IN01B003,
801493,IN13A014,
801494,IN12B012,
801495,IN21A015,
801496,IN09A014,
801497,IN21A016,
801498,IN19A070,
801499,IN17A094,
801500,IN06B020,
801502,IN01A005,
801503,IN16B024,
801504,IN10B023,
801506,INXXX063,
801507,IN10B014,
801508,INXXX048,
801509,IN09A010,
801510,IN21A007,
801511,IN18B033,
801512,IN13B009,
801513,IN03B020,
801514,IN18B017,
801515,IN23B007,
801516,IN19A034,
801517,INXXX369,
801518,IN12B004,
801519,IN17B010,
801520,IN06A075,
801523,IN18B012,
801524,IN03A014,
801525,IN05B030,
801526,IN19A022,
801527,IN03B025,
801528,IN01A032,
801529,IN07B055,
801530,IN07B020,
801532,IN03B020,
801534,IN06B006,
801535,IN20A.22A002,
801537,IN17A042,
801538,IN19B016,
801539,IN16B033,
801540,IN12B010,
801541,IN03B058,
801542,IN13B011,
801544,IN10B011,
801547,IN21A018,
801549,IN06A064,
801550,IN01A028,
801552,IN19A016,
801554,IN16B022,
801557,INXXX473,
801560,INXXX349,
801561,INXXX243,
801564,IN21A014,
801565,IN21A006,
801566,INXXX253,
801567,IN06A013,
801568,IN19A024,
801569,IN04B101,
801570,IN12B014,
801571,IN01A017,
801572,IN02A030,
801574,IN18B013,
801575,IN16B018,
801576,IN07B012,
801577,IN17B003,
801578,INXXX058,potentially_male-specific
801579,IN01A038,
801580,IN21A011,
801581,IN04B031,
801582,IN03B042,
801583,IN13B059,
801584,IN21A008,
801586,INXXX239,
801588,IN08B017,
801590,IN12A015,
801592,IN03A014,
801593,IN18B008,
801596,IN09B008,
801598,IN03B019,
801601,IN02A030,
801602,IN23B033,
801603,IN23B022,
801604,IN04B025,
801605,IN14A093,
801608,IN19A028,
801609,IN13A009,
801610,IN13A006,
801611,IN21A011,
801613,IN12B086,
801614,INXXX032,
801616,IN03B015,
801617,INXXX158,
801618,INXXX076,
801620,IN00A031,
801621,IN06B054,
801623,IN23B013,
801625,IN18B016,
801626,IN19A016,
801628,IN02A008,
801629,IN08A008,
801630,IN04B008,
801631,IN17A022,
801632,INXXX045,
801633,IN01B006,
801634,IN21A019,
801635,IN21A035,
801638,IN21A007,
801639,IN06B029,
801640,IN01A017,
801643,IN09B044,
801645,IN02A054,
801646,IN01A005,
801650,IN08A007,
801652,IN04B068,
801653,IN06B008,
801656,IN09A009,
801657,IN17B015,
801658,IN01A027,
801659,IN09A014,
801660,IN16B029,
801662,IN12A030,
801663,IN09A010,
801665,IN21A004,
801666,IN21A007,
801667,IN01A005,
801668,IN13B013,
801669,IN17A032,
801670,INXXX217,male-specific
801671,IN13B050,
801673,INXXX048,
801674,IN03A005,
801675,IN13A012,
801676,INXXX066,
801677,IN07B022,
801679,IN19B035,
801681,IN09A016,
801682,IN19A013,
801684,IN06B019,
801686,IN16B049,
801687,IN12A005,
801688,IN07B061,
801689,IN00A010,
801690,IN14A007,
801691,IN23B043,
801696,IN20A.22A006,
801697,IN21A019,
801698,IN19A024,
801699,IN18B016,
801700,INXXX058,potentially_male-specific
801702,IN11B001,
801705,IN02A010,
801706,IN01A005,
801707,INXXX271,
801709,IN03B046,
801710,IN03A007,
801711,IN02A013,
801713,IN03B035,
801716,INXXX265,
801718,IN13B012,
801719,IN09B006,
801720,IN03A066,
801722,IN13A008,
801723,IN21A019,
801725,IN19B005,
801727,IN17A020,
801728,INXXX466,
801729,IN20A.22A006,
801730,INXXX217,male-specific
801732,INXXX425,
801733,IN14A038,
801737,IN01B014,
801739,IN03A020,
801740,IN09A044,
801741,IN16B032,
801743,IN09A017,
801744,IN09A013,
801745,IN20A.22A045,
801746,IN06B042,
801747,IN19A013,
801748,IN18B021,
801749,IN06A028,
801752,IN03B019,
801753,IN23B020,
801754,INXXX352,
801755,IN00A002,
801757,IN21A015,
801758,IN09A006,
801759,IN23B023,
801760,IN09B008,
801762,IN03A014,
801763,IN04B020,
801765,IN21A011,
801769,INXXX352,
801770,IN04B010,
801771,IN19A040,
801772,INXXX058,potentially_male-specific
801773,IN16B014,
801774,IN01A023,
801775,IN07B029,
801778,IN18B021,
801779,IN00A011,
801780,IN12B011,
801781,IN12A011,
801782,IN07B034,
801783,IN19B021,
801784,IN09A015,
801785,IN21A005,
801786,IN19A024,
801787,IN19A016,
801789,IN08A008,
801790,INXXX180,
801791,IN14A009,
801792,IN01B002,
801793,IN23B014,
801794,IN13B012,
801795,IN01B007,
801797,IN21A014,
801798,IN03B032,
801799,IN20A.22A081,
801801,INXXX301,
801802,IN03A020,
801803,IN02A012,
801804,IN01A015,
801805,IN08B003,
801807,IN26X002,
801808,INXXX122,
801809,IN18B032,
801810,INXXX209,
801811,IN03B016,
801814,IN16B033,
801818,IN10B007,
801819,IN03A031,
801820,IN06A096,
801822,IN21A010,
801823,IN17A028,
801826,IN14A078,
801827,IN04B074,
801828,IN12B015,
801829,IN18B017,
801833,IN23B018,
801834,IN04B071,
801835,IN03B034,
801836,IN26X002,
801838,IN16B022,
801840,IN20A.22A013,
801841,IN10B014,
801843,IN21A012,
801844,IN00A005,
801845,IN27X002,potentially_male-specific
801848,IN03B024,
801849,IN03B035,
801851,IN00A020,
801852,IN09A028,
801853,IN13B014,
801854,IN20A.22A006,
801855,IN27X007,
801856,IN05B065,
801857,IN03A009,
801858,IN16B032,
801859,INXXX258,
801860,INXXX471,
801861,IN14B007,
801863,IN06B032,
801865,IN03B015,
801867,IN13A012,
801869,INXXX100,
801870,INXXX076,
801871,INXXX279,
801872,INXXX216,
801873,IN19A016,
801875,IN21A014,
801876,IN14A009,
801879,INXXX297,
801880,IN08A050,
801882,IN01A015,
801883,IN17A028,
801884,IN16B036,
801885,IN19A029,
801886,IN20A.22A029,
801888,IN19A060_d,
801889,IN23B020,
801890,IN09A001,
801892,INXXX192,
801893,IN09B006,
801894,IN21A010,
801896,INXXX188,
801901,IN20A.22A010,
801902,IN16B055,
801904,IN21A007,
801907,IN03A054,
801909,IN03A045,
801910,IN13A015,
801911,IN13B029,
801912,IN01A059,
801913,IN18B018,
801916,IN16B036,
801917,IN12B005,
801919,IN12A030,
801920,IN17A030,
801921,INXXX101,
801922,IN06A102,
801924,IN14A008,
801927,IN06A006,
801930,IN19A016,
801935,IN09A016,
801936,INXXX350,
801937,IN23B095,
801938,IN23B037,
801939,IN09A014,
801940,IN12B007,
801941,IN08B056,
801942,IN06A117,
801943,IN00A007,
801944,IN09A014,
801945,INXXX271,
801947,IN05B033,
801950,IN14A009,
801951,INXXX126,
801952,IN20A.22A023,
801953,IN06A028,
801954,IN00A014,
801956,IN18B032,
801958,IN13B025,
801959,IN08B063,
801961,IN17A022,
801962,IN06B032,
801964,IN21A009,
801965,IN05B017,
801966,IN06B067,
801969,IN11A002,
801973,IN19A022,
801974,IN03B005,
801975,IN17A052,
801977,IN18B018,
801979,IN23B008,
801981,INXXX091,
801982,IN14B007,
801984,IN09A019,
801985,IN21A011,
801987,IN13A029,
801988,IN13A054,
801989,INXXX045,
801992,IN16B042,
801993,IN08A008,
801994,vMS12_b,
801995,IN03A068,
801996,IN26X002,
801999,IN01A041,
802000,IN17A083,
802001,IN12B012,
802002,IN23B013,
802004,INXXX402,
802005,INXXX220,
802006,IN09A031,
802007,IN20A.22A041,
802009,IN21A012,
802010,IN19A030,
802011,IN13B025,
802012,IN13B011,
802013,IN20A.22A007,
802015,IN09A024,
802016,IN19B033,
802017,IN07B014,
802018,IN03B049,
802019,INXXX104,
802020,IN18B013,
802021,IN21A014,
802022,IN13B010,
802024,INXXX213,
802025,INXXX466,
802026,IN03A035,
802029,IN06A125,
802030,IN14A007,
802035,IN13B063,
802036,IN01A045,
802037,IN00A016,
802038,IN18B020,
802039,IN03B024,
802041,IN14A004,
802043,IN19A029,
802044,IN19A033,
802046,IN13B006,
802047,IN13B058,
802049,IN19B050,
802051,IN12A008,
802053,IN06B035,
802056,IN23B027,
802060,IN20A.22A008,
802062,IN12A003,
802063,IN13B008,
802065,IN06A038,
802067,IN03B029,
802068,IN14A007,
802069,IN00A033,
802071,INXXX184,
802074,IN06B030,
802075,IN17A020,
802079,IN17A059,
802080,IN27X002,potentially_male-specific
802081,IN07B029,
802082,IN14A009,
802083,IN07B030,
802085,IN21A015,
802086,IN23B057,
802087,INXXX265,
802089,IN00A009,
802090,IN21A028,
802092,IN14B007,
802093,IN03A051,
802096,INXXX149,
802097,IN05B032,
802099,INXXX468,
802100,INXXX405,
802101,IN01A016,
802102,IN03A015,
802104,INXXX231,
802106,IN21A015,
802107,INXXX243,
802108,IN06B030,
802110,IN14A020,
802112,IN21A020,
802115,IN09A012,
802117,IN06A004,
802118,IN03B021,
802124,IN00A017,
802127,IN13A008,
802128,IN21A019,
802129,IN20A.22A066,
802132,IN03A037,
802134,IN14B003,
802135,IN20A.22A006,
802136,INXXX147,
802138,IN10B013,male-specific
802139,IN19B067,
802140,INXXX288,
802142,IN08A019,
802143,IN20A.22A007,
802145,INXXX045,
802147,INXXX332,
802148,IN19A021,
802153,INXXX221,
802154,IN07B033,
802155,IN08A008,
802156,IN07B023,
802160,IN05B039,
802162,IN13B026,
802163,IN19B020,
802166,IN05B032,
802167,IN13B011,
802168,IN19B020,
802169,IN20A.22A009,
802172,INXXX258,
802173,IN12B012,
802174,IN05B013,
802175,IN21A013,
802177,INXXX107,
802178,IN19A032,
802180,IN17A028,
802181,IN05B005,
802182,IN03A085,
802183,IN06B030,
802184,IN02A026,
802185,IN16B125,
802187,IN23B009,
802188,INXXX297,
802189,IN20A.22A007,
802190,INXXX287,
802191,IN09A016,
802192,IN07B033,
802193,IN12B013,
802194,IN23B037,
802196,INXXX045,
802197,IN21A020,
802200,TN1a_b,male-specific
802204,IN23B095,
802205,IN17A065,
802206,INXXX231,
802207,IN05B037,
802209,INXXX232,
802210,IN20A.22A035,
802212,IN19B023,
802213,IN19A030,
802214,IN18B021,
802217,IN20A.22A016,
802219,IN14A009,
802220,INXXX315,
802221,INXXX429,
802222,IN21A023,
802223,IN01A027,
802224,IN08B030,
802226,IN13A018,
802230,IN06B076,
802231,IN13B096_a,
802233,IN03A012,
802235,INXXX153,
802236,IN16B030,
802237,IN17A093,
802238,IN05B017,
802239,IN21A020,
802241,IN19A037,
802242,INXXX287,
802245,IN19B056,
802246,IN03A033,
802248,IN13A027,
802249,INXXX153,
802253,IN07B051,
802254,IN03B029,
802257,IN20A.22A001,
802258,IN06A004,
802259,IN14B009,
802260,IN18B021,
802261,INXXX273,
802263,w-cHIN,
802269,IN23B037,
802270,IN16B022,
802272,IN03B031,
802273,IN17B015,
802274,IN09A011,
802276,IN03B042,
802277,IN01A031,
802279,IN03A069,
802283,IN16B033,
802284,IN13B045,
802286,IN00A051,
802288,IN09B005,
802289,vMS17,male-specific
802290,IN12B014,
802291,IN13A010,
802292,INXXX231,
802294,INXXX258,
802296,IN07B026,
802297,IN23B084,
802300,IN09A093,
802303,IN14A011,
802304,IN12A030,
802306,IN14A008,
802307,IN20A.22A004,
802308,IN14B007,
802309,IN06B066,
802310,IN18B038,
802311,IN14A006,male-specific
802312,INXXX179,
802314,IN04B100,
802316,IN17A007,
802317,IN14B004,
802319,IN21A061,
802322,INXXX201,
802323,INXXX355,
802324,IN13B006,
802325,INXXX381,
802328,INXXX468,
802329,INXXX220,
802330,IN21A017,
802331,IN23B033,
802334,IN12B033,
802335,GFC2,
802336,IN03B021,
802337,INXXX022,
802338,IN01B006,
802341,IN20A.22A007,
802344,IN12A015,
802346,IN09A089,
802348,IN01B008,
802352,INXXX228,
802354,IN03A037,
802355,INXXX091,
802356,IN07B028,
802358,IN04B092,
802359,IN07B023,
802360,IN12B004,
802362,IN06B063,
802363,IN03A075,
802364,IN06B076,
802365,INXXX101,
802366,INXXX315,
802367,IN17A022,
802368,IN19B030,
802370,IN01B012,
802371,IN27X002,potentially_male-specific
802373,IN04B061,
802374,IN00A007,
802375,IN04B044,
802376,IN14B002,
802377,IN17A028,
802378,IN00A031,
802380,INXXX297,
802381,INXXX332,
802382,IN04B013,
802383,IN20A.22A003,
802384,IN02A018,
802385,IN06B024,
802386,IN13A037,
802387,IN02A030,
802390,IN02A010,
802391,IN17A044,
802392,IN04B008,
802393,IN19A029,
802395,IN03A070,
802396,IN18B033,
802398,INXXX104,
802399,IN03B008,
802400,IN04B054_b,
802402,IN06B024,
802403,INXXX212,
802404,IN26X003,
802406,IN23B011,
802408,IN12B088,
802410,INXXX355,
802411,IN18B014,
802415,IN23B012,
802416,IN21A013,
802417,IN01A032,
802418,IN10B014,
802419,IN21A011,
802420,IN23B024,
802421,IN06B013,
802422,IN16B042,
802423,IN03B032,
802425,IN00A038,
802426,IN14B009,
802428,IN13B021,
802429,IN05B033,
802430,INXXX429,
802431,IN06B017,
802432,IN06A070,
802433,IN00A012,
802434,IN03A080,
802438,IN01A002,
802440,IN16B029,
802442,IN06B022,
802443,IN19B003,
802444,IN12B069,
802445,IN04B078,
802446,IN06B069,
802447,IN19A085,
802448,IN00A063,
802450,INXXX468,
802452,IN00A027,
802453,IN03B015,
802455,INXXX008,
802458,IN13A018,
802460,IN04B034,
802461,INXXX319,
802462,IN01A045,
802463,IN01A032,
802464,IN12B079_c,
802465,IN04B039,
802467,IN12B028,
802468,IN14A024,
802469,IN13A055,
802470,IN12B013,
802471,IN18B031,
802472,IN01A041,
802473,INXXX405,
802476,IN17A025,
802477,IN23B016,
802478,GFC2,
802480,IN21A023,
802481,IN20A.22A008,
802483,IN01A023,
802485,IN06B070,
802486,IN06B029,
802487,IN13A022,
802488,IN04B029,
802489,IN19B030,
802490,IN18B015,
802491,IN06B027,
802492,IN00A011,
802493,IN06B058,
802494,IN19A022,
802495,IN02A030,
802497,INXXX231,
802498,IN21A013,
802499,IN13A019,
802505,IN12A052_b,
802506,IN11B002,
802507,IN06B042,
802508,INXXX302,
802510,IN03A074,
802514,IN14A010,
802516,IN23B018,
802517,IN01B020,
802518,INXXX253,
802520,IN12B022,
802523,IN19B109,
802524,IN03A019,
802525,IN23B086,
802526,IN01A048,
802527,IN18B029,
802528,INXXX297,
802529,IN04B018,
802531,IN19B043,
802533,IN06A020,
802534,IN08A045,
802535,INXXX297,
802536,IN14A013,
802538,INXXX237,
802540,IN19A049,
802541,dMS10,
802542,IN04B039,
802543,IN07B029,
802546,IN13A014,
802548,IN17A058,
802549,dMS2,
802551,GFC2,
802553,IN21A021,
802554,vMS12_a,
802555,IN17A052,
802556,IN08B037,
802557,IN04B044,
802558,IN19B031,
802559,IN07B033,
802561,IN00A048,
802562,IN19A016,
802563,IN14A013,
802564,IN14A011,
802565,IN23B016,
802566,IN27X014,
802567,IN12A027,
802568,INXXX297,
802569,IN13B085,
802571,IN04B078,
802573,IN12A061_c,
802574,IN13B032,
802575,IN06B058,
802578,INXXX231,
802580,IN00A017,
802582,IN12B020,
802583,IN03A020,
802584,IN17A022,
802586,IN03A017,
802588,IN18B028,
802590,IN12A025,
802593,IN06A083,
802594,IN03A013,
802595,GFC2,
802596,IN23B065,
802597,IN19A073,
802598,IN12A021_a,
802599,GFC2,
802600,INXXX032,
802601,IN08A016,
802603,IN02A010,
802604,IN01A036,
802605,IN21A005,
802606,INXXX126,
802609,IN03A017,
802610,IN12A019_c,
802611,TN1a_f,male-specific
802613,IN19A026,
802614,IN05B042,
802615,IN05B019,
802616,IN23B020,
802619,IN21A022,
802621,IN21A022,
802622,INXXX369,
802623,INXXX287,
802624,IN06B040,
802625,IN19A016,
802627,IN09A013,
802629,INXXX402,
802630,IN07B061,
802632,INXXX183,
802633,IN06A020,
802634,IN04B027,
802636,IN12B032,
802637,IN17A061,
802638,IN19A016,
802639,IN14A013,
802640,IN03A013,
802643,IN21A012,
802644,INXXX230,
802645,IN14A090,
802647,INXXX402,
802648,IN01B003,
802650,INXXX351,
802651,IN11B001,
802652,IN05B013,
802654,INXXX287,
802655,INXXX315,
802656,IN01A039,
802658,INXXX110,male-specific
802660,IN12A016,
802661,INXXX346,
802662,IN02A010,
802663,IN14B006,
802664,IN09A011,
802667,INXXX126,
802668,IN06B033,
802669,IN16B033,
802670,IN14A011,
802673,INXXX242,
802674,IN12A026,
802675,INXXX468,
802676,IN09A057,
802677,IN01A011,
802678,IN04B087,
802680,IN13A031,
802681,IN06B008,
802683,IN09A069,
802684,IN21A017,
802689,IN03A020,
802691,IN03A034,
802693,IN16B049,
802694,IN21A085,
802695,IN03A031,
802696,IN01A031,
802697,IN06B073,
802700,IN23B037,
802701,IN03A027,
802702,IN03A019,
802704,IN07B026,
802705,IN03B042,
802706,IN13A015,
802709,IN14A009,
802711,IN08B052,
802712,IN06A008,
802714,IN05B041,potentially_sexually_dimorphic
802715,INXXX110,male-specific
802716,IN05B041,potentially_sexually_dimorphic
802717,IN01A082,
802718,IN14A010,
802719,INXXX273,
802720,IN14A014,
802722,IN21A061,
802723,INXXX448,
802724,IN12A019_b,
802725,IN13B018,
802727,IN23B030,
802729,IN16B061,
802730,IN11A020,
802732,IN06B028,
802733,IN14A010,
802734,IN06B029,
802735,IN23B037,
802736,IN14A010,
802738,IN08A016,
802739,IN16B033,
802740,IN13B022,
802741,IN02A019,
802742,IN14A013,
802743,IN01A015,
802744,INXXX159,
802745,INXXX110,male-specific
802747,IN20A.22A009,
802748,INXXX110,male-specific
802750,IN13A015,
802751,IN12B018,
802753,IN14B008,
802755,IN19A031,
802756,dMS2,
802757,INXXX114,
802758,IN00A031,
802760,IN00A058,
802761,IN01A059,
802762,INXXX267,
802764,IN04B100,
802765,IN06A009,
802766,IN18B020,
802768,IN09A007,
802769,IN19B056,
802775,IN12A021_c,
802776,IN23B067_e,
802777,IN19B070,
802778,IN14A014,
802779,IN07B014,
802780,IN17A052,
802782,IN20A.22A006,
802783,IN05B036,
802784,IN06B033,
802786,IN08B040,
802789,IN13A057,
802790,IN14A012,
802792,IN21A012,
802793,INXXX382_b,
802795,IN17A025,
802798,INXXX258,
802799,GFC2,
802800,IN13B021,
802801,IN19B034,
802802,INXXX134,
802803,IN01A077,
802804,INXXX270,
802805,IN03A034,
802809,INXXX243,
802810,IN14A008,
802811,IN20A.22A008,
802812,IN14A012,
802813,IN01A061,
802814,IN08A019,
802817,IN12A024,
802818,IN19A031,
802820,INXXX126,
802821,IN19A015,
802825,INXXX316,
802827,IN19B035,
802828,IN06B047,
802829,IN20A.22A004,
802830,IN03A046,
802831,INXXX212,
802833,IN23B017,
802834,TN1c_a,male-specific
802836,IN14A014,
802838,INXXX263,
802841,IN09A086,
802842,IN03B042,
802843,IN12B018,
802844,INXXX346,
802845,IN01A029,
802846,IN04B016,
802848,INXXX215,
802849,INXXX215,
802850,IN12B016,
802852,IN01A048,
802853,IN17A046,
802854,IN19A033,
802855,IN05B024,
802858,IN05B016,
802859,IN05B043,
802860,IN19A026,
802863,IN08A028,
802866,IN07B029,
802868,IN11A020,
802869,IN13B017,
802871,vPR9_c,
802872,INXXX246,
802873,IN13A019,
802876,IN01B014,
802877,IN12A003,
802878,IN11A002,
802879,IN01B014,
802880,IN21A022,
802882,IN11B012,
802883,IN00A020,
802884,IN19B013,
802886,IN06B022,
802887,IN19B002,
802888,IN17A028,
802889,IN06B066,
802891,IN03B008,
802892,IN13B019,
802894,IN06A012,
802895,IN21A013,
802896,IN19A022,
802897,IN17A060,
802898,INXXX173,
802899,IN23B020,
802901,IN17A058,
802902,IN23B018,
802903,IN06B035,
802904,IN23B013,
802905,IN10B055,
802906,IN23B032,
802908,IN00A014,
802909,IN12B027,
802910,IN23B018,
802911,INXXX350,
802912,INXXX283,
802913,IN14A068,
802914,IN05B042,
802915,IN19A056,
802916,IN03A011,
802917,IN17A029,
802918,INXXX242,
802924,INXXX258,
802925,IN17A028,
802927,IN14A010,
802929,IN17A052,
802930,IN13B046,
802931,IN03A071,
802932,IN20A.22A038,
802933,IN03B092,
802935,IN23B012,
802938,IN00A039,
802941,INXXX193,
802942,IN04B036,
802944,IN12B018,
802945,INXXX239,
802948,IN04B010,
802949,INXXX161,
802950,INXXX247,
802951,IN07B010,
802952,IN08A011,
802953,IN04B008,
802957,IN13B050,
802958,IN13B022,
802959,IN19A036,
802960,INXXX179,
802961,IN06B029,
802962,,
802963,IN13B013,
802968,IN13B017,
802971,IN12A016,
802972,IN00A031,
802973,IN01A045,
802975,IN01A018,
802976,IN04B054_c,
802977,IN16B032,
802979,IN01A036,
802983,INXXX215,
802984,INXXX270,
802985,IN19A022,
802986,TN1a_f,male-specific
802987,IN05B034,
802988,IN13B018,
802989,IN01A036,
802990,IN13A014,
802991,IN03B028,
802993,IN06B029,
802994,IN21A023,
802995,IN00A031,
802996,IN00A011,
802998,IN03A060,
802999,IN12B014,
803000,IN01B027_d,
803001,IN01A025,
803004,IN18B026,
803006,IN16B018,
803007,IN06B042,
803008,IN08B042,
803009,IN01B021,
803011,IN17A032,
803012,TN1a_d,male-specific
803014,IN17A046,
803016,INXXX045,
803017,INXXX199,
803018,IN23B020,
803020,IN16B029,
803021,IN23B017,
803022,IN12B034,
803023,IN19B043,
803024,INXXX215,
803025,GFC2,
803027,INXXX194,
803029,IN06B054,
803030,IN04B010,
803031,IN18B037,
803032,IN19B031,
803033,INXXX373,
803034,IN06A008,
803035,IN20A.22A003,
803036,INXXX440,
803037,IN19B094,
803038,IN14B005,
803039,INXXX471,
803040,IN18B035,
803041,IN10B012,
803042,INXXX133,
803043,IN23B037,
803046,INXXX146,
803049,IN11B005,
803050,IN16B042,
803052,IN04B008,
803053,IN01A007,
803054,IN04B017,
803055,IN01A043,
803058,IN04B080,
803059,IN01A039,
803060,IN01A045,
803061,IN19B035,
803062,INXXX320,
803063,INXXX468,
803064,INXXX212,
803066,IN08B054,
803068,IN08A028,
803069,IN19B023,
803071,IN14A078,
803073,IN13A047,
803074,IN08B030,
803075,IN17A058,
803076,INXXX192,
803077,IN20A.22A004,
803079,IN01B006,
803082,IN11A003,
803083,IN12A039,
803084,INXXX161,
803085,IN11A027,
803087,IN04B011,
803089,IN07B038,
803092,IN01A046,
803093,IN03A037,
803094,INXXX212,
803095,IN12A021_c,
803098,IN16B042,
803101,IN13A019,
803102,IN06A031,
803104,IN05B017,
803105,IN18B035,
803106,IN04B036,
803108,IN03A026_c,
803109,IN02A044,
803110,IN12B014,
803111,IN13B018,
803113,IN03A045,
803114,IN09A012,
803115,INXXX316,
803118,INXXX329,
803119,IN03A055,
803120,INXXX287,
803121,IN13B042,
803122,IN06A076_b,
803123,IN03A046,
803124,INXXX161,
803126,IN17A034,
803127,IN00A026,
803128,IN12A036,
803130,INXXX198,
803132,IN11A048,
803133,IN17A030,
803135,IN05B065,
803136,IN13A019,
803137,IN13B050,
803138,INXXX146,
803139,INXXX269,
803141,IN14B011,
803142,IN14A012,
803143,IN03A040,
803144,IN14A026,
803146,IN18B045_a,
803149,IN17A035,
803153,IN09A022,
803154,INXXX252,
803156,IN00A024,
803157,INXXX306,
803158,IN13A017,
803160,IN06B049,
803163,IN19B034,
803164,IN20A.22A073,
803165,INXXX121,potentially_sexually_dimorphic
803166,INXXX405,
803167,IN23B024,
803168,IN21A023,
803169,IN11A046,
803172,IN06A009,
803173,INXXX381,
803174,IN19B050,
803175,IN21A020,
803176,IN02A007,
803177,IN16B061,
803178,IN02A030,
803179,IN19B090,
803180,INXXX268,
803181,INXXX370,
803182,IN20A.22A009,
803183,IN16B036,
803184,INXXX083,
803185,IN13B050,
803186,IN01B014,
803187,IN13A015,
803188,INXXX246,
803189,IN05B018,
803190,INXXX253,
803192,INXXX402,
803193,IN10B023,
803195,IN06B049,
803196,IN17A052,
803197,IN07B019,
803198,IN03A013,
803200,IN13B022,
803201,IN03A062_d,
803202,INXXX096,
803203,IN23B036,
803204,IN07B029,
803205,IN05B042,
803206,IN20A.22A066,
803207,IN02A020,
803208,IN00A018,
803209,IN01A045,
803210,IN07B002,
803211,INXXX126,
803212,IN01A046,
803213,IN06A025,
803216,IN16B042,
803217,INXXX285,
803218,IN14A014,
803219,IN20A.22A005,
803221,INXXX054,
803222,INXXX247,
803223,IN01A023,
803224,IN05B017,
803227,IN05B043,
803228,IN20A.22A003,
803229,INXXX315,
803230,INXXX283,
803231,INXXX369,
803232,IN01B032,
803233,IN03A057,
803234,IN12A021_b,
803235,IN00A027,
803238,IN21A049,
803239,INXXX198,
803240,IN03A027,
803242,IN06A132,
803243,IN13B023,
803244,INXXX227,
803245,INXXX228,
803246,IN20A.22A017,
803248,IN16B053,
803249,IN23B023,
803251,IN00A042,
803252,INXXX261,
803253,IN12A019_a,
803255,IN01A029,
803256,IN01A025,
803257,INXXX007,
803258,IN20A.22A005,
803259,IN03B067,
803261,INXXX142,
803262,IN01A051,
803263,IN01A024,
803264,IN01A061,
803265,IN00A061,
803266,IN10B028,
803267,IN01A023,
803268,INXXX468,
803269,IN04B053,
803270,IN23B018,
803273,INXXX267,
803274,IN03A022,
803276,IN19A064,
803277,IN09A020,
803278,IN20A.22A004,
803280,IN13A021,
803283,INXXX235,
803286,IN09A016,
803287,IN03B035,
803288,IN11A016,
803289,IN23B047,
803290,vPR9_b,
803291,INXXX265,
803292,IN14A114,
803293,IN08B030,
803294,IN13A030,
803299,IN14A020,
803300,IN04B018,
803301,IN01A059,
803302,IN08B038,
803303,IN23B018,
803304,IN08B051_a,
803305,IN04B102,
803306,IN12B025,
803308,INXXX161,
803309,IN17A040,
803311,IN20A.22A008,
803312,IN23B067_e,
803313,IN11B005,
803315,IN06A006,
803316,IN07B019,
803317,IN00A033,
803319,IN19A032,
803320,IN17B014,
803321,IN13A038,
803322,IN12A021_b,
803323,IN14B005,
803324,IN09A055,
803326,IN00A038,
803327,IN03B043,
803328,IN01A041,
803329,IN00A011,
803330,IN02A020,
803332,IN16B042,
803333,IN13B020,
803335,INXXX247,
803337,IN06A014,
803338,IN12B028,
803339,INXXX243,
803340,IN05B042,
803341,IN03A034,
803344,IN16B045,
803345,IN23B082,
803346,IN17A048,
803347,INXXX256,
803348,IN01A045,
803352,INXXX239,
803353,INXXX228,
803354,IN08B083_a,
803355,IN08B060,
803356,IN12A039,
803360,vPR9_c,
803363,INXXX281,
803364,IN20A.22A053,
803365,IN06A035,
803366,IN03A060,
803367,IN13B087,
803370,IN04B080,
803371,IN20A.22A090,
803372,IN20A.22A012,
803375,IN17A035,
803376,IN03A069,
803377,IN07B054,
803380,IN20A.22A039,
803381,IN06A013,
803382,IN19B067,
803384,IN17A052,
803385,IN03A039,
803387,IN11A002,
803388,IN23B008,
803389,INXXX261,
803390,INXXX460,
803391,IN03A018,
803393,IN17A028,
803395,INXXX269,
803396,IN14A024,
803397,INXXX331,
803399,IN23B046,
803401,IN07B029,
803404,IN11A003,
803405,INXXX206,
803406,IN06A025,
803407,IN05B021,
803410,IN04B009,
803411,IN11A011,
803415,IN08A017,
803417,IN19B050,
803418,IN17B001,
803420,IN00A012,
803421,IN01A035,
803422,IN01A035,
803423,IN16B045,
803424,IN19B050,
803425,IN06B029,
803426,IN06A021,
803427,IN01A025,
803428,IN04B044,
803429,IN00A027,
803430,INXXX300,
803431,IN13B093,
803432,IN01A061,
803435,IN01A068,
803438,TN1a_h,
803439,IN04B014,
803440,INXXX035,
803441,IN08A048,
803442,IN04B009,
803444,INXXX235,
803445,IN05B022,
803446,IN17A042,
803447,INXXX134,
803448,IN12A034,
803449,IN00A048,
803450,IN02A010,
803452,INXXX249,
803453,INXXX306,
803454,IN08B078,
803455,IN01B019_a,
803456,IN08B035,
803458,IN03A026_d,
803460,IN17B001,
803461,IN17B015,
803463,IN00A027,
803465,IN12A025,
803466,IN11A008,
803467,IN19B045,
803468,IN23B036,
803469,w-cHIN,
803470,IN20A.22A017,
803471,IN09A086,
803473,IN16B042,
803475,IN04B008,
803476,IN19B050,
803477,IN11A003,
803478,IN12A053_c,
803483,IN04B058,
803484,IN06B029,
803485,IN18B038,
803488,IN23B024,
803489,IN13A020,
803490,INXXX378,
803492,INXXX387,
803493,INXXX309,
803496,IN19B066,
803497,IN00A026,
803501,IN19A014,
803502,IN01A028,
803503,IN12B020,
803504,IN06A067_b,
803505,INXXX281,
803507,INXXX263,
803509,IN06A031,
803511,IN03A040,
803513,IN13B022,
803514,IN19A032,
803515,IN19A046,
803516,IN03B038,
803517,IN13B014,
803518,IN16B034,
803519,IN18B045_b,
803520,INXXX369,
803521,IN02A007,
803522,IN09A053,
803526,IN04B050,
803527,IN17A048,
803528,IN06B029,
803529,IN19A073,
803531,IN19A113,
803533,IN03B042,
803534,IN12B036,
803535,IN01B006,
803537,IN17A028,
803538,IN01A058,
803540,IN03A024,
803541,IN01B051_b,
803544,IN07B032,
803549,IN17A059,
803552,IN01A045,
803553,IN04B093,
803554,IN17A044,
803560,IN09A039,
803561,IN13B022,
803563,INXXX239,
803564,IN00A008,
803566,IN00A001,
803567,INXXX173,
803568,IN23B045,
803570,INXXX300,
803572,IN04B010,
803574,IN19B037,
803575,w-cHIN,
803576,IN01B046_b,
803577,IN05B038,
803579,IN18B029,
803580,IN09A056,
803583,INXXX056,
803584,IN01A040,
803585,IN13B103,
803586,IN00A025,
803587,IN01A015,
803588,IN04B038,
803590,IN13A038,
803591,IN08B068,
803592,IN20A.22A036,
803593,IN23B023,
803594,IN01B010,
803595,INXXX213,
803597,IN05B065,
803598,IN03A045,
803600,IN03A055,
803601,GFC2,
803603,IN03A062_c,
803605,INXXX472,
803606,IN03A063,
803607,INXXX269,
803608,IN01A044,
803609,IN18B039,
803610,IN12A025,
803611,IN16B034,
803612,IN19A085,
803613,INXXX206,
803614,IN01B017,
803615,INXXX306,
803618,IN06A028,
803619,vPR9_c,
803620,IN16B042,
803621,IN04B099,
803623,IN20A.22A009,
803624,IN01A050,
803625,IN01A036,
803627,IN21A042,
803628,INXXX443,
803629,IN23B023,
803630,IN00A045,
803631,IN20A.22A017,
803632,IN13A021,
803633,IN00A011,
803635,INXXX339,
803636,IN03A046,
803637,IN04B041,
803641,IN18B028,
803642,IN13A018,
803643,IN19A045,
803644,IN23B023,
803645,INXXX379,
803646,IN14A020,
803647,IN12B031,
803648,IN04B071,
803650,IN21A023,
803652,IN08A019,
803653,IN04A002,
803654,INXXX281,
803655,IN23B046,
803657,IN14A011,
803658,IN17A039,
803659,IN16B041,
803660,IN11A025,
803661,IN03A069,
803664,IN07B032,
803666,IN11A005,
803668,IN16B037,
803670,IN11B014,
803671,IN01A050,
803673,IN13B054,
803674,IN04B078,
803675,INXXX468,
803676,IN14A021,
803678,IN20A.22A063,
803679,IN12A004,
803680,IN04B106,
803681,IN17A074,
803683,IN06A003,
803685,IN17A041,
803687,IN13B022,
803688,IN14A050,
803689,TN1a_e,
803691,IN21A023,
803694,IN20A.22A090,
803696,INXXX228,
803699,IN18B045_b,
803700,IN16B042,
803702,IN17A099,
803703,IN17A060,
803705,IN11A003,
803706,IN14A013,
803710,IN04B100,
803712,IN19B050,
803713,IN04B078,
803714,IN23B031,
803718,IN06B029,
803719,IN04B014,
803720,IN20A.22A039,
803721,IN16B041,
803722,IN23B037,
803724,IN11A004,
803726,IN09A016,
803727,IN20A.22A016,
803729,IN13A034,
803731,IN21A036,
803733,IN13A028,
803734,IN00A045,
803735,IN06A021,
803736,IN07B061,
803737,IN01A050,
803740,IN16B058,
803741,IN12A048,
803742,IN09B038,
803743,IN07B023,
803744,IN17A081,
803745,IN13B104,
803746,IN08A012,
803747,IN02A023,
803748,IN27X004,
803749,vPR6,
803750,IN08A010,
803754,IN07B073_a,
803756,IN17B008,
803757,IN08B030,
803758,IN04B068,
803759,IN21A023,
803760,IN03A011,
803762,IN03A022,
803763,INXXX188,
803764,IN07B031,
803766,TN1a_i,male-specific
803767,IN10B058,
803769,IN10B032,
803770,IN20A.22A067,
803771,IN17B017,
803772,IN20A.22A024,
803773,IN06B053,
803774,IN23B032,
803775,IN03A020,
803776,IN23B032,
803777,IN01A058,
803779,IN03A040,
803780,IN01B022,
803781,IN23B031,
803782,IN03A043,
803785,IN18B043,
803787,,
803788,IN17A085,
803790,IN09A039,
803791,IN20A.22A030,
803792,IN11A020,
803793,INXXX322,
803794,IN01A040,
803795,GFC3,
803797,IN13B019,
803798,IN13B022,
803799,IN21A017,
803800,INXXX403,
803802,IN03A026_a,
803805,IN06B047,
803806,IN04B055,
803807,IN13A011,
803808,IN06B052,
803811,IN18B038,
803812,INXXX335,
803814,IN01A044,
803815,IN04B009,
803817,IN20A.22A010,
803818,IN03A055,
803821,IN27X002,potentially_male-specific
803822,IN00A018,
803823,IN12A019_a,
803824,IN12A035,
803825,IN17A028,
803826,IN11A018,
803828,IN19A016,
803831,IN17A027,
803833,INXXX228,
803834,IN13B104,
803836,IN19B050,
803838,IN13B044,
803839,IN13B043,
803840,IN05B057,
803841,IN18B038,
803842,IN11A002,
803843,INXXX140,
803846,IN23B023,
803847,IN03A062_e,
803848,IN01B020,
803849,INXXX287,
803850,IN00A021,
803851,IN04B032,
803852,IN03A026_a,
803854,IN23B023,
803855,INXXX193,
803856,IN12A029_b,
803857,INXXX294,
803859,IN01A042,
803860,IN06B042,
803861,IN03A067,
803863,IN17A061,
803864,IN08B051_a,
803865,INXXX290,
803866,IN11A008,
803868,IN08A026,
803869,INXXX138,
803870,IN01B021,
803871,IN09A035,
803873,IN02A024,
803874,IN16B045,
803875,IN13B022,
803876,IN01B010,
803880,IN16B049,
803881,IN06B017,
803883,IN04B059,
803884,IN05B037,
803885,IN14A015,
803888,IN09A031,
803889,INXXX261,
803890,IN17A039,
803893,INXXX281,
803894,IN19B068,
803895,INXXX269,
803896,IN00A026,
803897,INXXX396,
803899,IN03A057,
803900,INXXX279,
803901,IN21A022,
803902,IN13B026,
803905,IN09A024,
803906,IN16B068_a,
803907,IN08A017,
803910,INXXX241,
803911,IN12A036,
803914,IN06A034,
803917,IN00A025,
803918,IN03A045,
803919,IN11A006,
803920,IN18B034,
803921,IN02A044,
803922,TN1a_e,male-specific
803924,IN12A048,
803925,IN20A.22A017,
803926,IN01B007,
803928,IN20A.22A053,
803929,IN13B027,
803930,IN13B025,
803931,IN09B048,
803932,IN13B058,
803933,IN03A045,
803934,IN26X003,
803935,INXXX269,
803937,IN08B008,
803938,IN00A025,
803939,IN20A.22A019,
803940,IN08B046,
803941,IN06B073,
803943,IN14A013,
803944,IN13A037,
803945,IN04B033,
803947,IN03A036,
803948,IN17A060,
803950,IN12A018,
803951,IN19A029,
803952,IN05B028,
803953,IN12A053_b,
803954,IN13B067,
803955,IN12A018,
803956,IN20A.22A039,
803957,IN04B009,
803958,IN03B084,
803959,IN17A052,
803961,IN16B045,
803963,IN03A045,
803967,IN08B051_a,
803968,IN10B055,
803970,IN03A040,
803971,IN18B038,
803972,INXXX348,
803974,IN20A.22A036,
803975,IN01A050,
803976,IN14A052,
803977,IN17A112,
803978,IN00A021,
803979,IN17B008,
803980,IN12B066_c,
803981,IN03A073,
803983,IN09A022,
803984,IN12A053_a,
803986,IN00A050,
803987,INXXX217,
803988,IN14A015,
803990,IN23B045,
803991,IN01A037,
803994,IN23B025,
803995,IN07B075,
803996,INXXX287,
803997,IN13B034,
803998,IN21A035,
803999,IN18B026,
804000,IN11A013,
804001,IN09B018,
804002,IN08B029,
804003,vMS12_a,
804004,INXXX334,
804005,INXXX260,
804006,IN13A024,
804007,IN01B010,
804009,TN1a_d,male-specific
804011,IN01B008,
804012,TN1a_c,male-specific
804014,IN20A.22A045,
804015,IN02A019,
804016,IN11A003,
804017,IN13A020,
804018,IN11A011,
804019,IN03A052,
804020,IN11A007,
804022,IN04B049_c,
804026,IN03A031,
804027,IN11A005,
804028,IN01A030,
804031,IN13B019,
804032,INXXX423,
804033,IN04B017,
804034,IN04B036,
804035,IN16B086,
804036,IN04B044,
804037,IN03A039,
804038,IN01A050,
804040,IN04B049_a,
804041,IN04B054_a,
804042,TN1a_a,
804044,IN10B028,
804045,IN14A042,
804046,IN00A026,
804047,IN19B058,
804050,INXXX417,
804051,IN23B032,
804052,IN00A021,
804053,IN20A.22A009,
804054,IN17A057,
804055,IN19A048,
804056,IN01B020,
804057,IN03A029,
804058,IN06B071,
804060,INXXX301,
804062,IN20A.22A054,
804063,IN03A010,
804064,IN19A044,
804065,IN10B042,
804067,IN03A036,
804068,INXXX339,
804069,IN00A036,
804070,IN13A018,
804071,IN23B025,
804072,IN06A023,
804073,IN04B057,
804074,INXXX370,
804077,IN04B043_b,
804079,IN00A045,
804080,IN09A023,
804081,IN23B018,
804082,IN13A015,
804084,IN14B010,
804085,IN04B084,
804086,IN06B055,
804088,IN21A032,
804089,IN06A024,
804090,TN1a_i,male-specific
804091,IN23B008,
804092,IN12B036,
804093,IN14A087,
804094,IN03A062_a,
804097,IN04B027,
804098,IN03B042,
804100,IN08A019,
804103,IN11A009,
804106,IN01A022,
804109,IN12A036,
804110,IN13B017,
804111,IN16B040,
804112,IN06A121,
804113,IN09A033,
804114,IN20A.22A048,
804115,IN08B051_b,
804116,INXXX370,
804117,IN01A069,
804118,IN05B033,
804122,IN12A029_a,
804124,INXXX301,
804127,IN19B050,
804128,IN02A020,
804129,IN03A045,
804132,IN06A003,
804133,IN04B027,
804134,IN08B046,
804135,IN19A056,
804136,IN17A061,
804137,INXXX333,
804138,IN20A.22A058,
804140,IN00A028,
804141,IN04B087,
804144,IN17B017,
804145,IN12B028,
804146,IN03A032,
804147,IN19B045,
804148,IN03B036,
804149,IN23B029,
804150,INXXX266,
804152,IN04B078,
804154,vPR9_a,
804156,INXXX474,
804158,IN12B024_a,
804159,IN03A092,
804160,IN03A091,
804161,IN04B078,
804162,IN23B017,
804163,IN03A071,
804164,IN06A116,
804165,IN11B018,
804167,IN13A028,
804168,INXXX353,
804169,IN14A015,
804170,IN09A024,
804171,IN18B043,
804174,IN04B078,
804175,IN02A030,
804177,IN00A042,
804178,INXXX364,
804179,IN12B078,
804181,IN12A036,
804182,IN23B047,
804183,IN04B071,
804184,IN03A018,
804185,IN00A038,
804186,INXXX377,
804187,IN01B010,
804188,IN12A036,
804189,IN12A053_c,
804190,IN13B023,
804192,IN13A047,
804193,IN06B043,
804194,IN00A031,
804197,IN19A045,
804198,TN1c_c,
804200,IN04B075,
804201,IN12B036,
804204,IN18B027,
804205,IN19A142,
804208,IN21A027,
804209,IN12A039,
804210,IN14B012,
804211,IN23B045,
804212,IN23B066,
804214,IN12A011,
804215,IN20A.22A042,
804217,IN11A007,
804218,IN16B052,
804219,IN19B078,
804220,IN06A046,
804222,IN09B038,
804223,IN14A014,
804224,IN14A018,
804227,IN04B033,
804228,IN06B038,
804230,IN14A062,
804231,TN1a_a,
804232,IN03A045,
804233,IN03A053,
804234,IN13B019,
804235,IN14A015,
804236,IN03A039,
804238,IN16B039,
804241,IN13A074,
804242,IN10B032,
804243,IN23B028,
804244,IN23B036,
804246,IN01B007,
804249,IN13B025,
804250,IN01B023_c,
804251,IN12A036,
804252,IN03A031,
804253,IN18B038,
804254,IN08B062,
804255,IN04B018,
804258,INXXX124,
804259,IN23B028,
804260,IN03B043,
804261,INXXX301,
804264,INXXX348,
804266,IN11A006,
804267,IN14A015,
804268,IN00A053,
804269,IN04B012,
804271,IN04B029,
804272,IN03B035,
804274,IN02A024,
804279,INXXX352,
804282,IN16B037,
804284,INXXX280,
804285,IN01B027_a,
804288,IN13B027,
804289,IN00A026,
804290,IN01B024,
804293,IN03A040,
804294,IN17A022,
804295,IN08B039,
804296,IN04B033,
804297,IN12A061_d,
804298,INXXX341,
804299,INXXX332,
804304,INXXX138,
804306,IN02A019,
804307,IN13A020,
804309,IN00A045,
804311,IN02A015,
804312,IN20A.22A021,
804313,IN06B078,
804316,IN20A.22A067,
804320,IN01A059,
804321,IN12B037_a,
804322,IN23B092,
804323,IN08B051_b,
804325,IN06B047,
804327,vPR9_a,
804328,INXXX214,
804329,IN03A052,
804330,IN01B010,
804331,IN04B078,
804333,IN08B082,
804334,IN03A080,
804335,IN04B064,
804336,IN05B075,
804337,IN14B010,
804338,IN03A039,
804340,IN03A048,
804344,INXXX346,
804345,INXXX282,
804347,IN14B010,
804348,IN08B068,
804350,TN1a_g,male-specific
804353,IN06A043,
804355,IN02A030,
804356,IN13B026,
804357,IN03B043,
804358,IN05B051,
804359,IN04B029,
804360,IN09A019,
804362,,
804363,INXXX251,
804364,IN07B054,
804368,INXXX315,
804370,IN03A067,
804372,IN06A018,
804374,IN13A020,
804376,IN07B031,
804378,IN01A035,
804379,IN04B064,
804380,INXXX405,
804382,INXXX269,
804383,INXXX263,
804384,IN03B001,
804385,IN12B020,
804386,INXXX472,
804387,IN09A027,
804388,INXXX214,
804389,IN03A046,
804391,IN04B017,
804392,INXXX331,
804394,IN11A006,
804395,IN01A061,
804396,IN03A030,
804400,IN04B100,
804401,IN03A030,
804402,IN11A046,
804403,INXXX290,
804404,INXXX224,
804406,IN03A075,
804407,INXXX263,
804409,IN04A002,
804410,IN07B039,
804411,INXXX290,
804412,IN13B027,
804413,IN09A047,
804414,IN01A048,
804415,IN03A022,
804416,IN01A054,
804418,IN04B017,
804419,IN13B045,
804420,IN06A018,
804421,IN16B088,
804422,IN03A039,
804424,INXXX287,
804425,IN00A009,
804426,IN20A.22A072,
804427,IN14A024,
804428,IN07B081,
804429,IN02A049,
804431,INXXX377,
804432,IN00A045,
804433,IN17A041,
804434,IN13B060,
804435,IN12B024_b,
804438,IN03A030,
804439,IN13B073,
804440,IN19A060_d,
804441,IN09A088,
804442,IN03B035,
804443,IN06B017,
804444,IN19A006,
804446,IN05B057,
804448,IN05B051,
804449,IN07B038,
804451,IN19B068,
804452,IN00A055,
804453,INXXX253,
804454,IN21A023,
804455,IN08A037,
804456,IN06B073,
804457,INXXX341,
804458,IN13B026,
804462,IN03A059,
804463,IN07B039,
804464,IN09A013,
804466,IN14A037,
804467,IN07B067,
804468,IN03A017,
804469,IN18B040,
804470,IN01B020,
804471,IN14A020,
804472,IN14A008,
804473,IN01A079,
804474,IN01A024,
804475,IN01A037,
804478,IN03A017,
804479,IN23B040,
804480,IN03A036,
804481,IN14A017,
804482,IN19B094,
804483,IN06A059,
804485,INXXX376,
804489,IN12B025,
804491,IN08A027,
804492,INXXX290,
804494,IN02A029,
804495,IN02A033,
804496,IN12B072,
804497,IN03A022,
804499,INXXX369,
804500,IN13B027,
804501,IN06A049,
804502,IN16B072,
804503,IN13A029,
804504,IN03A059,
804505,INXXX426,
804507,IN04B058,
804508,IN23B022,
804510,INXXX275,
804511,IN03A044,
804512,INXXX241,
804513,IN01A048,
804516,IN01A052_a,
804518,IN14A085_b,
804519,IN08B029,
804520,IN23B065,
804521,IN16B041,
804523,IN23B025,
804524,vMS12_b,
804525,INXXX334,
804527,IN06A066,
804529,IN01A038,
804530,IN06A066,
804532,IN06B047,
804533,IN11A008,
804535,IN04B010,
804536,IN07B103,
804538,INXXX373,
804539,IN08A048,
804540,IN19A026,
804541,IN07B031,
804545,IN17A027,
804546,IN11A008,
804547,INXXX217,
804549,,
804550,IN03A024,
804551,IN01A025,
804552,IN13B029,
804553,IN07B053,
804555,INXXX473,
804556,IN19B043,
804557,IN03A042,
804558,INXXX359,
804559,dMS2,
804561,IN12B084,
804562,IN03A059,
804563,IN03A039,
804564,IN13B031,
804566,IN13B033,
804567,IN01B010,
804569,IN18B027,
804570,IN07B039,
804572,IN11A007,
804573,IN13B023,
804574,INXXX400,
804575,IN00A045,
804577,IN12B039,
804578,IN13B017,
804579,IN20A.22A050,
804581,IN16B039,
804582,IN04B017,
804583,IN13B026,
804584,IN03A077,
804585,IN23B060,
804586,IN23B087,
804587,IN14A015,
804588,vMS12_a,
804589,IN11A047,
804591,IN02A021,
804592,IN03A031,
804593,IN06A066,
804594,IN23B008,
804597,IN14A040,
804599,IN13A028,
804600,IN06A054,
804601,IN12A005,
804602,,
804603,IN19B082,
804604,IN02A030,
804605,IN08A019,
804607,IN13A025,
804608,IN10B050,
804609,IN04B055,
804610,IN17A059,
804612,IN04B050,
804613,IN11A004,
804617,IN21A028,
804619,IN06B056,
804622,IN12A056,
804623,IN04B083,
804624,INXXX302,
804626,IN19A046,
804627,INXXX332,
804628,IN18B038,
804629,IN08B060,
804630,IN03A050,
804631,IN08B051_d,
804632,IN16B040,
804633,INXXX431,
804634,IN11A025,
804637,IN20A.22A041,
804638,IN23B031,
804639,TN1a_g,male-specific
804640,IN03A033,
804643,IN07B068,
804644,vPR9_a,
804645,IN06A012,
804647,IN17A052,
804649,IN20A.22A009,
804650,IN19B095,
804653,IN06B047,
804654,INXXX405,
804655,IN08B068,
804656,IN07B051,
804657,IN12B023,
804659,INXXX304,
804660,IN07B061,
804662,IN20A.22A039,
804663,IN12B024_a,
804664,IN03A034,
804665,IN03A033,
804666,IN04B066,
804667,IN16B045,
804671,INXXX394,
804672,IN26X003,
804673,IN07B039,
804674,INXXX283,
804675,INXXX266,
804676,IN19B045,
804677,IN06A038,
804678,IN04B047,
804679,IN11B011,
804680,IN19B091,
804681,IN16B070,
804682,IN16B045,
804684,INXXX365,
804685,IN03A031,
804686,IN06A063,
804687,IN08B045,
804688,IN03B061,
804689,IN19B053,
804691,IN20A.22A044,
804695,INXXX441,
804696,IN06A050,
804697,IN21A028,
804698,IN17A041,
804700,IN05B057,
804701,IN16B039,
804704,IN19A096,
804706,IN12A036,
804707,IN12B027,
804708,IN08A010,
804709,INXXX204,
804710,IN06B070,
804711,IN11A004,
804712,IN03B070,
804715,INXXX204,
804716,IN13B021,
804717,IN12B034,
804719,IN04B089,
804720,IN12B053,
804721,IN03A028,
804722,IN14A028,
804723,IN12A052_a,
804724,IN03A036,
804725,IN03A033,
804727,IN03A048,
804728,IN16B037,
804729,IN03A038,
804731,IN23B037,
804732,IN11B013,
804733,IN04B100,
804734,IN01A059,
804735,IN03A038,
804736,INXXX258,
804737,TN1a_b,male-specific
804738,IN04B012,
804739,IN06A109,
804743,IN18B034,
804745,IN23B051,
804746,IN08B062,
804747,IN06A019,
804748,IN11A022,
804749,IN21A051,
804750,IN14A015,
804751,IN20A.22A010,
804752,IN09A020,
804753,IN04B017,
804754,IN03A062_h,
804755,INXXX221,
804756,INXXX331,
804757,IN12A039,
804759,IN04B032,
804760,IN17A052,
804761,INXXX249,
804764,IN01A038,
804767,INXXX388,
804768,IN07B099,
804769,IN03B035,
804770,vMS12_a,
804771,IN13B033,
804773,IN04B081,
804774,IN04B066,
804778,IN06A066,
804779,INXXX414,
804780,IN23B028,
804781,IN13B022,
804783,IN18B042,
804784,IN04B022,
804787,IN03A052,
804788,IN03A030,
804789,IN01B023_c,
804790,IN02A015,
804792,INXXX341,
804793,IN06A063,
804794,IN04B036,
804795,IN12B088,
804796,IN04B060,
804797,INXXX363,
804798,IN04B046,
804800,INXXX282,
804803,IN01A034,
804805,IN03A050,
804806,IN03A055,
804808,IN03A033,
804809,IN13B050,
804810,IN17A079,
804811,IN05B072_a,
804812,IN06A099,
804813,IN13B030,
804817,IN20A.22A022,
804818,IN01B083_a,
804823,IN13B020,
804824,IN17A082,
804825,INXXX399,
804826,IN17A065,
804827,INXXX388,
804829,IN19B095,
804830,IN17A041,
804831,IN03A057,
804832,IN13A024,
804835,IN12B024_c,
804836,IN03A029,
804837,IN04B068,
804838,IN03B076,
804840,vMS12_c,
804842,IN18B035,
804843,,
804845,IN01A038,
804849,IN08B054,
804850,vMS12_c,
804853,INXXX135,
804854,IN04B074,
804855,IN23B023,
804856,IN18B034,
804857,INXXX419,
804858,IN04B089,
804859,IN03A036,
804861,IN13B036,
804863,IN23B041,
804867,IN09A039,
804868,INXXX221,
804870,IN04B057,
804871,IN03A029,
804872,IN01A038,
804873,IN20A.22A009,
804874,INXXX341,
804875,IN01A030,
804876,IN03A031,
804877,IN14A015,
804878,IN13B062,
804879,IN06B017,
804880,IN04B074,
804881,IN02A020,
804882,IN18B036,
804884,IN16B045,
804885,IN08A038,
804886,IN00A013,
804887,IN12B031,
804889,IN00A022,
804890,IN14A043,
804891,IN12A015,
804894,IN12A031,
804895,IN19B077,
804896,IN01B020,
804897,IN13B080,
804898,IN19A064,
804899,INXXX385,
804901,IN06B047,
804902,IN19B068,
804903,TN1c_c,
804904,IN04B028,
804905,IN00A048,
804906,IN13A022,
804907,IN06B073,
804908,IN12A029_b,
804912,IN13B078,
804914,IN19A012,
804915,IN16B045,
804916,IN23B023,
804917,IN04B029,
804920,IN04B049_a,
804921,IN20A.22A036,
804922,IN04B012,
804926,IN03B053,
804927,IN13B024,
804931,IN07B073_a,
804933,IN03A044,
804935,IN20A.22A009,
804936,IN13B033,
804937,IN19B068,
804938,IN01B027_a,
804939,IN13B023,
804940,IN09A012,
804942,IN19B091,
804943,IN01A038,
804945,IN23B049,
804946,IN01B027_b,
804947,IN04B024,
804949,TN1a_g,
804950,INXXX406,
804951,IN02A054,
804953,IN08B087,
804954,IN01B026,
804956,IN03A030,
804957,INXXX304,
804958,IN13B027,
804960,IN18B046,
804961,IN19B068,
804962,IN03A031,
804964,IN17A044,
804965,IN04B057,
804967,IN03A077,
804968,IN11A049,
804970,IN23B070,
804971,IN08A028,
804972,IN18B038,
804973,IN13A028,
804976,IN09A038,
804977,IN11A007,
804978,IN00A036,
804979,IN04B091,
804980,INXXX307,
804982,INXXX230,
804984,INXXX382_b,
804985,IN14A020,
804988,INXXX436,
804989,IN13B028,
804990,IN01A050,
804993,IN04B061,
804994,IN11B009,
804995,IN06B077,
804996,IN06B077,
804997,IN06A043,
804999,IN07B086,
805002,INXXX307,
805004,IN09A012,
805005,INXXX265,
805006,IN09A020,
805007,IN19A046,
805008,IN13B017,
805012,IN08A019,
805013,IN17A059,
805014,IN03A060,
805015,IN06A003,
805016,IN20A.22A010,
805018,IN04B013,
805019,IN20A.22A039,
805020,INXXX365,
805021,IN12A018,
805022,IN08B062,
805023,IN19B047,
805025,IN07B075,
805026,INXXX373,
805030,IN19A064,
805031,IN07B063,
805033,IN08B054,
805034,IN04B015,
805039,IN23B045,
805040,IN04B056,
805041,IN02A015,
805042,IN00A034,
805045,IN19A060_a,
805046,INXXX346,
805047,IN12A027,
805048,IN06B078,
805049,IN17A061,
805051,IN02A029,
805054,IN03A024,
805056,IN03A030,
805057,IN06B063,
805058,IN03A062_d,
805059,IN12B031,
805060,IN04B026,
805061,IN01A030,
805062,IN03A041,
805063,IN19A090,
805064,IN21A063,
805066,IN20A.22A009,
805068,IN12B034,
805069,IN19B056,
805070,IN06A109,
805071,IN21A023,
805072,IN02A023,
805073,IN03A019,
805074,IN04B054_c,
805075,IN08A011,
805077,IN20A.22A053,
805078,IN13A025,
805079,IN03A035,
805082,IN08B075,
805083,IN06B063,
805084,IN07B083_d,
805086,IN12B037_b,
805087,IN12A027,
805091,IN03A057,
805092,IN03B046,
805094,IN03A059,
805095,GFC4,
805096,IN06A020,
805097,IN09B038,
805098,IN00A034,
805099,IN23B074,
805101,IN12B033,
805102,IN12B068_a,
805103,IN00A033,
805104,IN12A041,potentially_male-specific
805105,IN06B063,
805106,IN23B017,
805108,IN07B038,
805109,IN21A062,
805111,INXXX331,
805112,IN18B040,
805114,IN20A.22A015,
805115,IN23B021,
805116,IN04B103,
805117,IN07B073_e,
805118,INXXX322,
805120,IN23B062,
805123,IN08B073,
805124,IN04B009,
805125,IN03A068,
805126,IN12B068_a,
805127,IN04B087,
805128,IN04B068,
805129,IN17A049,
805130,INXXX321,
805131,IN06B086,
805132,IN02A023,
805133,IN12B052,
805135,IN12B024_b,
805138,IN11A014,
805139,IN07B048,
805141,IN04B054_b,
805142,dMS2,
805143,IN04B074,
805144,IN06A094,
805145,IN04B108,
805146,IN00A048,
805148,dMS2,
805149,,
805152,vMS12_d,
805153,INXXX303,
805154,IN01A026,
805155,IN04B025,
805156,IN19B078,
805157,IN08B068,
805158,IN09A032,
805159,IN08B065,
805161,IN23B023,
805162,IN04B031,
805167,IN12A030,male-specific
805168,IN01A079,
805169,IN02A003,
805170,IN17A090,
805172,IN21A058,
805173,INXXX473,
805174,IN03A066,
805175,IN14A104,
805176,IN23B049,
805180,IN20A.22A049,
805182,IN06B063,
805183,IN19A060_c,
805184,IN07B061,
805185,IN00A017,
805186,IN09B046,
805187,IN23B046,
805188,IN06B066,
805190,IN13A035,
805191,IN08B004,
805193,IN04B022,
805194,IN05B072_c,
805195,IN12B020,
805196,IN23B060,
805198,IN03A030,
805199,IN03A066,
805201,IN11A047,
805202,IN23B023,
805203,IN04B049_b,
805205,IN12B070,
805206,IN05B061,
805207,vMS12_d,
805208,IN03A062_c,
805209,IN06B059,
805210,IN20A.22A015,
805211,IN04B054_b,
805212,IN04B074,
805213,INXXX415,
805214,INXXX370,
805215,IN07B073_a,
805216,IN12B020,
805218,IN04B054_c,
805219,IN04B032,
805220,IN17A064,
805221,IN10B032,
805222,IN13B019,
805223,IN08A037,
805224,IN06A102,
805225,IN17A111,
805226,IN03A026_b,
805227,IN19B040,
805228,IN23B085,
805229,IN27X003,
805230,INXXX315,
805231,IN01A061,
805232,IN08B042,
805233,IN04B074,
805234,IN12A042,
805235,IN12B038,
805238,IN13A030,
805239,IN18B035,
805241,INXXX363,
805242,INXXX337,
805243,INXXX441,
805244,IN19B040,
805245,INXXX382_b,
805246,IN07B073_b,
805248,IN16B045,
805251,IN11A006,
805252,IN01B067,
805253,IN08B054,
805257,INXXX365,
805258,IN12B038,
805259,IN04B067,
805260,IN13B022,
805263,IN06A094,
805264,IN17A034,
805265,IN03A075,
805266,IN13B028,
805267,INXXX350,
805268,INXXX386,
805269,IN23B067_b,
805270,IN04B036,
805271,INXXX350,
805272,IN03A028,
805273,IN12B031,
805274,IN20A.22A021,
805275,IN11A022,
805276,IN17A064,
805277,IN14A014,
805278,IN05B061,
805279,INXXX332,
805280,INXXX293,
805281,IN02A030,
805283,IN01A059,
805286,IN12B024_c,
805287,INXXX321,
805288,IN00A061,
805289,IN08A017,
805291,INXXX399,
805293,IN12A053_c,
805294,IN13A045,
805295,IN01A061,
805297,IN18B047,
805298,IN06B059,
805299,IN06B079,
805300,IN03A032,
805301,IN06B017,
805302,INXXX142,
805303,IN08B051_d,
805305,IN21A023,
805307,IN07B073_c,
805310,INXXX321,
805311,IN11A022,
805312,IN13A029,
805315,IN13A035,
805316,IN06B047,
805318,IN23B049,
805319,IN19B073,
805320,IN18B037,
805321,IN11A025,
805322,IN13B033,
805323,IN23B040,
805324,INXXX400,
805329,IN11A007,
805330,IN23B070,
805332,IN13A023,
805333,IN01A065,
805334,IN04B068,
805335,vMS12_c,
805336,IN13B037,
805338,IN02A023,
805339,IN08B033,
805341,IN03A064,
805342,INXXX217,
805343,IN08B033,
805344,INXXX414,
805345,IN13B032,
805346,IN13B023,
805349,IN06B077,
805350,IN12B032,
805351,IN04B034,
805352,IN01A038,
805353,IN04B066,
805354,IN09B046,
805355,IN09A060,
805356,IN08B080,
805357,TN1c_a,male-specific
805358,INXXX400,
805359,IN08B078,
805360,IN04B085,
805361,IN11B013,
805363,IN19B041,
805364,IN13A030,
805365,IN11A021,
805366,IN04B021,
805367,IN12B063_a,
805368,IN12A002,sexually_dimorphic
805369,TN1c_c,
805370,IN08B054,
805371,INXXX224,
805372,dMS2,
805373,IN04B046,
805374,IN16B037,
805375,IN03A064,
805376,IN04B020,
805377,IN14A051,
805378,IN03A067,
805380,IN14A029,
805382,INXXX315,
805383,IN13B078,
805384,IN08B056,
805385,IN13A024,
805386,IN04B035,
805388,IN08B078,
805389,IN04B060,
805390,INXXX284,
805391,IN14B010,
805392,IN20A.22A036,
805393,IN13B078,
805394,INXXX446,
805395,IN06B059,
805396,IN23B063,
805397,IN23B032,
805399,IN14A086,
805400,IN09A044,
805401,IN17A085,
805404,IN16B041,
805405,IN17A033,
805406,IN10B042,
805409,INXXX414,
805411,INXXX256,
805412,IN04B025,
805413,IN03A062_f,
805414,IN13B099,
805416,IN06A016,
805417,INXXX359,
805419,IN19A042,
805422,IN06A106,
805423,IN03B053,
805424,IN08A011,
805425,IN01A026,
805426,IN14B010,
805427,IN03A029,
805428,IN01A036,
805429,IN08A017,
805431,IN04B032,
805432,IN13A050,
805433,IN04B032,
805434,IN07B096_b,
805435,IN23B056,
805437,IN01B017,
805438,IN12B027,
805439,IN19A010,
805441,IN01A061,
805442,IN14B011,
805444,vMS12_d,
805446,IN08A019,
805447,IN07B061,
805450,IN09A012,
805451,IN16B055,
805452,IN23B067_b,
805453,IN02A029,
805454,INXXX396,
805455,IN03A041,
805456,IN06A055,
805458,IN04B033,
805459,IN11A049,
805460,IN08B068,
805461,IN07B073_b,
805462,IN04B068,
805463,INXXX233,
805464,IN12B034,
805465,IN08B054,
805466,INXXX369,
805467,IN06B077,
805468,IN08B042,
805469,IN06B025,
805470,IN20A.22A039,
805471,GFC1,
805472,INXXX365,
805474,IN03A060,
805475,IN01A036,
805478,IN13A055,
805479,TN1c_a,
805480,IN03B054,
805481,INXXX357,
805482,IN03B049,
805483,IN23B022,
805484,IN20A.22A016,
805485,IN05B085,
805486,INXXX321,
805487,w-cHIN,
805488,dMS10,
805489,IN19B040,
805490,IN13A023,
805491,IN02A023,
805492,IN10B042,
805494,INXXX474,
805496,IN14A032,
805497,IN06A102,
805499,IN13B024,
805500,IN19A088_d,
805501,IN03A045,
805502,IN04B081,
805503,IN03B038,
805504,IN01A050,
805505,,
805506,IN04B032,
805512,IN06A020,
805513,IN14A018,
805514,INXXX399,
805515,IN14A025,
805516,IN08B075,
805517,IN13B034,
805519,IN00A032,
805520,IN04B025,
805521,IN07B068,
805522,IN19A069_b,
805524,IN20A.22A024,
805525,IN18B034,
805526,IN20A.22A015,
805527,IN19B090,
805528,IN12B024_b,
805529,IN12B027,
805530,IN12B028,
805532,IN19B040,
805533,IN01A059,
805535,vMS11,
805536,IN06B040,
805539,IN08B067,
805540,IN23B043,
805541,IN14A091,
805542,IN17A049,
805543,IN01A038,
805544,IN04B107,
805545,IN06A126,
805546,IN04B095,
805547,IN13A021,
805548,IN06A016,
805550,IN13B017,
805551,IN03A033,
805553,vMS11,
805555,IN07B061,
805556,IN13B035,
805557,IN01A051,
805558,vMS11,
805560,INXXX276,
805561,IN12B072,
805563,IN08B083_c,
805565,IN20A.22A041,
805566,vMS11,
805567,IN03A062_h,
805570,IN13B049,
805571,IN07B059,
805572,IN12A063_e,
805574,IN07B061,
805575,IN04B100,
805576,IN19B068,
805578,IN12B024_b,
805581,IN03A067,
805582,IN08A016,
805584,IN13A038,
805585,IN03B079,
805590,IN14A028,
805591,INXXX406,
805592,IN10B028,
805595,IN06A065,
805596,IN04B107,
805597,IN23B032,
805599,IN04B056,
805600,IN14A020,
805601,IN16B053,
805602,IN09A030,
805603,IN11A025,
805604,IN11A021,
805605,IN04B022,
805606,IN20A.22A039,
805607,IN17A051,
805608,IN19B038,
805609,IN06B047,
805610,IN20A.22A010,
805611,IN06B066,
805613,IN03A092,
805614,IN08A011,
805615,IN07B030,
805616,IN12B071,
805617,IN01B017,
805618,IN12B022,
805619,INXXX416,
805620,IN09A020,
805622,IN06B047,
805626,IN19A009,
805627,IN08B072,
805628,IN01B026,
805629,IN02A043,
805631,IN06A054,
805632,dMS2,
805635,INXXX414,
805637,IN12B025,
805638,TN1c_d,
805639,IN20A.22A039,
805641,IN16B062,
805642,IN18B054,
805644,IN03A047,
805645,IN14A023,
805648,IN18B036,
805650,IN12B074,
805651,IN13A050,
805652,IN08A011,
805653,IN13B031,
805654,IN00A009,
805656,IN13A029,
805658,IN00A036,
805662,IN19B090,
805663,IN03B053,
805667,IN20A.22A024,
805670,IN08B083_b,
805672,IN11A021,
805674,IN20A.22A010,
805675,INXXX213,
805676,IN06B036,
805677,IN20A.22A017,
805678,IN03B012,
805680,IN23B030,
805682,IN08B058,
805683,IN08B056,
805684,IN03A052,
805686,IN12B020,
805688,IN04B032,
805689,IN02A033,
805693,IN01A058,
805694,IN07B055,
805696,IN23B049,
805697,IN17A037,
805698,IN09A021,
805699,IN08A036,
805700,IN19A057,
805701,IN03B072,
805702,IN03B080,
805703,IN19A027,
805704,IN00A035,
805705,IN23B033,
805708,IN16B053,
805709,IN19B045,
805710,IN12A027,
805711,IN04B018,
805716,IN12B079_c,
805717,IN09A024,
805719,IN17A049,
805721,IN10B033,
805723,IN01A056,
805724,INXXX294,
805725,IN04B068,
805726,IN09A022,
805727,IN13A045,
805728,IN06A022,
805730,IN13B032,
805732,IN09B043,
805734,IN03A071,
805735,IN14A023,
805736,IN03A073,
805737,IN08B083_d,
805738,IN08B087,
805739,IN12B032,
805740,IN20A.22A017,
805743,INXXX363,
805744,vMS11,
805746,IN08B060,
805748,IN08A024,
805749,INXXX321,
805750,vPR6,
805752,IN09A023,
805753,INXXX335,
805754,IN07B065,
805755,IN01A075,
805756,IN09A024,
805758,IN13A010,
805759,INXXX383,
805761,IN19A088_c,
805762,IN13B049,
805766,IN03B051,
805767,IN03A059,
805770,IN05B011b,
805773,IN12B068_b,
805774,IN11A014,
805775,IN14A020,
805777,IN09A012,
805778,INXXX217,
805779,IN08A011,
805780,IN09A021,
805781,IN11A028,
805784,,
805785,IN19A041,
805787,IN08A036,
805788,IN05B066,
805791,IN08B037,
805793,IN12B068_a,
805794,IN01A041,
805795,IN03A026_c,
805798,IN04B074,
805800,IN06A039,
805803,IN07B047,
805804,IN03B058,
805805,IN08B056,
805806,IN01B069_b,
805807,IN03A073,
805808,IN23B074,
805810,IN04B060,
805811,IN01B012,
805813,IN07B048,
805814,IN13A036,
805815,IN08B108,
805816,IN13B032,
805817,IN13B034,
805819,IN04B087,
805820,IN19A045,
805822,IN06A065,
805823,IN13A040,
805824,IN06B073,
805825,IN08B083_d,
805826,IN16B075,
805827,IN06B056,
805829,IN12A037,
805830,IN03A084,
805831,IN04B036,
805832,IN11A048,
805833,IN09A020,
805834,IN23B078,
805836,IN02A015,
805837,IN17A064,
805838,IN06B071,
805839,IN17A113,
805840,IN20A.22A024,
805841,IN01A040,
805843,IN00A033,
805844,IN01B015,
805845,,
805846,IN05B080,
805847,IN04B037,
805848,IN19B066,
805849,IN08B085_a,
805850,IN06A056,
805852,IN03A075,
805853,IN19A057,
805854,IN11A014,
805855,IN13A020,
805856,IN08B065,
805857,IN20A.22A039,
805859,IN13B058,
805860,INXXX415,
805862,dMS2,
805863,IN00A049,
805866,IN01A060,
805867,IN08A021,
805868,IN03B060,
805869,IN23B028,
805870,IN08B040,
805872,IN20A.22A039,
805873,IN03A066,
805874,IN11A022,
805876,IN19A052,
805880,IN03A047,
805882,IN06A066,
805883,IN23B047,
805884,IN03B060,
805886,IN23B041,
805888,IN12B079_a,
805889,IN20A.22A051,
805891,INXXX390,
805893,IN13A040,
805895,IN03B071,
805896,IN03A038,
805897,IN13A030,
805898,IN11B013,
805899,dMS2,
805902,IN20A.22A068,
805903,IN06B058,
805904,IN06B047,
805905,IN03A064,
805906,IN01A040,
805908,IN03A070,
805910,IN16B073,
805911,IN09A021,
805914,IN10B050,
805915,IN01A078,
805917,IN13B070,
805918,IN03A048,
805920,INXXX315,
805921,IN19A060_c,
805923,IN12B039,
805925,IN12B023,
805926,IN19B043,
805927,IN20A.22A044,
805929,IN08B062,
805930,IN07B059,
805932,IN03B012,
805933,IN07B098,
805934,IN12A043_a,
805935,INXXX233,
805936,IN08A024,
805938,IN06A055,
805940,IN04B076,
805941,IN19B091,
805942,IN03A053,
805943,IN06A034,
805945,vPR6,
805946,IN11A021,
805948,IN08B064,
805949,INXXX474,
805952,IN04B018,
805953,IN12B031,
805954,IN04B044,
805957,INXXX402,
805958,IN00A032,
805959,IN21A058,
805961,IN12B030,
805962,IN06B061,
805963,IN08B085_a,
805964,IN06B077,
805965,IN04B076,
805966,IN08B068,
805968,IN04B032,
805969,IN04B025,
805971,IN03A036,
805972,INXXX321,
805973,IN18B042,
805977,vMS11,
805979,IN06B059,
805982,IN14A052,
805983,IN04B060,
805984,IN03A075,
805985,IN09A041,
805986,IN14A059,
805988,IN04B049_c,
805989,IN14A104,
805991,IN16B075_e,
805994,IN06B055,
805996,IN14A023,
805997,IN03A053,
805998,IN06B036,
806001,IN23B006,
806003,IN07B073_a,
806004,IN13A034,
806005,IN00A043,
806009,IN16B075_g,
806012,IN08B055,
806013,INXXX284,
806015,IN12B025,
806016,IN00A035,
806017,IN08A019,
806018,IN13B060,
806019,IN19B038,
806021,IN04B102,
806023,IN01A065,
806025,IN16B083,
806026,INXXX436,
806028,IN06A069,
806029,IN03A064,
806030,IN16B080,
806032,INXXX360,
806033,IN09B044,
806034,IN23B059,
806036,IN04B013,
806038,INXXX276,
806039,IN12B036,
806040,IN13B036,
806042,IN20A.22A048,
806044,IN19B078,
806045,IN20A.22A017,
806046,IN17A033,
806048,IN09A034,
806049,IN08B093,
806050,IN03B049,
806051,IN07B079,
806052,IN19B041,
806054,IN03A068,
806055,IN09A027,
806056,IN08B085_a,
806057,IN02A020,
806058,IN06A037,
806059,IN05B075,
806060,IN03B037,
806062,IN06A036,
806064,IN14A023,
806066,IN03A062_e,
806068,IN00A043,
806070,IN01A065,
806071,IN17A090,
806072,IN03B049,
806074,IN04B077,
806077,IN05B085,
806079,INXXX418,
806081,IN08B077,
806082,IN01B031_b,
806083,dMS2,
806084,IN20A.22A017,
806085,IN02A030,
806087,IN00A024,
806088,IN12A043_a,
806089,IN03A038,
806090,IN04B017,
806091,INXXX345,
806092,IN11A016,
806093,IN03A067,
806095,IN12A054,
806096,IN19A099,
806098,IN11B013,
806100,IN08B054,
806101,IN06A073,
806103,INXXX427,
806104,IN23B067_c,
806105,IN04B112,
806106,IN19B067,
806107,IN01A058,
806108,IN04B100,
806109,IN14B011,
806110,INXXX399,
806112,IN17A064,
806113,INXXX427,
806114,IN21A058,
806116,IN11A031,
806119,IN17A088,
806121,IN12B030,
806122,IN01A073,
806125,IN07B054,
806126,IN06B033,
806128,IN21A030,
806129,IN09A032,
806130,IN02A044,
806132,INXXX400,
806134,INXXX197,
806135,IN12B025,
806136,IN01B033,
806137,IN17A061,
806138,IN03B057,
806139,IN09A043,
806141,IN03A068,
806145,IN19A061,
806148,IN03A085,
806149,IN20A.22A053,
806152,IN09A019,
806153,IN06A056,
806154,IN04B094,
806157,IN23B021,
806158,IN20A.22A071,
806162,IN04B032,
806164,IN01A056,
806165,IN19B069,
806166,IN23B046,
806167,IN01A052_a,
806169,IN06A109,
806170,IN12B024_a,
806171,IN06B056,
806172,INXXX412,
806173,IN11A035,potentially_sexually_dimorphic
806174,IN04B074,
806175,IN21A035,
806176,IN03A039,
806177,IN23B034,
806178,IN14A017,
806179,IN13A051,
806180,IN12B034,
806181,IN13B079,
806182,IN10B041,
806183,IN08B056,
806184,IN00A059,
806186,vMS11,
806187,IN09A019,
806188,IN16B074,
806190,IN05B066,
806191,IN13A019,
806192,IN00A041,
806193,IN03A057,
806195,IN04B068,
806197,IN07B073_b,
806198,IN19A042,
806201,INXXX474,
806203,IN06B077,
806205,IN13B038,
806206,IN23B059,
806207,dMS2,
806209,IN13A023,
806210,IN12B029,
806213,IN00A024,
806217,IN00A043,
806218,IN11A003,
806219,IN04B031,
806220,IN04B085,
806221,IN03A073,
806222,IN11A014,
806223,IN10B028,
806224,IN20A.22A017,
806225,IN20A.22A036,
806227,IN14A018,
806230,IN12B052,
806231,IN04B095,
806232,IN00A041,
806233,IN08B054,
806234,IN01B037_b,
806235,vPR6,
806236,INXXX415,
806237,IN06B036,
806238,INXXX332,
806240,IN01A047,
806241,IN04B069,
806242,IN11A036,
806243,IN06A064,
806245,IN06B047,
806246,vPR6,
806248,IN06B061,
806250,IN23B057,
806251,IN12B036,
806252,IN19A042,
806255,IN04B081,
806256,IN09B043,
806257,INXXX336,
806258,IN06A098,
806262,IN20A.22A024,
806263,IN06A106,
806264,IN07B094_a,
806265,IN14A062,
806266,IN17A044,
806267,IN07B073_b,
806268,IN03A077,
806270,IN04B104,
806271,IN12B063_c,
806272,INXXX418,
806273,IN14A052,
806274,IN03A054,
806275,IN09A020,
806276,IN03A055,
806277,IN08B051_d,
806278,IN06A051,
806279,TN1a_c,male-specific
806282,IN13B038,
806283,IN06A064,
806284,IN11A021,
806286,IN06A050,
806287,IN01B027_b,
806289,IN16B079,
806290,IN02A030,
806291,IN10B028,
806292,IN13B070,
806294,IN00A059,
806295,IN09A029,
806297,IN02A023,
806298,INXXX253,
806299,IN05B084,
806300,IN08B038,
806301,IN09A095,
806303,IN03B056,
806304,IN04B081,
806307,IN16B093,
806310,IN06B063,
806311,IN12B034,
806312,IN08B055,
806313,IN19B086,
806314,IN14B012,
806315,IN06B071,
806316,IN11A014,
806317,IN16B055,
806318,IN05B036,
806319,IN03A089,
806320,IN16B053,
806322,vMS12_e,
806324,INXXX347,
806325,IN08A034,
806326,IN02A023,
806329,IN21A038,
806331,IN13A029,
806333,IN07B067,
806334,IN17A093,
806335,IN11B013,
806338,IN12B030,
806340,IN19A099,
806341,IN03A065,
806343,IN01B019_b,
806344,IN06A037,
806345,INXXX369,
806349,IN17A098,
806350,IN06B033,
806351,IN20A.22A019,
806353,IN07B087,
806356,IN04B063,
806358,IN01B061,
806359,IN13B026,
806360,IN06B055,
806361,IN20A.22A017,
806362,INXXX364,
806365,IN23B034,
806367,IN12B037_c,
806368,IN04B031,
806369,IN13B061,
806370,IN01A038,
806371,IN19A045,
806372,INXXX268,
806373,IN09A056,
806375,IN20A.22A070,
806376,IN06A106,
806377,IN03A070,
806379,IN17A083,
806380,IN06B040,
806381,IN20A.22A048,
806382,IN13A040,
806384,IN17A053,
806386,INXXX387,
806387,IN12B040,
806389,IN19B089,
806390,IN04B076,
806391,IN01A065,
806392,IN03A058,
806393,IN03B053,
806394,IN06B059,
806395,IN12B068_b,
806396,IN06B055,
806397,IN07B054,
806398,INXXX363,
806399,IN12B029,
806400,IN20A.22A042,
806401,IN04B078,
806402,IN00A030,
806404,IN14A036,
806406,IN20A.22A060,
806407,IN11A042,
806408,IN03B051,
806410,IN12B059,
806411,IN04B100,
806412,IN16B070,
806413,IN06B050,
806414,IN06B080,
806415,IN10B042,
806416,IN04B013,
806417,IN04B062,
806418,IN13B028,
806420,IN12B041,
806421,IN19B056,
806422,IN03A073,
806423,IN20A.22A016,
806424,IN13A040,
806425,IN13A045,
806426,IN08A019,
806430,IN07B033,
806431,IN12A044,
806432,IN12B052,
806433,INXXX412,
806434,IN12B024_b,
806435,IN07B044,
806436,IN08A011,
806440,IN18B038,
806441,IN12B048,
806442,IN13B041,
806444,IN04B077,
806445,IN13B048,
806446,IN17A099,
806448,IN23B065,
806449,IN06A109,
806450,IN09B038,
806453,IN19A057,
806455,IN13A068,
806460,IN16B084,
806461,IN20A.22A048,
806462,IN05B066,
806463,IN12A018,
806464,IN08B087,
806465,IN17A099,
806467,IN11A010,
806468,IN06A048,
806469,IN03A071,
806471,IN07B065,
806472,IN03A062_e,
806474,IN04B074,
806475,IN09A064,
806477,IN09A039,
806478,IN03B065,
806479,IN20A.22A090,
806480,INXXX364,
806481,IN07B047,
806483,IN12B029,
806484,IN04B018,
806485,IN01A041,
806486,IN03A046,
806487,IN12A053_c,
806490,IN01A057,
806492,IN09B038,
806493,IN06B053,
806494,IN02A030,
806495,IN04B060,
806496,INXXX393,
806497,IN01A079,
806498,IN06A051,
806499,IN03A089,
806500,dMS2,
806501,IN12B063_b,
806502,IN06B043,
806503,IN03A032,
806504,IN08B083_c,
806505,IN13B073,
806507,IN13A026,
806508,IN18B042,
806509,IN00A054,
806510,INXXX390,
806511,IN19B082,
806512,INXXX415,
806513,IN19B067,
806514,IN20A.22A019,
806515,IN23B043,
806516,IN03A069,
806517,IN06A140,
806519,IN06B038,
806521,IN08B063,
806522,IN07B073_c,
806523,IN03A071,
806524,IN13A025,
806525,IN20A.22A054,
806528,IN04B077,
806529,IN14A044,
806530,IN09B043,
806531,IN20A.22A016,
806532,IN16B057,
806533,IN06A059,
806535,INXXX431,
806536,IN07B044,
806537,IN06A065,
806541,INXXX415,
806542,INXXX251,
806543,IN04B079,
806544,IN11A016,
806547,IN01A054,
806549,IN13A044,
806550,IN20A.22A046,
806552,IN20A.22A054,
806554,IN08B078,
806555,IN08B058,
806557,IN20A.22A042,
806558,IN06A102,
806559,INXXX332,
806560,IN00A037,
806562,IN16B074,
806563,IN20A.22A070,
806564,IN08B060,
806566,IN14A017,
806567,IN10B028,
806568,IN12B068_a,
806570,IN12B030,
806571,IN14A078,
806573,IN20A.22A017,
806574,IN20A.22A017,
806575,IN23B057,
806578,IN20A.22A023,
806579,IN14A021,
806580,IN13A053,
806581,IN01A041,
806582,IN04B078,
806583,IN07B048,
806584,IN03A075,
806586,IN02A029,
806587,IN07B058,
806588,IN19B075,
806590,INXXX268,
806592,IN23B063,
806597,IN14A018,
806598,IN04B048,
806600,IN04B044,
806602,IN12B046,
806603,IN12B025,
806604,IN00A022,
806605,IN16B061,
806606,IN09A076,
806607,IN23B056,
806608,IN03A058,
806609,,
806611,IN06B073,
806612,IN14A023,
806613,IN04B053,
806614,IN06B052,
806615,IN02A020,
806616,IN23B056,
806618,IN12A041,
806619,IN06B043,
806623,dMS2,
806624,IN23B028,
806625,IN13B079,
806626,IN03A062_f,
806627,IN01A083_b,
806628,IN00A056,
806631,IN03A058,
806632,IN12B039,
806633,IN04B046,
806635,IN09A017,
806636,IN02A023,
806638,IN03B078,
806639,IN20A.22A009,
806640,IN08A022,
806642,IN23B041,
806644,IN14A077,
806646,INXXX363,
806647,IN03A092,
806648,IN06A098,
806649,IN13A038,
806650,IN08A047,
806653,IN23B044,
806655,IN06A058,
806657,IN13A052,
806658,IN23B041,
806659,IN20A.22A048,
806660,IN08B040,
806661,IN20A.22A012,
806662,IN07B054,
806663,IN16B037,
806664,IN04B062,
806667,IN04A002,
806668,IN04B084,
806669,IN08A035,
806670,IN14A017,
806672,IN14A078,
806673,IN08B072,
806674,IN03A071,
806675,IN13B030,
806676,IN23B058,
806677,IN20A.22A046,
806678,IN06A036,
806681,IN23B056,
806682,IN04B035,
806684,IN04B063,
806685,IN13A052,
806686,IN17A064,
806687,IN23B032,
806690,IN08B058,
806691,IN08B083_a,
806692,INXXX321,
806693,IN13A024,
806699,IN08A028,
806700,IN13B046,
806701,IN03A037,
806702,IN12A053_a,
806704,IN06B056,
806705,IN06A067_a,
806706,IN20A.22A016,
806708,IN11A021,
806710,IN18B045_c,
806711,IN06A047,
806712,IN08B058,
806714,IN20A.22A048,
806715,IN03A066,
806716,IN12B027,
806717,IN19A041,
806718,IN06B036,
806719,IN00A050,
806720,IN11A017,
806722,IN19A047,
806723,IN20A.22A019,
806726,IN08A037,
806727,IN21A037,
806728,IN01B046_a,
806730,IN03A089,
806732,IN05B082,
806733,IN04B079,
806734,IN19A045,
806735,IN21A080,
806736,IN00A041,
806737,IN13A022,
806738,IN20A.22A039,
806739,IN01B034,
806740,IN13B014,
806741,IN13B036,
806743,IN04B076,
806747,INXXX372,
806748,IN08B076,
806752,IN03B046,
806753,IN06B059,
806755,IN20A.22A049,
806757,IN02A059,
806758,IN03B058,
806759,IN03A046,
806760,IN20A.22A039,
806761,INXXX280,
806762,IN16B064,
806763,IN03A078,
806765,IN20A.22A019,
806767,IN19B053,
806768,IN13B061,
806769,IN04B102,
806772,TN1c_d,
806774,IN09B038,
806775,IN12B069,
806776,IN03B079,
806780,IN20A.22A048,
806781,IN04B086,
806782,IN01B037_b,
806783,IN14A017,
806785,IN13A054,
806787,IN08B051_c,
806788,IN19B056,
806792,IN09A023,
806794,IN13B056,
806795,IN13A022,
806796,IN13B046,
806797,IN17A057,
806798,IN08B087,
806799,IN01A073,
806804,IN03A078,
806805,IN21A038,
806806,IN23B046,
806808,IN20A.22A068,
806809,IN00A063,
806810,IN04B081,
806813,IN06B056,
806815,IN04B073,
806816,IN11A037_a,
806818,IN04B077,
806819,IN19A114,
806820,IN21A049,
806821,IN08B008,
806822,IN04B102,
806823,IN00A029,
806824,IN23B086,
806825,IN00A047,
806826,IN19A074,
806827,IN01A053,
806828,IN04B036,
806829,INXXX129,
806830,IN04B102,
806831,IN07B073_c,
806832,IN14A018,
806834,IN03A067,
806838,IN08B088,
806839,IN06A085,
806840,IN12B034,
806842,IN07B067,
806843,IN06B073,
806844,IN06B043,
806845,IN09A029,
806846,IN03A055,
806848,IN06A113,
806849,IN16B038,
806852,IN06B056,
806854,IN20A.22A019,
806855,IN13B033,
806857,IN08B077,
806858,IN12B063_a,
806861,IN19B045,
806862,IN03A081,
806864,IN17A056,
806865,IN20A.22A030,
806868,IN20A.22A024,
806869,IN06B066,
806870,IN06B061,
806871,IN20A.22A092,
806872,IN19A056,
806873,IN06B017,
806874,IN13A051,
806876,IN00A062,
806877,IN12B052,
806878,IN01B026,
806879,IN06B073,
806880,IN08A029,
806881,IN01A047,
806884,IN04B074,
806885,IN16B060,
806886,IN06A044,
806887,IN21A042,
806889,IN13B056,
806890,IN10B028,
806891,IN10B032,
806893,IN07B074,
806894,IN13A051,
806895,IN02A021,
806896,IN20A.22A048,
806899,IN06B073,
806900,INXXX372,
806901,IN09A027,
806903,IN07B054,
806905,IN03A035,
806906,IN00A029,
806907,IN20A.22A053,
806908,IN17A067,
806909,IN08B091,
806911,IN13B065,
806915,IN16B052,
806917,INXXX387,
806919,IN06B083,
806922,IN03A058,
806924,IN23B029,
806925,IN16B054,
806927,IN20A.22A044,
806929,IN01B016,
806930,IN02A054,
806931,IN03A078,
806932,IN16B052,
806935,IN16B122,
806936,IN14A012,
806937,IN01A063_b,
806938,IN04B102,
806939,IN12B033,
806940,IN09A039,
806941,IN18B043,
806942,IN01A040,
806944,IN01B016,
806945,IN17A083,
806946,IN16B073,
806948,vMS11,
806949,IN06A064,
806950,IN21A037,
806951,IN12B044_a,
806952,IN23B049,
806953,IN14A018,
806954,IN06B080,
806955,IN11A019,
806957,IN11A017,
806958,IN06A109,
806959,IN09B038,
806961,IN03A027,
806963,IN13A040,
806964,IN03A093,
806965,IN04B078,
806968,IN13A024,
806969,IN07B058,
806970,IN06A063,
806971,IN23B068,
806973,IN05B087,
806974,IN07B086,
806975,IN18B042,
806976,IN00A044,
806977,IN20A.22A047,
806981,IN07B055,
806982,IN09B045,
806983,IN20A.22A047,
806984,INXXX441,
806985,IN01B024,
806986,IN19A086,
806987,IN13A038,
806988,IN06B071,
806989,IN03A052,
806990,IN12B042,
806991,IN03A067,
806992,IN04B084,
806994,INXXX418,
806995,IN14A015,
806997,IN16B071,
806998,IN20A.22A053,
806999,INXXX343,
807000,IN21A054,
807002,INXXX336,
807005,IN23B064,
807007,INXXX290,
807008,IN11A021,
807009,IN03A026_c,
807011,IN16B085,
807013,IN13A050,
807015,INXXX397,
807016,IN09A028,
807017,IN11A021,
807018,IN00A063,
807020,IN13A035,
807021,IN19A105,
807022,IN04B076,
807023,IN14A025,
807026,INXXX377,
807027,IN03A081,
807029,IN16B054,
807030,IN03A046,
807031,IN13B070,
807033,IN06A045,
807034,IN06B052,
807035,IN13A062,
807036,IN08B083_a,
807037,IN13A029,
807038,IN03A045,
807039,IN00A053,
807040,IN19A041,
807041,IN06B083,
807046,IN14A023,
807047,dMS2,
807048,IN13B054,
807050,IN13A045,
807051,IN00A030,
807053,IN19A108,
807054,IN09A074,
807055,IN04B067,
807056,IN18B042,
807057,IN13B056,
807058,IN20A.22A061,
807059,IN01A047,
807060,IN07B048,
807063,IN20A.22A019,
807065,IN13A044,
807066,IN19A057,
807068,IN16B074,
807069,IN08A026,
807071,IN12A060_a,
807072,INXXX343,
807073,IN12A057_b,
807078,IN16B098,
807079,IN10B057,
807080,IN14B012,
807081,IN01A088,
807082,IN12B022,
807083,IN18B049,
807084,IN09B046,
807090,IN16B077,
807092,IN04B062,
807094,IN01A052_b,
807095,INXXX417,
807097,IN03A088,
807100,IN03B072,
807101,IN09B045,
807103,IN04B028,
807104,IN20A.22A053,
807106,IN21A044,
807109,IN02A036,
807111,IN00A040,
807112,IN16B075_f,
807114,IN16B075_f,
807115,IN06B061,
807116,IN14A015,
807117,IN19B075,
807118,IN11A032_c,
807120,IN19A056,
807121,IN16B071,
807124,IN19A099,
807126,IN08B055,
807128,IN01A058,
807129,IN23B032,
807131,IN03A083,
807132,INXXX316,
807133,IN08A026,
807135,IN20A.22A068,
807136,IN23B085,
807137,IN21A037,
807139,IN18B044,
807140,IN17A064,
807142,IN02A029,
807146,IN11B024_c,
807147,IN20A.22A016,
807148,IN03B056,
807150,IN08B054,
807154,IN14B011,
807155,IN20A.22A039,
807156,IN23B071,
807157,IN06B056,
807158,IN19A043,
807161,IN13B051,
807162,IN04B015,
807164,IN05B074,
807166,IN20A.22A071,
807167,IN03A068,
807170,IN04B086,
807173,IN23B053,
807174,IN02A033,
807175,IN19A114,
807177,IN13A038,
807180,IN03A078,
807181,IN14A017,
807183,IN12B023,
807184,IN20A.22A047,
807186,INXXX409,
807187,IN19A109_b,
807190,IN06A076_a,
807191,IN23B058,
807194,IN13B033,
807196,IN04B074,
807197,IN13B077,
807198,IN08A011,
807199,INXXX407,
807202,IN02A032,
807204,IN04B090,
807205,IN23B040,
807207,IN06B072,
807208,IN20A.22A039,
807209,IN21A037,
807211,IN06B053,
807212,vMS12_e,
807213,IN08A022,
807214,IN20A.22A053,
807218,IN06A076_a,
807221,IN12B039,
807222,IN08B063,
807224,IN10B031,
807225,IN20A.22A049,
807226,IN03A047,
807227,IN06B058,
807228,IN11A037_b,
807229,IN20A.22A079,
807230,IN17A056,
807231,IN14A018,
807232,IN09A018,
807233,IN17A064,
807236,IN23B061,
807238,IN13A050,
807241,IN07B094_b,
807242,IN06B064,
807244,IN12B069,
807245,IN17A078,
807246,IN05B064_a,
807247,IN23B060,
807250,IN19B072,
807251,IN19B083,
807252,IN04B102,
807254,IN11A021,
807255,IN20A.22A054,
807256,IN13B032,
807258,IN13B088,
807259,IN16B108,
807260,IN16B074,
807261,IN19B082,
807262,IN07B086,
807263,IN07B054,
807264,IN14A017,
807265,IN00A062,
807266,IN04B077,
807267,IN05B065,
807268,IN10B030,
807269,IN19B002,
807270,IN12B030,
807271,IN10B031,
807273,IN03B086_b,
807275,IN20A.22A047,
807276,IN04B031,
807277,IN16B058,
807278,IN04B074,
807279,IN12B072,
807280,IN06A067_c,
807287,IN13B029,
807289,IN03A072,
807291,IN06A098,
807292,INXXX290,
807295,IN23B060,
807296,INXXX363,
807297,IN12A053_b,
807298,IN13A033,
807299,IN03A060,
807300,IN14A099,
807301,IN23B046,
807302,IN08A037,
807303,IN18B043,
807308,IN03B058,
807309,IN01B026,
807310,IN19A074,
807313,IN03A052,
807314,IN09A022,
807317,IN12B087,
807318,IN06A117,
807319,IN01B059_b,
807321,IN10B032,
807322,IN03A029,
807323,IN12B027,
807324,IN19A060_c,
807325,IN17A053,
807326,IN08B091,
807327,IN03A092,
807330,IN06A022,
807331,IN13A053,
807333,IN23B067_a,
807334,IN17A049,
807336,IN04B030,
807337,IN09A046,
807338,IN06B061,
807339,IN06B043,
807340,IN18B049,
807342,IN04B067,
807345,IN20A.22A044,
807346,INXXX290,
807347,IN01B061,
807348,IN02A044,
807349,IN08A031,
807351,IN00A054,
807352,IN12B037_b,
807353,IN12B023,
807354,IN13B036,
807355,IN20A.22A030,
807357,INXXX332,
807358,IN06B050,
807359,IN13B034,
807361,IN07B066,
807362,IN12B063_b,
807363,IN14A025,
807364,IN00A051,
807365,IN20A.22A024,
807366,IN08A037,
807369,IN20A.22A047,
807370,IN13B037,
807372,IN20A.22A016,
807375,IN12B063_c,
807376,IN05B011b,
807377,IN20A.22A017,
807378,IN09A077,
807379,INXXX341,
807385,IN09A092,
807386,IN20A.22A049,
807387,IN05B065,
807388,IN09B047,
807390,IN19B094,
807391,IN01B046_a,
807392,INXXX394,
807393,IN09B044,
807397,IN05B072_b,
807398,IN06B038,
807399,IN01A058,
807400,IN11A027,
807403,IN03B058,
807404,IN12B081,
807405,IN08A037,
807406,IN14A109,
807407,IN14A052,
807408,IN01A054,
807409,IN23B074,
807411,IN13A024,
807413,IN14A108,
807416,IN07B086,
807417,IN12B031,
807418,IN08A040,
807419,IN19A059,
807423,IN06B047,
807424,INXXX396,
807425,IN07B076_c,
807427,IN08A038,
807428,IN01B002,
807429,IN06B043,
807430,IN05B075,
807431,IN18B051,
807432,IN23B054,
807433,IN10B002,
807434,IN08A047,
807435,INXXX290,
807436,IN19A041,
807438,IN23B057,
807439,IN20A.22A044,
807441,IN09B044,
807443,IN02A054,
807444,IN06B066,
807445,IN11A030,
807448,IN13B036,
807450,IN13B090,
807451,IN03A091,
807452,IN04B071,
807453,IN12B037_c,
807455,IN06B058,
807456,IN08A029,
807457,IN16B085,
807462,IN07B068,
807465,IN00A056,
807467,IN23B028,
807468,IN10B050,
807470,IN03A067,
807471,IN10B031,
807474,IN14A025,
807476,IN04B074,
807477,IN04B084,
807478,,
807479,IN14A106,
807480,IN06A059,
807484,IN04B063,
807485,IN01B059_b,
807486,IN09A070,
807487,IN04B074,
807488,IN06A059,
807489,IN01A053,
807491,IN21A047_b,
807492,IN01A080_c,
807493,IN06A054,
807494,IN06A090,
807496,IN04B088,
807497,IN20A.22A056,
807498,IN20A.22A039,
807499,IN12B044_b,
807500,IN07B073_b,
807502,IN23B078,
807503,IN13A027,
807505,IN01A070,
807506,INXXX397,
807508,IN13A054,
807511,IN13B062,
807512,IN07B054,
807514,IN19B056,
807515,IN23B081,
807517,IN07B058,
807518,IN08B051_e,
807519,INXXX345,
807520,IN20A.22A030,
807521,IN06B063,
807522,IN08B092,
807523,IN21A028,
807525,IN13B035,
807528,IN12B086,
807529,IN06B087,
807530,IN10B030,
807531,IN01A053,
807532,IN19B043,
807534,IN19B067,
807535,IN03A092,
807536,IN19B089,
807537,IN23B035,
807538,IN06B071,
807539,IN12B086,
807541,IN13A008,
807542,IN01A062_a,
807543,IN14A022,
807544,IN03A046,
807545,IN14A004,
807547,IN13B051,
807548,IN05B077,
807549,IN01A048,
807552,IN17A093,
807556,IN21A049,
807557,IN08A028,
807558,GFC3,
807559,IN16B121,
807563,IN00A063,
807564,IN01B025,
807565,IN11B014,
807567,IN01A070,
807568,IN17A088,
807572,IN09B046,
807573,INXXX396,
807574,IN13B036,
807575,IN00A052,
807576,IN16B075_a,
807577,IN13B029,
807578,IN20A.22A019,
807580,IN07B086,
807581,IN09A019,
807583,IN06B071,
807585,IN12B025,
807588,IN08B077,
807589,IN03A073,
807591,IN20A.22A038,
807592,IN16B072,
807593,IN13A062,
807597,IN19A096,
807598,IN03A081,
807599,IN19A093,
807600,IN01A057,
807603,IN04B112,
807604,IN12B043,
807605,IN17A075,
807606,IN12B068_b,
807610,IN20A.22A047,
807611,IN23B074,
807612,IN23B073,
807613,IN09A039,
807614,IN12B052,
807615,IN04B077,
807616,IN06A094,
807618,IN01B061,
807619,IN11A027,
807620,IN03A052,
807621,INXXX341,
807622,IN06A019,
807623,IN06A079,
807624,IN20A.22A048,
807627,IN13B062,
807628,IN10B042,
807630,INXXX407,
807631,IN09A035,
807632,INXXX378,
807637,IN14A030,
807639,IN20A.22A047,
807642,IN17A081,
807643,IN13B046,
807644,IN04B016,
807645,IN19A060_b,
807647,IN11A027,
807650,vPR6,
807652,IN23B060,
807653,IN23B023,
807654,IN03A092,
807655,IN20A.22A018,
807658,IN03A077,
807659,IN16B100_b,
807660,IN03B061,
807661,IN06B066,
807662,IN20A.22A033,
807665,IN09A088,
807668,IN00A052,
807670,IN21A038,
807671,IN17A107,
807672,IN02A044,
807674,IN20A.22A051,
807675,IN02A064,
807676,IN11B001,
807678,IN08B085_a,
807679,IN23B053,
807680,IN11A034,
807683,INXXX280,
807685,IN08A032,
807686,IN13A040,
807688,IN09A022,
807689,IN08B088,
807691,IN00A063,
807692,INXXX363,
807693,IN20A.22A044,
807695,IN14A090,
807697,IN20A.22A042,
807698,IN03B089,
807699,IN06A087,
807700,IN03A069,
807702,IN16B058,
807704,IN03A067,
807706,IN12B083,
807707,IN06A116,
807708,IN02A044,
807709,IN01B033,
807710,IN12B035,
807711,IN08A028,
807717,INXXX427,
807718,IN23B054,
807720,IN04B024,
807722,IN12B030,
807723,IN19B084,
807724,IN14A025,
807725,IN01A054,
807726,IN03A060,
807727,IN01A063_b,
807728,IN06B073,
807729,IN17A088,
807731,IN12B036,
807732,IN20A.22A058,
807734,,
807735,IN13A049,
807738,IN03A071,
807739,IN04B096,
807740,IN04B068,
807741,IN20A.22A044,
807743,IN08A024,
807745,IN19B066,
807747,IN06A063,
807750,IN07B027,
807753,IN20A.22A067,
807756,,
807757,IN08B051_c,
807759,IN00A040,
807760,IN04B052,
807761,IN06B070,
807762,IN04B043_b,
807763,IN12B049,
807764,IN21A037,
807768,IN13B056,
807769,IN01B023_b,
807770,IN19B086,
807771,IN06B064,
807772,IN14A052,
807773,IN12B039,
807774,IN13A042,
807775,IN23B028,
807777,IN03B056,
807778,IN23B065,
807780,INXXX374,
807782,IN19B066,
807786,IN13A032,
807787,IN06B073,
807788,IN13A045,
807789,IN06A019,
807791,IN03A071,
807792,IN05B064_a,
807793,IN08B092,
807794,IN20A.22A058,
807796,IN18B047,
807797,TN1c_a,
807798,IN23B070,
807800,IN20A.22A012,
807801,IN21A047_c,
807803,IN13A046,
807804,IN11A030,
807807,IN03A090,
807808,IN12B023,
807809,IN20A.22A048,
807812,IN13B056,
807815,IN07B080,
807819,IN04B036,
807820,IN00A048,
807821,IN14A107,
807822,IN20A.22A061,
807824,IN06A084,
807825,IN11B024_b,
807826,IN13A041,
807827,IN13A032,
807828,IN01B062,
807829,IN06B081,
807832,IN06A019,
807833,GFC3,
807834,IN03A087,
807835,IN01B026,
807836,IN08A019,
807839,IN06A019,
807841,IN20A.22A040,
807844,IN16B106,
807845,IN01A062_c,
807846,IN08B046,
807847,IN21A061,
807848,IN08A047,
807849,IN04B052,
807851,IN06A042,
807852,IN21A051,
807855,IN12B053,
807856,IN20A.22A058,
807857,IN03A071,
807858,IN09A056,
807861,IN08A021,
807862,IN01A054,
807864,IN01A063_c,
807865,IN08A043,
807866,IN06A098,
807867,IN17A072,
807869,IN18B041,
807872,IN01A052_b,
807874,IN16B108,
807875,IN03A071,
807877,IN03A076,
807878,IN06B063,
807879,IN06A081,
807880,IN16B055,
807881,IN12B052,
807882,IN01B046_b,
807883,IN13B056,
807884,IN14A119,
807885,IN07B055,
807886,IN18B051,
807887,IN16B018,
807888,IN04B062,
807892,IN08A037,
807893,IN20A.22A036,
807894,IN19A060_d,
807895,IN08A045,
807897,IN12B037_d,
807898,IN01A060,
807901,IN23B057,
807904,IN07B067,
807905,IN09A018,
807907,IN12B048,
807909,IN08A037,
807914,IN14A052,
807916,IN04B105,
807919,IN07B055,
807920,IN12B030,
807921,IN06B058,
807922,IN20A.22A053,
807923,IN01A056,
807926,IN11A011,
807928,IN03A071,
807929,INXXX452,
807934,IN13B050,
807936,IN21A038,
807937,IN12A059_e,
807938,IN03A088,
807939,IN08B090,
807940,IN18B048,
807941,IN18B052,
807944,IN04B077,
807946,IN12B033,
807947,IN03A073,
807948,IN19A084,
807949,IN06B059,
807950,IN11B013,
807952,IN07B092_a,
807953,IN13A029,
807954,IN00A058,
807955,IN23B060,
807956,IN16B064,
807957,IN04B092,
807959,IN01B042,
807960,IN16B093,
807961,IN08B056,
807962,IN12B063_c,
807963,IN03B056,
807964,IN09B038,
807965,IN10B041,
807966,IN06B087,
807968,IN01B027_b,
807969,IN14A022,
807973,IN09A037,
807974,IN17A084,
807975,IN10B040,
807976,IN01B065,
807977,IN08A031,
807978,IN06A094,
807979,INXXX290,
807980,IN03B052,
807981,IN20A.22A021,
807982,IN04B010,
807988,IN03A079,
807989,IN03A064,
807993,IN07B080,
807994,IN08A032,
807996,IN20A.22A009,
807998,IN16B068_c,
808001,IN13A046,
808003,IN07B080,
808004,IN20A.22A022,
808005,IN20A.22A043,
808006,IN16B077,
808007,IN06A094,
808008,IN07B093,
808009,IN12B087,
808010,,
808013,IN12B049,
808017,IN03A051,
808019,IN07B044,
808020,IN03A071,
808021,IN14A042,
808023,IN05B032,
808024,IN20A.22A013,
808025,IN03A064,
808026,IN05B066,
808027,IN09B045,
808028,IN06A082,
808029,IN06A123,
808031,IN01B053,
808032,IN00A066,
808033,IN20A.22A036,
808034,IN16B051,
808036,IN17A092,
808038,IN09B047,
808039,IN10B028,
808040,IN04B084,
808042,IN06A090,
808044,IN07B086,
808046,IN03A083,
808047,IN14A028,
808048,IN19B070,
808049,IN20A.22A053,
808051,IN04B105,
808053,IN20A.22A022,
808055,IN06A019,
808057,IN08B051_e,
808059,IN11B015,
808060,IN21A026,
808061,IN01B032,
808062,IN20A.22A070,
808063,IN20A.22A021,
808064,IN14A090,
808067,IN16B105,
808069,IN06B064,
808070,IN01A054,
808073,IN04B048,
808074,IN13B052,
808076,IN19B048,
808078,IN13B057,
808079,IN06A052,
808080,IN08B064,
808081,IN11A031,
808085,IN08B085_a,
808086,IN03A066,
808087,IN12A044,
808088,IN11A019,
808091,IN12A044,
808094,IN12B044_a,
808095,IN14A024,
808096,IN02A057,
808097,IN07B055,
808100,IN19B062,
808103,IN12B041,
808104,IN20A.22A066,
808105,IN00A057,
808106,IN19A041,
808109,IN06B064,
808110,IN06B072,
808112,IN12A057_a,
808114,IN06B074,
808115,IN13B035,
808117,IN01A042,
808118,IN03A092,
808120,IN19B084,
808121,IN09A018,
808122,IN12B035,
808124,IN08A043,
808125,IN20A.22A053,
808126,IN08A038,
808129,,
808130,IN12B026,
808132,IN06B086,
808137,IN07B054,
808140,IN20A.22A015,
808143,IN06A052,
808144,INXXX374,
808146,IN12B087,
808147,IN19A054,
808149,IN08A038,
808150,IN20A.22A049,
808152,IN20A.22A055,
808153,IN23B055,
808154,IN20A.22A038,
808156,IN11A037_b,
808157,IN17A092,
808158,IN12B020,
808159,INXXX409,
808160,IN01B033,
808161,IN06B017,
808165,IN12B069,
808168,IN20A.22A066,
808170,IN04A002,
808171,IN19A069_a,
808174,IN07B080,
808176,INXXX411,
808177,IN06B072,
808179,IN20A.22A045,
808180,IN06A042,
808183,IN09A005,
808184,IN20A.22A081,
808185,IN21A026,
808186,IN01A054,
808187,IN07B086,
808189,IN09A032,
808190,IN12B058,
808191,IN09A049,
808192,IN16B108,
808193,IN03A092,
808194,IN19B090,
808195,IN09A043,
808197,IN12B043,
808198,IN04B088,
808200,IN02A064,
808202,IN08A043,
808204,IN01B053,
808205,IN04B107,
808206,IN12A054,
808207,INXXX411,
808210,IN07B065,
808213,IN19B048,
808214,IN09B045,
808215,IN19B091,
808217,IN03A089,
808218,IN19A073,
808219,IN16B083,
808220,IN19A070,
808221,IN13B030,
808224,IN13A036,
808229,IN12A059_b,
808230,IN19B057,
808232,IN04B112,
808234,IN16B068_b,
808235,IN03B060,
808237,IN06A042,
808238,IN19A060_e,
808240,IN12B036,
808241,IN06A019,
808245,IN05B085,
808246,IN16B069,
808247,IN07B045,
808249,IN20A.22A058,
808251,IN01B033,
808252,IN10B042,
808255,INXXX452,
808256,IN12B034,
808257,IN00A062,
808259,IN06A096,
808261,IN10B033,
808264,IN16B054,
808267,IN09A022,
808270,IN03A081,
808271,IN07B044,
808272,IN01A031,
808274,IN03A090,
808276,IN06B070,
808277,IN13B044,
808280,INXXX411,
808281,IN01B024,
808282,IN04B106,
808283,IN03A062_c,
808284,IN02A036,
808288,IN03A082,
808289,IN01A023,
808290,IN01B054,
808292,IN13A059,
808293,IN13B074,
808294,IN13A030,
808295,IN20A.22A061,
808296,IN07B064,
808298,IN19B057,
808299,IN05B087,
808302,IN14A012,
808305,IN21A026,
808306,IN14A107,
808307,IN20A.22A011,
808308,IN13A074,
808310,IN01A073,
808311,IN08A026,
808314,IN20A.22A085,
808315,IN12B062,
808318,IN03A052,
808319,IN03A067,
808320,IN20A.22A049,
808322,IN03A079,
808323,IN09A050,
808325,IN23B087,
808328,IN00A056,
808330,IN01B053,
808333,IN20A.22A079,
808334,IN06B064,
808336,IN01B059_b,
808338,IN20A.22A051,
808339,IN06B064,
808341,IN23B085,
808342,IN08A031,
808344,IN21A044,
808345,IN09A009,
808346,IN17A081,
808347,IN20A.22A015,
808348,IN21A047_a,
808349,IN23B042,
808352,IN08A026,
808354,IN00A056,
808355,IN19A044,
808357,,
808358,IN12B072,
808359,IN01A068,
808361,IN03B089,
808362,IN12A059_e,
808366,IN07B086,
808370,IN06A067_e,
808373,IN23B074,
808374,IN20A.22A071,
808376,IN09A078,
808378,IN20A.22A058,
808383,IN03B060,
808384,IN00A064,
808385,IN13B057,
808386,IN12B021,
808387,IN08A026,
808388,IN07B073_d,
808389,IN12A054,
808390,IN13B057,
808391,IN06B059,
808392,IN21A044,
808393,IN19B077,
808394,IN07B064,
808395,IN20A.22A067,
808396,IN06A040,
808397,IN16B080,
808398,IN09A039,
808400,IN04B024,
808407,IN01B061,
808408,IN21A047_a,
808409,IN03A052,
808410,IN13B037,
808411,INXXX378,
808412,IN01B002,
808413,IN21A047_c,
808414,IN02A064,
808415,IN02A062,
808416,IN00A054,
808418,IN23B070,
808419,IN21A049,
808420,IN20A.22A022,
808421,IN04B099,
808423,IN03A093,
808424,IN20A.22A047,
808425,IN10B054,
808427,IN05B090,
808430,IN03A075,
808433,IN09A070,
808434,IN06A042,
808436,IN16B068_a,
808438,IN07B066,
808440,IN19A108,
808442,IN19A044,
808443,IN09A037,
808448,IN16B075_d,
808449,IN18B044,
808450,IN03B060,
808451,IN13A050,
808460,IN19B057,
808465,IN13A052,
808466,IN01B060,
808467,IN04B105,
808469,IN16B119,
808470,IN13B041,
808471,INXXX391,
808472,IN20A.22A044,
808478,IN09A025,
808479,IN17A077,
808480,INXXX213,
808481,IN09A049,
808483,IN06A072,
808484,IN04B105,
808485,IN04B092,
808486,IN03A094,
808487,IN16B063,
808488,IN06A117,
808489,IN05B028,
808492,IN06A117,
808493,IN07B055,
808496,IN03B071,
808497,IN02A043,
808498,IN13A034,
808499,IN19A060_c,
808500,IN06A106,
808505,IN14A037,
808506,IN16B070,
808507,IN07B081,
808508,IN12B086,
808511,IN04B015,
808513,IN12B038,
808514,IN08A029,
808515,IN20A.22A043,
808516,IN16B092,
808517,IN13B044,
808518,IN01B095,
808519,IN06B066,
808520,IN12B037_e,
808522,IN05B084,
808525,IN13B056,
808526,IN20A.22A060,
808530,IN07B092_a,
808531,IN19B084,
808533,IN12B027,
808534,IN23B035,
808539,IN13A051,
808540,IN04B071,
808541,IN23B067_d,
808542,IN04B048,
808543,IN09A078,
808545,IN19B073,
808546,IN20A.22A024,
808547,IN12B044_b,
808549,IN08A023,
808550,IN03B037,
808556,IN16B097,
808559,IN04B091,
808561,IN14A090,
808562,IN14A042,
808564,IN12A062,
808566,IN13B039,
808567,IN08A029,
808568,IN19A061,
808570,IN12B022,
808571,IN19A099,
808573,IN12B026,
808574,IN20A.22A067,
808575,IN16B056,
808577,IN23B087,
808578,IN06A109,
808579,IN06A111,
808580,IN03B071,
808581,IN01B049,
808582,IN20A.22A027,
808583,IN23B029,
808584,IN03A081,
808586,IN21A051,
808590,IN06A088,
808593,IN20A.22A016,
808595,IN04B036,
808596,IN07B073_c,
808598,IN20A.22A055,
808601,IN12B069,
808602,IN16B085,
808603,IN16B098,
808605,IN20A.22A070,
808607,IN23B021,
808608,IN12A043_c,
808609,IN14A051,
808610,IN04B062,
808611,IN09A091,
808612,IN13B054,
808614,IN20A.22A053,
808615,IN07B076_d,
808617,IN23B029,
808618,IN11A010,
808619,IN08B056,
808620,IN01A073,
808622,,
808623,IN12A059_e,
808624,INXXX406,
808628,IN09A018,
808629,IN03A046,
808631,IN03B071,
808632,INXXX395,
808635,IN12A054,
808637,IN17A079,
808638,IN11A030,
808642,IN21A061,
808644,IN12A044,
808645,INXXX391,
808647,IN20A.22A058,
808648,IN08A031,
808649,IN16B060,
808650,IN20A.22A043,
808651,IN14A036,
808652,IN04B048,
808655,IN21A052,
808656,INXXX406,
808658,IN08A035,
808659,IN02A035,
808660,IN20A.22A043,
808661,IN23B056,
808662,IN16B051,
808663,IN01A062_a,
808664,IN13A037,
808667,IN01A071,
808669,IN13B070,
808670,IN12B071,
808672,IN03B058,
808673,,
808674,IN09A047,
808676,IN06A094,
808679,IN02A044,
808680,IN03B078,
808682,IN18B052,
808683,IN16B098,
808684,IN09A021,
808687,IN07B065,
808688,IN12A057_b,
808689,IN10B041,
808690,IN20A.22A046,
808691,IN08B051_c,
808692,IN03A093,
808694,IN16B052,
808696,IN20A.22A016,
808698,IN08A032,
808699,IN08B064,
808701,IN06A044,
808702,IN06A086,
808703,IN11A032_d,
808705,IN10B041,
808706,IN20A.22A060,
808707,IN01A066,
808708,IN19B084,
808709,IN01B053,
808710,IN04B030,
808711,INXXX426,
808712,IN07B075,
808715,INXXX293,
808716,IN09A025,
808717,IN06A011,
808718,IN10B042,
808719,IN20A.22A065,
808721,IN04B105,
808722,IN14A044,
808723,IN08A032,
808726,IN16B056,
808727,IN20A.22A065,
808728,IN09A050,
808731,IN20A.22A021,
808735,IN05B086,
808736,IN16B075_a,
808740,IN14A042,
808741,IN12B039,
808742,IN12B048,
808743,IN12B066_d,
808744,IN06A044,
808746,IN16B099,
808747,IN06B080,
808749,IN08A048,
808750,IN17A079,
808753,IN12B036,
808755,IN09A051,
808756,IN08B051_d,
808759,IN20A.22A023,
808760,IN04B079,
808761,IN23B054,
808762,IN12A044,
808765,IN06A106,
808767,IN01A070,
808768,IN03B062,
808769,IN06A106,
808770,IN16B099,
808771,IN03B089,
808773,IN13B045,
808774,IN06A011,
808775,INXXX397,
808776,IN03B059,
808777,IN01B052,
808778,IN12B025,
808779,IN08A011,
808781,INXXX262,
808782,IN20A.22A045,
808784,IN16B077,
808786,IN11A032_d,
808787,IN12B048,
808788,IN06A097,
808789,IN04B071,
808790,IN01A075,
808791,IN04B018,
808792,IN01A066,
808794,IN01A068,
808795,IN12B035,
808797,IN05B091,
808798,IN13B054,
808799,IN23B062,
808800,IN16B058,
808801,IN17A088,
808803,IN12A042,
808804,IN01B025,
808805,IN06B066,
808806,IN20A.22A045,
808810,IN16B075_f,
808814,IN02A052,
808815,IN09A049,
808816,IN20A.22A067,
808819,IN08A024,
808821,IN01B036,
808824,IN06A111,
808829,IN03A088,
808830,IN05B072_a,
808831,IN17A106_a,
808832,IN20A.22A041,
808833,IN19A073,
808834,INXXX280,
808835,IN17A077,
808836,IN01B040,
808838,IN04B068,
808839,IN16B083,
808840,IN08B040,
808841,IN01B053,
808843,IN19A099,
808844,IN01A073,
808847,INXXX429,
808851,IN06B072,
808853,IN08A040,
808855,IN12B037_a,
808857,IN13A027,
808858,IN01B042,
808859,IN06B078,
808860,IN12A054,
808861,IN20A.22A059,
808864,IN06A088,
808866,IN20A.22A036,
808867,IN20A.22A041,
808868,IN23B081,
808872,IN16B077,
808873,IN07B080,
808875,IN13B058,
808876,IN06A061,
808877,IN20A.22A049,
808878,IN06A119,
808879,IN07B061,
808880,IN03B060,
808881,IN20A.22A072,
808882,IN16B052,
808883,IN23B075,
808884,IN19A090,
808885,IN08B063,
808886,IN03A077,
808887,IN04B050,
808890,IN19A099,
808891,IN20A.22A055,
808894,IN02A041,
808896,INXXX386,
808898,IN20A.22A012,
808899,INXXX428,
808900,IN08A026,
808901,IN14A039,
808902,IN14A037,
808904,IN20A.22A065,
808905,IN12A057_a,
808907,IN07B064,
808909,IN06A111,
808911,IN14A079,
808914,IN19B091,
808915,IN04B088,
808916,IN06B072,
808918,IN10B030,
808919,IN20A.22A027,
808920,IN16B073,
808922,IN09A037,
808923,IN00A065,
808924,IN13B052,
808925,IN06A094,
808927,INXXX407,
808929,IN20A.22A049,
808930,IN16B083,
808931,IN07B086,
808932,IN02A059,
808933,IN00A053,
808934,IN06A069,
808935,IN06A042,
808938,IN06A061,
808943,IN04B037,
808947,IN13A042,
808949,IN10B036,
808950,IN23B086,
808952,IN16B077,
808953,IN19B048,
808955,IN07B092_a,
808957,IN13B039,
808958,IN11A034,
808959,IN07B075,
808960,IN13A017,
808961,IN20A.22A070,
808962,IN09A025,
808964,IN16B063,
808965,IN06A067_e,
808966,IN04A002,
808973,IN12A059_d,
808974,IN08B077,
808975,IN20A.22A089,
808977,IN19B077,
808979,IN20A.22A059,
808980,,
808983,IN01B052,
808985,IN08A031,
808986,IN19B058,
808987,IN07B075,
808988,IN17A075,
808989,IN13A059,
808992,IN23B084,
808995,IN06B082,
808996,IN16B101,
808997,IN17A083,
809000,IN06B080,
809001,IN03B054,
809004,IN20A.22A089,
809005,IN08B054,
809007,IN08A023,
809008,IN20A.22A024,
809009,IN19A102,
809012,IN13A032,
809013,IN10B042,
809014,IN06B066,
809015,IN09A026,
809016,IN08A026,
809017,IN19A054,
809019,IN12A054,
809021,IN20A.22A042,
809022,INXXX396,
809029,IN04B097,
809033,IN12B072,
809034,IN05B088,
809035,IN04B081,
809036,IN03A046,
809037,IN06B078,
809039,INXXX444,
809040,IN08A011,
809043,IN10B038,
809044,IN07B055,
809046,IN19A052,
809047,IN20A.22A053,
809049,IN16B083,
809050,INXXX407,
809051,IN23B056,
809057,IN19B091,
809059,IN11A028,
809061,INXXX411,
809062,IN06A116,
809063,IN14A021,
809064,IN19B087,
809066,IN13A042,
809067,IN04B074,
809069,IN20A.22A089,
809071,IN21A058,
809073,IN10B042,
809074,IN08A035,
809075,IN20A.22A065,
809077,IN16B097,
809078,IN06A119,
809079,IN20A.22A041,
809080,IN14A090,
809081,IN11B024_a,
809082,IN08B045,
809083,IN16B073,
809088,IN19B070,
809090,IN06B080,
809091,IN10B038,
809092,IN01B023_d,
809094,IN17A090,
809095,IN21A056,
809097,IN23B062,
809098,IN12A062,
809101,IN18B048,
809103,IN13B035,
809104,IN20A.22A021,
809105,IN09A039,
809106,IN06A057,
809108,IN04B081,
809110,IN01A073,
809111,IN09A021,
809112,IN12B082,
809113,IN07B074,
809115,IN07B084,
809118,IN03B069,
809119,IN17A112,
809121,IN20A.22A070,
809122,IN04B110,
809123,IN04B090,
809125,IN08A036,
809126,IN00A067,
809129,INXXX395,
809130,IN00A057,
809132,IN12A057_a,
809133,IN19A054,
809135,IN01A073,
809136,IN12A059_f,
809137,IN04B041,
809138,IN17A082,
809139,IN11B014,
809140,IN06A086,
809141,IN09A074,
809143,IN00A057,
809144,IN07B075,
809146,IN08B037,
809147,IN16B088,
809148,IN19B094,
809150,IN19B072,
809151,IN19B075,
809152,IN04B074,
809153,IN16B061,
809154,IN20A.22A021,
809155,INXXX397,
809156,IN01B059_a,
809157,IN04B108,
809158,IN12B072,
809159,IN01B042,
809160,IN19A052,
809161,IN01A076,
809162,IN09A042,
809163,INXXX360,
809164,IN01B042,
809165,IN19B080,
809166,IN11A037_a,
809167,IN18B038,
809169,IN21A058,
809170,IN01A062_c,
809172,IN23B081,
809173,IN12B065,
809174,IN03B069,
809175,IN01B056,
809178,IN06A094,
809180,IN06B059,
809181,IN13A059,
809183,IN08A031,
809184,IN11A027_a,
809185,IN01B065,
809186,IN04B105,
809187,IN17B010,
809188,IN20A.22A065,
809189,IN11A032_e,
809190,IN23B081,
809191,IN04B073,
809193,IN03A067,
809195,IN12B044_c,
809196,IN20A.22A060,
809198,IN00A065,
809199,IN12A050_b,
809201,IN06A110,
809202,IN02A037,
809203,IN21A044,
809204,IN06B079,
809205,IN16B062,
809206,IN09A064,
809209,IN20A.22A037,
809211,IN09A074,
809212,IN07B055,
809213,IN01B027_c,
809218,IN20A.22A045,
809219,IN07B092_c,
809220,IN20A.22A036,
809221,IN12A058,
809222,IN20A.22A015,
809223,IN19A044,
809225,INXXX326,
809226,IN13B053,
809229,IN20A.22A030,
809232,IN12B047,
809233,IN04B105,
809234,IN08A047,
809235,IN02A064,
809236,IN03A046,
809240,IN14A028,
809241,IN14A108,
809242,IN14A042,
809243,IN20A.22A058,
809244,IN07B066,
809248,IN19B087,
809249,IN13B042,
809254,IN19B086,
809255,IN13B042,
809257,IN17A072,
809259,IN06B079,
809261,IN04B041,
809263,IN01B048_b,
809264,IN20A.22A049,
809266,IN23B087,
809267,IN23B090,
809268,IN04B048,
809272,IN12A050_b,
809273,IN19A099,
809275,IN05B086,
809276,IN09A039,
809277,IN12B052,
809281,IN16B069,
809282,IN05B091,
809283,IN06A116,
809284,IN19B071,
809287,IN12A044,
809288,IN12A052_b,
809289,IN12A042,
809291,IN07B080,
809292,IN06A063,
809297,IN09A039,
809298,IN20A.22A055,
809300,IN12A059_g,
809301,IN06A067_a,
809305,IN17A067,
809309,IN16B066,
809310,IN12B066_e,
809312,IN13B058,
809314,IN07B083_c,
809316,IN08B091,
809317,IN19A002,
809319,IN13A039,
809320,IN06B066,
809322,IN16B105,
809323,IN08A044,
809324,IN07B083_b,
809325,IN03A069,
809328,IN11A021,
809329,IN09A076,
809331,IN08B056,
809332,IN16B046,
809333,IN20A.22A067,
809334,IN03B066,
809338,IN03B091,
809340,IN23B087,
809341,IN12B042,
809342,IN10B058,
809343,IN20A.22A065,
809344,IN07B087,
809346,IN03A051,
809347,IN16B069,
809349,IN00A057,
809350,IN05B074,
809351,IN06A011,
809355,INXXX280,
809356,IN20A.22A021,
809358,IN00A056,
809360,IN19B094,
809363,IN19A046,
809365,IN04B109,
809369,IN07B086,
809371,IN03A091,
809372,IN07B099,
809373,IN12B037_e,
809374,IN08B065,
809378,IN01A079,
809379,IN01A076,
809381,IN07B079,
809384,IN06A083,
809385,IN13A010,
809386,IN10B041,
809387,,
809388,IN20A.22A065,
809390,IN19A064,
809391,IN09A060,
809392,IN12B083,
809393,IN13A068,
809394,IN16B070,
809395,IN01A042,
809396,IN13B055,
809399,IN03B063,
809400,IN13B050,
809402,IN11A005,
809403,IN14A058,
809405,IN04B108,
809406,IN21A056,
809407,IN06A116,
809409,IN19A059,
809410,IN04B074,
809411,IN16B082,
809414,IN06A040,
809415,IN04B105,
809417,IN06A057,
809418,IN14A028,
809419,IN21A050,
809421,IN01B043,
809422,IN06A033,
809424,INXXX395,
809427,IN08A032,
809428,IN07B073_e,
809430,IN23B079,
809431,IN12B042,
809433,IN21A056,
809434,IN03B060,
809436,IN20A.22A074,
809438,IN19A059,
809439,IN01B048_a,
809440,IN08A026,
809441,INXXX438,
809442,IN09A055,
809443,IN16B108,
809444,IN13B078,
809445,INXXX424,
809446,IN01A080_b,
809448,IN19A060_a,
809449,IN07B068,
809450,IN19B066,
809452,IN01A063_a,
809454,IN12B030,
809455,IN06B069,
809456,,
809457,IN12B036,
809458,IN12B082,
809460,IN14A057,
809461,IN04B077,
809463,IN06A077,
809464,IN19B054,
809465,IN06B069,
809466,IN16B093,
809467,IN20A.22A077,
809469,IN13B045,
809471,IN16B105,
809473,IN16B108,
809474,IN23B055,
809475,IN06A061,
809479,IN06A106,
809481,IN08A039,
809485,IN20A.22A033,
809486,IN04B092,
809491,IN05B090,
809493,IN19B058,
809495,IN04B112,
809496,IN11A028,
809497,IN03A072,
809499,IN09A042,
809502,IN08B052,
809503,IN09A017,
809506,IN13B044,
809507,IN12B075,
809509,IN10B040,
809510,IN19B075,
809512,IN06A117,
809513,IN00A054,
809516,IN00A051,
809518,IN19B057,
809520,IN20A.22A059,
809524,IN08A027,
809525,IN13A050,
809526,IN07B068,
809527,IN06A061,
809529,IN02A054,
809531,IN19B091,
809532,IN01B056,
809533,IN16B080,
809536,IN02A044,
809537,IN06A102,
809538,IN11B009,
809539,IN19B071,
809540,IN16B080,
809541,IN20A.22A070,
809542,IN09A043,
809545,IN13B063,
809546,IN08B085_a,
809547,IN03A055,
809548,IN19B066,
809549,IN16B105,
809551,IN12B025,
809552,IN17A074,
809553,IN06A086,
809555,IN06A032,
809556,IN12B071,
809557,IN04B078,
809558,IN09A095,
809559,,
809560,IN23B067_a,
809562,IN12B073,
809563,IN08A043,
809564,IN20A.22A022,
809565,IN18B047,
809566,IN02A036,
809567,IN20A.22A085,
809569,IN16B088,
809570,IN09A094,
809571,IN16B069,
809573,IN11A041,
809574,IN02A054,
809575,IN12B030,
809576,IN06A117,
809577,IN12B030,
809578,IN01B065,
809579,IN06A083,
809580,INXXX275,
809585,IN07B090,
809586,IN07B066,
809588,IN06B070,
809589,IN12B026,
809590,IN08B064,
809591,IN02A054,
809593,IN20A.22A059,
809594,IN19B091,
809596,IN13A042,
809597,IN09A022,
809598,IN08A026,
809599,IN14A058,
809603,IN06A042,
809605,IN04B070,
809610,IN02A043,
809611,IN16B051,
809612,IN04B108,
809615,IN05B064_b,
809618,IN20A.22A060,
809620,IN08A030,
809621,IN12B073,
809622,IN21A050,
809625,IN13B045,
809628,IN21A063,
809629,IN01B065,
809631,IN13A050,
809634,IN03B069,
809635,IN01A076,
809638,IN12B038,
809640,IN16B095,
809643,IN16B087,
809646,IN20A.22A021,
809647,IN03A039,
809649,IN07B092_b,
809650,IN06A022,
809652,IN20A.22A058,
809654,IN20A.22A081,
809659,IN08A021,
809660,IN14A042,
809662,IN00A054,
809663,IN13A050,
809665,IN01A083_b,
809666,IN20A.22A081,
809668,IN12A052_b,
809669,IN19B083,
809672,IN12A050_a,
809673,IN09A043,
809675,IN01B065,
809676,IN19B105,
809677,IN03B064,
809678,INXXX438,
809680,IN14A034,
809681,IN11B017_b,
809683,IN08B090,
809685,IN03B066,
809686,IN03A094,
809688,IN01B084,
809689,IN09A056,
809690,IN14A029,
809692,IN04B110,
809693,IN02A041,
809695,IN10B036,
809696,IN00A057,
809697,IN16B096,
809698,IN13B079,
809699,IN01B030,
809700,INXXX363,
809701,IN08A026,
809703,IN03A065,
809704,IN23B089,
809705,IN20A.22A067,
809707,INXXX446,
809708,IN09B038,
809709,IN17A085,
809710,IN19B090,
809712,IN20A.22A073,
809713,IN11A034,
809714,IN04B113,
809715,INXXX280,
809716,IN16B105,
809717,,
809718,IN06A099,
809719,IN01B042,
809721,IN03B069,
809722,IN01A079,
809723,IN20A.22A071,
809724,IN01B025,
809725,IN12B035,
809727,IN03B079,
809730,IN08A046,
809733,IN20A.22A045,
809734,IN01B023_d,
809736,IN01B037_a,
809737,IN00A040,
809738,IN08A030,
809739,IN21A027,
809743,IN19B084,
809744,IN01A075,
809746,IN09A060,
809747,IN04B074,
809748,IN12A052_b,
809751,IN13B074,
809754,IN17A106_b,
809755,IN17A116,
809756,IN02A034,
809758,IN06A102,
809759,IN20A.22A049,
809761,IN01B048_b,
809762,IN13B069,
809764,IN06B069,
809765,IN04B081,
809766,IN12B043,
809767,IN09A039,
809769,IN06A033,
809771,IN16B083,
809775,IN13A047,
809777,IN16B090,
809779,IN12B059,
809781,IN12B047,
809782,IN09A064,
809783,IN06A011,
809784,IN02A054,
809786,IN13B079,
809787,IN06B076,
809788,IN08A043,
809789,IN08B085_a,
809790,IN16B075_c,
809791,IN12B074,
809792,IN14A074,
809794,IN06A059,
809796,IN20A.22A041,
809799,IN23B037,
809800,IN06A103,
809802,IN20A.22A059,
809804,IN13B066,
809805,IN19A108,
809806,IN13B058,
809807,IN00A040,
809809,IN16B061,
809811,IN11A032_a,
809813,IN03B069,
809814,IN06A061,
809815,IN03A069,
809816,IN12A062,
809817,IN21A079,
809818,IN03A061,
809819,IN07B065,
809821,IN01A077,
809826,IN13A030,
809827,IN07B066,
809828,IN10B044,
809830,IN01B050_a,
809831,IN12B054,
809834,IN14A037,
809835,IN20A.22A045,
809838,IN14A058,
809840,IN09A091,
809843,IN20A.22A060,
809845,INXXX417,
809846,IN06A096,
809847,IN01A064,
809849,IN12B070,
809850,IN16B083,
809851,INXXX394,
809852,IN06A096,
809854,IN08A027,
809856,IN07B066,
809857,IN21A058,
809858,IN04B103,
809860,IN19A060_b,
809863,IN12B056,
809865,IN12A044,
809866,IN09B049,
809867,IN11A018,
809868,IN07B066,
809869,IN09A056,
809871,IN12B036,
809872,IN08A023,
809875,IN12A011,
809876,IN19B095,
809877,IN20A.22A085,
809878,IN09A043,
809879,IN23B068,
809881,IN13A042,
809883,IN12B075,
809884,IN19B089,
809886,IN19B054,
809887,IN06A073,
809891,IN07B066,
809892,IN12A035,
809894,IN00A056,
809897,IN09A046,
809900,IN12B072,
809901,IN18B051,
809902,IN23B078,
809903,IN12B073,
809906,IN12A052_a,
809907,IN12B065,
809910,IN06A078,
809913,IN06B086,
809916,IN03B071,
809917,IN10B040,
809918,IN07B083_d,
809920,IN06A071,
809922,IN07B065,
809923,IN04B110,
809925,IN01B065,
809928,IN12A061_a,
809929,IN10B032,
809931,IN06B078,
809933,IN12A044,
809937,INXXX438,
809939,IN03B066,
809942,IN19A088_a,
809946,IN21A061,
809947,IN09A086,
809949,IN08A043,
809952,IN13B074,
809954,IN06A110,
809955,IN13A046,
809956,IN09A060,
809960,IN19B091,
809961,IN04B070,
809963,IN03A077,
809965,IN03B054,
809966,IN02A059,
809968,IN03A039,
809972,IN20A.22A059,
809975,IN13A036,
809977,IN00A057,
809978,IN16B120,
809980,IN09B018,
809981,IN18B041,
809982,IN12A043_d,
809983,INXXX415,
809984,IN09A078,
809988,IN08A027,
809989,IN12B079_d,
809990,IN02A034,
809991,IN06B066,
809993,IN08B072,
809997,IN17A078,
809998,IN01B039,
809999,IN09A093,
810000,IN17A116,
810001,IN21A047_d,
810002,IN12B071,
810005,IN07B075,
810008,IN13A046,
810012,IN01A076,
810013,IN07B087,
810015,IN23B060,
810016,IN16B097,
810017,IN00A024,
810020,IN04B113,
810024,IN12A060_a,
810026,IN09A055,
810027,IN09A027,
810029,IN05B089,
810031,IN01B095,
810032,TN1c_a,male-specific
810033,IN09A076,
810034,IN08A032,
810036,IN23B090,
810038,IN12A054,
810042,IN16B047,
810044,IN11B015,
810045,IN01B065,
810046,IN04B081,
810048,IN16B077,
810056,IN13B026,
810059,IN04B081,
810061,,
810062,IN01B059_a,
810063,IN20A.22A074,
810064,IN00A065,
810065,IN16B052,
810066,IN04B081,
810067,IN21A046,
810068,IN13A075,
810070,IN17A094,
810072,IN16B070,
810073,IN14A072,
810074,IN07B081,
810076,IN16B090,
810080,IN11B014,
810081,IN09A019,
810084,IN20A.22A017,
810087,IN20A.22A060,
810088,IN12A054,
810090,IN20A.22A073,
810091,IN07B075,
810094,IN19B071,
810097,IN04B074,
810099,IN17A097,
810101,IN08A026,
810103,IN16B090,
810104,IN09B043,
810109,IN12A059_f,
810110,IN20A.22A085,
810112,IN20A.22A064,
810117,INXXX295,
810119,IN06B080,
810120,IN04B104,
810124,INXXX326,
810126,IN19B085,
810128,IN07B073_a,
810131,IN23B062,
810132,IN12B037_d,
810133,IN23B087,
810134,IN08A027,
810135,IN14A078,
810136,IN20A.22A055,
810140,IN06A022,
810143,IN00A040,
810145,IN07B065,
810146,IN01A062_c,
810147,IN08A028,
810148,IN06A077,
810149,IN03A095,
810150,IN14A058,
810151,IN06B080,
810153,IN16B055,
810154,IN02A029,
810155,IN08B092,
810156,IN20A.22A043,
810157,IN12A052_b,
810158,IN04B110,
810159,IN20A.22A086,
810161,IN20A.22A067,
810162,IN08A023,
810163,IN20A.22A035,
810165,IN13B090,
810166,IN01B065,
810167,IN01B027_f,
810169,IN06B066,
810170,IN08B085_a,
810172,IN01B043,
810177,IN19B073,
810178,IN16B100_c,
810182,IN04B043_a,
810184,IN06B085,
810185,IN06A059,
810188,IN19B075,
810189,IN23B081,
810191,IN23B072,
810192,IN14A050,
810194,IN16B118,
810196,IN12A059_a,
810197,IN09A063,
810198,IN12B059,
810201,IN12B074,
810202,IN14A065,
810203,INXXX452,
810204,IN05B028,
810205,INXXX450,
810206,IN17A083,
810207,IN20A.22A086,
810209,IN00A057,
810210,IN20A.22A065,
810211,IN23B048,
810212,IN06A067_d,
810215,IN06A085,
810216,IN14A042,
810221,IN03A064,
810223,IN14A052,
810225,IN06B074,
810226,IN06B087,
810227,IN06A070,
810228,IN19A090,
810229,IN20A.22A064,
810230,IN16B052,
810237,IN10B032,
810238,IN20A.22A085,
810239,IN20A.22A037,
810240,IN16B101,
810242,IN12B074,
810244,IN16B086,
810245,IN04B112,
810246,IN01B043,
810247,IN14A032,
810248,IN21A046,
810250,IN11B025,
810251,IN01A068,
810253,IN21A047_d,
810254,IN03B058,
810257,IN08A049,
810258,IN19A072,
810260,IN18B052,
810267,IN01B054,
810268,IN10B058,
810271,IN00A054,
810272,IN04B070,
810276,IN09A055,
810277,IN08A023,
810278,IN01A076,
810279,IN10B057,
810280,,
810281,IN04B079,
810282,IN20A.22A074,
810283,IN01A067,
810284,IN20A.22A045,
810286,IN06A114,
810287,IN01B057,
810288,IN03A085,
810289,IN03B057,
810290,IN16B068_b,
810291,IN12A042,
810295,INXXX452,
810296,IN12B054,
810298,IN06B079,
810299,IN17A078,
810303,IN06B074,
810304,IN14A042,
810306,IN16B088,
810307,INXXX364,
810308,IN01B031_a,
810310,IN01B062,
810312,IN12A060_b,
810314,IN14A121_a,
810315,IN12B026,
810316,INXXX420,
810318,IN09B047,
810322,IN03B058,
810323,IN08A036,
810325,IN03A051,
810326,IN02A044,
810327,IN03B075,
810328,IN08A045,
810329,IN13B078,
810330,IN14A039,
810331,IN19A043,
810333,IN06A022,
810334,IN12B027,
810335,IN12B088,
810336,IN12B081,
810337,IN08A026,
810338,IN12B075,
810340,IN04B113,
810341,IN13A028,
810342,IN03B071,
810343,IN11B021_b,
810344,IN01B080,
810345,IN19B054,
810346,IN12B085,
810350,IN12A035,
810351,IN23B057,
810353,IN03B066,
810355,IN06A117,
810357,IN01B054,
810359,IN06A086,
810362,IN13B064,
810363,IN02A038,
810364,IN02A059,
810365,IN14A032,
810367,IN14A063,
810368,IN06B066,
810369,IN20A.22A067,
810371,IN08A024,
810373,IN01B039,
810374,IN12B038,
810375,IN20A.22A043,
810376,IN13B072,
810377,IN12A053_a,
810378,IN07B065,
810379,IN13A062,
810381,IN12A058,
810383,IN13B042,
810384,IN10B044,
810386,IN11B015,
810387,IN19A106,
810388,IN12A042,
810390,INXXX446,
810391,INXXX431,
810395,IN06A097,
810396,IN04B050,
810397,IN08A043,
810398,IN03A073,
810399,IN13B042,
810400,IN05B091,
810402,IN17A113,
810404,IN12B075,
810405,IN20A.22A064,
810407,INXXX443,
810408,IN16B064,
810410,IN08A023,
810411,IN10B038,
810412,IN06A046,
810414,IN07B064,
810415,IN14A043,
810416,IN01B049,
810417,IN16B099,
810418,IN09A017,
810419,IN09A025,
810422,IN19A105,
810423,IN16B090,
810424,IN14A044,
810427,IN16B075_b,
810431,IN10B052,
810432,IN23B068,
810433,IN07B076_c,
810434,IN16B093,
810437,IN19B071,
810440,GFC3,
810441,IN12A050_b,
810442,IN13A059,
810443,IN20A.22A021,
810446,IN14A107,
810448,IN16B071,
810450,IN20A.22A086,
810451,IN03A094,
810454,IN20A.22A041,
810455,IN13B087,
810458,IN23B059,
810459,IN04B092,
810462,IN09A033,
810463,IN09A083,
810465,IN21A051,
810466,IN16B048,
810467,IN14A074,
810469,IN16B056,
810470,IN09A093,
810472,IN03B066,
810473,IN13A051,
810476,INXXX431,
810478,IN17A084,
810479,IN12A034,
810480,IN02A035,
810481,IN21A058,
810482,IN09A073,
810485,IN08A043,
810486,IN03B060,
810487,IN08A036,
810489,IN11A036,
810492,IN11B024_a,
810493,IN06A103,
810494,IN23B066,
810495,INXXX387,
810496,IN03B079,
810501,INXXX431,
810506,IN01A073,
810507,IN23B080,
810509,IN11B020,
810510,vMS11,
810511,IN16B087,
810514,IN12B075,
810517,IN06B086,
810520,IN06A114,
810521,IN13A057,
810522,IN17A118,
810524,IN13A050,
810527,IN14A021,
810528,IN01B040,
810529,IN08A034,
810530,IN03B063,
810539,IN09A033,
810540,IN07B066,
810542,IN06A022,
810543,IN01B050_b,
810544,IN19A103,
810547,IN03B071,
810551,IN08B082,
810553,IN01B072,
810555,IN16B093,
810556,IN12B059,
810558,IN23B096,
810559,IN14A078,
810560,IN19B091,
810561,IN13A067,
810562,IN13B044,
810566,IN08A043,
810570,IN03B062,
810571,IN04B092,
810572,IN19A064,
810573,INXXX417,
810575,IN12A061_a,
810578,IN21A077,
810579,IN03B069,
810580,IN14A024,
810581,IN01A076,
810583,IN12B053,
810589,IN20A.22A048,
810592,IN16B047,
810595,IN09A047,
810596,IN02A054,
810597,IN02A031,
810599,IN23B050,
810600,IN12B071,
810602,IN14A108,
810603,IN19A088_a,
810604,IN08B067,
810607,IN09A083,
810608,IN03B069,
810610,IN16B079,
810613,IN20A.22A065,
810614,IN04B103,
810618,IN12A055,
810619,IN13B058,
810620,IN14A063,
810622,IN06B069,
810623,IN03A085,
810625,IN13B078,
810626,IN12B054,
810627,IN21A090,
810629,IN09A055,
810632,IN03A065,
810633,IN20A.22A085,
810635,IN13B029,
810638,IN11B014,
810640,IN12A035,
810641,IN00A057,
810642,IN14A045,
810644,IN09A060,
810646,IN12B079_d,
810647,IN20A.22A064,
810650,IN09A015,
810651,IN05B064_b,
810652,IN06B074,
810653,IN12A062,
810654,IN13A036,
810655,IN08A043,
810656,INXXX431,
810657,IN09A026,
810658,IN20A.22A028,
810659,IN16B106,
810662,IN20A.22A049,
810664,IN03A062_b,
810668,IN16B094,
810670,IN06B074,
810671,IN06B069,
810673,IN01B068,
810674,IN12B056,
810675,IN13A046,
810676,IN03B072,
810677,IN17A082,
810678,IN06A033,
810680,IN16B050,
810681,IN20A.22A041,
810685,IN20A.22A021,
810686,IN11B025,
810687,IN04B112,
810689,IN06A103,
810690,IN01B067,
810693,IN02A042,
810694,IN11B003,
810696,IN19B095,
810697,IN06A076_b,
810699,IN02A054,
810702,,
810703,IN09B045,
810704,IN06A097,
810705,IN23B092,
810706,IN12A061_c,
810710,IN16B118,
810712,IN16B118,
810714,IN10B057,
810715,IN06A044,
810718,IN01B042,
810719,IN01B060,
810721,IN06B074,
810724,IN06B085,
810725,IN06B085,
810726,IN11A026,
810728,IN16B050,
810729,IN09B038,
810731,IN01A071,
810734,IN09A066,
810736,IN10B044,
810739,IN09A045,
810740,IN12B056,
810742,IN12A035,
810743,IN03B066,
810744,IN06B066,
810746,IN02A042,
810747,IN12B056,
810748,IN00A057,
810749,IN20A.22A051,
810752,IN19A060_d,
810753,IN13A063,
810755,IN01A007,
810756,IN14A059,
810761,IN13A068,
810762,IN04B097,
810763,IN03A049,
810764,IN04B048,
810766,IN19B091,
810768,INXXX446,
810769,IN07B075,
810772,IN12B059,
810774,IN14A043,
810776,INXXX446,
810779,IN16B055,
810782,IN12B078,
810784,IN13A057,
810786,IN20A.22A028,
810787,IN03B055,
810788,IN04B103,
810789,IN14A066,
810792,IN11B020,
810795,IN12B066_f,
810796,IN14A109,
810798,IN04B079,
810799,IN09A059,
810801,IN12B056,
810803,,
810804,IN23B053,
810805,IN12B047,
810806,IN21A077,
810810,IN01A074,
810812,IN20A.22A073,
810813,IN04B015,
810815,IN21A048,
810816,IN16B123,
810817,IN21A054,
810818,IN06A022,
810819,IN09A064,
810820,IN07B081,
810825,IN01A063_b,
810826,IN09A049,
810827,IN03B055,
810828,IN02A029,
810829,IN14A074,
810830,IN07B065,
810834,IN13A044,
810835,IN20A.22A051,
810837,IN08A026,
810838,IN12B040,
810839,IN09A063,
810841,IN16B079,
810842,IN14A037,
810845,IN17A095,
810847,IN14A032,
810849,IN14A121_b,
810850,IN06B074,
810852,IN08A023,
810855,IN06A022,
810857,IN04B081,
810858,IN19A048,
810861,IN03A045,
810862,IN20A.22A063,
810863,IN19B054,
810864,IN21A076,
810865,IN06A110,
810866,IN12B042,
810867,IN14A085_b,
810868,IN01A072,
810870,IN14A086,
810872,IN06A077,
810873,IN01B067,
810875,IN11B017_a,
810877,IN20A.22A024,
810878,IN23B094,
810879,IN19B082,
810880,IN04B102,
810881,IN12B059,
810883,IN04B015,
810884,IN11A041,
810886,IN20A.22A045,
810887,IN01A066,
810888,IN06A081,
810891,IN19B062,
810893,IN14A066,
810895,IN14A086,
810896,IN06B059,
810897,IN04B104,
810898,IN04B104,
810899,IN12B077,
810900,IN18B055,
810904,IN02A037,
810905,IN19B075,
810906,IN23B024,
810907,IN13B060,
810910,IN11B025,
810912,IN16B114,
810915,IN12B074,
810916,IN06A059,
810917,IN06A059,
810922,IN01B079,
810925,IN11A043,
810926,IN17A112,
810927,INXXX431,
810928,IN06B080,
810929,INXXX426,
810930,IN03B075,
810931,IN12B077,
810932,IN14A085_a,
810935,IN06A117,
810936,IN09A043,
810939,IN17A098,
810940,IN09A066,
810941,IN09A093,
810943,IN20A.22A050,
810944,IN06B087,
810947,GFC3,
810949,IN16B117,
810950,IN20A.22A055,
810951,IN06A075,
810953,IN20A.22A043,
810954,INXXX290,
810955,IN19B094,
810956,IN01A083_b,
810959,IN11A032_b,
810961,IN14A109,
810963,IN01B078,
810966,GFC4,
810967,IN13B029,
810968,IN12B057,
810974,INXXX420,
810976,IN08A042,
810977,IN04B070,
810979,IN07B098,
810981,IN01A077,
810983,IN09A043,
810984,IN01A070,
810985,IN10B043,
810988,IN02A054,
810992,IN03B066,
810993,IN11A018,
810995,INXXX419,
810996,IN19B071,
810997,IN01A040,
810998,IN02A054,
810999,IN08A039,
811004,IN11A036,
811006,IN04B015,
811007,IN20A.22A046,
811009,IN01B060,
811010,IN12A059_a,
811013,IN06A102,
811016,IN12A056,
811017,IN13A060,
811018,IN10B057,
811019,IN08B088,
811020,IN02A029,
811021,IN20A.22A060,
811022,IN08B037,
811023,IN19A041,
811024,IN13A069,
811025,IN13B084,
811026,IN03B066,
811028,IN08A048,
811029,IN03B065,
811031,IN19B089,
811032,IN16B071,
811033,IN14A118,
811034,IN20A.22A073,
811035,IN13B079,
811036,IN13A075,
811037,IN12B056,
811038,IN21A049,
811039,IN03B052,
811040,IN12A050_a,
811043,INXXX417,
811044,IN06A115,
811045,IN08B104,
811046,IN19A059,
811048,IN04B102,
811050,IN06A115,
811054,IN12B054,
811055,IN13B078,
811060,IN14A029,
811061,IN13A009,
811062,IN12B057,
811064,IN08A028,
811065,IN01B075,
811070,IN04B104,
811071,IN01A070,
811072,IN04B108,
811073,IN06A022,
811075,IN17A109,
811077,IN14A090,
811079,IN11B020,
811080,IN04B059,
811081,IN20A.22A043,
811083,IN06B086,
811084,INXXX424,
811088,IN06B028,
811091,IN06B066,
811093,IN21A087,
811094,IN13B090,
811095,IN02A059,
811096,IN03A085,
811097,IN13A045,
811099,IN16B111,
811100,IN14A042,
811102,,
811103,IN20A.22A078,
811104,INXXX443,
811108,IN20A.22A057,
811109,IN17A094,
811110,IN08B008,
811111,IN00A047,
811114,,
811115,IN08A030,
811116,IN14A105,
811125,IN11A027_b,
811126,IN13A059,
811128,IN12B051,
811129,IN12A062,
811131,IN07B077,
811133,IN08B037,
811134,IN14A108,
811135,IN11B015,
811136,IN14A097,
811138,IN01B095,
811139,IN14A029,
811140,IN01A077,
811141,IN08B082,
811144,IN03A094,
811147,IN20A.22A050,
811149,IN06A044,
811150,IN11B014,
811152,IN03B060,
811153,IN20A.22A013,
811154,IN08A036,
811155,IN16B100_b,
811156,IN08A042,
811157,IN11B017_b,
811158,IN14A034,
811160,IN03B061,
811161,IN07B075,
811162,IN01B048_a,
811164,IN10B044,
811168,INXXX438,
811170,IN03B071,
811171,IN20A.22A073,
811172,IN02A038,
811173,IN01B027_e,
811174,IN01A078,
811175,GFC1,
811179,IN06B069,
811180,IN20A.22A049,
811183,IN14A079,
811185,IN12A058,
811187,IN01A071,
811188,IN10B030,
811192,IN07B074,
811196,IN11B017_b,
811199,INXXX446,
811201,IN01A079,
811202,IN23B056,
811204,INXXX416,
811206,,
811207,IN06A113,
811210,IN03B062,
811211,IN03B061,
811212,IN21A077,
811213,IN14A084,
811214,IN03A065,
811218,,
811225,IN01A088,
811226,IN08A026,
811229,IN16B077,
811231,IN09A073,
811232,IN04B098,
811235,IN06A091,
811236,IN08B104,
811238,IN03B061,
811241,IN13A043,
811247,IN10B030,
811248,INXXX447,
811250,IN06A082,
811252,IN06A022,
811255,IN16B069,
811256,IN04B092,
811257,IN12B078,
811261,IN23B063,
811263,IN07B081,
811264,IN13A057,
811265,IN01A080_a,
811267,IN16B082,
811268,IN08A028,
811269,INXXX437,
811270,IN20A.22A069,
811273,IN01B084,
811277,IN13B054,
811278,IN12B059,
811279,IN13B090,
811281,IN12A050_b,
811282,IN10B055,
811285,IN13A057,
811287,IN01A070,
811288,IN03A051,
811293,IN08A040,
811295,IN14A029,
811297,IN01B065,
811299,IN11B018,
811301,IN09A043,
811302,IN19B091,
811309,IN03B055,
811310,IN10B041,
811311,IN13B090,
811315,IN06A059,
811316,IN13A038,
811317,IN19B080,
811319,IN07B090,
811320,IN09A056,
811321,IN06A059,
811322,IN09A082,
811323,IN11B018,
811324,IN16B091,
811328,IN01B084,
811330,IN07B090,
811332,IN12B051,
811333,IN06A116,
811337,IN12B066_f,
811340,IN03B069,
811343,IN20A.22A073,
811344,IN18B054,
811345,IN02A049,
811347,IN06B079,
811349,IN07B081,
811350,IN23B081,
811352,IN03B061,
811354,IN20A.22A081,
811356,IN07B098,
811357,IN01A079,
811358,IN06A072,
811360,IN13B090,
811363,IN09B049,
811364,IN03B060,
811365,IN06A059,
811366,IN21A051,
811369,IN14A028,
811370,IN20A.22A089,
811374,IN14A098,
811376,IN13B098,
811377,IN13A036,
811380,IN12B079_c,
811381,IN20A.22A090,
811382,IN23B073,
811383,,
811386,IN14A076,
811387,IN08A048,
811392,IN09B050,
811393,IN07B084,
811396,IN09A055,
811398,IN09A044,
811402,IN16B077,
811403,IN03A069,
811405,IN11B017_a,
811407,IN07B077,
811408,IN02A045,
811410,IN19A100,
811411,IN16B097,
811412,IN03B060,
811416,IN01B055,
811417,IN07B077,
811418,IN01B084,
811420,INXXX448,
811421,IN01A071,
811423,IN12A061_a,
811424,IN21A116,
811425,IN14A082,
811426,IN01A078,
811428,IN14A076,
811430,IN02A035,
811432,IN09A086,
811433,IN09A034,
811436,IN23B078,
811437,IN09A093,
811438,IN19A104,
811441,IN16B075,
811444,IN08A025,
811447,IN18B054,
811448,IN10B038,
811449,IN21A054,
811451,IN17A118,
811453,IN16B125,
811454,IN13A068,
811455,IN20A.22A028,
811461,IN16B121,
811467,IN03B058,
811468,IN01B067,
811469,IN01B041,
811470,IN01B054,
811471,IN06A119,
811473,IN21A047_d,
811478,IN09A042,
811481,IN12B060,
811482,IN03B061,
811483,IN10B050,
811485,IN06B069,
811487,IN13A038,
811489,IN09A073,
811490,IN06B074,
811491,IN19A064,
811492,IN02A048,
811495,IN03B076,
811496,IN12B057,
811498,IN08A035,
811499,IN04B108,
811500,IN19A047,
811503,IN13A065,
811505,IN20A.22A089,
811506,IN03B069,
811507,IN06B082,
811508,IN19B073,
811510,IN06A071,
811512,IN02A038,
811513,INXXX440,
811518,IN21A087,
811522,IN08B082,
811523,INXXX447,
811524,IN08A046,
811525,IN16B092,
811526,IN01A069,
811527,IN19B091,
811530,IN09A091,
811531,IN17A078,
811533,IN13A034,
811534,IN20A.22A051,
811536,IN12B044_c,
811539,IN19A060_d,
811544,IN04B104,
811546,,
811547,IN09A043,
811549,IN06A124,
811552,IN03B065,
811553,IN14A043,
811555,IN17A100,
811556,IN16B084,
811557,IN09A056,
811558,IN19B090,
811559,IN02A040,
811560,IN16B099,
811563,IN01B065,
811564,IN04B098,
811566,IN11B025,
811567,IN11B017_b,
811568,IN20A.22A073,
811569,IN01A069,
811570,IN21A064,
811571,IN07B099,
811572,IN02A044,
811573,IN12B057,
811574,IN21A043,
811576,IN19A054,
811578,IN12B071,
811579,INXXX316,
811580,IN13A047,
811581,IN07B090,
811582,IN01B031_b,
811583,IN19A106,
811584,IN09A054,
811587,IN12B029,
811594,IN16B048,
811598,IN06A124,
811600,IN07B079,
811605,IN06A044,
811606,IN21A032,
811611,IN01B074,
811612,IN01B065,
811614,IN04B103,
811615,IN02A047,
811616,IN03B058,
811617,IN08B036,
811618,IN08A028,
811624,IN11A010,
811625,IN01A062_b,
811626,IN12A043_d,
811628,IN07B094_b,
811633,IN06B074,
811634,IN06B085,
811638,IN20A.22A053,
811639,IN07B084,
811640,IN14A081,
811646,IN16B091,
811647,IN14A074,
811648,IN16B077,
811651,IN23B050,
811653,IN13B087,
811657,IN12A061_c,
811658,IN02A048,
811660,IN21A098,
811661,IN14A082,
811662,IN13B087,
811663,IN19B090,
811664,IN09B048,
811667,IN16B059,
811669,IN08B076,
811671,IN07B065,
811673,IN20A.22A049,
811674,IN06A082,
811675,IN14A086,
811677,IN14A023,
811678,IN03B056,
811679,IN13B093,
811682,IN03A083,
811684,IN06A082,
811685,IN16B104,
811686,IN08A050,
811691,IN10B058,
811693,IN10B059,
811694,IN02A045,
811696,IN13A044,
811697,IN01A067,
811700,IN06A059,
811703,IN14A039,
811705,IN13B090,
811709,IN14A065,
811711,IN12B081,
811712,INXXX447,
811714,IN12B074,
811715,IN06A116,
811716,IN10B054,
811717,IN21A077,
811718,IN23B084,
811719,IN16B084,
811720,IN02A057,
811721,IN07B076_d,
811722,IN12B049,
811723,IN12A059_d,
811725,IN06A077,
811726,IN08A026,
811731,IN09A055,
811734,IN03A027,
811735,IN20A.22A067,
811740,IN09A043,
811742,GFC3,
811744,IN07B076_b,
811751,IN13A041,
811752,IN11B009,
811753,IN10B042,
811754,IN07B079,
811755,IN12A059_b,
811756,IN01A076,
811757,IN03A065,
811759,IN13A075,
811760,IN20A.22A048,
811761,IN02A043,
811762,IN16B106,
811763,IN06A059,
811764,IN03B054,
811765,IN09A059,
811766,IN09A067,
811774,IN12B054,
811775,IN06A124,
811777,IN12B048,
811781,IN04B108,
811782,IN11B025,
811783,IN06A117,
811784,IN20A.22A085,
811786,IN20A.22A073,
811788,IN14A080,
811791,IN12B060,
811792,IN11A042,
811793,IN03B080,
811794,IN18B054,
811796,INXXX393,
811798,IN05B064_b,
811799,IN16B090,
811800,IN09A052,
811804,IN20A.22A085,
811805,IN03B065,
811806,IN02A056_a,
811809,IN03B075,
811811,IN07B073_d,
811813,IN16B115,
811814,IN11B014,
811818,IN07B079,
811823,IN12A055,
811825,IN21A074,
811826,IN05B091,
811828,,
811829,IN21A078,
811830,IN07B092_b,
811832,IN06A136,
811833,IN06A108,
811834,IN21A048,
811835,IN06B085,
811836,IN12B072,
811838,IN20A.22A050,
811839,IN08A026,
811842,INXXX448,
811844,IN06A084,
811845,IN19B088,
811847,IN13A062,
811849,IN12B053,
811850,INXXX443,
811851,IN06A110,
811852,IN11B017_a,
811853,IN08A041,
811856,IN06A108,
811857,IN02A034,
811858,IN20A.22A022,
811859,IN19A100,
811860,IN04B079,
811861,IN14A118,
811863,IN03B055,
811865,IN08A026,
811868,IN06A077,
811869,INXXX443,
811870,IN08B092,
811871,IN05B088,
811879,IN09A065,
811881,GFC3,
811884,IN06B083,
811886,IN13A064,
811888,INXXX401,
811891,IN14A098,
811893,IN06A132,
811895,IN21A054,
811896,IN16B099,
811897,IN03B080,
811898,IN19B013,
811903,IN13A041,
811904,IN06A066,
811906,IN12B072,
811907,IN09A063,
811909,IN01A079,
811910,IN19A060_d,
811911,IN13B082,
811912,IN09A050,
811914,IN06A059,
811917,IN09A079,
811920,IN23B090,
811926,IN06B064,
811927,IN19B086,
811928,INXXX431,
811929,IN14A109,
811932,IN02A035,
811933,IN09A056,
811934,IN14A080,
811936,IN06A072,
811938,IN16B104,
811939,IN03B081,
811942,IN07B096_a,
811944,IN02A064,
811945,IN01B069_a,
811946,IN21A048,
811947,IN03B057,
811949,INXXX326,
811950,IN02A045,
811953,IN13A053,
811960,IN06A113,
811961,IN11B019,
811963,IN16B106,
811964,IN18B048,
811965,IN13B087,
811968,IN19B087,
811969,IN01B050_a,
811971,IN20A.22A052,
811974,IN06A093,
811975,IN16B070,
811980,IN12A064,
811983,IN06B066,
811986,IN06A082,
811987,IN14A097,
811988,IN01B082,
811990,IN03B090,
811991,IN17A104,
811992,IN21A077,
811994,IN20A.22A073,
811995,IN13B082,
811996,IN13A057,
811997,IN10B059,
812000,IN11B017_b,
812004,IN03A051,
812006,IN08B104,
812008,IN10B044,
812009,IN17A113,
812013,IN14A086,
812014,IN06A102,
812015,IN09A052,
812016,IN08A041,
812017,IN08A011,
812019,IN19A059,
812022,IN16B114,
812023,IN03A064,
812024,IN20A.22A086,
812028,IN14A077,
812029,INXXX448,
812032,IN14A121_b,
812036,IN03A084,
812040,IN03B055,
812042,IN19A127,
812045,INXXX448,
812048,IN16B059,
812050,IN07B073_e,
812053,IN21A080,
812054,IN13B079,
812063,IN02A043,
812064,IN16B046,
812065,IN01A067,
812066,IN20A.22A060,
812069,IN14A121_a,
812071,IN07B087,
812072,IN17A111,
812076,IN03A097,
812077,IN13B093,
812078,IN12A041,
812079,IN16B062,
812083,IN21A039,
812084,IN06B028,
812085,IN06A057,
812088,IN02A029,
812091,INXXX428,
812093,IN09A063,
812097,IN07B099,
812098,IN10B059,
812099,INXXX448,
812100,IN13A030,
812102,IN01B055,
812103,IN01B065,
812104,IN20A.22A073,
812106,IN13A059,
812107,IN13A059,
812109,IN23B072,
812113,INXXX437,
812119,IN12B044_e,
812123,IN17A087,
812125,IN20A.22A073,
812126,IN13A059,
812128,IN18B054,
812133,IN02A057,
812135,IN06A107,
812136,IN03B060,
812138,IN11B019,
812139,IN20A.22A073,
812141,IN06A047,
812142,IN19B089,
812144,IN06B079,
812145,,
812147,IN03B070,
812148,IN06A076_c,
812150,IN03B084,
812151,IN12B065,
812152,IN12A054,
812153,IN13A068,
812155,IN21A085,
812161,INXXX446,
812162,IN04B102,
812163,IN01B061,
812164,IN14A031,
812165,IN12A046_b,
812166,IN13B089,
812170,IN02A040,
812171,IN12B044_d,
812173,IN06A022,
812176,IN20A.22A076,
812181,IN08A034,
812182,IN06A116,
812183,IN19A080,
812184,IN03B060,
812187,IN05B088,
812188,IN07B080,
812189,IN01B066,
812190,,
812191,IN06A059,
812192,IN10B041,
812194,IN12B072,
812195,IN06A079,
812196,IN05B090,
812198,IN13A062,
812200,IN09A070,
812201,IN03B066,
812202,IN10B058,
812203,INXXX456,
812205,IN09A081,
812206,IN12B058,
812208,IN14A029,
812211,IN06A119,
812212,IN07B090,
812213,IN16B055,
812214,IN16B069,
812215,IN10B055,
812218,IN13A050,
812219,INXXX429,
812220,IN02A048,
812221,IN21A066,
812223,IN16B111,
812224,IN19A085,
812225,IN17A078,
812229,IN07B087,
812230,IN09A033,
812235,IN19A070,
812240,INXXX396,
812241,IN16B061,
812245,IN02A056_a,
812248,IN13A043,
812249,IN12B086,
812250,IN11B021_c,
812252,IN09A046,
812255,IN09A091,
812256,INXXX437,
812262,INXXX441,
812263,IN09A091,
812264,IN06A132,
812265,IN13A046,
812267,IN10B052,
812271,IN14A103,
812272,IN03B060,
812273,IN20A.22A064,
812280,IN02A045,
812281,IN07B077,
812282,IN13A058,
812283,IN07B096_b,
812285,IN10B058,
812288,IN06A127,
812289,IN03B058,
812290,IN20A.22A071,
812293,IN19A100,
812295,IN03B074,
812297,GFC4,
812298,IN01B051_b,
812303,IN09A043,
812307,IN03B081,
812308,IN23B089,
812309,IN06B047,
812310,IN13A060,
812311,IN20A.22A090,
812312,IN14A034,
812313,IN23B081,
812317,IN11A032_b,
812318,IN06A083,
812320,IN02A050,
812322,IN04B115,
812323,IN13A068,
812324,IN20A.22A076,
812325,IN19A091,
812327,IN01B044_a,
812328,IN14A119,
812329,IN14A039,
812330,IN19A032,
812333,IN09A087,
812334,IN21A032,
812335,GFC3,
812336,IN20A.22A089,
812337,IN16B089,
812339,IN09A047,
812341,IN13A064,
812343,IN06B086,
812344,IN01A064,
812347,IN02A050,
812351,IN19A111,
812352,IN02A029,
812355,IN05B064_b,
812357,IN02A059,
812358,IN02A048,
812359,IN16B111,
812361,IN09A064,
812362,IN14A095,
812363,IN21A098,
812365,IN19B089,
812367,INXXX386,
812368,IN11B021_e,
812370,,
812371,IN08B036,
812373,IN13B076,
812379,IN16B106,
812381,INXXX429,
812384,IN20A.22A021,
812391,IN12B053,
812392,IN03B082,
812393,IN16B106,
812396,IN09A042,
812397,IN01B026,
812400,IN01A077,
812403,IN02A053,
812404,IN03B052,
812407,IN03B060,
812409,IN13B076,
812412,IN08A034,
812413,IN06B080,
812415,IN05B088,
812416,IN19B080,
812418,IN13A047,
812420,IN02A048,
812425,IN16B092,
812429,IN11B015,
812430,IN14A077,
812435,IN21A060,
812436,IN01B068,
812441,IN11B019,
812445,IN03B090,
812448,IN04B086,
812451,IN03B063,
812452,IN13B076,
812453,IN01B037_a,
812456,IN20A.22A084,
812459,IN08B093,
812460,IN13A050,
812461,IN02A064,
812463,IN04B070,
812465,IN03A066,
812466,IN23B035,
812467,IN01A082,
812468,IN14A045,
812469,IN07B076_c,
812470,IN12B062,
812472,IN01B095,
812474,IN17A111,
812476,IN03B072,
812478,IN23B069,
812480,IN10B058,
812481,IN20A.22A050,
812482,IN06A127,
812484,IN14A080,
812486,IN17A113,
812489,IN09A064,
812490,INXXX326,
812494,IN12B064,
812495,IN13A075,
812498,IN16B089,
812499,IN06B069,
812500,IN01B052,
812501,IN13B065,
812507,IN17A085,
812508,IN06A104,
812510,IN07B099,
812512,IN12B044_e,
812515,IN11B020,
812516,IN07B094_b,
812518,IN03B080,
812519,IN13A068,
812522,IN19A104,
812525,IN20A.22A090,
812526,IN20A.22A082,
812528,IN12A063_e,
812532,IN10B058,
812535,IN13A055,
812538,IN06B074,
812540,INXXX446,
812541,IN06A110,
812542,IN01A079,
812546,IN08B008,
812547,IN14A120,
812548,IN19B081,
812553,IN08B104,
812554,IN21A081,
812555,IN07B100,
812556,IN03B052,
812557,INXXX447,
812559,IN08A041,
812562,IN09A087,
812563,IN16B097,
812565,IN19B097,
812567,IN14A046,
812568,INXXX443,
812570,IN06A011,
812573,IN13B080,
812574,INXXX446,
812576,IN12B053,
812577,IN02A053,
812582,IN09A045,
812585,IN08A048,
812587,INXXX446,
812592,IN03A012,
812593,IN12B053,
812594,IN11B018,
812595,IN06A059,
812597,IN06B062,
812602,IN13B035,
812603,IN06B076,
812604,IN11B019,
812607,IN19A079,
812611,IN08A043,
812612,IN03B072,
812613,IN20A.22A090,
812614,IN21A048,
812616,IN13A062,
812618,IN07B092_d,
812619,IN03B058,
812620,IN13A037,
812621,IN06A124,
812622,IN21A092,
812625,IN12B078,
812629,IN03B055,
812631,IN13B058,
812632,INXXX237,
812634,IN06A104,
812638,IN09A057,
812644,IN06A022,
812646,IN10B057,
812647,IN09A056,
812648,IN19B071,
812649,IN03B052,
812651,IN11B025,
812654,IN03B070,
812655,IN19B071,
812660,IN08A046,
812665,IN13A062,
812666,IN03A097,
812668,IN20A.22A026,
812669,,
812672,IN12B050,
812673,IN06A059,
812674,IN12A043_d,
812677,IN01B056,
812679,IN20A.22A082,
812681,IN06B062,
812682,IN23B089,
812686,IN14A105,
812690,IN03A097,
812693,IN17A109,
812695,IN16B099,
812699,IN09A052,
812702,IN03B058,
812704,IN17A103,
812706,IN10B038,
812708,IN01B054,
812711,IN11B017_a,
812712,IN03B070,
812715,INXXX460,
812717,,
812720,IN08A034,
812721,IN06A059,
812723,IN03B079,
812724,IN03B078,
812726,INXXX436,
812728,IN17A061,
812730,IN06A102,
812733,IN19A114,
812734,IN09A058,
812737,IN17A097,
812738,IN12A060_b,
812740,IN03A085,
812743,IN19A060_d,
812745,IN13B044,
812747,IN02A056_c,
812748,IN19A084,
812751,IN03B057,
812753,IN08A043,
812756,IN01B083_a,
812757,IN01B074,
812762,IN18B050,
812766,IN03B079,
812767,IN14A029,
812768,IN16B121,
812771,IN10B058,
812777,IN20A.22A023,
812779,IN21A076,
812785,IN26X003,
812786,IN07B098,
812787,IN13A041,
812789,IN12B075,
812792,IN09A038,
812793,IN10B042,
812798,IN10B044,
812799,IN12B050,
812800,IN12B058,
812803,IN01B078,
812808,IN06B085,
812811,IN13B065,
812816,IN13A039,
812818,IN12B045,
812821,INXXX452,
812823,IN10B057,
812825,IN12B044_d,
812826,IN13B067,
812827,IN21A092,
812829,IN13A055,
812830,INXXX424,
812831,IN14A054,
812832,INXXX448,
812835,IN20A.22A090,
812837,IN08A034,
812838,IN13B093,
812839,IN16B111,
812841,IN03B078,
812844,IN23B054,
812849,IN20A.22A050,
812851,IN21A111,
812852,IN08A034,
812853,IN13B098,
812855,IN02A049,
812856,,
812861,IN01B045,
812864,IN06A136,
812877,IN03B055,
812880,IN12B048,
812881,IN20A.22A076,
812882,IN07B073_e,
812884,IN09A005,
812885,IN16B079,
812889,IN03A062_e,
812890,IN13B044,
812895,IN12A046_b,
812900,IN07B090,
812901,IN09A044,
812906,IN04B112,
812907,IN09A064,
812909,IN12B066_a,
812910,IN06A136,
812912,IN09A076,
812916,IN02A056_b,
812918,IN06A083,
812925,IN21A087,
812926,IN02A033,
812929,IN02A059,
812930,IN06B078,
812931,IN01A078,
812932,INXXX460,
812936,IN12B058,
812937,IN12A046_a,
812938,IN03B080,
812939,IN19B095,
812941,IN17A100,
812942,IN14A047,
812944,IN08A049,
812945,IN16B061,
812946,IN03A089,
812949,IN12B084,
812950,IN09A042,
812952,IN07B100,
812954,INXXX448,
812956,IN01B065,
812961,IN20A.22A082,
812962,IN16B046,
812963,GFC4,
812964,IN14A106,
812967,IN02A056_c,
812968,IN08A043,
812972,IN10B055,
812975,IN21A044,
812977,IN07B076_b,
812981,INXXX448,
812983,IN07B092_d,
812985,IN14A076,
812986,IN11B020,
812987,IN13A049,
812993,IN11B025,
812996,IN12B061,
812998,IN19A060_c,
813001,IN01B095,
813006,IN17A113,
813007,IN19A072,
813008,IN09A095,
813012,IN13A036,
813015,IN21A087,
813018,IN04B081,
813020,IN09A084,
813021,IN12B090,
813022,IN10B054,
813024,IN01B081,
813025,IN13B065,
813026,IN03B054,
813027,IN03B085,
813029,IN03A084,
813032,IN19A082,
813036,IN06B085,
813038,IN04B098,
813041,IN10B059,
813046,IN01B083_b,
813049,IN08B108,
813057,,
813062,IN13A051,
813063,INXXX448,
813064,IN01B064,
813066,IN08A047,
813067,IN03B085,
813069,IN14A120,
813073,IN01B081,
813075,IN11B016_b,
813076,IN09A005,
813080,IN08A044,
813084,INXXX448,
813087,IN08A026,
813088,IN08B093,
813089,IN14A106,
813090,IN21A063,
813091,IN20A.22A048,
813100,IN01A081,
813102,IN19B064,
813103,IN01B101,
813104,IN09A005,
813106,IN07B077,
813108,IN10B043,
813111,IN06A090,
813112,IN19B090,
813119,IN19A059,
813127,IN03B081,
813128,IN09A046,
813130,IN06A104,
813132,IN19B103,
813133,INXXX452,
813137,IN09B049,
813139,IN01B035,
813142,IN03B060,
813143,IN12B081,
813146,IN07B100,
813149,IN13B035,
813150,IN12B045,
813153,IN11A031,
813155,IN01A081,
813159,IN19A059,
813162,IN07B074,
813163,IN07B098,
813169,IN18B055,
813171,IN14A050,
813173,IN07B098,
813174,IN17A106_a,
813184,IN18B052,
813188,IN10B054,
813191,IN14A106,
813194,IN19A067,
813198,IN01B049,
813199,IN08A026,
813202,IN10B034,
813204,INXXX364,
813205,INXXX429,
813207,IN23B086,
813208,IN23B089,
813209,IN21A087,
813211,IN19A109_a,
813222,IN04B098,
813229,IN06A088,
813231,IN09A082,
813232,IN01B039,
813236,IN10B050,
813238,IN06A082,
813239,IN10B058,
813241,IN03B069,
813245,IN21A085,
813247,IN03B063,
813249,IN09A060,
813251,IN20A.22A090,
813252,IN17A113,
813253,IN07B083_c,
813257,IN13A068,
813259,IN17A111,
813261,IN01B049,
813262,IN08A045,
813263,IN19A091,
813269,IN19A043,
813271,IN06A124,
813272,IN20A.22A084,
813276,IN09A066,
813277,IN09A065,
813278,IN09A056,
813282,IN02A036,
813283,IN06A110,
813288,IN16B106,
813289,IN12A063_b,
813290,IN13A057,
813292,IN13A059,
813294,IN19A096,
813295,IN19A088_c,
813301,IN07B083_b,
813302,IN11B018,
813304,IN01B077_b,
813306,IN03B075,
813307,IN07B087,
813308,IN14A076,
813309,IN12B048,
813310,IN19A084,
813311,IN08A030,
813313,IN06A113,
813315,IN06A132,
813317,IN01B074,
813320,IN09A058,
813323,IN08A039,
813324,IN02A056_a,
813325,IN21A099,
813326,IN21A078,
813328,IN21A087,
813330,IN09A062,
813332,INXXX450,
813334,IN19A117,
813336,IN19A082,
813338,IN10B057,
813342,IN13A030,
813343,IN01B077_a,
813344,IN07B092_d,
813347,IN23B049,
813350,IN05B088,
813353,IN17A111,
813365,IN21A099,
813366,INXXX446,
813369,IN19B080,
813372,IN04B101,
813374,IN13B058,
813375,IN21A116,
813377,IN03B058,
813378,IN01B041,
813380,IN12A061_d,
813382,IN13B079,
813384,IN02A029,
813385,IN20A.22A076,
813388,IN16B051,
813389,IN08A034,
813392,,
813395,IN08A041,
813399,IN19B089,
813403,IN03B094,
813404,IN05B093,
813405,IN09A022,
813406,IN19A120,
813409,IN12B065,
813410,IN03B090,
813411,IN03B055,
813413,IN09A054,
813416,IN03B090,
813418,IN06A103,
813422,IN07B083_a,
813424,IN08A041,
813427,IN09A058,
813429,IN13B050,
813433,IN13A068,
813434,IN09A069,
813435,IN02A033,
813436,IN19A054,
813440,IN08A036,
813442,IN08A036,
813444,IN21A037,
813445,IN23B056,
813452,IN01A082,
813453,IN12B061,
813456,IN09A048,
813457,IN06A120_b,
813458,IN11B017_b,
813463,IN06A083,
813464,IN17A091,
813465,IN02A059,
813466,IN08A047,
813470,IN09A081,
813473,IN09A045,
813474,IN06B085,
813481,IN09A088,
813482,IN07B096_a,
813483,IN14A091,
813485,IN04B081,
813489,IN10B042,
813496,IN17A061,
813497,IN02A031,
813498,IN19B103,
813499,IN09A079,
813502,IN09A054,
813515,IN21A076,
813518,IN10B050,
813528,IN06A082,
813530,IN07B096_a,
813535,IN12B058,
813538,IN03A055,
813539,IN05B073,
813540,IN20A.22A022,
813542,IN12B044_e,
813544,IN12B071,
813546,IN02A059,
813547,IN09B038,
813550,IN06A135,
813553,IN09A080,
813556,IN21A046,
813557,IN01B078,
813559,IN06A102,
813561,IN07B098,
813568,IN21A040,
813575,IN14A034,
813578,IN12B058,
813583,IN07B096_b,
813584,IN06A075,
813586,IN01A083_a,
813587,IN23B094,
813593,IN20A.22A091,
813594,IN17A119,
813602,INXXX450,
813605,IN01B024,
813606,IN03B060,
813610,IN07B087,
813612,IN06B079,
813614,IN13B064,
813616,IN06A135,
813617,IN07B100,
813625,IN13B064,
813628,IN01A082,
813632,IN20A.22A026,
813634,IN10B057,
813639,IN21A111,
813642,IN20A.22A084,
813643,INXXX424,
813647,IN12A059_c,
813648,IN07B096_b,
813650,IN08A045,
813651,IN04B067,
813654,IN20A.22A055,
813660,IN14A026,
813661,IN06A140,
813664,IN20A.22A051,
813666,IN17A104,
813669,IN03B069,
813671,IN03B070,
813673,IN05B090,
813675,IN14A118,
813677,IN06A132,
813681,IN19B057,
813682,IN13A045,
813684,IN08B054,
813685,IN12A063_c,
813687,GFC3,
813691,IN03B089,
813694,IN02A056_a,
813697,IN13B075,
813698,IN10B041,
813702,IN10B057,
813703,IN06A132,
813705,IN02A049,
813706,INXXX446,
813709,IN06A100,
813712,IN14A111,
813717,IN09A057,
813721,IN06B079,
813722,IN01B065,
813723,IN13A049,
813724,IN01B095,
813726,IN09A056,
813727,,
813728,IN23B091,
813736,IN06A132,
813737,IN09A047,
813739,IN16B059,
813740,IN12B061,
813742,IN03A097,
813744,IN16B099,
813746,IN02A049,
813748,IN08B105,
813749,IN02A049,
813751,IN09A057,
813760,IN11B016_a,
813765,IN03B069,
813767,IN05B028,
813768,IN08A036,
813769,IN16B121,
813770,IN01A069,
813772,INXXX454,
813773,IN20A.22A077,
813774,IN12B081,
813779,INXXX440,
813780,IN13A047,
813782,IN02A048,
813783,IN20A.22A090,
813784,IN06A044,
813787,IN13B084,
813790,IN03B060,
813791,IN06A082,
813792,INXXX454,
813796,IN16B058,
813799,INXXX454,
813800,IN10B058,
813804,IN05B091,
813807,IN14A075,
813808,IN14A088,
813814,IN09A058,
813816,IN01B065,
813817,IN03B067,
813819,IN01B073,
813821,IN11B020,
813822,IN23B087,
813823,IN03A066,
813832,IN01A066,
813836,IN03B074,
813841,IN06A126,
813842,IN13B096_b,
813843,IN19A073,
813844,IN19B071,
813849,IN03B060,
813851,IN12A059_c,
813852,IN13B078,
813854,IN11B017_b,
813858,IN21A030,
813866,IN08A036,
813867,IN08A045,
813868,IN17A114,
813869,IN13A061,
813870,IN14A118,
813871,IN07B073_f,
813872,IN23B090,
813874,IN10B059,
813876,IN06A093,
813880,IN11B020,
813883,IN01A085,
813884,INXXX454,
813887,IN08B070_a,
813888,IN01B079,
813891,IN12B035,
813893,IN05B091,
813894,INXXX448,
813896,IN01B069_b,
813898,IN07B098,
813902,IN12A063_c,
813904,IN08B093,
813910,IN08B070_b,
813914,IN19A059,
813917,,
813920,IN01B090,
813926,IN09A045,
813931,IN03A051,
813932,IN17A118,
813943,IN13A068,
813944,IN19B089,
813945,IN09A082,
813950,IN03B089,
813951,IN01B044_a,
813953,IN13A028,
813954,INXXX436,
813960,IN08B093,
813964,IN06A083,
813966,IN08B065,
813971,IN10B059,
813973,IN09A068,
813974,GFC4,
813978,IN01A081,
813980,IN07B098,
813987,IN13A065,
813988,IN10B042,
813990,IN20A.22A090,
813991,IN03B059,
813998,INXXX440,
814000,IN20A.22A041,
814006,IN19B071,
814018,,
814022,IN18B050,
814023,IN03B084,
814025,IN07B092_d,
814031,IN16B125,
814036,IN21A078,
814038,IN03B086_e,
814041,IN23B086,
814042,IN01B095,
814043,IN08A043,
814052,IN07B092_e,
814053,IN20A.22A085,
814056,IN20A.22A084,
814058,IN03B054,
814059,IN20A.22A077,
814060,IN07B096_a,
814061,GFC4,
814062,IN09A030,
814064,IN06B081,
814065,IN06A101,
814067,IN03A094,
814068,IN08A041,
814069,IN18B055,
814072,IN01B082,
814073,IN20A.22A028,
814075,IN13B071,
814079,IN08B082,
814080,IN02A058,
814082,IN21A085,
814084,IN11B017_b,
814085,IN03B082,
814087,IN01B042,
814090,IN12B048,
814100,IN07B094_a,
814103,IN13A041,
814104,IN06A082,
814107,IN03B074,
814110,IN09A080,
814111,IN09A045,
814114,IN03B080,
814115,IN09A005,
814119,IN07B098,
814121,IN12B085,
814128,IN21A079,
814131,IN14A110,
814132,IN06A125,
814133,IN02A045,
814137,IN01B073,
814138,IN08A040,
814144,IN06A132,
814151,IN03B089,
814152,IN14A045,
814155,IN19A106,
814156,IN08A030,
814158,IN06A104,
814162,IN19A113,
814166,IN10B041,
814167,IN06A093,
814168,IN09A095,
814169,IN06A116,
814170,IN08A036,
814171,IN06B078,
814177,IN03B084,
814178,INXXX448,
814181,IN01B065,
814182,IN16B121,
814184,IN03B089,
814186,IN03B089,
814192,IN19A106,
814195,,
814199,IN13A059,
814200,IN08A049,
814201,IN06A093,
814203,INXXX448,
814208,IN19A088_e,
814209,IN21A084,
814210,IN10B044,
814211,IN13B055,
814212,IN09A049,
814213,IN03B092,
814217,IN10B042,
814218,IN01B074,
814219,IN14A089,
814222,IN12B045,
814223,IN17A108,
814224,IN08B070_a,
814225,IN11B016_b,
814227,IN12A063_a,
814231,INXXX295,
814233,IN02A055,
814234,IN03B060,
814239,IN12B079_b,
814252,IN08A036,
814254,IN12B081,
814258,IN10B055,
814263,INXXX295,
814264,IN09A079,
814265,IN17A109,
814267,IN17A101,
814269,IN20A.22A090,
814271,IN01B003,
814276,IN13B100,
814277,IN19A067,
814281,IN03B073,
814284,IN03B081,
814287,IN06B073,
814288,IN03B090,
814290,IN17A103,
814291,IN05B085,
814294,IN11B023,
814295,IN08A050,
814298,IN03B085,
814299,IN21A087,
814305,IN00A024,
814306,IN19A059,
814314,IN03B072,
814321,IN03B072,
814323,INXXX295,
814325,IN14A069,
814329,IN17A111,
814334,IN12B044_e,
814339,IN09A026,
814340,IN12B046,
814346,IN12B066_b,
814347,IN19B085,
814352,IN03B089,
814355,,
814356,IN06B028,
814359,IN13A051,
814364,IN13A044,
814365,IN13B093,
814368,IN09A094,
814369,IN07B098,
814373,IN07B096_c,
814374,IN09A043,
814377,IN01B031_a,
814378,IN06A104,
814382,IN09A053,
814384,IN01B095,
814385,IN09A095,
814391,IN09A074,
814393,IN10B058,
814394,IN13B052,
814395,IN08A050,
814403,IN03B071,
814404,IN01B060,
814411,IN08A026,
814419,IN04B100,
814422,IN10B042,
814428,IN09A079,
814432,IN10B057,
814435,IN06A139,
814436,IN03B072,
814444,IN03B089,
814450,IN12A064,
814451,IN20A.22A008,
814453,IN09A089,
814454,IN19A049,
814455,IN14A120,
814456,IN12B058,
814465,IN11A031,
814468,INXXX245,
814471,IN11B021_e,
814473,IN12A063_b,
814474,IN12A063_b,
814480,IN06A082,
814490,IN13B055,
814499,IN01B094,
814500,IN20A.22A090,
814502,IN17A094,
814504,IN03B084,
814505,IN21A080,
814506,IN09A079,
814508,IN08A041,
814516,IN02A059,
814521,IN03B060,
814522,IN02A042,
814523,IN09A047,
814530,IN06A124,
814531,IN13A061,
814532,IN12B066_b,
814539,IN03B081,
814540,IN11B021_d,
814541,IN09A079,
814543,IN09A092,
814545,IN11B022_c,
814550,IN06A108,
814551,IN11A043,
814555,IN03A073,
814559,IN01B067,
814561,IN21A099,
814566,IN09A095,
814568,IN11B019,
814569,IN03B089,
814572,IN21A034,
814574,IN08A046,
814583,IN03B063,
814584,IN13A062,
814585,IN16B075_d,
814588,IN13B087,
814589,IN19A061,
814592,IN19A094,
814594,INXXX436,
814595,IN09A092,
814597,IN14A105,
814602,IN07B098,
814608,IN14A078,
814616,IN08A047,
814618,IN20A.22A090,
814619,IN10B044,
814625,IN19A005,
814626,IN01B045,
814631,IN02A049,
814632,IN21A042,
814633,IN01B073,
814638,IN21A083,
814643,IN06A059,
814645,IN17A102,
814646,IN13B065,
814652,IN01B081,
814660,IN11B018,
814661,INXXX454,
814663,IN10B058,
814664,IN21A073,
814667,IN03B060,
814675,IN14A081,
814686,IN19A071,
814689,IN10B057,
814690,IN03B072,
814692,IN06A089,
814693,IN13A049,
814696,IN09A090,
814700,IN03B082,
814707,IN03A096,
814709,IN13A055,
814711,IN03B061,
814713,IN01A062_c,
814714,IN06B087,
814720,IN10B058,
814721,IN20A.22A069,
814722,IN14A090,
814729,IN17A110,
814731,IN09B049,
814733,IN06A059,
814734,IN06A120_b,
814735,IN08A046,
814738,IN02A052,
814740,IN21A083,
814753,,
814758,IN06A082,
814761,IN09A063,
814765,IN10B057,
814766,IN07B102,
814779,IN11B016_b,
814782,IN04B115,
814784,IN20A.22A007,
814785,IN21A116,
814786,IN09A093,
814787,IN09A090,
814788,IN03B082,
814790,w-cHIN,
814805,IN03B059,
814808,IN17A101,
814810,IN03B089,
814815,IN07B096_a,
814816,IN14A041,
814819,IN06A104,
814821,IN12A043_b,
814824,IN01B061,
814827,IN21A033,
814831,IN01B051_a,
814833,IN08A031,
814834,INXXX436,
814836,IN07B103,
814838,IN14A105,
814841,IN03B089,
814842,INXXX446,
814844,IN06A099,
814850,IN09A061,
814852,IN03B063,
814853,,
814854,IN10B057,
814855,IN03B092,
814865,IN11B016_c,
814869,IN06A113,
814874,IN14A095,
814884,IN10B059,
814890,IN21A087,
814894,IN03B070,
814901,INXXX295,
814902,IN06A067_c,
814903,IN16B125,
814909,IN07B083_a,
814910,IN08B082,
814919,IN06A128,
814920,IN19A101,
814921,IN09A079,
814925,IN12B064,
814928,INXXX440,
814931,IN21A083,
814933,IN14A095,
814935,IN08A043,
814945,IN03B089,
814946,IN09A064,
814954,,
814956,IN03B081,
814959,IN07B083_b,
814963,IN03B079,
814965,INXXX377,
814966,,
814967,IN06A125,
814973,IN16B084,
814979,IN21A093,
814981,IN07B096_d,
814984,IN11B021_a,
815000,IN01B057,
815003,IN20A.22A092,
815005,IN06B087,
815007,IN06A082,
815016,IN11B021_c,
815018,IN01B090,
815022,IN14A110,
815029,IN20A.22A055,
815031,IN20A.22A084,
815033,IN14A114,
815036,IN09A079,
815039,IN11B022_e,
815040,IN19A117,
815041,IN03B059,
815042,IN13B057,
815044,IN14A095,
815045,IN19A096,
815046,IN06A139,
815053,IN09A092,
815054,INXXX295,
815057,,
815059,,
815061,IN13B064,
815063,IN08B036,
815065,IN23B063,
815066,IN06A132,
815067,IN07B102,
815073,,
815074,IN09A081,
815078,IN02A055,
815079,IN02A047,
815083,IN19A054,
815085,IN09A092,
815094,IN01B069_b,
815095,IN19A088_c,
815102,IN17A108,
815105,IN12A063_b,
815112,IN12A063_b,
815114,IN09A084,
815115,IN23B078,
815118,IN11B019,
815121,IN13B098,
815122,IN07B102,
815126,IN20A.22A055,
815127,IN21A030,
815133,IN09A030,
815135,IN20A.22A062,
815136,IN07B098,
815140,IN11B021_c,
815141,INXXX429,
815157,IN07B096_d,
815160,IN03B060,
815161,IN14A078,
815162,IN02A047,
815171,IN19A090,
815174,IN08A050,
815178,IN11B023,
815182,INXXX295,
815185,IN18B054,
815187,IN01A074,
815190,IN08A031,
815198,IN06A067_b,
815201,IN03B073,
815203,IN13B097,
815206,IN07B096_c,
815208,IN06A107,
815219,IN14A087,
815223,IN06A124,
815224,IN19B085,
815227,,
815228,IN06B082,
815229,IN02A063,
815230,IN13A055,
815231,IN13B094,
815242,IN19A093,
815243,IN19A041,
815251,IN02A051,
815256,IN01B090,
815257,IN14A038,
815258,IN01B080,
815261,IN03A055,
815264,IN09B052_b,
815268,IN12A063_d,
815270,IN09A088,
815278,IN06A135,
815280,IN01B084,
815284,IN09A090,
815285,IN21A071,
815286,IN03B070,
815288,IN01A082,
815304,IN09A093,
815307,IN04B072,
815314,IN01B075,
815316,IN06A115,
815321,IN08B008,
815323,IN19B094,
815326,IN13A041,
815327,IN06A125,
815328,IN07B102,
815331,IN20A.22A091,
815335,IN11B022_c,
815336,IN13A072,
815337,IN06B066,
815339,,
815342,IN14A095,
815345,IN06A122,
815347,IN12B059,
815358,INXXX454,
815363,IN03B083,
815364,IN12A063_b,
815372,IN06A125,
815383,IN01B095,
815389,IN14A064,
815390,IN13A067,
815391,IN14A077,
815394,IN10B054,
815395,IN07B096_c,
815398,IN10B055,
815399,IN06A113,
815403,INXXX295,
815407,IN12A043_d,
815417,IN03B070,
815418,IN08A043,
815420,IN11B022_b,
815425,IN08A028,
815426,IN06A125,
815427,IN03B074,
815428,IN02A049,
815429,INXXX293,
815436,IN03B072,
815442,IN12A063_c,
815443,IN13B097,
815447,IN06A116,
815451,IN02A062,
815455,IN07B045,
815456,IN09A080,
815457,IN19B080,
815458,IN09A080,
815471,IN10B058,
815472,IN12A043_b,
815473,IN20A.22A084,
815474,IN06A110,
815478,IN03B086_e,
815481,IN19A041,
815484,IN10B058,
815485,IN13B102,
815490,IN11A044,
815491,IN02A047,
815493,IN08A036,
815500,IN01B095,
815501,IN21A037,
815510,IN19A124,
815511,IN23B079,
815513,IN09A079,
815515,IN08B036,
815516,IN08B093,
815520,IN09A080,
815522,IN08B008,
815524,IN08A036,
815542,IN01A082,
815547,IN01B095,
815556,IN18B055,
815560,IN07B083_b,
815562,IN05B088,
815564,IN11A043,
815571,IN19B047,
815574,IN08B070_a,
815575,IN19A088_c,
815576,IN12A064,
815580,,
815581,IN14A095,
815582,IN19A093,
815584,IN07B099,
815591,IN10B033,
815592,IN01B090,
815594,IN13A058,
815600,IN06A103,
815601,IN14A120,
815602,IN14A110,
815605,IN09A071,
815606,IN10B052,
815609,IN01B100,
815610,,
815613,IN09A088,
815616,IN10B058,
815617,IN20A.22A092,
815624,IN09A090,
815626,IN01B090,
815636,IN01B095,
815640,IN12A063_d,
815641,IN06A072,
815643,IN21A078,
815648,IN06A104,
815650,IN01B073,
815651,IN09A077,
815654,IN19A117,
815657,IN02A063,
815660,IN01B075,
815664,IN13B045,
815667,IN20A.22A062,
815669,IN10B057,
815671,IN03A096,
815672,IN13B054,
815673,IN09A075,
815680,IN21A102,
815683,IN01B084,
815687,IN01B095,
815692,IN06A140,
815693,IN03B074,
815694,IN11B018,
815696,IN13A060,
815699,IN14A116,
815707,IN03B091,
815708,IN19A113,
815713,IN01A087_a,
815714,IN19A043,
815716,IN01B080,
815721,IN01A089,
815722,IN21A087,
815730,IN20A.22A092,
815741,IN11B022_c,
815742,IN09A048,
815744,IN01A071,
815745,IN19A093,
815746,IN09B052_a,
815747,IN13A047,
815758,IN19A067,
815759,IN09B054,
815768,IN03B060,
815769,IN07B092_e,
815774,IN06A139,
815777,IN01B090,
815780,IN20A.22A092,
815781,IN03A094,
815782,IN04B026,
815786,IN01A082,
815788,INXXX285,
815795,IN11B017_b,
815802,IN02A065,
815803,IN02A051,
815804,IN19A093,
815806,IN06A128,
815812,IN03B071,
815818,IN09B052_a,
815819,IN20A.22A088,
815821,IN01B082,
815823,IN01B025,
815828,,
815833,IN21A102,
815835,IN20A.22A092,
815836,IN08B088,
815838,IN02A060,
815839,IN21A087,
815841,IN18B056,
815845,IN01B052,
815847,IN03B072,
815848,IN09B050,
815856,IN06A113,
815857,IN09A047,
815858,IN16B039,
815859,IN23B072,
815861,IN20A.22A090,
815862,IN03B086_c,
815863,IN12B079_c,
815876,IN13A067,
815879,IN19A084,
815894,IN01B081,
815895,IN02A047,
815910,IN05B089,
815912,IN08B036,
815916,IN03B091,
815919,IN20A.22A077,
815924,IN06A116,
815928,IN20A.22A091,
815932,IN06B076,
815938,IN02A060,
815945,IN08B070_b,
815946,IN08A036,
815951,IN09A077,
815953,IN03B071,
815954,IN06A101,
815962,IN11A036,
815965,IN06A126,
815976,IN19A106,
815985,IN07B096_c,
815990,IN09A079,
815993,IN20A.22A052,
815997,IN09B047,
815999,IN10B055,
816000,IN19B089,
816002,IN10B044,
816003,,
816007,IN21A109,
816009,IN06A075,
816011,INXXX446,
816012,IN09A024,
816013,IN04B066,
816014,IN06A126,
816020,IN06B078,
816023,IN07B102,
816027,IN14A088,
816038,IN19A071,
816039,IN09A051,
816041,IN07B103,
816042,IN19A106,
816043,IN02A055,
816054,IN13A062,
816055,IN14A111,
816058,IN11B023,
816069,IN01B082,
816078,IN01A084,
816087,IN06A075,
816100,IN07B092_c,
816103,IN20A.22A087,
816119,IN16B061,
816120,IN06A126,
816121,IN03B060,
816136,IN19A108,
816137,IN14A050,
816139,IN08A031,
816140,IN01B030,
816143,IN17A110,
816148,IN02A047,
816154,IN12B038,
816155,,
816160,IN06A129,
816165,IN06B081,
816167,IN12A064,
816171,IN08B036,
816175,IN08B070_b,
816177,IN06A100,
816178,IN02A061,
816179,IN11B023,
816183,,
816184,IN01B077_a,
816186,IN23B060,
816189,INXXX316,
816190,IN21A094,
816195,IN09A071,
816196,IN09A048,
816198,,
816200,IN08A025,
816201,IN01A038,
816202,IN14A111,
816203,IN08B093,
816206,IN02A067,
816207,IN06B081,
816208,IN20A.22A084,
816212,IN08A036,
816216,IN06A070,
816220,IN03B080,
816225,IN13A072,
816230,IN01B079,
816235,IN01B066,
816238,IN01B094,
816241,IN06A091,
816246,IN14A042,
816247,IN08A022,
816256,INXXX436,
816257,IN06A089,
816263,IN09A048,
816269,IN19A067,
816276,IN19B086,
816281,IN01B081,
816286,IN01B095,
816291,IN09B050,
816296,IN02A058,
816297,IN03B074,
816299,IN09B053,
816306,IN17A082,
816308,IN01B070,
816311,IN14A015,
816313,IN19A067,
816314,IN02A055,
816315,IN20A.22A092,
816316,IN17A105,
816318,IN21A087,
816319,IN19A098,
816324,IN09A054,
816325,IN10B057,
816337,IN09A041,
816342,IN13B099,
816343,IN19B103,
816344,IN19A126,
816346,IN08A036,
816347,IN19A093,
816356,IN01B095,
816358,IN09A083,
816368,IN11B021_b,
816369,IN01B080,
816371,IN02A062,
816372,IN07B099,
816374,IN20A.22A062,
816375,IN08A026,
816381,IN06B082,
816392,IN20A.22A092,
816397,,
816406,IN06A135,
816415,,
816419,IN08B070_b,
816422,IN01B100,
816425,IN01B100,
816431,IN07B100,
816435,IN06A138,
816438,IN09A071,
816446,IN17A115,
816450,IN02A063,
816457,IN19A113,
816458,IN03B086_c,
816459,IN02A061,
816462,IN09A050,
816464,IN09B052_b,
816465,IN11B023,
816467,IN09A092,
816470,IN19A111,
816472,IN06A138,
816475,IN13B074,
816477,IN06B082,
816481,IN02A062,
816484,INXXX295,
816489,IN09B058,
816506,IN06A113,
816512,IN01B083_c,
816521,IN11B021_b,
816523,INXXX446,
816535,IN01B056,
816537,IN01A084,
816539,IN09A092,
816543,IN20A.22A026,
816544,IN01B095,
816545,IN08A036,
816550,IN17A101,
816551,IN03A077,
816553,IN19B105,
816559,IN21A082,
816561,IN14A096,
816562,IN17A109,
816564,IN19A110,
816571,IN08B108,
816572,IN09A067,
816584,IN08A031,
816597,IN06A090,
816598,,
816601,IN20A.22A091,
816605,IN06A136,
816607,IN08A036,
816608,IN06B081,
816609,IN11B023,
816612,IN08B091,
816619,IN06A138,
816621,IN20A.22A092,
816633,IN16B089,
816634,IN08B070_b,
816642,IN10B050,
816656,IN07B100,
816658,IN21A102,
816659,IN11A040,
816662,IN11B023,
816667,IN09A090,
816668,IN21A082,
816669,IN06A138,
816670,IN19A114,
816671,IN21A065,
816676,IN20A.22A087,
816679,IN11B021_a,
816680,IN13B076,
816683,IN01B095,
816685,IN01B070,
816688,IN21A102,
816694,IN19B071,
816698,IN02A052,
816703,IN20A.22A077,
816708,IN20A.22A074,
816712,IN06A071,
816717,IN19A073,
816718,IN20A.22A090,
816725,IN13B072,
816726,IN13B079,
816731,IN01B078,
816741,IN11B022_c,
816743,IN19A114,
816744,IN01A082,
816746,IN19A080,
816749,IN06A113,
816758,IN21A086,
816768,IN20A.22A087,
816775,,
816780,IN19A041,
816781,IN02A058,
816791,IN08B036,
816793,IN07B102,
816797,IN20A.22A077,
816802,IN13A051,
816804,IN14A114,
816814,IN06A138,
816819,IN01B082,
816828,IN19A041,
816833,IN10B052,
816835,IN21A054,
816837,IN03B077,
816848,IN11B022_c,
816860,IN07B079,
816861,IN11A044,
816868,IN18B048,
816870,IN05B091,
816876,IN01B095,
816879,IN06A075,
816880,IN06A132,
816892,IN03B091,
816894,IN10B057,
816901,IN23B088,
816908,INXXX244,
816911,IN08B104,
816913,INXXX429,
816914,IN19A109_b,
816915,IN13B096_a,
816919,IN03B074,
816921,IN08A043,
816930,IN13B075,
816932,IN01B080,
816934,,
816935,IN07B100,
816952,,
816953,IN02A067,
816957,IN17A096,
816964,IN12B090,
816965,IN09B053,
816967,IN08B093,
816975,IN19A113,
816982,IN11B023,
816984,IN01B090,
816992,IN21A087,
816997,IN02A058,
817005,IN03B072,
817011,IN07B087,
817014,IN11B023,
817015,IN07B102,
817020,IN08A047,
817021,IN08A041,
817028,IN13A061,
817029,IN12A064,
817035,IN13B088,
817052,IN13B079,
817053,IN06A075,
817054,IN03A087,
817066,IN09A069,
817067,IN01A071,
817072,,
817074,IN21A097,
817093,IN03B086_b,
817102,IN09A071,
817105,IN10B057,
817106,IN03B091,
817110,IN04B091,
817115,IN10B055,
817123,IN19A111,
817134,IN06A138,
817136,IN06A113,
817144,IN09A046,
817145,IN19A093,
817155,IN09B058,
817158,IN01B095,
817161,IN01B056,
817163,IN01B090,
817167,IN03B062,
817170,IN13B081,
817171,IN02A060,
817174,,
817179,IN16B121,
817184,IN21A041,
817189,IN01B069_a,
817191,IN06A100,
817196,IN06A133,
817201,IN02A062,
817206,IN03B086_e,
817208,IN19A110,
817216,IN05B089,
817217,IN07B102,
817220,IN03B091,
817230,IN16B089,
817237,IN03B068,
817241,IN19A105,
817244,IN13B097,
817254,IN01B025,
817259,IN09A092,
817269,IN06A140,
817270,IN03A080,
817272,IN21A084,
817277,IN13B097,
817278,IN20A.22A092,
817279,IN03B066,
817282,IN06A132,
817288,IN07B102,
817291,IN01B080,
817293,IN01A082,
817296,IN10B057,
817305,IN08A047,
817306,IN01B092,
817309,IN21A097,
817314,IN19A110,
817315,IN08B070_a,
817317,IN10B059,
817322,IN19A065,
817324,IN13B098,
817325,IN08A036,
817330,IN13B102,
817332,IN11A044,
817351,IN19A093,
817355,IN06A075,
817364,IN07B096_d,
817366,IN08A041,
817372,IN03B077,
817375,IN10B041,
817386,IN21A093,
817389,IN11B022_a,
817391,IN14A029,
817395,IN20A.22A039,
817397,IN13B065,
817401,IN13A061,
817407,IN12B092,
817413,IN20A.22A092,
817427,IN01B074,
817440,IN03B077,
817443,IN19A076,
817449,IN21A031,
817466,IN01B092,
817467,IN09B054,
817473,IN03B086_d,
817480,IN01B090,
817485,IN09B053,
817494,IN11B021_a,
817504,IN02A047,
817505,IN02A063,
817506,IN09A096,
817516,IN19A114,
817522,IN12A064,
817523,IN08B070_b,
817527,IN21A039,
817529,IN20A.22A091,
817530,IN20A.22A085,
817541,IN13A045,
817542,IN23B088,
817545,IN19A065,
817554,IN23B069,
817559,IN07B079,
817560,IN10B057,
817561,IN06A122,
817567,IN20A.22A084,
817571,IN06A054,
817579,IN06A137,
817583,IN19A088_d,
817584,IN09B054,
817588,IN03B086_d,
817589,IN06A129,
817597,IN20A.22A091,
817600,IN19A120,
817605,IN03B086_d,
817607,IN20A.22A086,
817608,IN01B097,
817614,IN01B073,
817616,,
817624,IN10B058,
817627,IN06A105,
817629,IN09A083,
817632,IN02A058,
817635,IN13B090,
817641,IN19A110,
817646,IN11B021_e,
817664,IN06B065,
817693,IN03B088,
817695,IN03A097,
817708,IN11A044,
817715,IN01A087_b,
817719,IN01A087_b,
817724,IN19A124,
817729,IN05B092,
817733,IN06A070,
817735,IN01B080,
817745,,
817749,IN19A093,
817750,IN08B082,
817751,IN21A087,
817756,IN06A132,
817758,IN23B060,
817759,IN13A061,
817761,IN08A036,
817769,IN13A045,
817779,IN19B103,
817780,IN19A106,
817784,IN19A133,
817788,IN19A114,
817790,IN06A138,
817794,IN06A126,
817796,IN03B086_d,
817800,IN03A051,
817805,,
817809,IN03B086_a,
817813,IN18B055,
817817,INXXX436,
817822,IN01B063,
817826,IN21A087,
817834,IN02A066,
817836,IN03B066,
817845,IN03A087,
817858,IN03B083,
817867,IN10B057,
817881,,
817884,IN19A093,
817892,IN20A.22A084,
817898,IN06A126,
817904,IN03B066,
817916,IN08A036,
817918,IN03B074,
817928,IN03B086_d,
817930,IN19A117,
817931,,
817945,INXXX290,
817961,IN06B081,
817971,IN03B077,
817981,IN19B103,
817987,IN09A070,
818001,IN02A062,
818003,IN03A096,
818021,IN13A060,
818026,IN09A092,
818028,IN20A.22A092,
818032,IN19A106,
818040,,
818041,IN03B092,
818042,IN19A114,
818062,,
818063,IN21A096,
818086,IN23B091,
818108,IN13A055,
818120,IN06A075,
818129,IN21A078,
818138,IN03B086_a,
818148,IN13A056,
818159,INXXX392,
818163,IN13B057,
818178,IN07B099,
818183,IN06A134,
818188,,
818193,IN03B086_d,
818195,IN09B055,
818200,IN03B077,
818206,IN16B089,
818217,IN08A036,
818220,IN14A100,
818227,IN03B086_a,
818230,IN03B064,
818234,IN19B013,
818235,,
818236,IN16B107,
818252,IN06A075,
818265,IN09A044,
818273,IN01B092,
818278,IN20A.22A092,
818298,IN20A.22A089,
818306,IN03B083,
818315,IN19A060_d,
818318,IN13A072,
818322,IN14A114,
818326,IN20A.22A092,
818329,IN19B013,
818334,INXXX392,
818343,IN09A073,
818345,IN09B050,
818353,IN16B089,
818358,IN02A052,
818368,IN09A083,
818373,,
818386,IN07B099,
818411,IN01B035,
818424,IN17A101,
818431,IN14A115,
818433,IN01A087_a,
818434,IN03A077,
818437,IN14A096,
818446,IN12A064,
818452,IN06A140,
818455,IN09A069,
818458,IN05B093,
818463,IN06A113,
818464,IN09A092,
818467,IN08A036,
818468,IN02A058,
818469,IN03B091,
818473,IN01B086,
818477,IN09A096,
818496,IN19A117,
818499,IN06A099,
818500,IN13B093,
818501,IN06A075,
818506,IN12B048,
818511,IN14A111,
818530,IN03B077,
818534,IN14A110,
818537,IN02A066,
818538,IN20A.22A084,
818548,IN01B095,
818549,IN14A100,
818551,IN03B045,
818556,IN17A001,
818557,IN04B102,
818561,IN13A060,
818570,IN07B098,
818571,IN09A091,
818576,,
818588,IN01B073,
818590,IN06A067_d,
818592,IN20A.22A092,
818593,IN06B036,
818594,IN08B093,
818598,IN23B091,
818614,IN14A035,
818624,IN01B099,
818628,,
818629,IN13B096_b,
818630,IN04B111,
818637,,
818645,IN03B086_d,
818647,IN14A035,
818657,IN01B095,
818660,IN11B022_c,
818668,IN20A.22A051,
818681,IN19A065,
818684,IN08B093,
818685,IN03B088,
818690,IN20A.22A005,
818700,IN03B064,
818720,IN21A079,
818721,IN19A117,
818742,IN03B083,
818747,IN01B065,
818753,,
818757,,
818759,IN19A087,
818765,IN14A109,
818766,IN06A120_a,
818784,IN05B090,
818792,,
818802,IN03B088,
818803,IN11B022_c,
818808,IN19A127,
818811,IN08B093,
818820,IN07B087,
818825,IN11B022_d,
818826,IN03B088,
818838,IN19A108,
818865,IN19A041,
818877,IN01B080,
818883,IN20A.22A092,
818893,IN08A047,
818902,IN08A046,
818922,IN06A083,
818935,IN21A081,
818943,IN20A.22A018,
818953,IN19A086,
818970,IN01A066,
818978,IN01B084,
818991,IN17A114,
819006,IN08A050,
819020,,
819027,IN21A041,
819028,IN09A006,
819043,IN09A092,
819046,IN07B065,
819053,,
819056,IN13B078,
819059,IN21A109,
819064,IN13B096_a,
819069,,
819070,IN09A071,
819071,IN20A.22A071,
819073,IN03B077,
819084,IN01B095,
819096,IN09A005,
819099,IN14A105,
819132,IN06A088,
819137,IN19A117,
819147,IN07B079,
819171,IN02A040,
819179,IN02A066,
819183,IN01B097,
819185,IN14A078,
819186,IN11A043,
819187,IN21A093,
819196,IN08B093,
819204,IN01B097,
819205,IN06A136,
819221,IN13A045,
819227,IN09A071,
819236,IN16B099,
819265,,
819276,,
819279,IN12A063_a,
819289,IN13B055,
819299,IN13B096_a,
819300,IN01A062_a,
819310,IN14A078,
819317,IN10B057,
819333,IN23B007,
819340,IN01B098,
819341,IN08A043,
819344,IN10B057,
819354,IN09A096,
819375,IN02A066,
819382,IN09A083,
819402,IN16B107,
819409,IN09A039,
819411,IN21A093,
819412,IN19A073,
819415,IN19A127,
819425,IN01B099,
819427,IN02A056_b,
819429,IN16B107,
819444,IN01B097,
819445,IN06A059,
819458,IN14A110,
819459,IN14A105,
819473,IN19A117,
819478,IN20A.22A069,
819503,IN09A093,
819504,IN12B079_c,
819509,IN23B057,
819511,IN01B080,
819522,IN07B098,
819541,IN19A083,
819543,IN03B083,
819547,IN08A035,
819557,IN09B055,
819574,,
819575,IN16B037,
819581,IN08A041,
819597,,
819612,IN06A082,
819626,IN19A102,
819652,,
819660,IN06A126,
819662,INXXX426,
819665,IN09A096,
819673,IN01B095,
819679,IN09A074,
819691,IN02A066,
819702,IN04B101,
819736,IN06A129,
819740,IN14A048,
819746,IN03B088,
819766,IN13B093,
819767,IN19A127,
819771,IN08A041,
819778,IN14A048,
819810,IN03B064,
819840,IN19A082,
819841,IN08A048,
819861,,
819865,IN03A094,
819875,IN19A102,
819884,IN01B095,
819906,IN03B088,
819918,IN16B094,
819933,IN19A118,
819941,IN20A.22A069,
819948,IN06A120_c,
819964,IN03B064,
819968,IN14A030,
819971,IN01B102,
819977,IN01B086,
819997,IN08B036,
820012,IN01A079,
820035,IN02A066,
820037,IN08A041,
820075,IN09A054,
820091,IN06A076_c,
820102,IN17A053,
820114,IN03B088,
820131,IN19A114,
820154,IN01B080,
820194,IN21A042,
820205,IN03B089,
820213,,
820267,IN01A080_a,
820276,IN01B091,
820279,IN19A108,
820333,IN09A096,
820338,IN19A108,
820370,IN02A066,
820390,IN20A.22A069,
820423,IN01B090,
820440,IN09A014,
820442,IN20A.22A092,
820451,IN04B111,
820457,IN06A075,
820466,IN09A096,
820497,,
820505,IN19A115,
820510,,
820520,INXXX293,
820533,IN13A046,
820586,IN09A043,
820597,IN21A043,
820601,IN08A041,
820610,IN10B055,
820617,IN01A088,
820618,,
820628,IN13A071,
820652,IN07B083_b,
820656,IN14A048,
820670,IN03B067,
820684,IN19A103,
820687,IN20A.22A069,
820689,IN01A088,
820695,,
820741,IN13A071,
820742,IN01A064,
820763,IN13A038,
820774,IN06A082,
820787,IN14A120,
820822,IN01B098,
820832,IN14A109,
820881,IN21A004,
820885,IN09A090,
820900,IN07B098,
820902,,
820912,,
820925,IN09B054,
820929,IN01A066,
820930,IN19A082,
820942,IN06A121,
820959,IN09A071,
820975,IN01A088,
820993,IN14A100,
821001,IN06A082,
821011,IN01B080,
821061,IN23B014,
821125,IN23B013,
821159,IN19A098,
821169,IN19A065,
821180,,
821184,IN13A067,
821186,IN06A075,
821189,IN13B091,
821195,IN21A096,
821214,IN21A096,
821218,IN11B020,
821247,IN12B079_c,
821263,IN07B096_b,
821276,IN07B079,
821339,IN20A.22A069,
821340,IN01B097,
821349,IN12B091,
821388,IN19A108,
821413,,
821481,IN09A024,
821504,IN01B099,
821531,IN14A078,
821536,IN19A098,
821584,IN14B011,
821591,IN19A117,
821592,IN21A090,
821602,IN02A059,
821609,IN19A117,
821634,IN19A117,
821662,IN01B091,
821688,IN01B022,
821706,INXXX429,
821792,IN07B103,
821813,IN06B086,
821901,,
821930,IN03B091,
821933,IN19A021,
821984,IN23B089,
821996,IN01B087,
822032,,
822037,IN19A041,
822044,IN08A049,
822045,IN03B064,
822105,IN01B099,
822110,IN01A088,
822174,IN01A081,
822189,IN09A045,
822288,IN12A063_a,
822331,IN01A082,
822332,IN14A119,
822380,IN21A066,
822417,IN03B066,
822437,IN08A048,
822498,IN01A081,
822517,IN03B064,
822543,IN21A103,
822549,,
822612,IN19A098,
822649,,
822665,IN19A060_d,
822695,,
822739,IN10B042,
822749,IN03A037,
822750,IN14A120,
822809,,
822835,IN06B065,
822858,,
822862,IN14A087,
822878,IN13A071,
822879,IN03B086_d,
822919,IN10B032,
823044,IN19A106,
823051,IN19A060_d,
823159,IN14A048,
823180,IN01A064,
823216,INXXX436,
823408,,
823471,IN13A061,
823498,,
823607,,
823618,IN20A.22A037,
823683,,
823705,,
823748,IN01B098,
823823,IN02A058,
823921,IN08A021,
823945,,
824054,IN13A063,
824057,IN06A082,
824236,IN19A046,
824329,IN01A083_a,
824394,,
824838,IN19A133,
824886,IN01B093,
824896,IN19A098,
824911,IN01B087,
824917,INXXX471,
824928,IN19A103,
825152,IN07B096_b,
825346,IN19A098,
825518,,
825732,IN13B074,
825818,IN14A042,
825899,IN01B090,
825931,IN02A066,
825940,,
826013,IN21A072,
826022,IN23B089,
826083,IN10B032,
826093,IN08A022,
826095,IN09A078,
826146,IN19A114,
826469,IN21A093,
826513,IN09A092,
827086,IN09A043,
827407,IN19A121,
827574,IN01B080,
827704,IN02A065,
828481,IN04B028,
828859,IN12B081,
828907,,
829153,IN21A037,
829716,IN11A019,
829894,IN02A066,
829936,IN01B085,
830034,IN13B006,
830235,IN03B091,
830835,IN01B065,
830853,IN19A098,
830928,,
831051,IN04B010,
832424,,
833689,IN12B072,
833998,IN13A029,
834125,IN21A087,
834784,IN08B108,
837101,INXXX053,
837346,IN06A104,
837680,IN14A101,
837880,IN06B065,
838746,IN19A098,
839241,,
839763,IN13A045,
840483,,
840621,INXXX053,
841398,IN00A011,
841975,,
842082,IN19A121,
842766,IN20A.22A092,
842821,IN12B091,
845417,IN11B021_b,
847091,IN20A.22A092,
847720,,
849131,IN14A117,
849981,IN00A039,
850463,IN12A063_a,
850533,IN14A042,
850772,IN01B091,
850925,IN01B080,
850941,,
851549,IN06A106,
852029,IN23B022,
852709,IN07B048,
853555,IN14A086,
854511,,
855012,IN12B023,
855195,,
855495,IN14A117,
855690,IN20A.22A038,
857317,,
857833,,
858510,IN16B099,
859290,,
860565,IN01A070,
862205,IN19A098,
864693,IN19A098,
868006,IN14A110,
868178,,
872508,IN04B101,
876267,IN02A055,
882072,,
887444,,
888140,,
888609,,
890603,IN11B022_a,
892728,IN23B072,
893362,IN13A043,
898638,IN04B111,
902257,IN12A037,
902262,IN26X001,
902275,IN06B018,
902276,IN21A017,
902277,IN12B032,
902278,IN09A010,
902280,IN09B005,
902282,IN06B029,
902284,IN20A.22A009,
902287,IN20A.22A069,
902290,IN16B079,
902291,IN21A064,
902293,IN16B100_a,
902294,IN17A011,
902295,IN06A108,
902297,IN19A042,
902304,INXXX167,
902308,IN23B009,
902311,IN16B082,
902313,IN13A014,
902314,IN20A.22A024,
902317,IN01B015,
902319,IN23B043,
902322,IN23B018,
902327,IN14A089,
902333,IN14A110,
902335,IN01B085,
902341,IN09A037,
902342,IN01B022,
902343,IN13B026,
902344,IN13B014,
902348,IN05B031,
902349,IN16B030,
902393,IN09A081,
902395,IN07B012,
902404,IN09A043,
902407,IN20A.22A071,
902418,TN1c_c,
902419,IN20A.22A071,
902420,IN19A020,
902421,IN20A.22A051,
902422,IN04B032,
902423,IN01A025,
902424,IN26X002,
902427,IN19A013,
902430,IN03B032,
902431,IN03A065,
902432,IN20A.22A024,
902433,IN20A.22A039,
902434,IN21A056,
902437,IN01A012,
902438,IN03A071,
902439,IN03A007,
902442,IN13B032,
902443,IN14A002,
902445,IN18B009,potentially_male-specific
902446,INXXX219,
902449,IN23B060,
902451,IN03A082,
902453,IN16B055,
902459,IN03A037,
902463,IN14A069,
902466,IN09A039,
902469,IN09A031,
902476,INXXX023,
902480,IN20A.22A008,
902483,IN09A003,
902491,IN19A020,
902500,IN19A022,
902501,IN12B003,
902502,INXXX181,
902504,IN01A015,
902505,IN05B020,
902506,IN13B021,
902510,IN12A029_a,
902512,IN07B006,
902513,IN03A068,
902514,IN07B030,
902515,IN13A021,
902518,IN13B028,
902519,IN08A019,
902520,INXXX464,
902527,IN01B027_a,
902529,IN03B022,
902532,IN03A091,
902533,IN23B018,
902551,IN03A004,
902552,IN19A002,
902553,IN10B004,
902554,IN06A003,
902556,IN04B100,
902566,IN05B001,
902578,IN05B090,
902580,IN05B017,
902602,IN13A075,
902604,IN09A039,
902614,IN21A005,
902616,IN21A074,
902617,IN13B012,
902619,IN01A025,
902620,IN01A080_c,
902652,INXXX340,
902662,INXXX238,
902663,IN03A001,
902667,IN16B016,
902668,IN04B011,
902672,IN13A051,
902676,IN19A021,
902679,IN17A007,
902685,IN12B036,
902688,INXXX240,
902689,INXXX334,
902691,INXXX360,
902699,INXXX052,
902704,IN12B009,
902706,IN13B018,
902707,IN12B052,
902708,IN21A047_e,
902710,IN16B118,
902712,IN20A.22A010,
902722,IN17A017,
902728,INXXX209,
902735,INXXX333,
902736,IN21A037,
902758,IN03B031,
902760,IN17A020,
902772,IN23B035,
902773,INXXX095,
902775,INXXX260,
902779,IN20A.22A049,
902784,GFC3,
902789,IN05B024,
902790,w-cHIN,
902792,IN04B031,
902796,INXXX066,
902804,IN01A035,
902805,IN16B101,
902806,IN16B113,
902807,IN23B056,
902810,IN11A008,
902812,IN23B013,
902818,IN23B058,
902819,IN04B059,
902825,IN21A022,
902832,IN23B031,
902837,IN12A025,
902839,IN23B061,
902842,INXXX309,
902844,INXXX197,
902859,IN16B038,
902860,IN13A027,
902874,IN07B020,
902875,IN20A.22A073,
902879,IN14A052,
902880,IN03B019,
902894,IN03A091,
902896,IN01B019_a,
902900,IN09A060,
902904,IN13B053,
902906,IN26X002,
902917,IN23B039,
902923,IN06B025,
902931,INXXX230,
902940,INXXX340,
902943,IN14A004,
902944,IN04B017,
902963,IN03A026_c,
902982,IN17A025,
902983,IN11A003,
903018,INXXX262,
903021,INXXX197,
903022,IN03A060,
903023,IN04B062,
903026,IN12B024_c,
903054,IN03A053,
903063,INXXX261,
903066,INXXX337,
903067,IN23B028,
903068,IN16B073,
903073,IN21A014,
903075,IN04B081,
903077,IN14A042,
903078,IN00A063,
903079,IN01A018,
903081,IN13B009,
903084,IN10B032,
903085,TN1a_f,male-specific
903086,vMS12_a,
903091,IN03A037,
903092,IN23B085,
903093,IN04B080,
903094,IN14A072,
903099,IN13A057,
903103,IN11A025,
903106,IN13A020,
903107,INXXX364,
903108,IN19B038,
903109,IN02A015,
903110,IN16B060,
903115,IN03B066,
903116,IN09A006,
903118,IN20A.22A002,
903121,,
903123,IN23B057,
903125,IN01A038,
903136,IN03A075,
903139,IN16B036,
903140,INXXX114,
903141,IN04B049_b,
903144,IN01B046_a,
903161,IN03A089,
903162,IN04B013,
903163,IN03A062_b,
903169,INXXX331,
903170,IN03A019,
903171,INXXX228,
903176,IN09A060,
903179,IN12B037_f,
903182,IN03A004,
903189,IN13B010,
903190,IN23B039,
903207,IN13A026,
903211,IN03A006,
903216,INXXX466,
903217,IN20A.22A006,
903222,IN09A009,
903232,GFC2,
903238,IN20A.22A033,
903250,IN04B102,
903251,IN09A046,
903252,IN20A.22A066,
903253,INXXX180,
903254,IN23B042,
903255,IN23B022,
903259,IN20A.22A056,
903264,IN12B012,
903273,IN13A010,
903278,IN00A019,
903279,IN23B007,
903280,IN09A003,
903284,IN04B015,
903285,IN03A007,
903288,IN21A018,
903290,IN03A062_e,
903295,IN23B063,
903300,IN19B108,
903308,IN02A011,
903314,IN06B077,
903315,IN05B016,
903316,IN23B058,
903317,INXXX219,
903324,IN20A.22A002,
903325,IN20A.22A024,
903326,IN23B018,
903330,IN17A046,
903331,IN17A037,
903332,INXXX065,
903334,IN14A001,
903339,IN13A013,
903341,IN12A061_c,
903347,IN19A045,
903360,IN19A073,
903361,IN06B056,
903365,IN21A075,
903366,IN16B016,
903381,IN19A059,
903389,IN02A011,
903390,INXXX321,
903394,IN20A.22A059,
903395,IN16B030,
903396,IN13B033,
903397,IN13B014,
903400,IN18B020,
903401,IN20A.22A070,
903413,IN19A021,
903414,IN06B052,
903415,IN03B055,
903416,IN19B067,
903417,IN03B089,
903418,IN23B043,
903419,IN23B023,
903420,IN23B028,
903421,IN14A001,
903422,IN01A043,
903425,IN08B019,
903429,IN12A001,
903436,IN12B072,
903442,,
903445,IN04B108,
903446,IN12B011,
903456,IN03A030,
903457,IN17A019,
903458,IN19A064,
903459,IN03A033,
903461,IN17A020,
903463,IN21A017,
903464,IN02A013,
903467,IN05B017,
903468,IN23B014,
903469,IN14A120,
903470,IN17A019,
903479,IN13A058,
903481,INXXX228,
903482,INXXX454,
903485,IN02A014,
903487,IN01A009,
903491,INXXX269,
903492,INXXX288,
903493,,
903494,IN23B030,
903495,IN03A019,
903496,IN04B104,
903497,IN20A.22A008,
903499,IN14A016,
903500,IN20A.22A001,
903510,IN19A030,
903513,IN04B100,
903516,IN13A068,
903517,IN23B081,
903519,IN21A018,
903520,IN21A017,
903521,IN08A032,
903523,IN21A005,
903524,IN08B065,
903526,IN20A.22A047,
903533,IN03A007,
903536,IN03A068,
903537,IN19A108,
903540,IN12B072,
903545,IN16B016,
903549,IN03A060,
903550,IN13B021,
903551,IN04B047,
903553,IN03A055,
903557,IN00A031,
903558,IN08B082,
903561,IN12B002,
903563,INXXX418,
903564,INXXX011,
903566,IN01A039,
903567,IN19A002,
903569,IN21A044,
903570,IN09A010,
903572,IN19B003,
903573,IN13A006,
903574,IN19A012,
903575,IN13B009,
903576,IN01B008,
903581,IN14A076,
903586,IN12B043,
903587,IN03A019,
903590,IN11A021,
903591,IN06B059,
903598,IN06A011,
903602,IN19A003,
903604,IN08A002,
903608,IN21A055,
903611,IN17A028,
903613,IN01A011,
903619,IN11A013,
903622,IN01A045,
903624,IN20A.22A074,
903631,IN20A.22A009,
903633,IN13A033,
903634,INXXX267,
903647,IN20A.22A024,
903652,IN13B012,
903653,IN19B003,
903654,IN11B024_b,
903655,IN11B023,
903665,IN09A010,
903667,IN23B005,
903693,IN13B005,
903694,IN14A001,
903696,IN20A.22A089,
903699,IN20A.22A051,
903700,IN13A005,
903701,IN13A022,
903712,IN03A068,
903720,IN13B015,
903727,INXXX035,
903731,IN06A052,
903732,IN09B005,
903739,IN12B051,
903758,IN16B115,
903760,INXXX096,
903765,INXXX331,
903780,INXXX258,
903784,IN09A064,
903785,IN14A070,
903792,IN23B061,
903801,INXXX083,
903819,IN08B001,
903833,IN04B019,
903834,IN13A005,
903836,IN01A075,
903838,IN14A123,
903840,IN04B037,
903845,IN04B027,
903846,IN06B024,
903847,IN03B034,
903848,IN23B039,
903849,IN01A050,
903850,IN01A050,
903851,IN13B088,
903853,IN06B066,
903855,IN08B004,
903859,INXXX230,
903861,INXXX258,
903879,IN23B031,
903887,IN23B074,
903888,IN01B023_b,
903891,IN20A.22A074,
903893,IN20A.22A049,
903894,IN13A025,
903903,IN16B020,
903927,IN13A049,
903931,IN19A064,
903932,IN21A047_e,
903933,IN09A062,
903937,IN16B098,
903938,INXXX231,
903944,IN21A047_f,
903945,IN16B032,
903947,IN13B005,
903973,IN19A064,
903980,IN03A054,
903990,IN01A012,
903996,IN23B025,
903997,IN17A052,
903999,IN04B017,
904003,IN09A060,
904004,IN20A.22A017,
904006,IN18B045_c,
904009,IN13B056,
904010,INXXX303,
904012,INXXX317,
904021,IN21A008,
904022,IN19B110,
904023,IN12B037_f,
904024,IN23B032,
904032,IN17A049,
904033,IN17A055,
904034,IN04B101,
904036,IN12B018,
904037,IN21A035,
904040,INXXX446,
904042,IN12A012,
904043,IN11B024_c,
904044,IN03A056,
904045,IN09B049,
904046,IN20A.22A057,
904047,INXXX149,
904052,IN09A068,
904061,INXXX121,potentially_sexually_dimorphic
904062,IN23B009,
904063,IN23B014,
904064,IN03A045,
904065,IN13B056,
904066,IN03A062_g,
904070,IN01B033,
904074,IN20A.22A019,
904075,IN12B023,
904077,IN00A035,
904079,IN16B036,
904081,IN13B035,
904082,IN23B043,
904084,IN01B090,
904085,IN13A019,
904093,IN12B007,
904095,,
904099,IN13A041,
904101,IN06B029,
904103,IN11B013,
904105,IN19A060_c,
904107,IN04B088,
904108,INXXX230,
904109,INXXX448,
904113,IN12A052_b,
904115,IN04B026,
904118,IN01A042,
904119,IN06B088,
904121,INXXX077,
904122,IN04B042,
904123,IN12B056,
904124,IN13B080,
904125,IN20A.22A021,
904126,IN11A005,
904129,,
904132,IN04B018,
904133,IN01A039,
904134,IN01B064,
904144,IN21A038,
904145,IN16B101,
904147,IN12B036,
904161,IN19B067,
904162,IN09A022,
904163,IN12B025,
904164,IN03A074,
904165,IN14A023,
904167,IN13B080,
904168,INXXX324,
904173,IN17A061,
904174,IN21A051,
904176,IN01B044_b,
904179,INXXX240,
904180,INXXX302,
904181,IN03A037,
904183,INXXX468,
904185,IN12B024_a,
904186,IN04B036,
904191,INXXX442,
904192,INXXX258,
904194,IN08B035,
904199,IN23B025,
904206,IN23B031,
904207,IN04B083,
904208,IN13A049,
904212,IN20A.22A028,
904217,IN23B036,
904218,IN16B120,
904219,IN20A.22A086,
904234,IN20A.22A008,
904236,IN21A018,
904238,IN03B083,
904241,IN12B063_c,
904243,INXXX246,
904245,IN07B016,
904246,IN12B018,
904247,IN03A033,
904249,IN19A088_b,
904261,IN00A030,
904262,IN13A018,
904263,IN03B060,
904270,IN03A059,
904271,IN12B012,
904272,IN04B096,
904275,IN23B014,
904277,IN12B087,
904279,IN05B090,
904280,IN16B020,
904282,IN03A014,
904285,IN01B042,
904286,IN21A022,
904287,,
904306,INXXX446,
904307,IN13A029,
904310,IN06B088,
904315,IN06B067,
904316,IN06B067,
904317,IN00A038,
904318,IN11A032_e,
904319,IN17A046,
904321,IN08B083_b,
904322,IN03A071,
904323,IN16B065,
904325,IN09A027,
904327,IN20A.22A068,
904338,,
904363,IN17A058,
904366,IN03A092,
904387,IN18B051,
904388,IN04B103,
904395,IN01A022,
904397,IN16B092,
904399,IN19B067,
904400,dMS2,
904403,IN09A046,
904404,IN20A.22A073,
904421,IN01B062,
904422,IN03A091,
904423,IN12A008,
904426,IN01A040,
904427,IN16B041,
904433,IN04B028,
904434,IN16B030,
904524,IN08B083_a,
904525,IN09A010,
904528,IN20A.22A049,
904535,IN07B048,
904536,IN11B003,
904537,IN11B003,
904538,IN11B001,
904539,IN11B001,
904541,IN14A020,
904561,IN23B054,
904565,IN03A046,
904567,IN08B091,
904572,IN19B073,
904576,IN13A028,
904584,IN14A016,
904586,IN13B103,
904587,IN07B001,
904589,IN08A005,
904594,IN04B094,
904618,IN00A049,
904624,IN00A017,
904627,IN13A059,
904628,IN03A063,
904634,IN13B013,
904639,IN06A002,
904640,IN17A007,
904646,IN00A019,
904649,IN14A051,
904652,,
904655,INXXX122,
904656,IN01A031,
904664,INXXX044,
904672,IN21A116,
904673,IN20A.22A007,
904674,IN19A001,
904675,INXXX089,
904676,IN13A035,
904677,IN12B063_c,
904685,IN13A001,
904686,IN13B085,
904690,IN04B084,
904699,IN01A083_b,
904707,IN13A006,
904708,IN13A012,
904709,IN14A038,
904717,IN21A056,
904720,IN03A060,
904731,IN20A.22A090,
904732,IN10B059,
904736,IN13A009,
904737,IN16B075_c,
904739,IN23B043,
904741,IN13A012,
904743,IN21A010,
904744,IN19A072,
904746,IN12A007,
904748,IN16B075_h,
904756,IN18B021,
904758,IN13B068,
904761,IN19A073,
904764,IN17A044,
904765,IN16B097,
904766,IN09A055,
904783,IN21A009,
904785,IN16B045,
904790,IN03A094,
904794,IN19A041,
904795,IN01B064,
904800,INXXX023,
904802,IN08B104,
904806,IN03A082,
904808,IN19A064,
904812,IN19A008,
904813,IN19B033,
904814,IN06B078,
904816,INXXX231,
904821,INXXX295,
904826,IN17A052,
904827,IN13A045,
904830,IN02A033,
904831,IN01A030,
904838,IN13A035,
904839,IN04B101,
904844,IN18B005,
904846,IN08B073,
904848,IN10B058,
904851,IN11A022,
904853,IN12A024,
904854,IN13A002,
904865,IN20A.22A009,
904867,IN09A063,
904868,IN05B016,
904898,INXXX045,
904900,IN03A044,
904904,IN23B047,
904914,IN03B072,
904915,IN18B020,
904917,IN14A007,
904926,INXXX468,
904928,IN03A081,
904929,IN00A028,
904932,IN19A069_b,
904933,IN11A028,
904938,IN20A.22A059,
904939,IN12B039,
904940,IN06A063,
904941,INXXX119,
904943,IN03A027,
904945,IN03B058,
904946,IN06A050,
904947,INXXX143,
904948,IN06A049,
904955,INXXX201,
904957,IN11A028,
904958,IN00A067,
904959,,
904961,IN23B018,
904962,IN23B040,
904965,INXXX209,
904975,IN03A047,
904979,IN04B068,
904980,INXXX045,
904983,INXXX319,
904985,IN21A087,
904989,IN08A003,potentially_male-specific
905000,IN08A007,
905003,IN19A011,
905004,IN02A029,
905005,IN02A029,
905009,IN08A006,
905010,IN03A047,
905011,IN20A.22A039,
905012,IN03B090,
905015,IN21A054,
905022,IN09A001,
905023,IN04B011,
905024,IN21A075,
905025,IN19B004,
905031,IN00A020,
905032,IN10B044,
905038,IN08A035,
905039,IN02A014,
905042,IN20A.22A006,
905043,IN01B023_a,
905046,IN08A030,
905047,IN08A026,
905048,IN04B059,
905049,IN20A.22A039,
905050,IN03A088,
905051,IN09A013,
905058,IN03A075,
905060,IN12B088,
905062,,
905063,IN20A.22A012,
905066,IN20A.22A052,
905068,IN19A036,
905069,INXXX087,
905070,INXXX431,
905073,IN19A048,
905075,IN13A032,
905077,INXXX328,
905078,IN21A012,
905079,IN20A.22A028,
905080,IN04B013,
905081,IN01A056,
905083,IN04B013,
905085,IN01B046_a,
905086,IN03A059,
905087,IN11A027_a,
905088,IN20A.22A028,
905090,IN03A025,
905104,,
905105,INXXX159,
905110,IN23B048,
905118,IN16B042,
905119,IN04B094,
905123,IN04B091,
905129,IN23B008,
905130,IN00A049,
905134,IN23B032,
905135,IN23B066,
905136,,
905139,IN18B031,
905141,IN01B006,
905146,IN01B020,
905147,IN06B059,
905148,INXXX446,
905149,IN01A051,
905153,vMS11,
905156,IN00A022,
905159,INXXX194,
905164,IN13A014,
905167,IN08A005,
905168,IN21A020,
905170,IN10B012,
905171,IN12A026,
905172,IN12B066_c,
905173,IN05B090,
905174,IN06A117,
905182,IN19A084,
905191,IN16B075_i,
905194,IN11A016,
905203,IN03A062_e,
905204,IN13A054,
905206,IN03A039,
905207,TN1c_b,
905213,IN21A035,
905214,IN11A025,
905217,IN04B011,
905221,IN17A093,
905222,IN03A059,
905223,IN13A042,
905227,IN09A046,
905228,IN23B048,
905231,INXXX281,
905232,IN03A071,
905233,IN13A057,
905237,IN12B053,
905241,IN23B039,
905247,vPR9_b,
905250,IN00A022,
905253,INXXX421,
905258,IN19A088_e,
905259,INXXX328,
905261,IN23B073,
905262,IN19A030,
905263,IN14A006,male-specific
905266,IN04B053,
905268,IN19B075,
905270,IN06A050,
905271,IN12B005,
905282,IN13A035,
905284,IN18B042,
905285,IN14A025,
905286,INXXX372,
905287,INXXX442,
905289,IN21A078,
905299,IN03A044,
905300,IN16B073,
905302,IN03A045,
905303,IN27X014,
905308,IN10B055,
905310,IN16B041,
905312,INXXX385,
905314,IN03A089,
905328,IN03A057,
905329,IN21A051,
905338,IN09A070,
905343,IN14A077,
905353,IN16B073,
905355,IN14A096,
905369,IN23B083,
905370,IN01B029,
905382,IN04B096,
905385,IN04B042,
905387,IN20A.22A009,
905405,INXXX309,
905408,IN13B089,
905413,IN09B043,
905414,IN09A055,
905415,IN07B006,
905420,IN11B011,
905422,IN19B058,
905424,IN01A035,
905425,INXXX425,
905434,IN20A.22A070,
905447,IN18B014,
905463,IN19A021,
905464,IN12B043,
905485,IN03A035,
905486,IN14A028,
905489,IN21A028,
905491,IN23B093,
905496,IN21A006,
905500,IN03A036,
905501,IN17A044,
905503,IN14A089,
905506,IN17A019,
905507,INXXX258,
905508,IN16B118,
905510,IN01B027_f,
905514,IN14B006,
905517,IN16B076,
905529,IN12B025,
905530,IN01B023_a,
905531,IN20A.22A018,
905532,IN20A.22A012,
905534,INXXX281,
905548,IN06B070,
905550,IN03A028,
905551,IN11A008,
905552,IN13B028,
905557,INXXX122,
905558,IN01A031,
905560,IN21A013,
905564,,
905572,IN12A015,
905582,IN02A030,
905583,IN19A042,
905585,IN19A108,
905593,IN09A043,
905597,IN13A054,
905602,IN02A019,
905604,INXXX299,
905610,IN12B040,
905613,INXXX322,
905616,IN06A113,
905618,IN21A021,
905621,IN13A057,
905622,IN12B041,
905625,IN01A070,
905627,,
905631,IN20A.22A009,
905632,IN17A088,
905645,IN09A016,
905652,IN23B025,
905654,IN01B056,
905658,IN20A.22A007,
905663,IN20A.22A021,
905664,IN09A046,
905665,IN20A.22A016,
905672,IN13A043,
905676,IN23B048,
905700,IN12A013,
905703,IN06B066,
905706,IN13B069,
905707,IN11A014,
905708,IN03A093,
905711,IN03A078,
905714,IN21A017,
905722,IN20A.22A089,
905723,IN23B022,
905726,INXXX267,
905728,IN20A.22A028,
905729,IN03A013,
905730,IN11A008,
905731,IN04B090,
905752,IN14A055,
905753,IN14A066,
905765,IN01B082,
905767,IN17A081,
905768,IN23B009,
905773,IN14A048,
905774,IN13A049,
905776,IN12B030,
905782,IN23B040,
905786,IN09A013,
905798,IN10B042,
905801,IN01B095,
905802,IN20A.22A067,
905804,INXXX197,
905805,INXXX431,
905809,IN13B037,
905810,IN04B080,
905812,IN12B024_a,
905813,IN01B012,
905820,IN04B069,
905836,IN23B046,
905842,IN13A030,
905843,IN20A.22A051,
905846,INXXX395,
905853,IN20A.22A072,
905860,IN13A007,
905861,IN21A035,
905862,IN14A074,
905866,IN13B070,
905868,IN20A.22A042,
905870,IN11B001,
905871,IN11B003,
905878,IN19A048,
905887,IN20A.22A007,
905894,IN21A063,
905896,IN21A009,
905898,IN20A.22A053,
905899,IN17A045,
905900,IN19B090,
905901,IN00A029,
905902,IN16B068_c,
905905,INXXX230,
905907,INXXX427,
905910,IN19A013,
905915,IN11A032_e,
905916,IN09A029,
905918,IN23B024,
905919,INXXX409,
905924,INXXX279,
905926,IN03A014,
905927,IN01B033,
905929,IN12B024_c,
905938,IN17A041,
905939,IN00A026,
905940,IN00A070,
905943,IN03A018,
905945,IN16B058,
905959,IN23B066,
905964,IN14A070,
905968,IN04B013,
905969,IN04B026,
905972,IN17A061,
905977,IN03A042,
905978,IN10B041,
905982,IN20A.22A056,
905984,IN19B043,
905986,IN01B020,
905987,IN08A028,
905989,IN09A093,
905990,IN20A.22A011,
905993,INXXX353,
905995,IN04B027,
906001,IN20A.22A016,
906002,INXXX271,
906004,IN12A054,
906015,IN03A030,
906016,IN14A061,
906017,IN09A066,
906027,IN09A022,
906071,INXXX209,
906072,INXXX442,
906078,IN23B032,
906081,IN09A094,
906082,IN12B056,
906083,IN20A.22A061,
906084,IN12B068_a,
906085,IN14A108,
906088,GFC3,
906092,INXXX230,
906093,IN11A018,
906096,IN04B102,
906103,IN08A050,
906105,IN16B056,
906106,IN11A012,
906107,vMS11,
906108,IN16B095,
906109,INXXX396,
906137,IN09B054,
906143,IN10B058,
906146,IN10B058,
906159,IN03A052,
906172,IN12B022,
906179,IN11A039,
906184,IN20A.22A035,
906186,IN06B059,
906187,IN01A038,
906188,IN01B012,
906189,IN07B061,
906193,IN19B069,
906196,IN03A094,
906197,IN03A094,
906206,IN02A018,
906223,IN06A082,
906228,IN19B067,
906236,IN01A043,
906237,INXXX334,
906246,INXXX221,
906250,IN01B021,
906255,IN04B081,
906258,IN20A.22A038,
906260,IN04B018,
906275,IN13A063,
906284,IN20A.22A006,
906293,IN03A076,
906299,IN13B015,
906300,IN18B050,
906307,INXXX287,
906329,IN13A035,
906330,IN19A069_a,
906331,IN00A028,
906350,IN06B067,
906353,IN16B075_h,
906354,IN16B061,
906360,IN23B014,
906363,IN21A047_b,
906365,INXXX287,
906366,IN07B081,
906370,IN17A116,
906371,IN19A106,
906372,IN03A062_b,
906373,IN23B018,
906376,IN13A020,
906378,vMS12_c,
906379,IN04B068,
906382,,
906383,IN13B090,
906384,IN04B054_a,
906391,IN13B025,
906393,IN13B078,
906407,IN20A.22A003,
906410,IN23B028,
906411,IN03B055,
906412,IN20A.22A039,
906414,IN03A070,
906415,IN23B047,
906417,IN00A014,
906418,IN20A.22A039,
906419,IN01A039,
906422,IN09A081,
906429,IN13A055,
906431,IN12A031,
906432,IN01A074,
906441,IN23B078,
906442,IN10B055,
906443,IN20A.22A083,
906445,INXXX386,
906450,IN02A028,
906451,IN19A021,
906459,IN09A023,
906460,IN06A014,
906470,IN19A057,
906471,IN17A088,
906472,IN09B046,
906475,IN16B077,
906476,IN19A020,
906480,IN19B045,
906481,IN03B058,
906482,IN11B016_a,
906489,IN21A042,
906490,IN23B067_c,
906492,IN09A026,
906497,INXXX279,
906500,INXXX440,
906502,IN09A057,
906513,INXXX363,
906518,IN12B048,
906521,IN19B109,
906525,IN08A050,
906526,IN14A033,
906528,IN07B076_b,
906549,,
906550,IN16B042,
906551,INXXX225,
906552,IN07B073_d,
906553,IN19B067,
906554,IN19B043,
906557,IN10B055,
906562,IN13A031,
906567,IN10B040,
906568,IN10B057,
906613,IN19B067,
906614,IN20A.22A011,
906615,IN20A.22A011,
906621,IN06B047,
906622,INXXX385,
906624,IN19A037,
906632,IN11A003,
906634,INXXX448,
906635,IN11B024_c,
906649,IN16B098,
906654,INXXX133,
906655,IN10B023,
906661,IN02A029,
906663,INXXX364,
906669,INXXX320,
906681,IN05B090,
906682,IN01A047,
906684,IN02A015,
906686,INXXX045,
906687,IN20A.22A001,
906692,IN06A135,
906697,INXXX119,
906698,IN14A015,
906700,IN01A082,
906708,IN01B049,
906710,IN12B027,
906712,,
906715,IN06A079,
906717,vPR9_a,
906718,IN13A068,
906719,IN13A038,
906721,IN17A060,
906749,IN01B021,
906750,IN20A.22A004,
906756,vMS11,
906757,IN13A021,
906758,w-cHIN,
906759,w-cHIN,
906812,IN17A099,
906817,IN13A038,
906819,IN00A057,
906824,IN09A052,
906826,INXXX253,
906948,IN12A037,potentially_male-specific
906956,IN02A010,
906960,IN13B087,
906982,,
906999,IN18B046,
907000,IN07B102,
907001,IN03B058,
907002,IN21A072,
907005,IN08B065,
907006,IN23B028,
907008,IN08A022,
907016,IN20A.22A018,
907017,IN04B106,
907020,IN01B037_b,
907021,IN10B032,
907022,IN01B034,
907028,IN04B074,
907033,IN06A023,
907037,IN16B073,
907040,IN01B039,
907043,IN05B089,
907044,IN14B008,
907045,IN20A.22A036,
907181,IN01B095,
907182,IN01B082,
907185,IN12B081,
907188,IN03A084,
907189,INXXX348,
907190,IN23B049,
907193,,
907197,IN20A.22A012,
907224,IN12B035,
907233,IN01A051,
907237,INXXX317,
907238,IN06A045,
907240,IN16B053,
907242,IN12B065,
907243,IN04B082,
907251,IN01A048,
907253,IN11A027_c,
907257,IN20A.22A015,
907258,IN14A064,
907259,IN16B083,
907261,IN00A043,
907262,IN01B027_e,
907264,IN00A060,
907269,IN06B063,
907270,INXXX054,
907274,IN06B066,
907275,IN06B079,
907276,IN19B075,
907282,IN07B028,
907304,IN11A032_d,
907315,IN13A035,
907337,IN01B020,
907348,IN05B019,
907354,IN11B013,
907360,IN13A007,
907361,IN19A082,
907362,IN03B086_d,
907363,IN03A051,
907364,IN01A050,
907370,INXXX379,
907371,INXXX448,
907373,IN20A.22A012,
907376,IN11A022,
907378,IN16B042,
907380,IN13A054,
907381,IN14A097,
907385,IN19B067,
907386,IN06A039,
907391,IN04B043_a,
907392,IN04B063,
907393,IN03A030,
907394,IN20A.22A035,
907395,IN20A.22A049,
907397,IN20A.22A059,
907398,IN14A047,
907399,INXXX349,
907400,IN23B064,
907401,vPR6,
907402,vMS11,
907419,GFC4,
907421,IN04A002,
907423,IN01B025,
907427,IN08B067,
907436,INXXX227,
907444,INXXX428,
907446,IN11B018,
907448,IN20A.22A089,
907459,IN19B064,
907462,IN03B088,
907468,IN11B024_b,
907472,IN23B069,
907473,IN16B119,
907474,IN03A062_c,
907476,IN01A074,
907479,IN20A.22A015,
907485,IN12A013,
907487,IN03A044,
907492,IN09A034,
907494,IN23B030,
907495,IN23B083,
907496,IN01B090,
907498,IN06B052,
907499,INXXX402,
907500,INXXX416,
907502,IN13A044,
907504,IN04B041,
907515,IN16B029,
907517,IN07B068,
907520,IN03A041,
907525,INXXX446,
907538,IN14A044,
907547,IN10B031,
907554,IN11B024_c,
907557,IN04B031,
907558,INXXX473,
907564,IN14A038,
907566,IN14A068,
907567,IN01B084,
907568,IN14A040,
907580,IN16B049,
907582,IN20A.22A015,
907583,IN03B055,
907594,IN18B039,
907599,IN14A081,
907602,IN03B061,
907610,IN06A078,
907619,IN13B030,
907620,IN07B031,
907638,IN01B007,
907640,IN21A041,
907641,IN21A093,
907643,IN04B037,
907647,IN00A051,
907649,IN13B043,
907650,IN23B023,
907662,IN20A.22A028,
907663,IN14A044,
907670,INXXX348,
907672,IN09B022,
907673,INXXX446,
907675,GFC2,
907676,IN06A079,
907678,IN19A026,
907684,IN00A060,
907685,IN12B062,
907686,IN20A.22A055,
907687,IN13B065,
907690,INXXX353,
907695,IN23B043,
907699,IN11A020,
907702,IN20A.22A048,
907722,INXXX322,
907723,INXXX394,
907725,IN20A.22A068,
907728,IN19B038,
907730,IN01A032,
907741,IN13A034,
907743,,
907745,IN00A030,
907750,IN20A.22A018,
907751,IN20A.22A001,
907757,IN17A090,
907758,IN23B044,
907759,IN12A061_d,
907760,IN16B062,
907761,IN11B025,
907762,IN20A.22A030,
907775,IN21A042,
907776,IN00A066,
907779,IN14A020,
907781,INXXX446,
907782,IN20A.22A013,
907783,IN21A061,
907791,IN08A026,
907793,IN13A021,
907796,IN13B026,
907803,IN19B043,
907810,IN16B057,
907812,IN20A.22A013,
907818,IN21A023,
907819,IN06B070,
907820,IN20A.22A028,
907826,IN16B093,
907839,IN16B125,
907846,IN12B049,
907847,IN12B051,
907849,IN16B075_g,
907850,IN08A034,
907853,IN06B053,
907854,IN05B090,
907855,IN05B090,
907856,IN23B089,
907857,IN13B033,
907858,IN13B044,
907866,IN09B038,
907873,IN01B044_b,
907874,IN20A.22A041,
907878,IN01B056,
907882,IN12A044,
907883,IN06A058,
907888,IN09A017,
907895,IN03B046,
907896,IN12B041,
907897,IN23B030,
907935,IN03A054,
907936,IN09A066,
907938,IN21A060,
907942,INXXX377,
907943,IN23B028,
907945,IN02A038,
907950,IN03A054,
907951,IN03B043,
907955,IN13B090,
907967,IN06A086,
907973,IN08B042,
907975,IN01A080_b,
907976,IN19B077,
907977,IN19B057,
907978,dMS2,
907979,IN08A011,
907980,IN12A059_e,
907986,INXXX269,
907987,INXXX244,
907989,IN19B092,
907995,IN14A090,
907996,IN14A109,
907998,IN12B044_e,
908007,IN03B058,
908010,IN23B080,
908011,IN20A.22A043,
908016,IN14A082,
908017,IN11B024_b,
908018,IN03A024,
908021,IN20A.22A018,
908022,IN07B044,
908023,IN03A032,
908024,IN01B017,
908025,INXXX401,
908027,IN19A102,
908028,IN23B023,
908029,IN03A093,
908038,IN16B064,
908041,IN12B029,
908045,INXXX273,
908046,IN11B015,
908048,IN05B091,
908049,IN01A085,
908052,IN14A031,
908060,IN14A077,
908062,IN03A031,
908071,IN03A094,
908076,IN20A.22A077,
908080,IN08B040,
908081,IN01B029,
908084,IN01A045,
908086,IN03B083,
908087,IN20A.22A009,
908088,IN06B040,
908089,IN16B063,
908090,IN06B043,
908096,IN14A114,
908097,IN14A085_a,
908101,IN16B124,
908119,,
908133,IN03A054,
908134,IN23B066,
908140,IN06A096,
908143,IN19B067,
908144,IN03A023,
908147,IN23B028,
908148,IN20A.22A039,
908152,IN00A047,
908157,IN03A049,
908165,IN09A022,
908167,IN05B080,
908168,IN04B078,
908176,IN11A034,
908178,IN19B068,
908183,IN19B043,
908186,IN14A055,
908190,IN14A033,
908204,IN01B033,
908205,INXXX287,
908206,INXXX423,
908209,IN01B016,
908213,IN20A.22A060,
908221,INXXX405,
908222,IN01B022,
908225,IN11A012,
908226,IN11A032_c,
908229,IN05B070,
908230,IN04B089,
908235,IN12B027,
908236,IN06A035,
908248,IN11B018,
908250,IN11B018,
908251,IN11B018,
908253,IN12B024_c,
908266,IN09A086,
908267,IN10B059,
908269,IN20A.22A008,
908274,INXXX326,
908279,IN03A059,
908281,IN02A057,
908286,IN14A020,
908287,IN14A038,
908289,IN03A029,
908291,IN11A040,
908295,IN12B068_c,
908297,IN05B070,
908304,IN05B061,
908306,IN13B068,
908315,IN03A045,
908316,IN04B078,
908318,IN03A046,
908321,TN1c_b,
908323,IN20A.22A010,
908328,INXXX429,
908331,IN20A.22A058,
908332,IN20A.22A089,
908333,IN09A031,
908338,IN04B064,
908339,IN01B047,
908343,IN03A071,
908351,IN20A.22A053,
908352,IN20A.22A009,
908353,IN01B040,
908355,IN23B074,
908365,IN00A069,
908370,IN04B064,
908375,IN20A.22A055,
908380,IN13A035,
908389,IN20A.22A004,
908390,IN12B033,
908393,INXXX283,
908435,IN16B052,
908438,IN12B066_c,
908440,IN08A039,
908465,IN01B036,
908466,GFC1,
908470,IN20A.22A049,
908471,INXXX417,
908472,IN16B075_i,
908482,INXXX351,
908485,IN04B091,
908495,IN12B038,
908496,IN17A083,
908502,IN08A011,
908504,IN02A034,
908509,IN01B012,
908518,IN09A095,
908519,IN10B057,
908520,IN10B057,
908543,IN06B081,
908544,IN06A120_a,
908545,IN07B092_c,
908554,INXXX292,
908557,IN20A.22A049,
908559,IN20A.22A016,
908560,IN04B031,
908561,IN06B040,
908569,IN09A069,
908570,IN14A116,
908571,IN04B037,
908572,IN14A057,
908573,IN09A039,
908593,IN09A029,
908594,IN17A061,
908597,IN03A053,
908602,IN08A036,
908604,IN13A062,
908605,IN19A041,
908615,IN03A075,
908617,IN19B055,
908620,IN08A030,
908622,IN10B028,
908626,IN20A.22A040,
908630,IN13B087,
908634,IN04B095,
908640,IN10B055,
908642,IN08A011,
908649,IN01A040,
908651,IN02A054,
908654,vMS11,
908657,IN04B027,
908660,IN10B041,
908661,IN14A077,
908665,IN09A022,
908668,IN01B083_b,
908675,IN13A059,
908678,IN19A117,
908679,IN04B017,
908681,IN05B072_b,
908685,IN06A048,
908686,IN03A062_b,
908687,IN08A036,
908689,IN03A091,
908694,IN20A.22A046,
908699,IN06A106,
908701,IN14A038,
908704,IN20A.22A033,
908705,IN13A072,
908713,IN20A.22A077,
908715,IN20A.22A026,
908717,IN12B092,
908721,IN01A078,
908724,IN19A060_c,
908728,INXXX357,
908732,IN19A088_b,
908737,IN19A123,
908738,IN16B122,
908754,IN20A.22A018,
908755,IN09A094,
908759,IN16B125,
908761,IN20A.22A070,
908763,IN20A.22A060,
908764,IN20A.22A048,
908766,IN20A.22A056,
908767,IN20A.22A089,
908775,IN11B015,
908776,IN11B015,
908780,IN11B013,
908786,IN03A039,
908790,IN20A.22A079,
908819,IN20A.22A072,
908821,IN12B043,
908822,IN03B079,
908823,IN03A093,
908824,IN03A096,
908827,IN12B025,
908830,INXXX290,
908854,IN08B063,
908856,IN06B038,
908857,IN01B027_c,
908863,IN01B095,
908867,IN04B063,
908870,IN01A078,
908871,IN11A043,
908872,IN20A.22A028,
908877,IN01B019_a,
908880,IN10B033,
908882,IN09A069,
908883,IN12B036,
908886,IN02A030,
908889,IN20A.22A053,
908892,IN01A053,
908893,IN06A033,
908895,IN13A022,
908897,IN19B086,
908898,IN17A081,
908900,IN02A042,
908923,IN20A.22A022,
908924,IN20A.22A048,
908925,IN16B108,
908926,IN12B038,
908927,IN09A077,
908929,IN14A056,
908931,IN12B034,
908934,INXXX448,
908937,IN20A.22A054,
908956,IN03A089,
908957,IN11B013,
908958,IN02A059,
908961,IN13B031,
908962,IN14A020,
908968,IN20A.22A078,
908971,IN21A046,
908972,IN20A.22A052,
908973,IN11A032_d,
908974,IN10B032,
908975,IN20A.22A012,
908976,INXXX448,
908977,IN20A.22A073,
908979,IN03A087,
908981,IN12B044_e,
908983,IN03B058,
908987,IN08B091,
908993,IN14A072,
908998,IN16B108,
909000,IN12B068_a,
909002,IN03A051,
909003,IN06B066,
909016,IN11A030,
909023,IN16B075_e,
909024,IN11B016_b,
909030,IN07B102,
909031,IN06A097,
909033,INXXX431,
909034,IN03A071,
909038,IN11A040,
909039,IN16B100_c,
909041,IN07B053,
909045,IN14A056,
909051,IN03B077,
909052,IN21A049,
909053,IN20A.22A055,
909054,IN16B086,
909055,IN16B086,
909056,IN04B031,
909058,IN08A012,
909059,IN09A053,
909061,IN20A.22A085,
909062,IN20A.22A089,
909065,IN20A.22A082,
909066,IN20A.22A055,
909068,IN01A061,
909069,IN12B016,
909070,IN02A028,
909084,IN23B033,
909095,IN03A084,
909097,IN11A027_c,
909098,IN14A087,
909099,IN03A094,
909100,IN03A094,
909101,IN14A075,
909106,IN12A057_a,
909108,IN20A.22A086,
909112,IN16B071,
909118,IN01B083_c,
909119,IN01B083_c,
909121,IN01A063_a,
909125,IN04B094,
909127,IN20A.22A050,
909128,IN06A096,
909132,IN21A030,
909134,IN01B095,
909136,IN03A084,
909137,,
909139,IN00A017,
909140,IN10B052,
909147,IN08A043,
909148,IN16B060,
909151,IN06A113,
909163,IN23B093,
909169,IN13B066,
909171,IN07B083_b,
909172,IN03A092,
909174,IN23B075,
909175,IN01B064,
909178,IN23B070,
909180,IN03A091,
909181,IN11A035,potentially_sexually_dimorphic
909186,IN03A037,
909190,IN09A093,
909195,IN00A033,
909196,IN13A047,
909197,IN03A046,
909198,IN11A021,
909200,IN14A023,
909202,IN09A078,
909203,IN09A034,
909205,IN01B006,
909211,IN23B013,
909212,IN12B066_e,
909214,IN04B071,
909215,IN13A038,
909217,IN19B078,
909219,IN09A047,
909220,IN19A088_c,
909225,IN04B096,
909230,IN20A.22A067,
909231,IN12A042,
909232,IN12A063_c,
909233,IN12B066_d,
909249,IN06B082,
909250,IN06A105,
909253,IN04B072,
909256,INXXX378,
909257,INXXX292,
909262,IN13B076,
909264,IN19A048,
909266,IN14A072,
909267,IN14A087,
909270,IN07B030,
909310,IN16B074,
909311,IN19A052,
909314,IN01B046_b,
909315,IN10B032,
909316,IN14A096,
909324,IN03A080,
909325,IN17A095,
909328,IN06B064,
909333,IN19B091,
909339,IN09A093,
909343,IN03A075,
909345,IN20A.22A016,
909352,IN09A071,
909363,INXXX416,
909373,IN16B098,
909376,IN01B021,
909377,IN09A079,
909382,,
909383,IN12B059,
909384,IN01B050_b,
909385,IN20A.22A049,
909389,IN12B063_c,
909390,IN19B045,
909392,IN07B079,
909395,IN19A093,
909399,IN16B108,
909400,IN19B081,
909402,IN04B113,
909409,IN13A035,
909410,IN06B064,
909415,IN20A.22A024,
909416,IN20A.22A024,
909417,IN06A091,
909418,IN06A123,
909419,IN06A140,
909420,IN10B059,
909435,IN06B056,
909441,IN08B062,
909443,IN20A.22A016,
909444,IN06A129,
909446,IN19A099,
909451,IN02A033,
909457,INXXX444,
909458,IN23B067_d,
909464,IN23B046,
909475,IN04B074,
909481,IN12B074,
909486,IN03A089,
909517,IN02A066,
909522,IN20A.22A036,
909526,IN13A034,
909537,IN12B030,
909539,IN20A.22A086,
909543,IN02A057,
909553,IN01B026,
909555,IN09A074,
909556,IN21A063,
909557,IN09A064,
909567,INXXX446,
909568,IN23B049,
909572,IN01B062,
909575,IN14A066,
909582,IN06B083,
909585,INXXX452,
909586,IN19B091,
909593,IN09A043,
909596,IN19B084,
909597,IN01A072,
909598,IN09A018,
909601,IN07B094_c,
909608,IN12A042,
909613,IN06A136,
909616,IN13A062,
909632,IN02A029,
909633,INXXX403,
909634,IN07B087,
909638,IN09A030,
909661,IN12B079_a,
909662,IN03A081,
909668,IN11B021_e,
909670,INXXX377,
909674,IN20A.22A015,
909688,IN05B090,
909694,IN11B019,
909696,IN19B073,
909700,IN12B075,
909703,IN07B096_b,
909711,IN04B097,
909716,IN06A022,
909718,IN12B026,
909727,IN10B055,
909728,IN01B007,
909731,IN06A087,
909732,IN02A043,
909734,IN02A054,
909739,IN07B076_a,
909754,IN10B033,
909760,IN17A048,
909769,IN21A062,
909778,IN11A011,
909781,IN06A072,
909782,IN19B081,
909786,IN23B087,
909797,IN20A.22A070,
909798,IN12B075,
909801,IN09B043,
909817,IN04B100,
909820,IN19B055,
909821,IN06B070,
909822,IN20A.22A053,
909823,IN00A024,
909825,IN23B086,
909833,,
909839,IN16B082,
909840,w-cHIN,
909841,IN19B077,
909847,IN05B070,
909848,IN01B061,
909858,IN20A.22A058,
909865,IN19A064,
909867,IN20A.22A023,
909874,IN06A136,
909889,INXXX428,
909891,INXXX341,
909893,IN11B014,
909901,IN13A053,
909918,IN20A.22A052,
909941,IN19A096,
909944,IN19A061,
909948,IN12B072,
909956,IN04B103,
909985,IN01A062_b,
909990,IN12B065,
910004,IN03B012,
910006,IN19B092,
910008,IN14A077,
910011,IN12A056,
910012,IN06A099,
910013,IN03B070,
910018,IN04B019,
910022,IN04B015,
910025,IN09A087,
910026,IN06A079,
910027,IN16B100_a,
910029,IN13A069,
910034,IN20A.22A074,
910040,IN03A062_a,
910051,IN23B063,
910054,IN21A051,
910077,IN21A047_d,
910094,IN05B091,
910096,IN20A.22A085,
910098,IN13A045,
910103,IN06A071,
910107,IN10B032,
910111,IN10B032,
910115,IN11B017_b,
910116,IN14A031,
910126,IN16B121,
910133,IN20A.22A050,
910142,IN01B033,
910145,IN19B048,
910148,IN03A081,
910152,IN01B065,
910161,IN14A110,
910169,IN21A057,
910170,GFC4,
910183,IN03A065,
910196,IN04B074,
910201,IN09A073,
910202,IN06B066,
910211,IN03B071,
910212,IN06B079,
910215,IN01B027_d,
910219,IN01B067,
910224,IN04B112,
910225,IN03B012,
910238,IN12A035,
910241,IN18B051,
910242,IN20A.22A021,
910244,IN13A047,
910245,IN01A067,
910257,IN13A069,
910267,IN06B066,
910281,IN07B087,
910291,IN12A037,potentially_male-specific
910300,IN01B022,
910301,IN18B051,
910302,IN03B064,
910303,IN19B103,
910308,IN19B086,
910309,IN19B067,
910313,IN04B111,
910314,IN04B100,
910315,IN14A090,
910316,IN04B067,
910326,IN14A058,
910328,IN16B091,
910329,IN12B066_g,
910330,,
910333,IN23B070,
910338,,
910339,IN19B087,
910342,,
910345,IN01B016,
910351,IN12B088,
910352,IN11A027_b,
910358,IN14A021,
910359,IN09A046,
910360,IN17A066,
910376,IN11B021_d,
910380,IN10B055,
910392,IN10B043,
910402,IN10B050,
910424,IN09A038,
910429,IN20A.22A081,
910430,IN09A043,
910433,IN14A044,
910443,IN08A036,
910444,IN05B092,
910451,IN20A.22A028,
910453,IN20A.22A086,
910454,INXXX450,
910458,IN02A033,
910470,IN06A115,
910478,IN20A.22A042,
910487,IN20A.22A070,
910491,IN10B057,
910503,IN16B117,
910508,IN09A021,
910511,IN00A057,
910512,IN02A032,
910513,IN23B046,
910524,IN21A038,
910528,IN12A059_g,
910533,IN06A082,
910540,IN23B089,
910541,IN05B070,
910547,IN04B095,
910549,IN11A032_a,
910550,IN03A064,
910551,IN12B022,
910552,IN01B026,
910553,IN06B079,
910554,,
910556,IN19A086,
910562,IN12A041,potentially_male-specific
910563,IN19B088,
910564,IN02A058,
910588,IN27X003,
910590,IN19A112,
910592,IN13B055,
910598,IN19A061,
910603,IN19B070,
910604,IN20A.22A073,
910607,INXXX396,
910612,IN16B063,
910615,IN09A044,
910616,IN19A098,
910617,IN17A079,
910630,IN10B030,
910631,IN00A029,
910648,IN19A093,
910655,IN14A056,
910661,IN12B071,
910682,IN08A030,
910694,IN14A034,
910712,IN08B037,
910718,IN08B070_b,
910719,IN13B018,
910728,IN14A078,
910729,IN12A042,
910731,IN03A062_e,
910737,IN01B051_a,
910738,IN14A100,
910740,IN19B103,
910746,IN01B041,
910747,IN14A052,
910749,IN23B040,
910753,IN20A.22A069,
910755,IN23B074,
910759,IN01B056,
910763,IN06A087,
910765,IN19B080,
910768,IN12B058,
910769,IN13A038,
910773,IN12B079_b,
910776,IN16B082,
910778,IN11B021_b,
910779,IN19A060,
910780,IN10B050,
910784,IN02A049,
910785,IN10B033,
910802,IN11B020,
910810,IN05B011a,
910811,IN04B046,
910813,IN16B071,
910838,INXXX460,
910846,IN16B106,
910848,IN21A040,
910855,IN01B078,
910865,INXXX416,
910866,IN13B065,
910869,IN10B032,
910882,IN06A070,
910891,IN20A.22A042,
910895,IN13A059,
910902,IN06A099,
910903,IN21A079,
910912,IN13B004,
910957,IN07B094_b,
910958,IN21A033,
910959,IN14A056,
910961,IN02A067,
910969,IN08A029,
910991,IN13B081,
911013,IN20A.22A056,
911025,IN11B022_c,
911026,IN23B085,
911027,IN01B090,
911033,IN21A070,
911042,IN14A023,
911054,IN03A045,
911055,IN20A.22A017,
911057,IN09A026,
911071,IN02A029,
911077,IN19A086,
911078,IN19A056,
911083,IN03A082,
911091,IN06A075,
911094,IN10B057,
911100,IN00A063,
911108,IN03A087,
911119,IN16B100_c,
911122,IN17A082,
911130,IN14A042,
911145,IN11A032_a,
911152,IN12B065,
911166,IN19A030,
911172,IN07B092_a,
911174,IN05B090,
911178,IN11A010,
911187,IN09A060,
911192,IN12B062,
911194,IN09A096,
911195,IN09A083,
911196,IN09A069,
911197,IN09A071,
911199,IN00A065,
911200,IN03B060,
911201,IN04B079,
911202,IN13A068,
911212,IN02A050,
911243,IN19A109_a,
911244,IN06A074,
911261,IN13A034,
911265,IN13B078,
911266,IN12B086,
911268,IN14A046,
911270,IN01A069,
911281,IN03B086_b,
911282,,
911292,IN19A069_c,
911297,IN19B103,
911298,IN20A.22A076,
911395,IN04B074,
911404,IN09A055,
911406,IN01B065,
911423,IN12A054,
911431,IN04B068,
911437,IN19A088_e,
911442,IN11A026,
911444,IN16B114,
911454,IN01A062_c,
911456,IN19A112,
911460,IN01B082,
911462,IN08B008,
911479,IN01B049,
911505,IN20A.22A092,
911507,IN07B100,
911510,IN20A.22A024,
911524,IN06A103,
911539,IN20A.22A029,
911548,IN16B124,
911549,IN13B044,
911550,IN07B094_a,
911554,IN20A.22A038,
911555,IN05B070,
911560,IN21A093,
911564,IN02A033,
911567,IN03B066,
911570,IN02A052,
911576,IN14A024,
911583,IN10B058,
911584,IN19A117,
911585,IN19A117,
911589,INXXX386,
911590,IN07B073_e,
911592,IN13A062,
911599,IN20A.22A088,
911607,IN08A026,
911614,IN09A094,
911615,INXXX347,
911616,IN05B055,
911618,IN21A083,
911621,IN01B041,
911624,INXXX436,
911625,IN12A046_a,
911627,IN04B091,
911639,IN21A002,
911652,IN20A.22A084,
911658,IN12B026,
911660,IN19A117,
911661,IN19A100,
911666,IN01A062_a,
911669,IN21A095,
911683,IN13A051,
911685,IN07B094_b,
911688,IN19B089,
911703,IN12A058,
911706,IN19A064,
911732,IN20A.22A071,
911737,IN11B009,
911744,IN14A046,
911755,IN09A064,
911760,IN19B091,
911783,IN11B017_b,
911798,IN01B100,
911803,IN09A075,
911812,IN03B060,
911813,IN20A.22A085,
911819,IN21A073,
911820,IN19A096,
911824,IN20A.22A078,
911827,IN23B047,
911832,IN03B061,
911838,IN01A081,
911839,IN09A074,
911845,IN06B047,
911851,IN20A.22A077,
911855,INXXX437,
911871,IN20A.22A085,
911878,IN20A.22A018,
911887,IN23B040,
911917,IN06A108,
911918,IN11B016_c,
911922,IN09A057,
911923,IN13A067,
911955,IN23B049,
911964,IN19A120,
911967,IN01A002,
911978,IN07B027,
911987,IN13A040,
912005,IN10B058,
912020,IN21A041,
912022,IN06B076,
912045,IN12B024_b,
912047,IN23B089,
912055,dMS5,
912057,IN13A056,
912063,IN12B012,
912064,IN19A061,
912065,IN19A088_b,
912066,IN13B052,
912067,IN18B048,
912071,IN13B045,
912073,IN13A003,
912079,IN01A012,
912081,IN14A026,
912085,IN21A006,
912088,IN16B053,
912122,IN13B006,
912133,IN13A050,
912134,IN03B084,
912146,IN02A033,
912147,IN06A104,
912153,IN01A076,
912154,IN20A.22A084,
912161,IN08A030,
912163,IN06B040,
912164,IN02A047,
912166,IN03B092,
912190,IN09A064,
912203,IN07B063,
912204,IN17A110,
912209,IN06A132,
912223,IN10B059,
912230,IN08A041,
912237,IN06B081,
912244,IN21A100,
912257,IN14A099,
912261,IN20A.22A092,
912268,INXXX216,
912269,IN17A107,
912271,IN03B089,
912276,IN03B083,
912284,IN16B100_c,
912285,IN23B076,
912286,IN02A062,
912287,IN02A062,
912290,IN13B097,
912294,IN00A004,
912300,IN03B061,
912307,IN11B022_a,
912314,IN01B079,
912316,IN09A064,
912319,IN03B091,
912320,IN03A094,
912335,IN02A060,
912337,IN13A060,
912340,IN19B086,
912341,IN01B095,
912347,IN10B036,
912354,IN04B101,
912364,IN02A045,
912385,IN19A069_c,
912387,IN03B089,
912388,IN03B088,
912390,IN06A104,
912402,IN02A052,
912409,IN06A122,
912419,IN14A095,
912449,IN13B035,
912454,IN07B077,
912480,IN06A113,
912485,IN09A060,
912500,IN03B060,
912502,IN02A057,
912503,IN18B050,
912504,IN20A.22A012,
912522,IN12B059,
912523,IN00A030,
912552,IN03B056,
912553,IN04B018,
912554,IN13A020,
912579,IN20A.22A041,
912583,IN09A039,
912585,IN11B019,
912609,IN07B102,
912620,IN03B066,
912621,IN21A057,
912630,IN10B055,
912637,IN06A108,
912649,IN03B060,
912676,IN06A059,
912677,IN03B045,
912701,IN01B074,
912715,IN10B044,
912762,IN06A099,
912773,IN20A.22A089,
912774,IN08A030,
912796,IN21A100,
912818,IN09A095,
912898,IN20A.22A055,
912940,IN02A033,
912966,IN08A007,
912982,IN16B114,
912994,IN14A118,
912999,INXXX440,
913018,IN14A007,
913042,IN09A074,
913066,IN02A050,
913071,IN19A094,
913077,IN06A113,
913079,IN10B058,
913088,IN14A074,
913091,IN19A098,
913092,IN19A098,
913093,IN09A080,
913120,IN14A048,
913137,IN20A.22A089,
913138,IN13B076,
913147,IN21A100,
913150,IN13B079,
913167,IN19A117,
913216,IN21A095,
913232,IN16B100_a,
913253,IN08A026,
913257,IN11B016_c,
913271,,
913286,IN06A100,
913299,IN07B098,
913301,,
913312,IN08A043,
913318,IN09A074,
913321,IN09A090,
913338,IN03B067,
913390,IN10B014,
913397,IN06B016,
913417,IN08B091,
913431,INXXX329,
913441,IN05B032,
913453,IN10B043,
913454,INXXX382_b,
913455,INXXX421,
913461,IN04B038,
913464,IN12B066_a,
913493,IN21A052,
913573,IN06A072,
913702,IN20A.22A092,
913716,IN11A012,
913724,IN21A006,
913736,IN13A058,
913739,IN08A046,
913782,IN10B059,
913816,IN10B042,
913878,IN14A118,
913879,IN14A056,
913883,IN14A110,
913931,IN10B003,
913933,IN23B072,
913946,IN08B062,
914039,IN13B077,
914054,INXXX230,
914059,IN04B034,
914097,IN23B056,
914139,IN06A136,
914210,IN07B087,
914246,IN13B013,
914259,IN19A106,
914279,IN13B074,
914309,IN03B064,
914311,IN21A059,
914322,IN19A085,
914327,IN01B095,
914339,IN19A127,
914355,IN03B091,
914406,IN19A093,
914432,IN01B073,
914445,IN27X005,
914484,IN19A114,
914504,IN13B056,
914505,IN16B059,
914526,IN03B091,
914542,IN14A068,
914587,IN09A031,
914592,INXXX353,
914601,IN19A117,
914615,IN06A120_c,
914632,IN09A061,
914633,IN09A046,
914659,IN14A108,
914693,IN01B095,
914764,,
914768,IN19A117,
914783,IN09B047,
914830,IN19A117,
914945,IN14A068,
914946,,
915000,IN19A098,
915035,IN21A037,
915065,IN04B015,
915180,IN19A108,
915192,IN20A.22A092,
915240,,
919485,IN06A032,
919511,IN09A054,
919551,IN16B029,
919576,IN17A016,
919592,INXXX429,
919595,IN00A010,
919652,IN18B012,
919687,IN09B049,
919688,IN23B057,
919710,IN19A085,
919785,IN09B047,
920112,INXXX252,
923170,IN09A049,
923171,INXXX140,
923228,IN01A020,
924572,GFC3,
924717,IN20A.22A024,
924730,IN11B017_b,
924883,IN11B012,
924901,IN06A002,
925136,IN14B010,
925137,IN13A050,
925306,IN03A058,
925685,IN08A034,
926154,IN19A011,
926518,IN12B015,
926519,IN12B045,
926810,IN21A083,
926811,IN04B041,
926837,IN21A023,
926839,IN12A027,
927842,INXXX260,
928024,IN06B047,
928267,INXXX307,
928268,INXXX364,
928270,INXXX303,
928274,INXXX003,
928294,IN11A005,
928349,IN07B027,
928393,IN00A047,
928497,IN20A.22A089,
928792,IN05B072_a,
928813,IN03A047,
928947,IN03A027,
929092,IN04B013,
929100,IN20A.22A036,
929268,IN21A006,
929309,IN13B040,
929310,IN20A.22A056,
929311,IN21A047_f,
929351,IN12B077,
929469,IN03A068,
929472,IN12A030,
929514,IN06B047,
929580,IN13B090,
929612,INXXX464,
929616,IN19A083,
929673,INXXX231,
929688,IN13B027,
929704,IN01A011,
929742,IN01A059,
929749,INXXX373,
930010,IN03A069,
930012,IN21A003,
930996,dMS2,
930997,vMS12_d,
931000,IN19A093,
931203,IN08A007,
931204,IN20A.22A002,
931656,w-cHIN,
932050,IN19A087,
932493,IN08B003,
932545,IN20A.22A024,
932548,IN01B052,
932579,IN06A070,
932581,IN17A017,
932613,IN16B075_b,
932756,IN03A025,
932811,IN17B004,
932849,IN23B074,
932853,IN23B038,
932854,IN23B028,
932890,IN23B018,
932908,IN11B021_c,
932909,IN11B022_e,
933090,IN13B018,
933138,IN04B048,
933139,IN19A100,
933157,IN16B024,
933190,IN06A111,
933202,IN07B027,
933241,IN01A031,
933242,IN07B096_b,
933244,IN07B094_b,
933260,IN09A066,
933278,IN03B061,
933282,IN13A049,
933307,IN12A027,
933309,IN16B045,
933313,IN08A036,
933316,IN16B082,
933335,IN11A039,
933337,IN23B043,
933394,IN03A071,
933395,IN20A.22A001,
933397,IN03B072,
933398,IN03B069,
933415,INXXX269,
933592,IN10B038,
933697,IN13B040,
933729,IN17A023,
933841,IN13B032,
933842,IN21A059,
933867,IN16B030,
933913,IN19A004,
933962,IN06A074,
934031,IN20A.22A069,
934092,IN19A016,
934157,IN06B015,
934185,IN10B038,
934194,IN04B030,
934291,IN14A105,
934345,IN23B071,
934379,INXXX386,
934454,,
934485,INXXX262,
934576,IN14A081,
934590,IN01A077,
934591,IN07B009,
934593,IN19B070,
934595,IN13A013,
934616,IN09B046,
934618,IN03A009,
934633,IN10B054,
934635,IN09A042,
934676,IN21A070,
934739,IN09A047,
934752,IN21A007,
934793,IN07B081,
934841,IN06A091,
934876,IN08A026,
934897,INXXX258,
934899,IN09A050,
934900,IN20A.22A073,
934908,INXXX363,
934920,IN19A046,
934938,TN1a_f,
934942,INXXX429,
934946,IN01A073,
934947,IN13B060,
934953,IN13B090,
934955,IN12A062,
934956,IN01B080,
934979,IN08A024,
934980,,
934981,IN03B066,
935000,dMS2,
935009,IN13B057,
935136,,
935149,IN07B058,
935233,IN09A033,
935267,IN14A100,
935283,,
935333,IN09A096,
935351,IN14A102,
935352,IN03A066,
935389,IN09A033,
935402,IN14A109,
935405,IN13B006,
935417,IN16B091,
935462,IN14A037,
935467,IN01A063_c,
935501,IN13A060,
935508,IN16B091,
935526,IN10B040,
935536,IN20A.22A036,
935538,IN13B069,
935565,IN12B049,
935588,IN10B055,
935590,IN20A.22A052,
935661,IN01B047,
935670,IN12B056,
935679,,
935681,,
935691,,
935725,IN14A046,
935749,IN04B100,
935792,IN10B052,
935793,IN16B099,
935800,IN10B050,
935830,IN09A078,
935843,IN08A016,
935848,IN10B042,
935863,IN20A.22A083,
935899,IN23B030,
935913,IN20A.22A050,
935921,IN06A087,
935925,IN07B081,
935927,IN19A020,
935961,IN21A034,
935972,IN19A117,
935973,IN21A034,
935988,IN11A019,
936011,IN19A067,
936035,IN20A.22A005,
936070,,
936114,IN14A036,
936184,IN19B097,
936193,IN12B054,
936215,IN13A023,
936248,IN06B050,
936255,IN09A070,
936262,IN16B066,
936263,IN06A137,
936307,IN03B055,
936362,IN13A022,
936399,IN00A019,
936437,IN05B090,
936446,IN14A053,
936452,IN07B023,
936481,IN09A031,
936507,IN01B022,
936541,IN20A.22A048,
936553,IN19A060_d,
936611,IN09A027,
936618,IN03B058,
936619,IN20A.22A051,
936651,IN19A041,
936652,IN20A.22A021,
936661,IN03A095,
936682,INXXX431,
936695,INXXX446,
936702,IN20A.22A091,
936737,IN06A106,
936772,INXXX456,
936773,INXXX217,
936775,INXXX283,
936795,IN13B064,
936810,IN09A005,
936824,IN20A.22A090,
936827,IN06A019,
936841,IN00A067,
936842,,
936868,IN12A009,
937480,IN04B018,
937495,IN08A030,
937641,IN03A093,
937655,IN04B100,
938989,IN01B052,
939006,IN19A034,
939644,INXXX416,
939660,IN07B034,
939795,IN13A045,
939830,IN20A.22A054,
939911,IN20A.22A039,
939916,INXXX396,
939961,INXXX328,
940005,IN12B048,
940007,IN13A051,
940008,IN01B046_b,
940009,w-cHIN,
940014,IN14A078,
940021,IN21A077,
940079,IN16B090,
940081,IN20A.22A006,
940088,IN13B070,
940239,IN20A.22A076,
940250,IN01B090,
940255,IN12B035,
940256,IN20A.22A052,
940260,IN00A036,
940274,IN13A043,
940280,IN01B074,
940282,IN20A.22A085,
940297,IN20A.22A049,
940328,IN01B019_b,
940352,IN20A.22A036,
940353,IN16B113,
940354,IN01B034,
940355,,
940360,IN16B083,
940361,IN09A033,
940362,IN13A040,
940363,IN01B059_b,
940391,IN01A069,
940392,IN01B098,
940393,IN20A.22A088,
940398,IN07B081,
940399,IN14A026,
940402,IN20A.22A076,
940403,IN14A119,
940435,,
940467,IN19A016,
940469,IN20A.22A076,
940470,IN09B053,
940542,IN11A020,
940555,IN23B054,
940556,IN06A124,
940579,IN14A038,
940581,IN01B080,
940582,IN06B066,
940583,IN00A068,
940584,IN01A032,
940588,IN13B064,
940589,IN12B077,
940591,IN04B085,
940600,IN14A056,
940624,IN01B090,
940633,IN11B022_d,
940635,IN03B069,
940636,IN07B084,
940637,,
940638,IN12A044,
940639,IN21A088,
940661,IN12B031,
940696,IN08B042,
940697,INXXX370,
940699,IN04B011,
940712,IN12B036,
940714,IN23B090,
940715,IN20A.22A079,
940719,IN14A043,
940733,IN00A047,
940744,IN04B029,
940769,IN03A037,
941298,IN21A016,
941319,IN12B003,
941509,IN01B080,
941677,IN03B091,
942374,IN06A052,
942571,IN23B040,
942770,IN20A.22A007,
942792,IN01B020,
942839,IN13A045,
942846,IN04B037,
944236,IN01A070,
944260,IN04B024,
944269,IN04B100,
944318,IN23B020,
944388,,
944395,,
944529,IN23B091,
944533,IN04B107,
944539,IN13B052,
944625,,
945946,IN01B007,
946036,IN19B086,
946052,IN09A046,
946056,INXXX341,
946194,IN01B090,
946195,IN01B008,
946242,IN21A056,
946261,IN20A.22A024,
946275,IN20A.22A077,
946278,IN20A.22A071,
946279,IN20A.22A071,
946280,IN20A.22A089,
946310,IN20A.22A092,
946329,IN04B063,
946338,IN13B022,
946424,IN20A.22A035,
946425,IN20A.22A055,
946426,IN20A.22A038,
946770,,
953574,IN00A056,
953896,IN18B047,
954668,,
954817,IN10B016,
954994,,
955682,,
955814,IN06A063,
956608,IN03A041,
956642,,
956643,,
956789,,
956907,,
956972,,
957328,INXXX329,
957368,,
1050078222,IN21A031,
1050078693,IN14A110,
1050112921,IN03A059,
1050115348,IN20A.22A026,
1050128227,IN06B065,
1050135559,IN08B055,
1050138510,IN12B040,
1050151038,IN21A086,
1050159131,,
1050163482,IN20A.22A092,
1050176959,,
1050180219,,
1050183683,,
1050186736,IN07B044,
1050192840,IN16B018,
1050195066,IN21A037,
1050247852,,
1050280229,IN19A096,
1050350155,INXXX372,
1050364885,IN21A037,
1050366152,IN19B045,
1050374217,IN12B024_c,
1050390112,IN06B065,
1050441863,IN20A.22A005,
1050443274,INXXX199,
1050448265,IN09A053,
1050452666,IN19A114,
1050455205,IN19A129,
1050480325,IN14A086,
1050496165,IN20A.22A088,
1050522236,,
1050542828,,
1050573892,IN19A121,
1050582514,,
1050591428,IN20A.22A007,
1050632997,IN11B020,
1050636983,IN19B081,
1050655751,IN09A039,
1050687371,INXXX245,
1050693172,IN11B014,
1050754686,IN09A096,
1050757799,,
1050765441,IN13A022,
1050796990,IN14A115,
1050814137,,
1050815541,IN14A035,
1050815626,IN03A055,
1050859066,INXXX073,
1050863713,,
1050910351,IN13B097,
1050936640,IN14A110,
1050937740,IN12B056,
1050938168,IN06B035,
1050961190,IN01B093,
1050983612,IN13A051,
1051013755,IN13A073,
1051045520,IN12B040,
1051058853,IN19A135,
1051059602,IN20A.22A090,
1051069306,IN11A017,
1051089721,IN19A133,
1051120033,,
1051134023,IN12B023,
1051207953,IN20A.22A069,
1051211885,IN02A040,
1051236130,IN20A.22A077,
1051296846,IN14A035,
1051323883,IN01B027_b,
1051333245,IN21A086,
1051347013,IN19A114,
1051352087,IN21A055,
1051358866,IN16B045,
1051364845,IN06B079,
1051466366,,
1051479717,IN20A.22A036,
1051504828,IN21A087,
1051547429,IN20A.22A090,
1051563784,IN07B100,
1051565455,IN14A096,
1051573091,IN08B083_d,
1051589143,IN07B076_a,
1051645871,IN20A.22A012,
1051705096,IN14A074,
1051727467,IN21A087,
1051738118,IN12B073,
1051757118,,
1051792369,INXXX316,
1051807085,IN13A071,
1051811012,IN10B032,
1051816135,INXXX238,
1051928410,IN07B098,
1051941276,,
1052002184,IN06A065,
1052034618,,
1052043704,,
1052063786,IN14A056,
1052066280,IN19A102,
1052226847,,
1052256825,IN20A.22A090,
1052272390,IN08A048,
1052280561,IN01B027_a,
1052289206,IN18B056,
1052355067,,
1052357618,,
1052534597,,
1052546574,IN11B022_b,
1052809763,IN19B057,
1052844662,IN13B025,
1053002338,IN20A.22A043,
1053121323,IN10B032,
1053171038,IN19A114,
1053174360,,
1053329543,IN04B048,
1053338319,,
1053526057,IN13B098,
1053544434,,
1053549729,IN03A064,
1053630419,,
1053644230,IN19A117,
1053775329,IN19A135,
1053801045,IN14A087,
1053839535,IN21A086,
1053915969,IN20A.22A071,
1053955095,IN13B019,
1053963680,,
1053964972,IN10B010,
1053977589,,
1054019402,IN16B076,
1054123164,IN19A120,
1054282135,IN09A073,
1054369160,IN06B065,
1054401467,IN19A059,
1054416193,IN19A060_d,
1054481711,,
1054486556,IN14A078,
1054498550,IN14A103,
1054499659,IN12B011,
1054540976,IN19A135,
1054556738,IN01B077_b,
1054727824,IN19A065,
1054769007,IN14A101,
1054870177,IN10B041,
1054922996,IN01A088,
1055333832,IN04B113,
1055551470,IN01B083_c,
1055633267,IN19A105,
1056109656,,
1056801069,IN12B088,
1056972208,IN01B088,
1056984539,,
1057035585,IN14A086,
1057576230,IN09A003,
1057615292,IN19B085,
1057841935,IN20A.22A088,
1059458178,,
1060515231,IN02A066,
1060561100,IN13A045,
1060584352,,
1061901900,IN04B107,
1062970769,IN14A114,
1063303012,IN12B024_a,
1063973986,INXXX442,
1064911082,IN20A.22A077,
1068560359,IN19A019,
1069108261,IN14A114,
1081918207,IN14B012,
1083561240,IN01B063,
1105041427,IN19A100,
1111554233,,
1121362744,IN11B022_a,
1137406009,,
