Cell ID,Cell Type,Dimorphism
10004,IN13B070,
10010,IN07B001,
10018,IN07B001,
10019,IN14A012,
10024,IN04B041,
10025,IN12B002,
10031,IN06B001,
10039,IN01A007,
10042,IN03B001,
10051,IN09A004,
10053,IN06B001,
10054,IN17B001,
10059,INXXX003,
10060,IN16B020,
10062,IN21A002,
10065,INXXX003,
10066,IN05B003,
10070,IN12B002,
10071,IN19A061,
10072,IN17A001,
10073,w-cHIN,
10075,IN10B001,sex_specific
10076,IN05B001,
10082,IN05B002,
10083,vMS17,sex_specific
10084,IN01A001,
10085,IN11A001,
10087,IN07B001,
10089,IN08B001,
10090,IN07B002,
10091,IN08B001,
10096,IN27X002,sex_specific
10099,IN10B001,sex_specific
10100,,
10104,IN27X002,sex_specific
10105,w-cHIN,
10108,IN19A004,
10109,IN27X002,sex_specific
10114,vMS17,sex_specific
10116,IN13B001,
10119,IN27X002,sex_specific
10124,IN13B006,
10125,IN19A008,
10127,IN00A003,
10132,IN03B005,
10133,IN19A001,
10134,IN19A008,
10136,IN12B002,
10139,IN05B002,
10141,IN12B002,
10143,IN11B004,dimorphic
10144,IN19A003,
10146,IN19A002,
10147,w-cHIN,
10148,IN07B006,
10150,IN19A001,
10151,IN19B002,
10152,IN01A001,
10153,IN13A001,
10154,IN19A003,
10156,IN19A003,
10158,IN20A.22A067,
10160,IN06B017,
10164,IN05B001,
10166,IN07B001,
10167,IN16B072,
10168,IN13A002,
10169,IN19A001,
10170,w-cHIN,
10171,IN03B005,
10172,IN19B002,
10173,IN19A009,
10176,IN19A002,
10177,IN19B013,
10183,w-cHIN,
10184,IN19A011,
10185,IN13A003,
10186,IN13A001,
10187,IN21A004,
10188,IN19A004,
10190,IN27X003,sex_specific
10191,IN19A004,
10192,IN19A003,
10193,IN02A003,
10196,IN19A001,
10197,IN27X004,sex_specific
10198,IN08A002,
10199,IN19A008,
10201,IN03B008,
10202,IN23B001,
10203,IN08A002,
10206,IN07B006,
10207,IN19A004,
10209,IN02A003,
10213,IN19A001,
10214,IN05B094,
10215,IN19A007,
10220,IN19B003,
10222,INXXX008,sex_specific
10226,INXXX027,
10227,IN13B001,
10228,GFC1,
10229,IN13B001,
10230,IN13A009,
10231,IN19B003,
10233,IN19A005,
10235,IN13A001,
10236,IN19A016,
10237,IN19A006,
10239,IN03A016,
10242,IN19A007,
10243,IN08A008,
10244,w-cHIN,
10246,IN06B017,
10249,IN05B094,
10250,IN27X003,sex_specific
10251,w-cHIN,
10252,IN19A007,
10253,IN12B005,
10254,IN19A011,
10256,IN19A002,
10258,IN19A002,
10259,IN19A005,
10262,IN03A001,
10263,IN13A002,
10264,IN07B002,
10265,IN13B001,
10267,dPR1,sex_specific
10268,IN13B001,
10271,IN03B011,
10273,IN00A002,
10274,INXXX464,
10275,IN03B012,
10276,IN12A001,
10280,IN09A001,
10281,INXXX045,dimorphic
10283,IN05B003,
10286,INXXX045,dimorphic
10288,IN19A001,
10289,IN13A002,
10293,IN09A001,
10296,IN23B001,
10297,IN07B006,
10298,IN07B002,
10299,INXXX025,sex_specific
10300,dPR1,sex_specific
10301,IN08B003,sex_specific
10302,IN19B003,
10303,IN01A002,
10304,IN11B004,dimorphic
10305,IN21A001,
10306,IN07B007,
10308,IN19A011,
10310,IN19A014,
10312,IN21A001,
10317,IN19A005,
10318,IN07B029,
10320,IN13B001,
10321,IN13A005,
10324,IN13B004,
10326,IN11B001,
10328,IN01A002,
10329,IN03B008,
10330,IN27X004,sex_specific
10332,IN08A002,
10333,INXXX027,
10335,IN07B010,
10337,IN02A003,
10340,IN07B006,
10341,IN03A039,
10342,IN09A002,
10343,IN19A015,
10346,IN19A007,
10348,IN27X001,
10349,IN06A028,
10350,IN13A003,
10352,IN19A005,
10354,IN08A002,
10357,IN21A047,
10358,IN19A005,
10362,IN03A001,
10363,IN19A004,
10365,IN13B025,
10366,w-cHIN,
10367,IN12B002,
10369,IN23B033,
10370,IN12B003,
10372,IN19A003,
10373,IN07B002,
10374,IN05B010,
10376,IN19A006,
10377,IN21A002,
10379,IN12B002,
10380,IN09A002,
10384,IN19A009,
10385,IN19B005,
10387,IN04B001,
10388,IN03A001,
10389,IN13A050,
10390,IN12B003,
10391,IN08B003,sex_specific
10393,IN19A067,
10395,IN08A003,dimorphic
10396,IN03B011,
10398,IN14B001,
10402,dMS5,
10403,IN09A002,
10404,IN07B002,
10405,IN13A003,
10408,INXXX100,
10409,IN06B015,
10412,IN03A001,
10414,IN04B001,
10415,IN19A006,
10416,IN07B002,
10421,IN02A003,
10422,IN19A012,
10423,IN07B007,
10424,IN14A001,
10425,IN13B006,
10427,IN19A007,
10430,IN13B005,
10431,IN13B004,
10432,INXXX022,
10435,IN27X005,
10438,IN01A003,
10439,IN12A002,
10440,IN07B010,
10441,IN27X001,
10444,IN12B007,
10445,IN09A002,
10447,IN19A006,
10450,IN19B005,
10453,IN19A009,
10454,IN18B005,
10455,IN03B012,
10456,IN07B007,
10457,IN01A079,
10458,IN13B004,
10463,IN07B009,
10467,IN14A001,
10468,w-cHIN,
10472,INXXX032,sex_specific
10474,IN07B008,
10475,IN12B003,
10477,IN00A001,
10478,IN19B003,
10480,IN05B008,sex_specific
10481,w-cHIN,
10483,IN03A007,
10484,IN06B003,
10485,IN18B005,
10486,IN13B006,
10487,IN26X001,
10488,IN12B003,
10489,IN19A005,
10490,IN18B005,
10492,IN11B022,
10495,IN12B018,
10496,IN05B010,
10497,IN16B018,
10498,IN17A001,
10499,IN19A010,
10500,INXXX011,
10501,IN13B005,
10503,IN19A002,
10504,INXXX023,
10507,IN03B012,
10508,IN12B003,
10509,INXXX011,
10510,w-cHIN,
10511,IN06B003,
10513,INXXX053,
10520,IN14A001,
10522,IN19A010,
10523,IN19A013,
10529,IN00A007,
10530,IN08A003,dimorphic
10533,IN14A002,
10534,IN19B004,
10536,INXXX032,sex_specific
10537,IN09A003,
10538,IN08B004,
10539,IN19B008,
10542,IN19A010,
10545,IN18B005,
10546,IN17B004,
10547,IN19A013,
10551,IN19A015,
10552,IN19A014,
10553,IN13A012,
10554,IN12A003,
10555,IN19A009,
10558,IN17A001,
10559,IN17A001,
10561,IN19B004,
10563,IN01B001,
10565,IN13A009,
10566,IN17B006,
10569,IN01A007,
10570,IN17A007,
10573,IN13A005,
10575,IN14B001,
10578,IN17A007,
10579,IN08B004,
10580,IN16B018,
10582,IN19A006,
10583,IN01A003,
10584,IN13A002,
10586,IN08A005,
10587,IN07B007,
10588,IN19A019,
10590,IN03B021,
10593,IN07B007,
10594,IN07B002,
10596,INXXX126,sex_specific
10598,IN08B008,
10599,IN03B021,
10600,IN01A009,
10601,IN17B004,
10605,IN06B012,
10606,IN17B003,
10607,IN26X001,
10608,IN14A002,
10609,IN19A010,
10611,IN08B008,
10612,IN13B005,
10615,IN00A007,
10617,IN16B016,
10618,IN19A004,
10619,INXXX023,
10620,IN13B004,
10624,IN13B004,
10625,IN12A003,
10626,IN14A002,
10627,IN13B005,
10628,IN09A007,
10629,dMS2,
10630,IN09A002,
10631,INXXX027,
10632,IN17B004,
10635,IN13A037,
10637,IN14A002,
10640,IN13A001,
10642,INXXX038,
10643,INXXX134,
10646,IN07B008,
10651,IN26X001,
10652,IN08A006,
10653,IN08A005,
10654,IN06B012,
10655,IN13A004,
10658,IN05B028,
10659,IN16B014,
10661,IN01A005,
10662,IN21A001,
10664,IN13B005,
10665,IN01A007,
10667,w-cHIN,
10668,w-cHIN,
10670,IN19A002,
10671,IN08A005,
10672,IN08A005,
10673,IN07B009,
10674,IN13A004,
10677,INXXX464,
10678,IN08A005,
10679,IN09A010,
10680,IN19B011,
10682,IN21A003,
10684,IN09A007,
10685,IN19A016,
10686,INXXX004,
10690,IN17A001,
10691,IN08A002,
10692,IN21A001,
10693,IN19A012,
10699,IN17B004,
10700,IN13A007,
10701,IN19B011,
10702,IN13A002,
10703,IN26X001,
10705,IN13B006,
10707,IN17A001,
10711,IN13A010,
10712,INXXX045,dimorphic
10714,IN01A004,
10715,IN19B012,
10716,IN07B048,
10722,IN08A006,
10724,IN19B008,
10725,IN05B008,sex_specific
10728,IN21A001,
10729,IN11B001,
10730,IN19A012,
10731,IN19A014,
10734,IN09A001,
10735,IN12B005,
10736,INXXX032,sex_specific
10738,IN13B006,
10739,IN14A008,
10740,IN02A007,
10741,IN13A004,
10742,IN09A003,
10745,IN14A002,
10747,IN09A004,
10748,IN14A002,
10749,IN18B020,
10752,IN10B002,sex_specific
10754,IN18B029,dimorphic
10755,IN02A007,
10756,IN16B018,
10757,IN17B003,
10762,IN10B003,
10763,IN18B008,
10764,IN19A026,
10765,IN18B006,
10767,IN17B006,
10768,IN03B016,
10775,IN27X007,sex_specific
10776,IN14B002,
10777,INXXX035,
10779,IN17A022,
10780,IN21A001,
10781,IN03B016,
10783,IN01A012,
10784,IN03A007,
10786,IN09A003,
10789,IN01A011,
10790,IN19B012,
10791,IN03B015,
10792,IN01A011,
10793,IN19A016,
10794,IN06B022,
10799,IN07B104,
10800,IN18B008,
10801,IN09A003,
10802,IN07B007,
10803,IN08A005,
10806,IN01A005,
10807,IN06B008,
10808,INXXX027,
10809,IN05B005,
10810,IN09A002,
10812,IN06B013,
10814,IN27X007,sex_specific
10816,IN10B002,sex_specific
10817,dMS2,
10818,INXXX032,sex_specific
10820,IN13A002,
10824,IN13A006,
10826,IN19A013,
10827,IN03A004,
10828,IN19A012,
10833,IN13A013,
10834,IN16B014,
10836,IN05B010,
10837,IN13A012,
10838,IN10B004,
10839,IN05B011,
10841,IN10B003,
10842,w-cHIN,
10844,IN19A017,
10845,IN21A002,
10846,IN18B011,
10850,IN13A005,
10852,IN14A004,
10853,IN21A003,
10854,IN16B016,
10858,IN18B011,
10860,IN00A002,
10861,IN09A013,
10864,IN02A004,
10870,IN03A004,
10871,IN13B007,
10873,IN04B004,
10875,IN21A010,
10876,IN17A025,
10877,IN14A001,
10883,IN21A003,
10885,IN01B001,
10888,IN13A010,
10889,IN13A011,
10890,IN08A006,
10893,IN01A012,
10894,IN20A.22A007,
10897,IN13A005,
10900,IN13B005,
10901,IN17A013,
10910,IN12B007,
10911,IN13B011,
10913,IN07B012,
10917,INXXX045,dimorphic
10918,IN21A002,
10919,INXXX044,
10920,IN09A006,
10923,IN06B006,
10926,IN12B004,
10927,INXXX464,
10928,IN03A003,
10930,IN01A008,
10933,IN17A019,
10935,IN01A011,
10936,IN13B007,
10938,IN08B006,
10939,IN09A006,
10940,IN13A006,
10945,IN07B023,
10946,IN10B004,
10948,INXXX054,
10950,IN06B008,
10952,IN06B018,
10953,INXXX058,sex_specific
10955,INXXX188,dimorphic
10956,IN12B007,
10960,IN13B004,
10961,IN16B016,
10964,dMS2,
10970,IN12A005,
10972,IN21A003,
10973,IN08B006,
10974,IN14B002,
10975,IN02A004,
10976,IN09A001,
10977,IN00A001,
10978,IN21A004,
10979,IN09A004,
10982,IN17A028,
10983,IN09A003,
10984,IN01A010,
10988,IN18B009,sex_specific
10989,IN27X005,
10990,IN19A027,
10991,IN17B008,
10992,INXXX039,sex_specific
10994,LBL40,
10996,IN01A005,
10998,IN05B028,
11007,INXXX025,sex_specific
11008,IN07B014,
11009,INXXX031,
11010,IN12B007,
11011,IN21A013,
11015,IN01A012,
11017,IN00A004,
11018,IN01A008,
11021,INXXX039,sex_specific
11024,INXXX029,
11025,IN13A003,
11026,IN17A011,
11027,IN21A011,
11028,IN17A007,
11029,IN19A022,
11030,IN03B015,
11031,INXXX036,
11032,dMS2,
11034,IN01A005,
11035,IN23B006,
11037,IN09A076,
11038,IN21A010,
11039,IN12B004,
11040,IN06B014,
11041,INXXX022,
11043,IN20A.22A001,
11046,IN03B020,
11047,IN06B008,
11050,IN21A005,
11053,IN00A025,
11056,IN12B007,
11057,IN19B003,
11058,IN05B010,
11060,IN21A008,
11062,IN01A010,
11064,IN07B014,
11065,IN19A006,
11066,IN11B002,
11067,IN03A045,
11074,INXXX031,
11077,IN13A008,
11078,IN18B009,sex_specific
11079,IN01A009,
11081,IN04B002,
11083,IN19A027,
11085,IN03A006,
11086,IN03A003,
11087,IN01A061,
11089,IN13A013,
11090,IN20A.22A023,
11091,IN01A007,
11093,IN19B012,
11094,IN05B012,
11100,IN03A005,
11101,IN23B005,
11103,IN13A014,
11104,IN12A002,
11106,IN10B006,
11108,IN01A011,
11109,IN19B012,
11110,IN03A014,
11111,IN13B008,
11113,IN17B010,
11116,IN10B007,
11117,IN23B007,
11118,IN20A.22A008,
11122,IN21A004,
11124,IN12B007,
11125,INXXX042,
11126,IN01A028,
11127,IN07B104,
11128,IN07B009,
11129,IN03B019,
11131,IN21A006,
11132,IN21A006,
11133,IN03A005,
11134,IN21A003,
11137,IN08B008,
11138,IN06A003,
11139,IN21A007,
11140,IN07B013,
11141,IN12A003,
11142,IN11B001,
11143,IN04B002,
11146,IN17A039,
11147,IN14B005,
11148,IN19A015,
11149,IN20A.22A048,
11151,INXXX045,dimorphic
11152,IN13A006,
11154,IN09A001,
11155,IN12A005,
11156,IN13A008,
11157,IN06B024,
11158,IN16B020,
11163,INXXX048,
11165,IN01A010,
11166,IN13A015,
11167,IN17B001,
11171,IN21A004,
11172,IN07B012,
11174,IN10B007,
11180,INXXX004,
11181,IN19B013,
11182,IN19A026,
11183,INXXX058,sex_specific
11185,INXXX044,
11186,IN19B007,dimorphic
11189,IN13B010,
11190,IN03A004,
11191,IN01A015,
11193,IN17A016,
11194,IN09A009,
11195,IN08A006,
11196,IN09A003,
11198,IN17B008,
11199,IN05B011,
11206,IN21A008,
11211,IN05B012,
11212,IN14A001,
11214,IN21A011,
11215,IN19A008,
11217,IN13A008,
11218,INXXX052,dimorphic
11223,IN03B022,
11224,IN17A011,
11225,IN13B010,
11231,IN05B005,
11235,IN13B012,
11236,IN03A006,
11238,IN10B006,
11239,IN21A004,
11240,IN13A009,
11243,IN01A004,
11244,IN12A001,
11245,IN12A006,
11247,IN03B024,dimorphic
11248,IN17A020,
11249,IN09A007,
11250,IN10B011,
11252,IN05B016,
11253,IN07B012,
11256,IN10B007,
11258,IN01A009,
11261,IN06B035,
11266,INXXX042,
11271,IN13A006,
11275,IN07B016,
11277,IN13A014,
11278,IN07B012,
11280,IN05B022,
11281,IN17A007,
11282,IN19A013,
11287,IN18B006,
11288,IN01A015,
11289,IN21A012,
11290,dMS2,
11293,IN12B012,
11295,IN16B016,
11297,IN21A015,
11299,IN19A020,
11302,dMS2,
11303,IN19A003,
11304,IN10B011,
11305,IN12B011,
11308,IN05B011,
11309,IN14A004,
11313,IN11B001,
11315,IN12B012,
11316,IN19A008,
11318,IN17A013,
11319,IN03B019,
11320,IN03A007,
11322,IN12A002,
11323,IN13A001,
11324,INXXX036,
11325,IN21A010,
11326,IN12A003,
11330,IN09A007,
11331,IN19A014,
11333,IN21A005,
11337,IN12B009,sex_specific
11339,IN19B016,dimorphic
11340,IN08A007,
11343,IN10B007,
11344,IN07B019,
11345,IN14A001,
11346,IN10B014,
11347,IN05B013,
11348,IN21A009,
11350,IN04B004,
11351,IN12B009,sex_specific
11352,IN05B011,
11353,IN08A008,
11356,IN09A006,
11357,IN02A029,
11362,IN05B022,
11363,IN19A021,
11365,INXXX062,sex_specific
11367,IN08A007,
11368,IN03B019,
11369,IN19A021,
11370,IN12B012,
11371,IN23B008,
11373,IN03B015,
11374,IN03A006,
11376,IN00A004,
11378,IN18B013,dimorphic
11379,IN01A012,
11380,IN06B006,
11381,IN17A017,
11382,IN19A019,
11384,IN13B011,
11385,IN21A006,
11389,IN03B083,
11390,INXXX064,
11394,INXXX290,dimorphic
11395,IN21A006,
11396,IN20A.22A002,
11397,IN07B023,
11402,IN18B012,
11404,IN17A017,
11406,IN14B003,dimorphic
11411,IN19A016,
11412,IN03A053,
11415,IN21A013,
11416,IN14B003,dimorphic
11418,IN19B013,
11420,IN01A023,
11422,IN08A029,
11423,IN03B022,
11425,IN21A007,
11429,INXXX062,sex_specific
11432,IN21A005,
11435,IN13A009,
11438,IN21A008,
11439,INXXX064,
11442,IN12B010,sex_specific
11444,IN16B020,
11445,IN09A006,
11448,INXXX224,
11449,IN14B005,
11450,INXXX464,
11452,IN08A049,
11455,IN23B020,
11456,IN13B013,
11458,IN06B024,
11459,IN10B014,
11460,IN12A009,dimorphic
11461,IN19B016,dimorphic
11465,IN00A011,
11467,IN04B005,
11471,IN09A004,
11472,IN16B018,
11473,IN23B008,
11475,IN12A007,
11484,IN21A009,
11485,IN06A003,
11486,IN03B045,
11490,IN04B004,
11491,IN09B006,
11492,IN06B059,
11493,LBL40,
11494,IN13B009,
11495,IN21A007,
11498,IN07B013,
11499,INXXX007,
11501,IN13A014,
11502,IN21A016,
11503,IN08A007,
11504,IN03B058,
11506,INXXX029,
11507,IN19A019,
11509,IN13A037,
11510,IN17A019,
11511,IN19A016,
11512,IN06B016,
11514,IN12A008,
11516,IN20A.22A001,
11517,IN04B005,
11518,IN17A019,
11521,IN06B059,
11523,IN19B020,
11525,IN06B016,
11526,IN06B016,
11527,IN08A008,
11528,IN12B011,
11530,IN20A.22A001,
11531,IN21A011,
11532,IN06A004,
11536,IN16B020,
11538,IN13A014,
11539,INXXX065,
11543,IN12A006,
11547,IN21A020,
11550,IN21A012,
11551,IN19B021,
11555,INXXX048,
11556,IN17A019,
11559,IN03B025,
11564,IN17A019,
11569,IN13B009,
11570,IN17A020,
11571,IN19A008,
11575,IN13A010,
11577,IN12B014,
11578,IN13B009,
11581,IN17A020,
11583,IN11A005,
11586,IN10B012,
11589,IN21A010,
11590,IN09A009,
11591,IN19B021,
11593,IN12A008,
11594,IN12A001,
11595,IN06B016,
11599,IN03A007,
11602,IN17A017,
11605,IN07B009,
11606,IN21A009,
11608,IN10B010,sex_specific
11609,IN14B004,
11610,IN13A006,
11611,IN12A009,dimorphic
11617,IN11B002,
11620,IN18B021,
11623,IN16B022,
11625,IN13A007,
11626,IN17A020,
11627,IN21A007,
11630,INXXX056,dimorphic
11631,IN21A017,
11635,IN03A007,
11636,IN20A.22A001,
11640,IN13A006,
11642,dMS2,
11643,IN21A014,
11644,IN06A003,
11646,IN06A004,
11648,INXXX084,dimorphic
11649,IN03B020,
11651,IN20A.22A002,
11652,IN17A027,
11653,IN14B004,
11655,IN03B015,
11656,IN13B009,
11658,INXXX065,
11659,IN01A016,
11662,IN03B025,
11664,IN00A005,
11666,IN17A041,
11667,IN19A020,
11668,IN18B016,
11669,IN13B014,
11671,IN19B015,
11674,IN12A010,
11678,IN06A028,
11680,IN19A007,
11681,IN01A017,
11682,IN06B013,
11685,IN19B020,
11686,IN06B019,
11687,IN09A010,
11688,IN01A018,
11690,IN07B016,
11691,IN05B016,
11695,INXXX100,
11696,IN18B014,
11699,IN19A021,
11700,IN07B019,
11703,IN09B006,
11704,IN01A015,
11708,IN12B038,
11709,IN21A008,
11710,IN19A024,
11711,IN02A006,sex_specific
11716,IN16B016,
11717,IN03B021,
11719,IN08B083,
11721,IN02A008,
11722,IN10B012,
11724,IN17A017,
11725,IN19B015,
11726,IN21A020,
11729,INXXX089,
11730,IN13A012,
11734,IN03A007,
11735,IN13B014,
11736,IN19A032,
11740,IN06B018,
11742,INXXX073,
11744,IN08A007,
11747,IN19A016,
11749,IN21A012,
11750,IN12B013,
11751,INXXX466,
11752,IN19A020,
11754,IN19A020,
11757,IN05B017,
11760,IN03A006,
11761,IN16B022,
11763,IN06A005,
11764,IN20A.22A047,
11766,IN09A010,
11767,INXXX466,
11769,IN12A011,
11770,IN13A005,
11771,IN21A013,
11774,IN12B012,
11775,IN10B012,
11778,IN12B013,
11779,IN13A012,
11780,IN13A014,
11781,IN10B014,
11782,IN14A005,
11783,IN13B011,
11785,IN10B012,
11788,IN03A009,
11791,IN18B015,
11792,IN16B033,
11793,IN19A016,
11795,IN21A013,
11797,IN01A011,
11799,IN19A020,
11801,IN03B020,
11802,IN17A023,
11805,IN09B005,
11808,IN13B009,
11812,IN17A017,
11814,IN12A002,
11817,IN19A024,
11819,IN08A006,
11820,IN05B014,sex_specific
11822,IN14B007,
11825,IN17A020,
11826,IN21A016,
11828,INXXX149,dimorphic
11829,IN14A005,
11831,IN03A004,
11833,IN19A021,
11834,IN05B017,
11836,IN17A022,
11837,IN09A006,
11840,IN18B021,
11841,IN05B021,
11843,IN19B027,
11845,IN19A021,
11846,IN16B020,
11848,INXXX066,
11850,IN17A017,
11853,IN16B033,
11854,IN21A010,
11855,INXXX077,
11857,IN19B035,
11858,IN12B005,
11861,IN01A012,
11862,IN08B017,
11866,IN18B017,
11867,IN12A007,
11870,INXXX084,dimorphic
11873,INXXX084,dimorphic
11874,INXXX044,
11875,IN16B024,
11877,IN20A.22A001,
11879,IN07B006,
11881,IN00A008,
11882,IN13B058,
11883,IN05B018,
11888,IN10B010,sex_specific
11890,IN03B028,
11891,IN19A008,
11892,IN09B006,
11893,IN19B021,
11896,IN13A004,
11898,INXXX078,
11902,INXXX069,sex_specific
11903,IN16B024,
11904,IN14B007,
11905,IN08B017,
11906,IN17A028,
11907,IN06A005,
11908,IN21A007,
11910,IN01A022,
11912,IN26X002,
11914,IN18B013,dimorphic
11915,IN10B023,
11916,IN01A042,
11917,IN27X014,
11918,IN01A023,
11920,IN18B015,
11921,INXXX062,sex_specific
11922,INXXX083,
11924,IN17A016,
11925,IN09A006,
11926,IN17A022,
11927,IN21A012,
11928,IN19B027,
11933,INXXX087,sex_specific
11934,IN06B022,
11935,IN19A016,
11936,IN19A016,
11937,INXXX095,
11939,IN12A011,
11940,IN03B029,sex_specific
11941,IN21A015,
11943,IN17A016,
11944,IN06B019,
11945,IN04B008,
11947,IN21A011,
11948,IN21A020,
11949,IN13B011,
11950,IN13B012,
11952,IN13B021,
11953,IN07B030,
11955,IN01A015,
11956,IN03B029,sex_specific
11957,IN10B016,
11958,IN13B013,
11963,dMS10,
11964,IN21A016,
11965,IN21A012,
11966,IN17A020,
11967,IN13B012,
11969,IN11A011,
11970,IN10B058,
11973,IN20A.22A001,
11976,IN01A015,
11978,IN17A025,
11979,IN00A009,
11982,IN21A009,
11983,IN12B005,
11984,IN19B012,
11988,IN06B020,dimorphic
11989,IN13A012,
11992,INXXX073,
11993,IN19A024,
11994,IN18B018,
11995,IN16B032,
11996,IN09B014,
11998,IN01A020,
12000,INXXX077,
12001,IN18B016,
12003,IN19B043,
12004,IN13B010,
12005,IN20A.22A001,
12006,IN14A005,
12007,IN14B006,
12008,IN19B030,
12011,INXXX076,
12014,IN14A005,
12015,IN12B011,
12017,IN07B020,
12019,IN21A014,
12021,IN03A006,
12023,IN13A043,
12026,IN13A010,
12027,IN21A018,
12028,IN08A007,
12030,IN05B024,
12031,INXXX095,
12032,IN03B035,
12033,IN08A008,
12034,INXXX063,
12038,IN19B023,
12040,IN05B019,
12044,IN13B006,
12045,IN01A016,
12046,IN05B020,
12047,IN12A010,
12049,IN19A016,
12050,IN03A010,
12053,IN19A032,
12054,IN17A007,
12056,dMS2,
12057,INXXX062,sex_specific
12058,IN03A006,
12061,IN16B029,
12066,IN12B013,
12067,IN21A008,
12068,IN03A013,
12069,IN13B013,
12070,INXXX091,dimorphic
12071,IN07B020,
12072,IN07B006,
12073,IN21A017,
12075,IN04B006,
12076,dMS5,
12077,IN13B026,
12079,IN26X002,
12082,IN18B016,
12083,IN17A016,
12084,INXXX078,
12086,INXXX058,sex_specific
12087,INXXX095,
12088,IN06A006,
12089,IN19A031,
12090,IN03B024,dimorphic
12091,IN17A016,
12092,IN06B013,
12093,IN16B055,
12094,IN18B011,
12095,IN21A014,
12097,INXXX095,
12098,IN06A006,
12099,IN08A007,
12103,IN09A014,
12104,IN13A012,
12105,IN21A015,
12106,IN13B013,
12107,INXXX466,
12109,IN00A003,
12110,IN04B007,
12111,IN12A001,
12112,IN06A022,
12116,IN08B019,
12117,IN09A009,
12118,IN09A010,
12119,IN13A018,
12120,IN03B032,
12121,IN19A022,
12122,INXXX135,
12124,IN05B017,
12128,IN06A084,
12130,IN06B013,
12132,IN04B086,
12135,IN21A018,
12137,IN10B016,
12138,INXXX129,dimorphic
12140,IN03B031,
12142,IN17A016,
12146,IN09B008,
12148,IN13B014,
12150,IN12B013,
12151,IN08B021,
12154,IN01B002,
12156,IN02A006,sex_specific
12157,IN01A011,
12158,IN17A025,
12160,IN03A010,
12161,IN26X002,
12162,IN01A023,
12163,IN05B017,
12164,IN13A007,
12169,IN04B006,
12173,IN14A005,
12175,IN10B023,
12176,IN14A004,
12180,IN13A008,
12182,INXXX122,sex_specific
12183,IN10B011,
12186,IN13B009,
12187,IN03B021,
12188,IN01A019,
12189,IN13B011,
12190,IN13B014,
12191,GFC1,
12193,IN14B006,
12194,IN21A014,
12195,IN18B017,
12197,IN13B010,
12198,IN18B016,
12199,INXXX056,dimorphic
12200,IN02A010,
12202,IN21A012,
12203,IN03B032,
12204,IN10B011,
12205,IN17A022,
12207,dMS2,
12208,IN05B017,
12213,IN21A019,
12216,IN01A017,
12217,IN12B014,
12218,IN13B011,
12219,IN19A015,
12220,IN09A011,
12222,IN13B013,
12228,IN06B042,
12229,INXXX101,
12232,IN09B008,
12233,IN21A017,
12236,IN12A012,
12238,IN16B030,
12240,IN21A017,
12241,IN12A011,
12242,IN21A013,
12246,IN19B003,
12247,IN19A029,
12248,IN21A014,
12249,IN05B020,
12250,IN21A006,
12251,IN09A011,
12252,IN06B021,
12253,IN12B010,sex_specific
12256,IN06B008,
12258,IN00A028,
12260,IN21A007,
12262,IN19A142,
12265,IN14A008,
12268,IN01B035,
12276,IN03A009,
12277,IN03A011,
12281,IN06B029,
12283,IN21A017,
12284,IN04B006,
12285,IN14A004,
12289,IN10B014,
12298,INXXX114,
12299,IN21A015,
12301,IN21A018,
12302,IN16B030,
12303,IN01A023,
12307,IN01A010,
12309,IN10B014,
12312,IN06B014,
12313,IN02A012,
12315,INXXX466,
12316,IN08B036,
12317,INXXX058,sex_specific
12321,INXXX112,
12323,IN11A035,
12324,IN21A020,
12325,IN18B014,
12333,INXXX044,
12338,IN14A005,
12339,IN23B009,
12340,IN06B029,
12341,IN01A024,
12343,IN12B014,
12344,IN21A017,
12345,IN00A040,
12346,INXXX104,
12351,IN19A029,
12352,IN16B022,
12353,INXXX107,sex_specific
12354,IN06B029,
12356,IN20A.22A071,
12360,IN03A014,
12366,IN08B019,
12367,IN19A029,
12368,INXXX111,sex_specific
12372,IN20A.22A084,
12373,IN13A015,
12375,IN19A024,
12376,IN13A003,
12384,IN06B020,dimorphic
12386,IN05B019,
12387,INXXX122,sex_specific
12390,IN13A022,
12391,IN03A011,
12397,IN05B024,
12398,IN17A028,
12399,IN06A009,
12400,IN09B038,
12401,IN09A010,
12403,IN14A006,
12404,IN10B033,
12405,IN23B009,
12407,INXXX115,
12409,IN05B021,
12412,IN20A.22A003,
12413,IN13B014,
12415,INXXX066,
12418,IN11B017,
12420,IN02A010,
12421,IN08A008,
12423,IN06B027,
12428,IN12A025,sex_specific
12430,IN14A008,
12432,INXXX058,sex_specific
12437,IN03B032,
12438,IN19A028,
12440,IN10B013,sex_specific
12443,IN09A012,
12446,IN09B008,
12447,INXXX107,sex_specific
12450,IN26X003,
12452,IN06A008,
12456,INXXX101,
12457,IN01A032,
12465,IN09A014,
12470,IN03B031,
12471,IN12B011,
12472,INXXX110,sex_specific
12475,IN19A029,
12476,IN03A012,
12478,IN03B028,
12479,IN16B016,
12480,IN06B033,
12481,IN06A011,
12489,IN19B021,
12493,INXXX104,
12494,IN01A031,
12496,INXXX213,
12498,IN02A010,
12500,INXXX032,sex_specific
12501,IN21A024,
12502,INXXX126,sex_specific
12508,IN03A009,
12510,IN03B021,
12511,IN20A.22A006,
12512,INXXX091,dimorphic
12513,IN10B013,sex_specific
12515,IN14B005,
12516,INXXX110,sex_specific
12519,IN06B080,
12520,dMS2,
12521,INXXX110,sex_specific
12522,IN26X002,
12523,IN04B008,
12525,IN06B027,
12527,IN21A019,
12528,IN20A.22A002,
12530,IN09A013,
12531,IN21A016,
12532,IN01B007,
12533,IN21A002,
12534,INXXX126,sex_specific
12535,INXXX096,sex_specific
12537,IN23B006,
12538,IN23B018,
12540,IN16B022,
12542,IN12B018,
12543,IN10B014,
12545,IN19B035,
12549,IN21A011,
12550,IN14A008,
12553,IN02A011,
12555,IN03A016,
12556,IN01A045,
12557,IN17A032,
12558,IN19B035,
12559,IN18B018,
12560,IN19B091,
12561,IN23B040,
12564,IN05B014,sex_specific
12565,IN00A010,
12567,IN19A016,
12568,IN16B029,
12569,IN19A040,
12573,IN06A008,
12576,IN06B008,
12580,IN19A033,
12582,IN09B005,
12584,IN09B005,
12588,IN04B008,
12590,IN14A007,
12591,IN02A013,
12593,IN12B014,
12595,IN19A030,
12596,IN16B032,
12597,INXXX083,
12598,IN07B022,
12599,IN13A007,
12601,IN23B005,
12605,IN03A010,
12610,IN17A025,
12611,INXXX126,sex_specific
12616,IN19B030,
12624,IN12A013,
12625,INXXX213,
12629,IN23B007,
12630,IN11A003,
12631,IN21A013,
12633,IN17A041,
12634,IN19A037,
12636,IN07B029,
12641,IN14A007,
12642,IN23B007,
12643,IN01B025,
12644,IN12A015,
12645,IN06B029,
12648,INXXX096,sex_specific
12650,IN21A004,
12651,IN13A015,
12654,IN14A009,
12655,IN19A032,
12660,IN12B024,
12661,IN19A019,
12667,IN17A028,
12669,IN05B033,
12670,IN20A.22A005,
12671,IN01A025,
12672,IN16B033,
12676,IN06B015,
12678,IN03A014,
12679,IN19A029,
12684,IN09A013,
12685,IN17A022,
12688,IN21A020,
12689,IN05B036,
12690,IN06B033,
12691,INXXX084,dimorphic
12694,IN06B030,
12697,IN17A039,
12699,IN13B013,
12701,IN03B021,
12705,IN14A009,
12706,INXXX110,sex_specific
12708,IN16B032,
12709,IN20A.22A002,
12712,IN21A005,
12715,IN06B029,
12722,IN06B032,
12723,IN12A015,
12724,IN14B005,
12728,INXXX087,sex_specific
12732,IN26X003,
12736,IN23B013,
12738,IN13B012,
12739,INXXX111,sex_specific
12740,IN03A009,
12741,IN13A015,
12742,dMS2,
12744,IN05B018,
12745,IN12B023,
12752,IN03B059,
12757,INXXX100,
12762,IN16B030,
12764,IN17A007,
12766,INXXX281,
12769,IN03A010,
12771,IN16B032,
12772,IN04B007,
12773,IN12B015,
12776,IN26X002,
12777,IN21A021,
12778,IN19B035,
12782,IN23B006,
12785,INXXX119,
12786,IN21A042,
12787,IN12B015,
12789,IN00A011,
12790,IN13A014,
12793,INXXX121,dimorphic
12797,IN06B042,
12798,IN14A006,
12803,INXXX126,sex_specific
12804,IN09A012,
12805,IN14A007,
12806,IN14A007,
12808,IN20A.22A001,
12811,IN01B002,
12812,IN14A004,
12813,IN09B008,
12814,IN14A009,
12815,IN01A009,
12817,INXXX032,sex_specific
12819,IN13B069,
12824,IN19A028,
12829,IN23B013,
12831,IN06B024,
12833,IN23B009,
12837,IN05B030,
12838,INXXX143,
12839,IN03B036,
12840,INXXX142,
12845,IN14B007,
12848,IN23B009,
12849,IN19A030,
12850,IN01A029,dimorphic
12853,IN04B008,
12857,IN14A006,
12858,IN06A011,
12860,IN19A022,
12861,IN03B034,
12862,IN12B018,
12864,IN09A001,
12867,IN21A018,
12869,IN00A020,
12870,IN17A023,
12871,IN19A020,
12874,IN19A027,
12875,IN04B008,
12878,IN01A045,
12879,IN12B016,
12880,IN06A012,
12883,TN1a,sex_specific
12886,IN09B008,
12887,vMS12,dimorphic
12889,IN07B026,
12892,IN00A012,
12896,IN07B031,
12900,IN03A014,
12901,IN03A013,
12903,IN06A009,
12905,vMS12,dimorphic
12906,IN06A013,
12907,IN16B029,
12912,IN05B042,
12918,IN13A059,
12920,IN19B007,dimorphic
12928,INXXX140,
12929,IN12B012,
12931,IN17A028,
12932,IN03B034,
12935,IN14B007,
12938,IN19B038,
12941,IN12A013,
12942,INXXX058,sex_specific
12943,IN07B027,
12947,IN08B008,
12948,IN13A032,
12949,IN04B010,sex_specific
12950,IN06A011,
12951,IN00A011,
12952,IN01A027,
12953,IN16B036,
12954,IN06A020,
12957,IN00A011,
12959,IN06B029,
12960,IN01A024,
12961,IN01B006,
12963,IN21A018,
12968,INXXX469,
12970,IN17A030,
12971,IN18B020,
12972,IN06B032,
12975,INXXX228,dimorphic
12976,INXXX115,
12977,INXXX134,
12978,IN11B004,dimorphic
12983,IN05B032,
12984,IN12A016,sex_specific
12988,IN23B007,
12990,IN14A011,
12992,IN26X002,
12995,IN23B005,
12998,IN16B030,
12999,IN01A022,
13000,IN04B017,sex_specific
13001,IN12A011,
13003,IN06B030,
13004,IN02A010,
13005,IN06A011,
13007,INXXX126,sex_specific
13008,IN17A030,
13010,IN01A036,
13011,IN02A015,
13018,IN23B008,
13019,IN12B048,
13026,IN19B037,
13027,IN07B031,
13028,INXXX138,
13031,IN09A013,
13041,IN02A015,
13042,IN11A002,sex_specific
13045,IN19A034,dimorphic
13046,IN02A012,
13047,IN13A018,
13051,INXXX161,dimorphic
13054,INXXX096,sex_specific
13055,INXXX114,
13056,IN16B034,
13057,IN14A006,
13059,IN05B030,
13060,IN19B086,
13067,IN19A033,
13068,IN14A004,
13070,IN09A014,
13071,IN05B013,
13078,IN13B076,
13081,IN20A.22A003,
13082,IN01B002,
13084,IN19B031,
13087,IN16B053,
13090,IN09A010,
13091,INXXX100,
13093,IN11A003,
13094,IN06A019,
13096,IN17A029,
13100,IN06A018,
13102,IN01A025,
13104,IN14A021,
13106,IN07B027,
13109,IN06A002,
13110,IN12A030,sex_specific
13111,IN01A030,
13112,IN17A032,
13114,IN23B008,
13116,IN03B035,
13119,IN13A019,dimorphic
13120,IN12B018,
13123,IN06B030,
13124,INXXX270,
13125,IN19A030,
13126,IN06B017,
13127,GFC2,
13128,IN04B025,
13130,IN03A013,
13131,IN14A013,
13133,INXXX147,
13134,IN12A019,sex_specific
13135,IN17A037,sex_specific
13136,IN06A014,
13138,IN06B067,
13140,IN06B015,
13141,IN21A015,
13142,IN11A007,
13143,IN12B020,sex_specific
13145,IN19A036,dimorphic
13146,IN07B026,
13148,IN06A019,
13149,IN12A016,sex_specific
13150,IN06A014,
13152,IN17A034,
13154,IN04B013,sex_specific
13155,TN1a,sex_specific
13157,IN09A012,
13158,INXXX246,sex_specific
13159,IN11A002,sex_specific
13164,IN23B022,
13165,IN04B064,
13166,IN20A.22A004,
13167,IN13B018,
13174,INXXX217,dimorphic
13175,IN05B033,
13176,IN17A025,
13178,IN03B035,
13180,IN02A012,
13186,IN16B036,
13190,INXXX149,dimorphic
13191,IN02A014,
13193,IN17A033,
13194,INXXX126,sex_specific
13195,IN03B036,
13197,IN01B038,
13200,INXXX467,
13201,IN11B003,
13204,IN20A.22A016,
13205,IN03A015,dimorphic
13206,IN06A013,
13208,IN08B030,
13209,IN13A018,
13210,IN13B012,
13211,IN12B018,
13217,IN09A015,
13219,INXXX019,sex_specific
13220,IN12A018,
13221,IN13A018,
13222,INXXX137,sex_specific
13223,IN01B002,
13224,IN06B017,
13227,IN05B017,
13229,dMS2,
13230,IN04A002,
13232,INXXX140,
13235,IN12A019,sex_specific
13236,IN13B015,
13237,IN17A033,
13240,vMS12,dimorphic
13243,IN12A019,sex_specific
13245,IN20A.22A005,
13246,INXXX468,
13249,IN08B029,sex_specific
13250,IN06A018,
13251,IN05B036,
13252,IN12B024,
13255,IN14A023,
13256,IN06B029,
13260,IN06B029,
13261,IN21A022,
13264,IN21A019,
13265,IN20A.22A060,
13266,IN12A018,
13276,IN11B006,
13277,IN19B031,
13278,IN17A037,sex_specific
13284,IN08B037,
13285,IN12B020,sex_specific
13286,IN14A008,
13287,INXXX019,sex_specific
13288,IN12A012,
13290,IN07B033,
13292,IN08B008,
13293,INXXX468,
13295,IN19B033,
13301,IN08B029,sex_specific
13303,IN11B004,dimorphic
13304,IN09A006,
13305,IN06A019,
13306,IN06A012,
13308,IN21A019,
13310,IN13A015,
13315,IN11A003,
13316,INXXX137,sex_specific
13318,IN20A.22A003,
13320,IN05B037,
13321,IN06B047,
13322,INXXX158,
13323,INXXX468,
13324,IN07B022,
13327,IN14A010,
13329,IN11A004,sex_specific
13331,IN17B014,
13334,IN01A026,
13335,IN13A020,
13339,IN06A011,
13340,IN06B054,
13341,INXXX078,
13345,INXXX161,dimorphic
13349,IN12B018,
13350,IN06A011,
13351,IN12A021,dimorphic
13353,IN03B037,
13354,IN18B027,
13357,IN19B013,
13358,IN06B029,
13361,IN06B008,
13364,IN14A008,
13367,IN17A022,
13370,IN19B038,
13377,IN12A043,
13379,IN18B021,
13381,INXXX119,
13382,IN05B016,
13383,IN03A019,
13384,IN00A007,
13385,IN20A.22A005,
13402,IN00A020,
13406,IN08B051,
13408,IN06B043,
13409,IN04B009,sex_specific
13410,INXXX167,
13420,INXXX121,dimorphic
13421,IN06B029,
13423,IN17A039,
13424,IN23B009,
13426,IN12B020,sex_specific
13427,IN16B077,
13430,IN17A041,
13431,IN01A031,
13433,IN12A016,sex_specific
13435,INXXX142,
13437,IN02A015,
13439,IN01A031,
13440,IN14B008,dimorphic
13442,IN05B031,
13445,TN1a,sex_specific
13446,IN17A029,
13448,IN14A013,
13452,IN17B014,
13455,IN04B010,sex_specific
13456,IN08B036,
13457,INXXX158,
13459,IN13A017,
13460,IN08B033,sex_specific
13462,IN17A044,
13465,IN04B026,dimorphic
13468,IN17A045,
13469,IN16B037,
13471,IN08B030,
13472,IN13B017,
13474,IN23B012,dimorphic
13476,IN07B029,
13477,IN06B029,
13479,GFC2,
13482,IN01A035,
13488,IN19A142,
13494,IN14A011,
13497,IN03B037,
13498,IN09A015,
13499,INXXX204,
13500,IN16B032,
13501,IN03A017,
13503,IN06A019,
13504,IN13B018,
13505,IN08B035,
13506,IN04B013,sex_specific
13507,IN16B032,
13508,INXXX089,
13510,IN17A043,
13511,INXXX468,
13514,TN1a,sex_specific
13515,IN19A031,
13516,IN00A024,
13518,vMS12,dimorphic
13519,IN12B024,
13520,IN14B009,
13525,INXXX159,dimorphic
13530,IN02A013,
13536,vPR9,sex_specific
13538,IN06A022,
13544,IN00A057,
13545,IN03A018,
13546,IN12A015,
13549,IN14A011,
13550,IN12A016,sex_specific
13552,IN08B036,
13555,IN11A002,sex_specific
13557,IN03B001,
13558,IN16B029,
13559,IN16B037,
13560,INXXX045,dimorphic
13561,IN17A040,
13565,vPR9,sex_specific
13567,IN18B026,
13568,INXXX135,
13569,INXXX204,
13570,vPR9,sex_specific
13571,IN06B043,
13573,IN17B015,
13574,INXXX468,
13575,INXXX161,dimorphic
13577,IN02A034,
13578,IN13A009,
13580,IN00A009,
13581,IN01B023,
13582,IN20A.22A091,
13584,IN05B032,
13587,IN06A020,
13589,IN04B010,sex_specific
13591,IN04B027,
13593,INXXX173,
13594,IN09A016,
13596,IN12A042,sex_specific
13598,IN07B028,
13602,vPR6,sex_specific
13604,IN07B029,
13605,INXXX217,dimorphic
13607,IN17A060,
13608,IN04B011,
13610,IN03A044,
13611,IN08A019,
13612,IN07B033,
13616,IN17B015,
13620,INXXX181,dimorphic
13621,IN03A031,
13622,INXXX469,
13623,IN00A017,
13625,INXXX263,sex_specific
13626,IN09A022,
13627,IN02A029,
13629,IN02A036,
13630,IN17A042,
13632,IN13B029,
13633,IN14B013,
13635,IN03B042,
13636,IN12A015,
13637,IN07B064,
13638,IN06B036,
13639,IN08B037,
13641,IN14A010,
13642,IN20A.22A008,
13645,GFC2,
13647,IN14A010,
13649,TN1c,sex_specific
13652,IN12A021,dimorphic
13653,IN08B040,sex_specific
13654,IN13A030,
13656,IN03A013,
13658,GFC1,
13659,IN13A020,
13661,IN07B076,
13662,IN12A021,dimorphic
13663,IN17A042,
13664,INXXX217,dimorphic
13666,IN17A063,
13667,INXXX138,
13668,IN04B011,
13669,IN05B038,
13670,IN21A019,
13672,IN19B038,
13673,INXXX295,
13676,IN16B098,
13678,IN12A043,
13680,IN12A043,
13681,IN12B025,
13682,IN06A022,
13684,INXXX304,
13686,IN06A021,
13689,IN12B043,
13690,IN13B015,
13694,INXXX231,
13695,IN20A.22A033,
13696,IN13A045,
13698,INXXX466,
13699,INXXX197,dimorphic
13700,IN23B011,dimorphic
13701,IN00A019,
13703,IN23B011,dimorphic
13705,vPR9,sex_specific
13708,IN05B039,
13709,IN12A048,
13710,IN12A021,dimorphic
13711,IN18B026,
13712,IN21A024,
13713,IN13B054,
13715,vPR6,sex_specific
13718,IN05B080,
13720,IN04B058,
13721,IN23B014,
13722,IN16B061,
13723,IN00A050,
13724,IN14A009,
13726,IN19A032,
13727,TN1a,sex_specific
13728,IN17B015,
13729,IN11A004,sex_specific
13736,IN01B010,
13737,IN14A011,
13738,IN11A028,
13743,IN19B034,
13744,IN05B016,
13745,IN21A018,
13748,vPR6,sex_specific
13751,IN09A014,
13752,IN14A015,
13753,IN09A016,
13754,INXXX126,sex_specific
13755,INXXX179,dimorphic
13756,IN06A032,
13757,IN12A024,dimorphic
13759,IN01A032,
13762,IN16B037,
13768,IN21A016,
13769,IN17A035,
13770,IN04B026,dimorphic
13771,IN01A025,
13772,IN08B042,sex_specific
13773,IN05B032,
13775,IN02A049,
13778,IN09A029,
13780,IN08B030,
13781,IN19A027,
13782,IN20A.22A003,
13785,INXXX239,
13786,IN20A.22A006,
13789,IN13A020,
13791,IN08B033,sex_specific
13793,IN11A021,
13794,IN00A051,
13795,IN14B009,
13796,IN02A010,
13798,IN04B009,sex_specific
13799,IN19B037,
13800,IN20A.22A029,
13802,IN11A008,
13803,INXXX332,
13805,IN05B039,
13807,vPR9,sex_specific
13815,IN16B055,
13818,IN11A006,sex_specific
13821,INXXX231,
13824,IN01A034,
13827,IN13A018,
13829,IN17A028,
13830,IN06B056,
13832,IN23B046,
13833,IN01A038,
13835,IN01B042,
13838,IN14B010,
13839,IN05B031,
13841,IN04B040,sex_specific
13842,IN01A031,
13844,IN08B051,
13846,GFC2,
13847,INXXX269,
13850,IN13A020,
13851,IN20A.22A009,
13852,IN14A010,
13853,IN12A021,dimorphic
13854,IN12B070,
13855,vMS12,dimorphic
13856,INXXX124,
13857,IN23B023,
13858,IN23B066,
13859,IN00A043,
13865,IN03A057,
13867,IN02A030,
13869,IN14A066,
13871,IN13B019,
13872,INXXX173,
13873,vPR9,sex_specific
13874,IN19B056,
13876,IN12A026,
13880,IN26X003,
13884,IN03A066,
13885,IN23B009,
13886,IN04B012,sex_specific
13887,IN19B050,
13888,IN16B030,
13895,IN06A019,
13896,IN20A.22A008,
13897,IN02A015,
13902,INXXX143,
13905,IN16B036,
13906,IN00A011,
13908,IN03A010,
13909,IN04B068,
13910,IN04B081,
13912,IN01A048,
13913,IN18B021,
13914,IN03A017,
13915,IN08B036,
13918,IN23B032,
13919,IN14A014,
13921,IN21A020,
13922,INXXX197,dimorphic
13923,IN11A003,
13925,IN08A010,
13927,IN06B043,
13928,TN1a,sex_specific
13930,INXXX078,
13931,IN03B042,
13933,IN20A.22A006,
13936,IN11A007,
13937,IN11A017,
13938,IN03A020,
13940,IN16B034,
13944,IN17A061,
13945,TN1a,sex_specific
13947,IN12B020,sex_specific
13948,IN01A037,dimorphic
13949,IN03A014,
13953,IN01A043,dimorphic
13955,INXXX219,
13960,IN11A019,
13962,IN08B037,
13965,IN05B034,dimorphic
13966,IN11A002,sex_specific
13968,IN04B013,sex_specific
13969,IN08B040,sex_specific
13971,IN17A028,
13972,IN13A045,
13975,IN04B015,
13976,IN01A039,
13978,IN16B033,
13980,IN03B035,
13982,IN03B032,
13985,INXXX297,dimorphic
13986,IN06A022,
13989,IN17A049,
13990,IN01A035,
13991,IN21A021,
13992,INXXX019,sex_specific
13994,IN01A036,
13995,IN11B005,
13996,IN08B040,sex_specific
13998,IN07B034,
14002,IN06B030,
14010,IN07B027,
14011,IN17A053,sex_specific
14012,IN02A018,
14016,INXXX146,
14022,INXXX263,sex_specific
14024,IN04B015,
14025,IN11B004,dimorphic
14027,IN14A009,
14028,IN13B017,
14030,IN11A006,sex_specific
14031,IN04B028,
14032,IN03A092,
14036,IN19B034,
14038,IN16B052,
14039,IN13A035,
14040,IN01A061,
14041,IN13A019,dimorphic
14043,IN08B073,
14046,IN03A020,
14047,IN08B055,sex_specific
14048,INXXX184,
14051,IN02A030,
14052,IN00A021,sex_specific
14053,INXXX179,dimorphic
14055,vPR9,sex_specific
14057,IN13A019,dimorphic
14058,IN13B064,
14059,IN08A012,
14060,IN14B010,
14064,INXXX183,
14065,IN09A017,
14066,IN14B010,
14067,INXXX315,
14068,INXXX153,
14070,IN18B042,
14071,IN06B028,
14072,IN23B007,
14073,IN17A052,
14076,IN03B042,
14077,IN17B015,
14080,IN19A088,
14081,INXXX180,dimorphic
14082,IN20A.22A008,
14083,IN13B035,
14084,INXXX468,
14085,IN19A108,
14086,INXXX295,
14087,INXXX331,
14088,IN04B009,sex_specific
14089,IN03B043,
14091,IN03A019,
14092,IN17A019,
14093,INXXX159,dimorphic
14094,INXXX315,
14096,IN16B036,
14097,INXXX290,dimorphic
14098,IN04B100,
14099,IN03B038,
14100,IN20A.22A006,
14102,IN01B049,
14103,IN12B020,sex_specific
14106,IN19B038,
14107,INXXX180,dimorphic
14108,IN23B018,
14109,IN10B025,sex_specific
14111,INXXX153,
14112,IN10B025,sex_specific
14113,IN13B017,
14116,IN17A040,
14117,IN09B005,
14119,vPR6,sex_specific
14120,IN14A011,
14124,IN07B059,
14125,IN09A017,
14126,vMS12,dimorphic
14127,IN13A019,dimorphic
14129,IN01B008,
14130,IN14A013,
14132,IN16B087,
14133,vPR6,sex_specific
14134,IN04B012,sex_specific
14135,IN21A017,
14136,IN00A011,
14137,IN04B008,
14139,IN01B027,
14140,IN03A065,
14142,IN17A048,
14143,IN00A016,
14144,IN01A025,
14145,IN14A013,
14146,IN03A020,
14148,IN04B010,sex_specific
14151,IN11A021,
14152,IN06B043,
14154,IN01A038,
14155,IN07B044,
14156,IN20A.22A006,
14157,IN23B018,
14158,IN13A019,dimorphic
14161,INXXX149,dimorphic
14163,IN16B033,
14164,IN08B045,sex_specific
14165,IN03A022,
14166,IN19B073,
14167,IN21A022,
14169,IN19B068,dimorphic
14170,IN21A022,
14172,IN07B027,
14174,IN11B004,dimorphic
14175,IN19A030,
14176,IN01A038,
14177,IN12A031,sex_specific
14179,IN01B003,
14180,IN01B002,
14181,INXXX193,
14182,IN03B069,
14183,vMS12,dimorphic
14186,IN18B045,
14188,IN01A061,
14189,IN05B041,
14190,IN06A052,
14192,IN20A.22A004,
14193,IN03A022,
14195,IN01A031,
14196,IN16B037,
14198,IN19B081,
14199,IN12B020,sex_specific
14200,IN01B015,
14201,IN21A023,
14202,IN09A017,
14203,IN12A025,sex_specific
14204,IN13B080,
14206,IN19B040,
14207,IN01A026,
14208,IN19B040,
14210,IN09A016,
14213,IN16B030,
14215,INXXX332,
14217,IN04B063,
14218,IN14A056,
14219,IN07B075,
14220,IN01A039,
14224,IN06B017,
14225,IN13B017,
14230,INXXX468,
14231,IN19A061,
14232,IN13A020,
14235,IN21A024,
14236,IN01A040,sex_specific
14238,INXXX281,
14240,IN19B050,
14242,IN12B020,sex_specific
14243,IN14A012,
14245,IN16B041,
14246,IN12A021,dimorphic
14247,INXXX231,
14249,IN06B036,
14250,IN19B045,
14252,IN12A030,sex_specific
14253,IN00A002,
14254,IN06A022,
14256,IN04B049,
14258,IN06B042,
14259,IN03A030,
14261,INXXX146,
14265,IN17A028,
14266,IN04B017,sex_specific
14268,INXXX405,
14270,IN14A010,
14271,IN05B061,
14272,IN04B012,sex_specific
14273,IN14B008,dimorphic
14275,IN14A020,
14276,INXXX194,
14277,TN1a,sex_specific
14278,IN13B022,
14283,IN09A025,
14286,IN21A019,
14290,IN17A035,
14292,IN17A037,sex_specific
14293,IN08B042,sex_specific
14294,IN23B013,
14295,IN11B011,
14296,IN12A024,dimorphic
14297,IN04B059,
14298,IN08B051,
14299,IN01B007,
14300,IN08B030,
14302,IN13B017,
14304,INXXX192,dimorphic
14305,IN05B033,
14306,IN19B041,
14308,IN06A022,
14309,dMS2,
14310,IN16B041,
14312,IN01A048,
14314,IN06A019,
14316,IN01A050,
14317,IN07B048,
14319,IN07B029,
14320,IN04B043,
14321,IN01B014,sex_specific
14324,IN08B042,sex_specific
14325,IN01A030,
14331,IN08A012,
14332,IN12A043,
14333,IN13A020,
14335,IN03A025,
14336,TN1c,sex_specific
14338,TN1c,sex_specific
14342,IN19B040,
14345,IN06B017,
14348,INXXX332,
14349,dMS2,
14351,IN01B008,
14352,IN03A021,
14353,IN04B044,
14354,IN09B046,
14356,INXXX322,sex_specific
14358,IN04B071,
14359,IN19B077,
14360,IN23B020,
14361,IN12A025,sex_specific
14362,IN03A025,
14363,INXXX167,
14364,INXXX183,
14366,IN13A022,
14367,IN11A003,
14368,IN23B012,dimorphic
14369,IN03A026,
14371,INXXX211,dimorphic
14372,IN06A099,
14374,IN18B038,
14375,TN1a,sex_specific
14377,IN06A022,
14379,IN03B066,
14380,IN03B035,
14382,IN01A036,
14383,IN02A020,
14384,IN03A020,
14386,INXXX293,sex_specific
14387,IN13A051,
14388,INXXX199,
14389,IN04B014,
14391,IN17A053,sex_specific
14393,IN19A015,
14397,IN05B022,
14400,IN01A023,
14401,TN1a,sex_specific
14402,IN01A048,
14403,INXXX133,
14405,IN00A016,
14406,IN12A029,sex_specific
14410,IN19B045,
14411,IN07B029,
14415,INXXX198,
14416,IN13A051,
14417,IN00A031,
14418,IN13B019,
14420,IN13A051,
14421,IN08B038,sex_specific
14423,IN04B074,
14424,IN16B020,
14425,dMS2,
14426,IN08B040,sex_specific
14428,IN20A.22A009,
14429,IN19B073,
14430,IN12B081,
14431,IN01A036,
14432,INXXX468,
14433,IN01A032,
14434,IN04B009,sex_specific
14440,IN06A023,
14445,IN17A056,
14446,IN19B050,
14448,IN02A019,
14450,IN13A021,
14451,IN12A026,
14452,IN18B042,
14453,IN02A020,
14456,IN01A039,
14457,INXXX258,dimorphic
14458,IN18B021,
14460,IN00A022,
14463,INXXX467,
14465,IN06B063,
14466,IN03A026,
14467,IN04B025,
14470,IN03A021,
14471,IN01A036,
14473,IN19B040,
14475,IN03A018,
14477,IN01B014,sex_specific
14478,IN13A008,
14479,IN18B020,
14480,IN03A017,
14481,IN13B020,
14482,IN06A094,
14483,IN00A025,
14484,IN03A020,
14488,INXXX262,sex_specific
14491,IN03A029,
14492,INXXX193,
14493,IN01A040,sex_specific
14494,INXXX217,dimorphic
14495,IN13B019,
14496,IN04B074,
14501,INXXX019,sex_specific
14502,IN19B043,
14503,IN06A115,
14504,IN19B050,
14506,IN00A063,
14508,IN08A019,
14509,IN13B017,
14511,IN12B024,
14512,IN18B033,sex_specific
14514,IN08B038,sex_specific
14516,IN08B052,
14517,IN09A012,
14519,IN08B051,
14520,INXXX253,
14521,IN11B004,dimorphic
14524,IN07B083,
14526,IN11A007,
14527,GFC2,
14528,IN01A041,sex_specific
14534,vMS12,dimorphic
14537,INXXX147,
14538,IN12A036,
14540,IN14A011,
14541,IN08B062,sex_specific
14542,IN09B008,
14543,IN00A025,
14545,IN11A005,
14547,INXXX269,
14548,IN05B034,dimorphic
14550,IN08B054,
14551,IN19B041,
14552,IN13B044,
14554,IN23B029,sex_specific
14555,IN17A041,
14556,IN06B043,
14558,IN14A014,
14559,IN02A019,
14561,TN1c,sex_specific
14562,IN01B019,
14563,IN13B033,
14564,IN00A027,dimorphic
14565,IN07B055,
14566,INXXX201,
14567,IN03A066,
14568,INXXX281,
14570,IN19A034,dimorphic
14572,INXXX456,sex_specific
14573,dMS2,
14576,INXXX245,
14578,IN01A034,
14579,INXXX199,
14580,IN12A054,
14581,TN1a,sex_specific
14582,IN20A.22A005,
14583,IN16B039,
14584,IN19B105,
14588,INXXX468,
14589,IN08B042,sex_specific
14590,IN11B012,
14592,vPR6,sex_specific
14593,INXXX258,dimorphic
14597,INXXX287,
14598,IN16B029,
14604,IN12A036,
14605,IN00A024,
14607,INXXX212,
14608,IN04B012,sex_specific
14609,INXXX204,
14610,IN08B044,sex_specific
14612,IN04B029,
14614,IN19A041,
14615,IN01B008,
14617,IN17A037,sex_specific
14618,IN03A055,
14621,IN19A118,
14624,IN00A017,
14625,IN19B043,
14628,IN04B017,sex_specific
14630,IN08B054,
14631,IN21A026,
14632,IN06A085,
14635,IN13B019,
14639,IN12A035,
14640,INXXX230,
14641,INXXX295,
14642,IN20A.22A008,
14644,INXXX201,
14645,IN17A052,
14648,INXXX221,
14650,INXXX468,
14651,IN11B006,
14652,IN17A046,
14655,IN03A027,
14657,IN23B008,
14658,INXXX198,
14659,IN23B039,
14660,IN08B037,
14661,IN17A055,
14662,GFC2,
14666,IN01A034,
14668,IN13A044,
14671,IN01A028,
14673,IN06A049,sex_specific
14674,IN00A056,
14675,INXXX352,dimorphic
14681,IN01B006,
14683,IN07B034,
14686,IN17A044,
14688,IN03A019,
14689,INXXX112,
14690,IN00A010,
14692,IN08B054,
14696,IN08B056,
14697,IN04B009,sex_specific
14698,IN14A012,
14701,IN20A.22A045,
14702,INXXX373,
14703,IN01A048,
14704,IN13B021,
14705,IN17A064,
14706,IN18B035,
14707,IN06A024,dimorphic
14709,IN12A036,
14712,IN18B011,
14713,IN23B016,
14714,IN03A071,
14715,IN16B037,
14717,IN03A022,
14718,IN01A041,sex_specific
14719,IN02A018,
14720,IN16B040,
14722,INXXX320,sex_specific
14727,INXXX321,
14728,IN04B013,sex_specific
14729,IN07B079,
14730,INXXX416,dimorphic
14731,IN09A018,
14732,IN07B038,
14734,INXXX351,
14735,INXXX220,sex_specific
14737,IN21A023,
14738,IN13B078,
14740,IN06A016,
14741,IN10B023,
14742,IN07B023,
14743,IN06A019,
14744,IN04B032,dimorphic
14745,IN23B009,
14746,INXXX212,
14747,IN09B018,
14749,IN01A034,
14750,IN12B020,sex_specific
14751,TN1c,sex_specific
14752,IN06A055,
14754,IN04B017,sex_specific
14755,IN04B010,sex_specific
14756,IN08B037,
14758,INXXX206,
14759,IN07B058,
14761,IN14A012,
14763,IN09A019,
14764,IN20A.22A007,
14765,IN23B056,
14766,IN06B038,
14767,IN01A015,
14770,IN12B059,
14771,IN19A064,
14774,IN04B013,sex_specific
14776,IN17A063,
14777,IN05B074,sex_specific
14778,IN09A018,
14779,TN1a,sex_specific
14780,IN04B018,sex_specific
14781,INXXX331,
14782,INXXX258,dimorphic
14784,IN14A006,
14785,INXXX376,
14788,IN03A019,
14791,IN00A023,sex_specific
14793,IN12B022,
14794,IN12B030,
14795,IN17A061,
14797,IN17A052,
14799,INXXX221,
14800,IN12A025,sex_specific
14801,IN03A022,
14802,IN10B028,
14803,IN17A052,
14804,IN13B040,
14806,IN00A031,
14807,IN18B021,
14808,IN09A022,
14809,INXXX215,sex_specific
14810,IN12A030,sex_specific
14811,IN04B015,
14812,IN03B053,
14813,IN07B028,
14815,IN20A.22A013,sex_specific
14816,IN12B023,
14819,IN06A023,
14821,IN00A011,
14822,IN08B052,
14823,IN02A007,
14825,IN16B041,
14827,INXXX215,sex_specific
14830,IN04B060,sex_specific
14833,IN09A072,
14835,IN12A027,sex_specific
14838,IN13A021,
14840,IN08B046,sex_specific
14841,IN14A006,
14842,INXXX228,dimorphic
14850,IN07B055,
14851,IN17A048,
14852,IN03B038,
14854,IN12A027,sex_specific
14855,IN05B038,
14856,IN12A027,sex_specific
14857,IN21A023,
14858,vPR6,sex_specific
14860,INXXX350,dimorphic
14862,IN01A013,sex_specific
14863,IN06A052,
14865,IN12A059,
14866,IN09A024,
14869,IN11B005,
14870,IN14A007,
14872,IN17A064,
14874,IN21A009,
14875,IN11A003,
14876,IN03B051,
14879,INXXX225,dimorphic
14880,IN04B013,sex_specific
14882,IN18B034,
14884,IN06A020,
14885,IN03A031,
14886,IN04B091,
14887,IN06A024,dimorphic
14890,IN09A018,
14891,IN09A055,
14894,IN03A017,
14895,IN14B010,
14896,IN08B046,sex_specific
14897,IN11A006,sex_specific
14899,IN09A058,
14900,IN23B035,sex_specific
14905,IN02A019,
14908,IN12B021,sex_specific
14909,IN13A018,
14912,IN14A007,
14913,IN23B014,
14918,IN03A030,
14919,INXXX287,
14920,IN10B031,
14922,IN12A026,
14925,IN19B073,
14927,IN03A036,
14928,IN16B040,
14932,IN04B018,sex_specific
14933,INXXX211,dimorphic
14934,IN01A040,sex_specific
14936,IN17A057,
14938,INXXX149,dimorphic
14941,IN13B022,
14942,IN19A041,
14944,IN04B101,
14945,IN13B068,
14946,INXXX231,
14951,IN03A027,
14952,IN06A025,dimorphic
14953,INXXX212,
14954,IN04B015,
14955,IN17A079,
14956,IN01B008,
14958,IN04B042,
14959,IN23B032,
14963,IN16B086,
14971,IN03B070,
14972,INXXX235,
14973,IN01B014,sex_specific
14974,IN01A041,sex_specific
14975,IN21A016,
14976,IN23B023,
14977,IN02A015,
14980,IN13A023,
14982,IN12B024,
14984,IN18B034,
14987,IN12B022,
14988,IN04B044,
14989,IN06B038,
14991,IN12B045,sex_specific
14993,IN06B036,
14994,IN18B035,
14998,IN20A.22A040,
15001,IN16B045,
15002,IN04B021,dimorphic
15003,IN12A021,dimorphic
15004,IN04B068,
15005,IN04B013,sex_specific
15007,IN00A013,sex_specific
15008,IN06B047,
15010,INXXX122,sex_specific
15011,IN01B003,
15012,IN23B028,
15014,IN23B032,
15017,INXXX224,
15018,IN04B043,
15020,IN17A028,
15021,IN19A041,
15022,IN00A030,
15024,IN13A022,
15027,IN13B022,
15028,IN13B033,
15033,IN12A019,sex_specific
15034,IN16B045,
15036,IN04B036,
15037,IN04B018,sex_specific
15039,IN01B006,
15041,IN03A023,
15042,IN17A059,
15043,IN13B059,
15045,IN23B016,
15046,IN06A091,
15048,IN00A012,
15050,IN06A110,
15051,IN11B015,
15054,IN13A013,
15055,INXXX280,
15056,IN17A043,
15058,INXXX231,
15061,IN23B023,
15063,IN01A043,dimorphic
15067,INXXX008,sex_specific
15068,IN19B050,
15070,INXXX212,
15075,IN11A003,
15076,IN13A038,
15077,IN18B034,
15080,IN01B014,sex_specific
15081,dMS10,
15082,IN03B046,
15083,INXXX246,sex_specific
15084,IN18B033,sex_specific
15085,IN04B011,
15086,INXXX280,
15087,IN19B084,
15089,INXXX038,
15092,IN01A020,
15093,IN13B020,
15095,IN19B058,
15096,IN09A020,
15097,IN20A.22A009,
15100,INXXX230,
15101,IN03B086,
15103,IN04B068,
15104,IN04B017,sex_specific
15105,IN03B042,
15109,IN04B081,
15110,IN13A025,
15113,IN19B057,
15115,INXXX468,
15116,IN13B023,
15119,IN12A036,
15122,IN08B040,sex_specific
15124,IN00A026,
15125,IN11B018,
15128,IN04B018,sex_specific
15130,INXXX197,dimorphic
15132,IN18B020,
15133,IN05B037,
15138,IN19A052,
15140,IN09A017,
15141,INXXX215,sex_specific
15144,IN01B008,
15148,TN1a,sex_specific
15150,IN17A052,
15152,IN06B036,
15153,IN14A076,
15154,IN03B058,
15157,IN12B031,
15158,INXXX287,
15160,INXXX221,
15163,IN04B022,
15164,IN09A014,
15166,INXXX197,dimorphic
15168,IN13B021,
15170,INXXX045,dimorphic
15171,IN18B029,dimorphic
15172,IN14B010,
15175,IN11B013,
15176,IN17A046,
15177,IN09A043,
15178,INXXX322,sex_specific
15179,IN14A012,
15180,IN06B038,
15183,INXXX161,dimorphic
15184,IN20A.22A006,
15189,INXXX122,sex_specific
15190,INXXX239,
15192,IN12A039,
15193,IN13B063,
15194,IN07B076,
15195,IN14B010,
15197,IN00A042,
15200,IN08A019,
15205,IN19A048,
15206,INXXX260,sex_specific
15207,IN06A022,
15208,IN06A054,
15210,IN11A007,
15211,IN03A027,
15212,IN20A.22A006,
15213,IN09A018,
15216,IN08B062,sex_specific
15217,IN16B045,
15219,INXXX235,
15220,IN11B013,
15222,IN00A021,sex_specific
15223,IN12A019,sex_specific
15225,IN00A023,sex_specific
15228,IN04B022,
15230,IN17A052,
15231,IN04B022,
15233,IN03B043,
15234,IN03A060,
15235,IN09A017,
15237,IN12B030,
15238,IN01A013,sex_specific
15241,IN03A024,
15242,IN03A032,
15247,IN14A015,
15248,IN12A029,sex_specific
15250,IN16B045,
15251,IN17A044,
15252,IN20A.22A055,
15254,IN23B013,
15255,INXXX129,dimorphic
15256,IN09A017,
15265,IN20A.22A030,
15266,IN17A028,
15267,IN01A048,
15268,IN08B054,
15269,IN16B059,
15270,IN06B047,
15273,IN01A032,
15274,INXXX300,
15276,IN19B033,
15277,IN14A014,
15279,IN12B030,
15281,IN03A036,
15282,IN13B025,
15283,INXXX247,
15284,IN08B042,sex_specific
15285,IN16B033,
15286,IN13A050,
15292,GFC2,
15294,IN07B100,
15299,IN03A073,
15300,IN03A045,
15301,IN23B014,
15303,IN01A039,
15306,IN05B041,
15307,IN11B018,
15308,IN06B056,
15309,IN04B085,
15310,IN07B033,
15311,IN20A.22A035,
15312,INXXX240,dimorphic
15315,IN19A036,dimorphic
15316,IN23B047,
15318,IN01A042,
15319,INXXX220,sex_specific
15322,IN08B065,
15323,IN16B096,
15325,INXXX384,
15326,IN13B029,
15329,IN21A023,
15330,INXXX234,
15332,IN17A053,sex_specific
15334,IN01B007,
15336,IN21A031,
15337,IN19B067,
15338,IN03A062,
15339,IN19A030,
15342,IN03A036,
15345,IN06B047,
15350,IN13B023,
15352,IN05B028,
15353,IN10B032,
15357,IN17A052,
15360,IN23B014,
15362,IN00A019,
15364,vMS12,dimorphic
15365,IN14A036,
15368,IN13B018,
15369,IN04B009,sex_specific
15370,IN13A023,
15371,IN13A025,
15372,IN17A061,
15373,IN09A019,
15374,IN11A008,
15378,IN12B023,
15381,IN13B019,
15386,IN17A085,
15387,IN12A030,sex_specific
15389,IN13B021,
15390,IN12A035,
15391,IN06B040,
15392,IN09B047,
15393,IN04B024,sex_specific
15395,IN17A044,
15396,IN08B056,
15397,IN11B013,
15398,IN03A058,
15399,IN13A030,
15400,IN13A022,
15401,IN04B010,sex_specific
15403,IN07B033,
15404,IN13A029,
15406,IN08B046,sex_specific
15407,IN17A060,
15408,IN12A027,sex_specific
15410,IN18B036,
15411,IN17A056,
15412,IN20A.22A006,
15413,IN13A040,
15414,IN19A054,
15415,IN09A018,
15416,IN01A035,
15417,IN03B058,
15418,IN01A068,
15419,IN11A003,
15421,IN20A.22A017,
15422,IN02A015,
15428,IN00A022,
15429,IN11A006,sex_specific
15430,IN03A034,
15431,INXXX231,
15432,INXXX341,
15433,IN16B046,
15435,IN02A019,
15439,INXXX237,sex_specific
15440,IN06A022,
15442,IN21A024,
15443,IN07B038,
15444,IN06B028,
15445,IN04B016,sex_specific
15447,IN08B064,
15448,INXXX232,
15449,IN07B086,
15452,IN16B042,
15454,IN03A030,
15455,IN18B036,
15459,IN20A.22A006,
15460,IN03A028,
15461,INXXX258,dimorphic
15462,IN20A.22A013,sex_specific
15465,IN09A023,
15467,IN01A038,
15469,IN01A043,dimorphic
15470,IN23B056,
15471,IN19B072,
15473,IN08B056,
15474,IN23B008,
15475,IN12B063,
15476,INXXX271,dimorphic
15478,IN19A032,
15482,IN20A.22A036,
15483,IN12A034,
15484,IN13B052,
15486,IN11A032,
15487,IN13B030,
15488,IN00A026,
15489,IN08B055,sex_specific
15492,IN11A032,
15493,IN00A022,
15494,IN01A060,
15495,IN11B009,
15497,IN17A061,
15498,INXXX192,dimorphic
15501,IN12B027,
15502,IN12A059,
15503,IN03A085,
15504,IN03A031,
15505,GFC2,
15506,IN03A052,
15507,IN01B007,
15508,IN17A058,
15510,IN13B021,
15512,IN12B030,
15514,IN10B032,
15515,IN06A050,
15516,IN13A026,
15517,IN08B073,
15518,IN01B007,
15519,IN13A021,
15520,IN00A030,
15521,TN1a,sex_specific
15524,IN04B015,
15525,IN04B031,
15527,IN21A002,
15528,INXXX239,
15530,IN17A061,
15531,IN06B058,
15535,IN18B027,
15536,IN06B077,
15537,IN04B027,
15538,IN00A031,
15539,IN08A017,
15541,IN12B022,
15542,IN01A038,
15544,IN03A035,
15547,INXXX247,
15548,INXXX230,
15549,IN13A013,
15551,IN08B042,sex_specific
15552,IN08A031,
15553,IN18B044,
15555,IN11B004,dimorphic
15556,IN18B034,
15557,IN12B022,
15559,INXXX293,sex_specific
15560,IN17A064,
15564,IN06A025,dimorphic
15565,IN07B031,
15567,INXXX233,
15568,IN04B018,sex_specific
15571,IN06B047,
15574,INXXX253,
15582,TN1c,sex_specific
15583,IN13A038,
15584,IN07B073,
15585,IN05B033,
15586,IN19B067,
15588,IN08B067,
15589,TN1c,sex_specific
15590,IN11A005,
15596,IN03A029,
15598,INXXX261,
15600,IN12A034,
15601,IN01A040,sex_specific
15602,IN04B031,
15603,IN21A022,
15605,IN08B051,
15606,IN01A030,
15608,IN03A026,
15609,IN07B032,
15611,IN08B056,
15612,IN01A044,
15614,IN08B054,
15615,INXXX240,dimorphic
15619,IN13B044,
15620,IN17A058,
15622,IN01B008,
15624,IN08B062,sex_specific
15625,IN08B036,
15626,IN19B045,
15628,IN08B080,
15630,IN03A045,
15631,IN03A029,
15633,INXXX295,
15636,INXXX252,
15637,IN03A030,
15639,INXXX188,dimorphic
15640,IN17A051,sex_specific
15641,INXXX429,
15642,INXXX341,
15643,IN17A064,
15645,IN01A045,
15647,IN03A029,
15649,IN13B024,
15651,IN19A071,
15653,IN08B064,
15654,IN12A037,sex_specific
15655,IN17A109,
15656,IN07B087,
15658,IN17A084,
15661,IN19A052,
15662,IN13B023,
15663,INXXX287,
15665,IN13B026,
15666,IN09B047,
15668,IN17A066,sex_specific
15669,IN03A077,
15670,IN18B028,
15671,IN20A.22A008,
15673,IN08A043,
15675,INXXX241,
15676,IN07B039,
15677,IN01B010,
15679,IN00A028,
15681,INXXX262,sex_specific
15682,INXXX302,dimorphic
15683,IN12A037,sex_specific
15685,IN07B058,
15686,IN03A035,
15687,IN16B042,
15688,IN09A030,
15689,IN12A036,
15690,IN03A034,
15693,IN04B036,
15695,IN13B036,
15696,IN16B046,
15698,IN03B052,
15701,IN06B047,
15705,IN04B027,
15706,IN01A051,dimorphic
15709,IN11B013,
15710,IN03A044,
15711,IN13A030,
15713,IN08B070,
15715,IN13A015,
15716,IN23B028,
15723,IN13B033,
15724,IN03A040,
15727,IN13B038,
15728,IN13B018,
15731,IN20A.22A007,
15734,IN07B038,
15737,IN20A.22A091,
15738,IN06A021,
15739,IN01B003,
15741,IN13B028,
15742,INXXX267,dimorphic
15743,IN13B050,
15744,IN11A018,
15746,IN12A026,
15747,IN00A031,
15748,IN03A024,
15750,IN04B020,
15751,IN19B045,
15753,IN17A025,
15754,IN17A049,
15755,INXXX246,sex_specific
15756,IN16B057,
15757,IN03A036,
15758,IN01A038,
15760,IN00A033,
15761,IN19A069,
15762,IN13B028,
15764,IN08B051,
15765,IN00A056,
15766,IN08B054,
15767,IN14B011,
15768,IN20A.22A036,
15770,IN19A026,
15771,IN07B039,
15773,IN13B023,
15774,IN13B037,
15775,IN13A042,
15776,IN04B068,
15778,IN09B038,
15780,IN03B046,
15781,IN19A048,
15782,IN08B058,
15785,IN04B016,sex_specific
15786,INXXX237,sex_specific
15787,IN21A024,
15788,IN19B057,
15792,IN13A030,
15793,IN04B031,
15796,IN03A024,
15797,INXXX341,
15798,IN03A047,
15799,IN01A059,
15802,IN09A020,
15804,IN08B039,
15806,IN16B042,
15807,IN01A035,
15808,IN17A052,
15809,IN04B032,dimorphic
15810,IN13A021,
15811,IN04B034,
15812,IN09A020,
15813,IN14B011,
15814,IN16B038,
15816,IN18B038,
15819,IN08B065,
15820,IN23B028,
15824,IN17A067,
15825,IN16B042,
15828,IN06B063,
15835,IN20A.22A007,
15836,IN06B079,
15837,IN18B028,
15840,IN03A030,
15842,IN12B030,
15843,IN03B049,
15845,IN01A078,
15847,IN21A035,
15848,IN19A076,
15850,IN08B036,
15853,IN00A020,
15854,IN01A039,
15856,IN06B047,
15858,IN18B042,
15859,IN09B047,
15860,INXXX243,dimorphic
15861,INXXX225,dimorphic
15863,IN23B021,sex_specific
15866,IN20A.22A006,
15867,INXXX397,
15868,IN23B021,sex_specific
15869,IN03B042,
15874,IN03A034,
15875,vMS12,dimorphic
15877,IN03A039,
15878,IN23B020,
15880,IN07B039,
15881,IN01A038,
15882,IN09A027,
15885,IN16B075,
15887,IN13A034,
15888,IN03A031,
15890,IN23B018,
15891,IN01A050,
15897,IN00A026,
15899,IN12B074,
15900,IN03B060,
15902,IN03A025,
15903,INXXX268,
15904,IN03A045,
15905,IN18B045,
15906,IN17A058,
15907,INXXX238,
15908,IN17A049,
15910,IN06A019,
15913,IN06B055,
15914,IN21A022,
15916,IN03A036,
15917,IN11A019,
15922,IN12A035,
15924,IN03A038,
15925,IN12A041,sex_specific
15926,IN06B043,
15927,TN1c,sex_specific
15930,IN01A044,
15931,IN23B025,
15932,IN03A027,
15933,IN13A040,
15935,IN00A027,dimorphic
15936,TN1a,sex_specific
15938,GFC2,
15940,IN23B023,
15942,IN03A033,
15943,IN06B049,dimorphic
15944,IN17A066,sex_specific
15945,IN19B048,
15946,IN06B043,
15951,IN07B061,dimorphic
15952,IN14A014,
15953,IN07B067,
15955,IN13B026,
15957,IN00A034,
15958,INXXX332,
15959,IN12B025,
15960,INXXX219,
15961,IN20A.22A078,
15963,IN19A117,
15966,IN20A.22A007,
15968,IN04B060,sex_specific
15969,IN04B028,
15970,IN19B071,
15972,IN19A060,
15974,IN04B029,
15975,IN13B031,
15976,INXXX265,dimorphic
15978,INXXX257,
15981,IN03B051,
15984,IN16B100,
15986,IN04B025,
15987,IN03B046,
15990,IN08B036,
15993,IN01A039,
15995,IN05B043,
15996,IN19A045,
15997,IN13B027,
15998,IN20A.22A064,
15999,IN04B032,dimorphic
16000,IN13B019,
16003,IN02A020,
16004,IN08B058,
16006,IN14B013,
16007,IN12A037,sex_specific
16008,IN13B028,
16009,IN17A049,
16010,IN01A046,
16011,IN11A010,
16012,IN09A022,
16013,IN12A039,
16015,IN04B029,
16018,IN06B058,
16019,IN03A031,
16021,IN18B035,
16023,IN08B051,
16027,INXXX287,
16030,IN21A025,
16032,IN08B060,
16036,INXXX249,
16037,IN06B080,
16038,IN13B054,
16041,IN03A064,
16042,TN1a,sex_specific
16044,IN03A055,
16045,IN17A041,
16047,IN09A019,
16048,IN13A045,
16050,IN03A037,
16051,IN09B043,
16052,INXXX265,dimorphic
16054,IN13A029,
16057,INXXX396,
16059,IN06B047,
16062,INXXX228,dimorphic
16064,IN13B034,
16065,IN06A077,
16066,IN06A063,
16069,IN01A043,dimorphic
16070,IN17A057,
16071,IN01A061,
16072,IN07B045,
16073,IN00A029,
16074,IN03A052,
16076,IN11A007,
16077,IN03A042,
16078,IN19A044,
16079,IN03A066,
16080,IN13A035,
16081,IN03A033,
16084,INXXX305,
16085,IN07B038,
16087,IN03A033,
16088,IN11B013,
16089,IN01A045,
16090,INXXX230,
16091,INXXX211,dimorphic
16092,IN04B031,
16093,IN19A110,
16097,IN20A.22A018,
16101,IN02A023,
16105,IN19B045,
16108,IN13A021,
16110,IN19B047,
16111,IN18B043,
16112,IN08B045,sex_specific
16113,TN1a,sex_specific
16116,IN17A071,
16117,INXXX440,
16118,IN19A046,
16119,IN03A057,
16120,IN01A045,
16121,IN06A044,
16122,IN11A031,
16123,IN06B038,
16125,IN01A041,sex_specific
16126,IN03A055,
16127,IN00A032,
16128,IN12A054,
16129,IN13B026,
16130,IN03A050,
16131,IN06A038,
16132,INXXX149,dimorphic
16134,IN23B023,
16135,INXXX275,sex_specific
16136,IN04B022,
16137,IN20A.22A005,
16138,IN08A017,
16139,IN06A033,
16140,IN13A034,
16141,IN12A042,sex_specific
16142,IN11B009,
16143,IN03A033,
16144,IN00A014,
16145,IN00A057,
16146,IN08A024,
16147,IN03A045,
16150,IN03A044,
16152,IN06A057,
16154,IN12A046,
16155,IN06A022,
16156,IN20A.22A007,
16158,IN12A063,
16159,IN12A043,
16162,IN12A029,sex_specific
16163,IN00A027,dimorphic
16165,IN12B040,
16166,IN08B036,
16168,IN06A033,
16169,IN11A011,
16170,IN09A031,
16171,IN04B016,sex_specific
16172,IN08B055,sex_specific
16173,IN03A037,
16174,IN07B044,
16175,IN03A029,
16176,IN01A037,dimorphic
16179,IN04B019,
16182,INXXX364,
16183,IN08A041,
16184,IN01B010,
16185,IN08B070,
16186,IN21A027,
16187,IN04B029,
16188,IN03A040,
16189,IN08B063,sex_specific
16190,IN21A022,
16191,IN08A027,
16196,IN08B040,sex_specific
16199,IN03A040,
16202,IN03A045,
16203,IN09A024,
16204,IN04B076,sex_specific
16205,IN04B036,
16206,IN16B042,
16207,TN1a,sex_specific
16208,IN10B042,
16209,IN04B015,
16211,IN13A028,
16212,INXXX266,dimorphic
16213,IN08B063,sex_specific
16214,IN06A044,
16215,IN13A023,
16217,IN14B012,
16219,IN13B032,
16221,IN13B033,
16223,IN18B035,
16224,IN04B092,
16226,IN04B032,dimorphic
16229,IN08B056,
16230,IN04B021,dimorphic
16231,IN03B054,
16234,IN17A064,
16235,IN09A019,
16236,IN03A037,
16237,IN21A028,
16239,IN19B087,
16240,IN06A044,
16241,IN06A035,
16242,IN10B028,
16243,IN04B032,dimorphic
16244,IN03B079,
16245,IN03A060,
16247,IN19B048,
16248,IN11B003,
16249,INXXX287,
16251,INXXX279,dimorphic
16252,INXXX211,dimorphic
16253,IN04B054,
16254,IN13B028,
16255,IN19B045,
16258,IN01A042,
16259,IN09A019,
16260,IN03A045,
16263,IN18B039,
16265,INXXX269,
16267,IN06A031,
16268,IN13A028,
16269,IN08B068,
16270,IN01A065,
16271,IN13A024,
16275,INXXX267,dimorphic
16277,dMS2,
16280,IN23B081,
16282,IN19A071,
16283,IN23B023,
16284,INXXX228,dimorphic
16285,IN01B003,
16287,IN03A026,
16288,IN23B017,
16289,IN03B053,
16293,IN04B024,sex_specific
16297,IN05B042,
16298,IN13B029,
16299,IN04B044,
16300,IN17A072,
16301,IN18B054,
16302,IN06B050,
16303,IN23B007,
16304,IN21A028,
16306,IN01B060,
16307,INXXX276,
16309,INXXX266,dimorphic
16310,IN00A040,
16312,IN04B060,sex_specific
16313,IN06A056,
16315,IN23B021,sex_specific
16317,vMS12,dimorphic
16318,IN08B055,sex_specific
16319,IN06A082,
16320,INXXX279,dimorphic
16322,IN16B042,
16323,INXXX285,dimorphic
16324,INXXX297,dimorphic
16327,IN03A033,
16329,IN03A050,
16334,IN12B025,
16335,INXXX204,
16337,IN13B032,
16339,IN04B026,dimorphic
16342,IN12B039,
16343,IN16B070,
16344,IN17A052,
16345,IN11A008,
16349,IN06A044,
16351,IN03A094,
16352,IN08A021,
16353,IN00A025,
16355,IN01A040,sex_specific
16357,IN08B051,
16359,IN23B031,
16360,IN23B024,
16361,IN04B046,
16362,IN03A033,
16364,IN20A.22A021,
16368,INXXX284,
16371,IN17A044,
16374,IN08A033,
16379,IN20A.22A009,
16380,IN03A029,
16381,IN17A067,
16382,IN00A040,
16383,IN18B037,
16384,IN20A.22A024,
16385,IN03A031,
16387,IN16B042,
16388,IN00A029,
16389,IN13B029,
16390,IN23B023,
16391,TN1a,sex_specific
16392,IN11A009,
16395,IN20A.22A012,sex_specific
16396,IN04B103,
16397,IN13A045,
16399,IN03A032,
16401,INXXX288,
16402,IN23B081,
16404,INXXX227,
16405,IN08A041,
16406,IN13B058,
16407,INXXX283,dimorphic
16408,IN04B017,sex_specific
16409,IN08B065,
16410,INXXX230,
16411,IN08B067,
16412,IN13B024,
16413,INXXX228,dimorphic
16415,IN03A075,
16421,IN13A024,
16422,IN06A034,
16423,IN16B046,
16425,IN13B022,
16426,IN12B027,
16427,IN21A029,
16428,IN13A029,
16429,IN14B012,
16432,,
16435,INXXX369,dimorphic
16436,IN11A008,
16438,IN13A040,
16439,INXXX279,dimorphic
16441,IN04B068,
16442,INXXX100,
16444,IN17A077,
16448,IN00A022,
16449,IN03A037,
16450,IN12B045,sex_specific
16451,IN13B023,
16455,IN03B060,
16456,IN05B072,
16457,IN13B052,
16458,IN19A060,
16459,IN04B049,
16460,IN03A030,
16462,IN16B039,
16463,IN18B037,
16464,IN03A040,
16465,TN1a,sex_specific
16466,IN08B060,
16467,IN20A.22A011,dimorphic
16469,IN20A.22A010,
16470,IN08B054,
16471,IN05B042,
16473,IN02A021,
16475,IN18B046,dimorphic
16477,IN03A046,
16478,IN06A037,
16479,IN13A045,
16481,IN13A028,
16484,IN11A009,
16485,IN00A026,
16486,IN02A030,
16487,IN04B041,
16488,INXXX419,
16489,IN17A053,sex_specific
16490,IN01A070,
16493,IN00A020,
16504,IN04B024,sex_specific
16505,IN01A031,
16507,IN13B025,
16508,IN20A.22A009,
16509,IN02A023,
16510,IN08B060,
16513,IN08B064,
16514,IN19B054,
16515,IN17A061,
16516,IN01A045,
16518,IN23B022,
16519,IN13B034,
16521,IN14A012,
16523,IN16B047,
16525,IN23B017,
16526,IN17A061,
16527,IN04B039,
16528,IN14A015,
16530,IN04B030,sex_specific
16531,IN03B066,
16532,IN12B028,sex_specific
16534,IN01B012,
16537,IN13A029,
16539,IN16B042,
16542,IN03A039,
16544,IN07B055,
16545,IN13B030,
16547,IN03A059,
16548,IN01A035,
16549,IN08B058,
16557,IN16B086,
16558,IN08B060,
16561,IN17A064,
16563,IN05B072,
16565,IN14A015,
16568,IN06B056,
16569,INXXX328,
16573,IN00A036,
16574,IN11A005,
16575,IN03A054,
16577,IN05B028,
16578,IN00A045,
16580,IN17A078,
16581,IN12B026,
16583,IN08A016,
16584,INXXX301,
16585,INXXX262,sex_specific
16588,IN11B004,dimorphic
16589,IN02A007,
16590,IN13A023,
16591,IN10B023,
16592,INXXX394,dimorphic
16593,IN03A083,
16597,INXXX265,dimorphic
16598,IN06A037,
16599,IN01A050,
16600,IN13B032,
16602,IN08B068,
16603,IN08B037,
16606,IN12A035,
16607,IN19A061,
16608,IN06A034,
16611,INXXX306,dimorphic
16612,IN20A.22A016,
16613,IN04B032,dimorphic
16616,INXXX303,dimorphic
16618,IN01A047,
16619,IN04B074,
16620,IN06B055,
16621,IN00A033,
16623,IN04B089,
16626,IN04B085,
16627,IN00A024,
16628,IN21A028,
16630,IN06A032,
16631,INXXX275,sex_specific
16637,IN23B023,
16638,IN19B057,
16639,IN08B058,
16640,IN04B018,sex_specific
16641,IN11A027,
16642,IN12B025,
16646,IN09A044,
16647,INXXX290,dimorphic
16650,IN20A.22A024,
16651,IN03A053,
16652,IN03A064,
16653,IN06A104,
16654,IN18B038,
16655,IN08A010,
16659,IN12B026,
16660,IN17A052,
16661,IN01A047,
16662,IN03B081,
16663,IN20A.22A009,
16664,IN17A055,
16670,IN20A.22A012,sex_specific
16674,IN13B025,
16676,INXXX282,sex_specific
16677,IN20A.22A011,dimorphic
16679,IN13B026,
16680,IN13A060,
16681,IN13A032,
16682,IN07B031,
16684,IN01A045,
16685,IN12B027,
16686,IN16B046,
16687,IN02A023,
16690,TN1a,sex_specific
16694,IN17A060,
16695,IN03A075,
16696,IN03A046,
16699,INXXX294,
16701,INXXX396,
16702,IN13B023,
16704,IN03A069,
16705,IN16B062,
16707,IN06A050,
16708,IN20A.22A035,
16709,INXXX290,dimorphic
16710,IN13B022,
16713,IN17A059,
16714,IN02A036,
16715,IN13B032,
16717,IN06B073,
16718,IN06B049,dimorphic
16719,IN12B035,
16720,IN20A.22A055,
16721,IN12A041,sex_specific
16723,IN03B083,
16725,IN13B026,
16726,IN03A037,
16727,IN03A054,
16729,IN09A020,
16732,IN16B037,
16733,IN23B043,
16736,IN01A059,
16738,INXXX242,sex_specific
16739,IN17A060,
16740,IN19A045,
16741,IN03A032,
16742,INXXX292,
16743,IN08B068,
16744,IN13A020,
16745,IN04B100,
16748,IN13A034,
16753,IN03A034,
16754,INXXX276,
16755,IN03A046,
16757,IN04B034,
16759,IN16B039,
16762,IN09A043,
16763,IN06B055,
16764,GFC2,
16767,IN08A016,
16768,IN11A014,
16769,IN03A038,
16770,IN03B072,
16772,IN04B036,
16773,IN03A055,
16775,INXXX206,
16776,IN00A032,
16777,IN17A075,
16778,IN06A122,
16779,IN06B066,
16780,IN17A069,
16781,INXXX290,dimorphic
16783,IN06B017,
16785,IN08A011,
16786,IN09A020,
16787,INXXX243,dimorphic
16788,IN03A041,
16789,IN16B042,
16790,IN03A020,
16791,INXXX283,dimorphic
16792,IN20A.22A012,sex_specific
16795,INXXX285,dimorphic
16796,IN19A048,
16798,IN03A030,
16800,IN04B037,
16802,INXXX209,dimorphic
16808,IN23B035,sex_specific
16811,IN13A027,
16812,IN02A034,
16815,IN09A022,
16816,IN11A032,
16818,INXXX269,
16820,IN04B035,
16821,IN16B052,
16825,IN00A017,
16826,IN06A042,
16827,INXXX209,dimorphic
16828,IN19A055,
16829,IN00A031,
16831,IN10B032,
16836,IN05B057,
16840,IN04B100,
16844,IN03B049,
16847,IN04B054,
16848,IN14A015,
16851,IN11B013,
16852,IN04B033,
16854,IN03A048,
16855,INXXX319,
16856,IN20A.22A011,dimorphic
16860,IN04B048,sex_specific
16861,IN16B042,
16862,IN03A033,
16864,IN14A016,dimorphic
16865,IN23B018,
16867,IN23B023,
16868,IN03A030,
16869,IN05B051,
16872,IN09A030,
16874,INXXX267,dimorphic
16875,IN23B014,
16876,IN03A032,
16878,IN06B054,
16880,IN13B032,
16881,IN20A.22A011,dimorphic
16883,IN03A046,
16885,IN23B072,
16886,IN06A063,
16889,vMS12,dimorphic
16890,IN01B020,
16891,IN13B027,
16893,IN01A056,
16894,IN16B041,
16895,IN18B040,
16896,IN09A023,
16899,IN13B028,
16901,IN02A029,
16902,IN04B035,
16905,IN20A.22A010,
16907,INXXX306,dimorphic
16909,IN03A037,
16910,IN13A050,
16912,IN19A059,
16914,IN08A019,
16915,IN13B025,
16916,IN13B021,
16917,IN04B031,
16918,INXXX300,
16919,IN06A040,
16920,vMS12,dimorphic
16923,IN03B052,
16924,IN00A025,
16928,IN12A036,
16930,IN17A052,
16931,IN03A031,
16934,INXXX258,dimorphic
16935,IN13B029,
16936,IN09A019,
16938,IN04B078,
16939,IN03A062,
16940,IN01A070,
16941,IN14A013,
16943,IN13A031,
16945,INXXX283,dimorphic
16947,IN03A036,
16948,IN19A032,
16951,IN13A031,
16953,IN03A048,
16954,IN08B054,
16957,IN20A.22A009,
16960,IN06B055,
16961,IN12B039,
16964,IN04B028,
16966,IN12B024,
16968,IN13A029,
16969,IN00A028,
16970,IN19B043,
16971,IN03A047,
16972,dMS2,
16973,IN04A002,
16975,IN03A055,
16977,IN03A058,
16978,IN03A031,
16979,IN03A036,
16981,INXXX297,dimorphic
16982,IN04B046,
16983,IN13A038,
16985,INXXX348,dimorphic
16986,IN08A019,
16987,IN17A052,
16988,IN01A052,
16989,IN07B080,
16990,INXXX269,
16991,IN08B077,sex_specific
16992,IN21A037,
16994,INXXX297,dimorphic
16995,IN19A120,
16996,IN13B035,
16997,IN03A051,
16999,IN13B029,
17002,IN12B029,
17005,INXXX301,
17006,INXXX271,dimorphic
17010,INXXX446,dimorphic
17013,IN21A026,
17014,INXXX334,sex_specific
17015,IN20A.22A039,
17020,IN17A065,
17021,IN13B032,
17024,IN03B043,
17025,INXXX261,
17026,IN13B022,
17027,IN04B027,
17028,IN06A077,
17029,IN06B059,
17033,INXXX279,dimorphic
17034,IN07B044,
17035,IN20A.22A011,dimorphic
17039,IN06B047,
17040,TN1c,sex_specific
17042,IN23B031,
17043,IN08B052,
17044,IN18B054,
17045,INXXX241,
17046,IN08B054,
17047,IN00A041,
17048,IN04B052,
17049,IN06B066,
17051,IN13B036,
17052,INXXX372,sex_specific
17053,IN21A023,
17054,IN03A088,
17055,IN19B057,
17056,INXXX287,
17057,INXXX194,
17058,IN06A042,
17059,IN13A021,
17060,IN08B051,
17062,IN17A072,
17063,IN05B057,
17064,IN03B057,
17065,IN13A059,
17066,IN03A047,
17067,INXXX227,
17068,IN04B047,
17069,IN16B048,
17071,IN20A.22A012,sex_specific
17072,IN10B030,
17073,IN21A026,
17074,IN13B036,
17076,IN18B045,
17078,IN12A054,
17079,IN17A044,
17080,IN07B045,
17081,IN04B057,
17083,INXXX377,dimorphic
17084,IN08B056,
17085,IN13A028,
17089,IN06A065,
17090,INXXX253,
17092,IN12A044,
17094,IN03A060,
17095,IN01B065,
17097,INXXX228,dimorphic
17098,INXXX306,dimorphic
17099,IN06A043,
17101,IN04B062,
17102,IN13B098,
17103,IN16B045,
17104,IN12B025,
17107,IN02A047,
17108,IN06A016,
17111,IN03B061,
17112,IN03A052,
17114,IN20A.22A008,
17115,IN12A042,sex_specific
17116,INXXX304,
17117,IN04B030,sex_specific
17118,IN01A047,
17119,IN08B070,
17120,IN11B003,
17125,INXXX223,
17126,INXXX213,
17127,IN06A040,
17128,IN04B013,sex_specific
17129,INXXX242,sex_specific
17130,IN08B072,
17131,INXXX290,dimorphic
17132,IN17A041,
17134,IN08B046,sex_specific
17135,IN03A041,
17136,IN06B066,
17138,IN12B037,
17139,IN23B017,
17140,IN03A056,
17141,INXXX307,dimorphic
17142,IN12B025,
17143,IN14A014,
17145,IN04B054,
17147,IN19A064,
17148,IN03B066,
17151,IN06A050,
17154,IN11A008,
17157,IN06A109,
17159,IN11B013,
17161,IN01A038,
17164,IN08B051,
17165,IN01A073,
17166,IN04B056,
17167,IN23B018,
17168,IN03A052,
17169,INXXX271,dimorphic
17170,IN19B053,
17171,IN18B041,
17173,IN20A.22A010,
17174,IN12B026,
17177,IN03A047,
17178,IN23B056,
17182,IN04B011,
17184,IN09A018,
17185,IN08B067,
17186,IN03A049,
17188,IN08A002,
17189,IN13B055,
17190,IN12B068,
17191,IN12A058,
17192,IN03A089,
17194,IN23B013,
17195,IN04B028,
17196,IN06B064,
17198,IN08A036,
17199,IN08B068,
17200,IN06A133,
17201,IN12A039,
17203,INXXX251,sex_specific
17205,IN13A040,
17206,IN19A073,
17208,IN04B025,
17209,IN14A109,
17210,TN1c,sex_specific
17213,IN19A061,
17218,IN08A022,
17219,IN17A058,
17220,IN11A032,
17221,IN23B020,
17222,IN19A061,
17223,IN03A055,
17224,IN05B051,
17227,IN10B028,
17232,IN13A034,
17233,IN04B055,
17234,IN12A042,sex_specific
17236,IN12B028,sex_specific
17237,IN14A092,
17238,IN23B028,
17239,INXXX328,
17241,IN01A046,
17243,IN12B025,
17245,GFC2,
17246,IN08B068,
17247,IN12B025,
17251,IN17A061,
17252,IN13A027,
17253,IN09A024,
17258,IN23B018,
17259,IN06B066,
17260,IN19A048,
17262,IN00A030,
17264,IN03A039,
17265,TN1c,sex_specific
17266,IN00A054,
17267,IN19A045,
17269,IN19B054,
17270,IN19B068,dimorphic
17271,IN13A029,
17272,IN20A.22A008,
17273,IN12A050,
17274,IN06B052,
17276,IN08B082,
17277,IN19B073,
17278,IN20A.22A036,
17280,IN12B071,
17281,IN07B076,
17283,IN03A048,
17285,IN06A020,
17288,IN06B085,
17289,IN03A059,
17290,IN19A042,
17292,IN09B038,
17293,IN21A037,
17295,IN14A015,
17297,INXXX309,dimorphic
17299,IN03A019,
17300,IN13A027,
17301,INXXX243,dimorphic
17303,INXXX302,dimorphic
17304,IN03A052,
17305,IN03A053,
17307,IN19A052,
17309,IN03A059,
17310,INXXX045,dimorphic
17312,INXXX329,
17314,IN04B059,
17315,IN13A040,
17317,IN03A045,
17318,IN03B058,
17320,IN23B063,
17321,IN23B085,
17322,IN16B036,
17323,IN03A059,
17330,IN02A020,
17332,IN03A051,
17333,IN08A029,
17335,IN20A.22A039,
17336,IN12A029,sex_specific
17337,IN13A046,
17338,IN11A020,
17339,IN12B034,
17341,IN09A039,
17342,IN06B040,
17343,IN03A039,
17345,IN03A039,
17346,IN09B018,
17347,IN14A021,
17348,IN19A060,
17350,IN13A032,
17351,IN04B047,
17353,INXXX306,dimorphic
17354,IN17A078,
17357,IN20A.22A084,
17359,IN06B066,
17361,INXXX269,
17364,IN08B068,
17367,INXXX297,dimorphic
17368,IN19B058,
17372,INXXX364,
17373,IN03A069,
17374,IN13B022,
17375,IN09A026,
17377,IN03B049,
17378,IN19B047,
17379,IN06A033,
17381,IN03A052,
17383,GFC3,
17384,IN06B056,
17385,IN17A065,
17386,IN04B100,
17387,IN01A023,
17389,IN06A067,
17390,IN02A044,
17392,IN06A022,
17393,IN04B033,
17394,IN18B034,
17397,IN16B041,
17399,vMS11,dimorphic
17401,IN12B020,sex_specific
17403,IN16B075,
17404,IN14A017,
17405,INXXX243,dimorphic
17407,IN04B024,sex_specific
17408,IN12B034,
17409,IN04B050,
17410,IN19B048,
17411,IN03A064,
17413,IN12B022,
17415,IN04B074,
17417,IN04B100,
17420,IN16B050,
17421,IN19B055,
17422,IN06B043,
17423,IN19A106,
17424,IN03A053,
17426,INXXX307,dimorphic
17427,IN06B059,
17428,IN09A021,
17429,IN04B034,
17430,IN08B062,sex_specific
17433,IN07B032,
17434,IN19B054,
17435,IN04B031,
17439,IN08B068,
17441,IN08B076,
17442,IN19B091,
17443,IN03A056,
17444,IN13A038,
17447,IN13B035,
17452,INXXX320,sex_specific
17454,IN03A064,
17455,IN14A020,
17456,IN12B029,
17457,IN12A061,
17458,GFC3,
17459,IN23B028,
17460,INXXX253,
17461,IN08B068,
17462,IN17A092,sex_specific
17463,IN07B061,dimorphic
17465,INXXX282,sex_specific
17466,IN08A016,
17468,IN17A074,
17473,IN01A038,
17475,IN02A029,
17477,IN00A024,
17479,IN23B025,
17480,IN20A.22A022,dimorphic
17481,IN08B070,
17482,IN20A.22A019,
17484,IN23B023,
17487,INXXX332,
17488,IN05B051,
17489,IN03A062,
17492,INXXX363,
17493,IN23B023,
17495,IN12B030,
17496,IN19B090,
17497,IN07B079,
17498,IN01A035,
17499,IN23B030,
17501,IN23B050,
17502,IN02A020,
17505,IN14A015,
17508,IN06A075,
17509,IN03A055,
17513,IN14A017,
17516,IN16B048,
17518,INXXX386,
17519,IN08B075,
17521,IN03A052,
17523,IN12B023,
17525,IN03A071,
17528,IN23B031,
17529,IN11A010,
17532,IN04A002,
17533,IN12B028,sex_specific
17534,IN04B073,
17535,IN06A042,
17538,IN09A026,
17540,INXXX247,
17541,IN19A046,
17543,IN04B104,
17544,IN08B054,
17546,IN03A066,
17549,IN19A060,
17551,IN20A.22A011,dimorphic
17552,IN19A044,
17553,IN12B037,
17556,IN14A017,
17557,IN06B066,
17558,IN21A032,
17559,IN04B036,
17561,IN11B013,
17562,IN03A062,
17563,IN13A036,
17564,IN23B034,
17565,IN13B027,
17566,IN23B032,
17567,IN04B059,
17570,IN03A045,
17571,IN02A029,
17572,IN04B038,
17574,IN03A041,
17577,IN06B053,
17579,IN08B067,
17580,IN13B028,
17581,IN09A022,
17584,IN04B081,
17586,IN19A042,
17587,IN06B052,
17589,IN06A044,
17591,IN13B040,
17592,IN16B045,
17595,IN08B054,
17596,IN13B032,
17597,IN13B045,
17598,IN03A068,
17600,INXXX324,sex_specific
17601,IN04B074,
17605,IN01B016,
17606,IN06B017,
17607,IN03B060,
17608,IN08B056,
17610,IN09B022,
17613,IN03A069,
17614,IN20A.22A071,
17615,IN03A046,
17617,IN13B034,
17619,IN13A027,
17622,INXXX184,
17623,IN02A023,
17625,IN19A108,
17628,IN23B030,
17632,IN04B074,
17633,IN03B061,
17634,IN03A033,
17635,IN06A031,
17636,IN13A035,
17637,IN11B011,
17638,IN06A124,
17639,IN14A029,sex_specific
17640,TN1a,sex_specific
17641,IN19A084,
17642,IN14A030,
17646,IN13B025,
17647,INXXX251,sex_specific
17648,IN01A042,
17650,IN03B056,
17651,IN09B038,
17652,IN10B032,
17655,IN13B052,
17656,IN19B055,
17657,IN06A059,
17658,INXXX303,dimorphic
17660,IN21A030,
17661,IN12B081,
17662,IN12B027,
17663,IN12B031,
17665,IN03A039,
17666,IN07B055,
17667,IN12B029,
17668,IN07B064,
17670,IN06B081,
17673,IN04B054,
17674,IN13B033,
17676,vMS11,dimorphic
17678,IN04B031,
17679,IN11B013,
17680,IN04B061,
17682,IN00A037,
17683,IN19A099,
17684,IN17A077,
17685,INXXX034,sex_specific
17686,INXXX301,
17687,IN18B040,
17689,IN06B061,
17691,IN19A054,
17692,IN23B017,
17695,IN08A019,
17699,IN03A065,
17701,INXXX019,sex_specific
17702,INXXX149,dimorphic
17703,IN19B054,
17704,IN03B060,
17705,IN20A.22A010,
17707,IN03A054,
17709,IN13A042,
17711,IN00A030,
17712,IN23B043,
17715,IN03B061,
17716,IN00A045,
17718,IN14A013,
17721,IN13A050,
17726,IN19A030,
17727,IN06A072,
17730,IN23B022,
17731,IN13A051,
17732,IN13B035,
17735,IN01A041,sex_specific
17738,IN04B036,
17739,IN03A041,
17740,IN04B092,
17741,IN03A023,
17742,IN06A087,
17744,IN07B048,
17745,IN05B057,
17746,IN23B023,
17747,IN12B037,
17750,IN12B037,
17752,IN12B036,
17753,IN19A042,
17754,IN03A071,
17755,IN04B044,
17757,IN03A026,
17758,IN03B054,
17764,IN03A025,
17765,IN19A050,
17767,IN04B029,
17769,INXXX315,
17770,IN07B044,
17771,IN06A047,
17773,IN08B054,
17774,INXXX322,sex_specific
17776,INXXX283,dimorphic
17778,IN13A045,
17779,vMS11,dimorphic
17780,IN13A025,
17781,IN03A062,
17786,IN14A015,
17787,IN01A076,
17790,IN12B027,
17791,IN12A052,
17799,IN23B039,
17800,IN06B062,
17801,IN06A042,
17802,IN04B037,
17803,INXXX231,
17808,IN01A080,
17810,IN09A026,
17811,IN03B060,
17813,IN13A041,
17814,IN03B080,
17816,IN13B038,
17817,IN11A021,
17818,IN19A049,
17820,IN19A043,
17822,IN19B048,
17823,IN06B058,
17824,IN18B038,
17825,IN14A021,
17826,IN13A038,
17827,INXXX269,
17831,IN00A026,
17832,IN06B064,
17834,IN08A021,
17836,IN08B091,
17837,vMS11,dimorphic
17838,IN13B038,
17840,IN20A.22A090,
17841,IN06A059,
17844,IN17A072,
17846,IN03B058,
17848,IN06B047,
17849,IN03B055,
17850,IN13A026,
17851,IN09B022,
17852,IN00A038,
17854,IN03B053,
17855,IN06A086,
17856,IN13A047,
17859,INXXX267,dimorphic
17860,IN18B038,
17861,IN20A.22A038,
17863,IN09A024,
17864,IN23B062,
17866,IN04B056,
17867,IN03A051,
17868,IN03A043,
17869,IN18B041,
17872,IN13B036,
17874,INXXX336,
17875,IN04B092,
17876,IN03A073,
17877,INXXX246,sex_specific
17880,IN06B056,
17881,IN13A049,
17886,IN05B064,
17887,IN13A024,
17888,IN12B081,
17889,IN06B056,
17890,IN16B045,
17891,IN03B064,
17893,IN20A.22A009,
17895,IN04B033,
17897,INXXX322,sex_specific
17900,IN21A032,
17901,IN06B069,
17903,IN08B078,
17904,IN01A045,
17906,IN06B033,
17907,IN06B052,
17908,IN11A022,
17909,IN13B038,
17910,IN01A047,
17911,IN12A036,
17912,IN10B030,
17913,INXXX321,
17915,INXXX329,
17916,IN23B023,
17917,IN03A061,
17918,IN04B058,
17921,IN04B054,
17922,IN17A098,
17923,IN13B027,
17926,IN08B078,
17927,IN03A059,
17929,IN03A053,
17931,vMS12,dimorphic
17933,IN12B027,
17934,IN03A028,
17935,IN04B094,
17938,IN04B099,
17939,IN09A022,
17940,IN01A053,
17941,IN20A.22A065,
17942,IN13B036,
17943,IN06A042,
17945,IN19B057,
17946,IN20A.22A073,
17951,IN06A059,
17953,IN03A051,
17956,IN04B049,
17958,IN03A070,
17959,INXXX378,dimorphic
17960,IN03A037,
17961,IN04B026,dimorphic
17962,IN03A039,
17965,IN04B032,dimorphic
17966,IN08B051,
17967,INXXX347,
17968,IN16B052,
17969,IN13B035,
17973,IN13B036,
17976,IN19B072,
17978,IN04B057,
17979,IN21A054,
17981,IN04B055,
17982,IN16B056,
17988,IN06B061,
17990,IN06B053,
17991,IN13A028,
17992,IN03A065,
17993,IN03A055,
17996,IN05B055,
17997,IN14A028,
17998,IN13B052,
18000,IN19A059,
18003,IN17A075,
18004,IN16B052,
18005,IN13A038,
18007,IN03A073,
18011,INXXX258,dimorphic
18012,IN12A047,sex_specific
18015,IN13B055,
18016,IN06A079,
18018,INXXX317,sex_specific
18020,IN06A048,
18021,IN03A037,
18023,IN07B045,
18024,IN01A059,
18026,IN13B037,
18027,IN06B073,
18028,IN19A060,
18029,IN20A.22A026,
18030,IN23B028,
18031,IN03B055,
18034,IN12A042,sex_specific
18036,IN23B060,
18037,INXXX325,dimorphic
18039,INXXX230,
18040,IN11A027,
18044,IN12B029,
18045,IN04B048,sex_specific
18047,IN03A059,
18048,IN19B043,
18049,IN06B074,
18052,IN03A062,
18054,IN03B077,
18055,IN08B070,
18058,IN08A017,
18059,IN14A068,
18062,IN12B023,
18063,IN08B070,
18064,IN04B046,
18067,IN06B056,
18068,IN04B060,sex_specific
18069,IN19A106,
18073,IN12A046,
18074,IN06B053,
18075,IN13A028,
18077,IN16B056,
18079,IN00A018,
18080,IN12B024,
18081,IN01B012,
18083,IN13A051,
18084,IN06A059,
18086,IN21A042,
18087,IN01A079,
18088,IN21A041,
18089,IN13A041,
18090,IN12B025,
18095,IN13B042,
18097,IN21A033,
18098,IN23B018,
18101,IN03A048,
18103,IN06A079,
18104,IN14A018,
18105,IN07B047,
18108,IN05B051,
18109,IN17A081,
18114,INXXX213,
18115,IN06B061,
18116,IN06B040,
18117,IN21A027,
18119,IN11A018,
18120,IN20A.22A013,sex_specific
18121,IN19A046,
18122,IN23B022,
18123,IN13A028,
18124,INXXX329,
18125,IN04B060,sex_specific
18126,IN03A072,
18127,IN19A044,
18128,IN03A060,
18129,IN03B074,
18131,IN18B044,
18132,IN01A038,
18134,IN17A080,
18136,IN02A033,
18137,IN13A010,
18138,IN04B043,
18139,IN03B079,
18140,IN09A021,
18141,INXXX363,
18143,IN19B070,
18144,IN03A071,
18146,IN03A057,
18148,IN04B079,sex_specific
18149,INXXX347,
18150,IN19A056,
18154,IN08B056,
18155,IN20A.22A008,
18156,IN04B059,
18157,vMS11,dimorphic
18158,IN01A072,
18159,INXXX019,sex_specific
18162,IN23B049,
18163,IN09A046,
18164,IN07B081,
18165,IN20A.22A012,sex_specific
18167,IN23B045,
18168,IN13A041,
18171,IN16B055,
18172,IN06B069,
18173,IN01B010,
18175,IN09A023,
18176,IN13A003,
18178,IN00A057,
18180,IN03B088,
18181,INXXX402,
18182,IN23B018,
18184,IN13B038,
18186,IN23B074,
18187,IN10B028,
18188,IN06B047,
18190,IN03A064,
18192,IN03A083,
18194,IN03A068,
18195,IN20A.22A013,sex_specific
18196,IN12A041,sex_specific
18197,IN08A019,
18198,IN19B029,sex_specific
18200,IN06A045,
18201,IN08B064,
18203,INXXX287,
18204,IN20A.22A023,
18205,IN02A028,
18206,IN08A019,
18208,IN04B040,sex_specific
18210,IN12B035,
18211,IN08B093,
18212,IN12B038,
18214,IN12B035,
18215,INXXX315,
18216,IN08A022,
18218,IN12B033,
18219,IN12A037,sex_specific
18220,IN23B025,
18222,IN12B025,
18223,IN08A041,
18224,IN03A058,
18225,IN03A059,
18226,IN08B078,
18228,IN06A066,
18229,IN01A059,
18230,IN13B034,
18231,IN03A044,
18232,IN12A053,
18233,INXXX007,
18234,IN06B061,
18236,IN03A068,
18237,IN01A067,
18239,IN03A067,
18240,IN16B045,
18241,INXXX233,
18242,IN12A039,
18243,IN12A052,
18246,IN13A037,
18247,IN06A036,
18248,IN09A028,
18249,IN06B033,
18251,IN06A059,
18253,IN04B070,
18255,IN20A.22A021,
18258,IN06A052,
18259,IN06B062,
18262,IN19B071,
18263,IN06A068,
18267,IN12B037,
18268,IN03A042,
18269,IN04B039,
18271,IN14A020,
18272,INXXX329,
18273,IN06B064,
18276,IN09A023,
18277,IN03A062,
18280,IN06A068,
18281,INXXX345,
18282,IN19B091,
18283,IN03B066,
18285,IN04B054,
18287,IN01A029,dimorphic
18290,IN09A039,
18292,IN13B030,
18294,IN13A033,
18295,IN19A064,
18297,IN07B055,
18298,IN04B079,sex_specific
18299,IN14A023,
18300,IN00A048,
18302,IN01A071,
18304,IN12A036,
18306,IN21A034,
18307,IN08A011,
18308,IN03A058,
18310,IN13B045,
18313,IN01B027,
18315,IN12B036,
18316,INXXX290,dimorphic
18317,INXXX343,
18321,IN07B054,
18322,IN03A041,
18324,TN1c,sex_specific
18325,IN01B020,
18327,IN23B028,
18328,IN06B066,
18329,IN17A069,
18330,IN04B063,
18331,IN00A045,
18332,IN01A053,
18333,IN07B058,
18334,IN12B034,
18335,IN04B081,
18336,IN01A050,
18337,IN01A052,
18340,IN23B024,
18341,IN19A071,
18342,IN12B039,
18345,IN02A021,
18346,IN00A036,
18349,IN13A046,
18350,IN01A027,
18356,IN06B063,
18357,IN14A015,
18358,IN01A052,
18360,IN03A074,
18361,IN03B080,
18363,IN13B046,
18364,IN09A039,
18365,INXXX364,
18368,INXXX290,dimorphic
18370,IN19B043,
18372,IN07B075,
18375,IN14A020,
18377,IN09A022,
18378,IN13A014,
18379,IN06B073,
18382,IN12B038,
18383,IN03B066,
18385,IN03B060,
18386,IN09A060,
18387,IN08B063,sex_specific
18390,IN03A045,
18392,IN19A064,
18394,IN03A061,
18395,IN20A.22A012,sex_specific
18396,INXXX263,sex_specific
18398,IN03A065,
18399,IN12A041,sex_specific
18400,INXXX263,sex_specific
18401,IN20A.22A012,sex_specific
18403,IN09A026,
18404,INXXX269,
18407,IN06B052,
18409,IN19A056,
18410,IN13B055,
18411,IN08B065,
18413,IN03A051,
18414,IN17A082,
18416,IN09A022,
18417,IN05B085,
18418,IN19A108,
18420,IN05B064,
18423,INXXX045,dimorphic
18425,IN20A.22A006,
18426,IN00A026,
18427,INXXX247,
18428,IN13B039,
18432,IN16B107,
18433,IN02A024,dimorphic
18434,IN13B046,
18435,IN19B066,dimorphic
18436,INXXX328,
18438,INXXX353,dimorphic
18439,IN03A062,
18441,INXXX265,dimorphic
18443,IN03A068,
18447,IN12B063,
18450,IN20A.22A010,
18451,IN03A062,
18452,vMS12,dimorphic
18454,IN03A052,
18455,IN01A050,
18456,IN16B045,
18457,IN13A047,
18458,IN06A048,
18459,IN03B056,
18460,IN19B064,
18463,IN01A054,
18466,IN02A029,
18467,IN20A.22A010,
18468,IN06B053,
18469,IN11B015,
18470,IN18B043,
18475,INXXX281,
18477,IN19B052,
18479,IN03A071,
18480,IN01A070,
18481,IN12B030,
18482,INXXX326,dimorphic
18484,IN19B062,
18486,IN19B077,
18487,IN09B043,
18488,IN03A068,
18489,IN07B054,
18490,IN07B087,
18492,IN13B030,
18493,IN07B080,
18494,IN03A062,
18496,IN09B038,
18498,IN03A059,
18499,IN08B093,
18500,IN13A035,
18501,IN20A.22A001,
18502,INXXX328,
18504,IN03A068,
18505,IN00A044,
18506,IN04B049,
18507,IN06B069,
18509,IN08A019,
18511,IN08B076,
18512,IN20A.22A024,
18513,IN03B072,
18515,IN03A063,
18516,IN07B055,
18517,IN19B067,
18519,IN19B075,
18520,IN03A051,
18523,IN12B037,
18524,IN14A014,
18525,IN04B026,dimorphic
18528,IN09A039,
18529,IN16B075,
18531,INXXX244,dimorphic
18533,IN06B056,
18534,IN13A046,
18535,IN20A.22A052,
18536,IN06A084,
18537,INXXX269,
18539,IN03A083,
18543,IN12B026,
18544,IN19B066,dimorphic
18545,IN03A075,
18548,IN21A047,
18550,IN21A047,
18552,IN08A011,
18553,IN08A026,
18555,IN03B067,
18556,IN03A040,
18557,INXXX273,dimorphic
18558,IN13B043,
18559,IN06B074,
18561,IN14A018,
18562,IN03A056,
18563,IN04B077,sex_specific
18564,IN04B077,sex_specific
18567,IN04B062,
18569,INXXX261,
18570,IN14B012,
18571,IN04B050,
18572,IN12A047,sex_specific
18573,IN06B074,
18574,IN04B084,
18575,IN06B070,
18581,IN07B054,
18583,IN03B066,
18585,IN03A047,
18586,IN04B050,
18588,IN21A036,
18590,IN06A064,dimorphic
18591,INXXX315,
18592,IN13A063,
18593,IN13A034,
18594,IN19A054,
18595,IN03A041,
18597,INXXX353,dimorphic
18600,IN03A065,
18601,IN13B032,
18602,IN20A.22A044,
18603,IN06B078,
18604,IN14B012,
18605,IN04B031,
18607,IN03A030,
18608,IN04B041,
18611,IN02A045,
18613,INXXX258,dimorphic
18616,IN01A050,
18617,IN03B072,
18618,IN23B076,sex_specific
18619,INXXX346,dimorphic
18620,IN11A014,
18622,IN13B054,
18625,IN03A068,
18626,IN09A033,
18627,IN06B061,
18629,IN04B070,
18630,IN20A.22A021,
18631,IN03A069,
18635,IN03A077,
18638,IN19B056,
18639,IN03B056,
18640,IN06B077,
18641,IN04B069,
18642,IN11A022,
18644,IN19A054,
18646,IN19A041,
18647,IN06A059,
18651,INXXX337,
18652,IN08B082,
18653,IN11B001,
18654,IN01A054,
18655,IN23B040,
18657,IN19B067,
18658,IN23B056,
18660,IN05B028,
18663,IN04B081,
18665,IN03A081,
18666,IN03B060,
18668,IN02A059,
18669,IN08B085,
18670,IN04B077,sex_specific
18672,IN03B061,
18673,IN06B052,
18675,IN07B098,
18676,INXXX317,sex_specific
18677,IN06B055,
18679,IN03A045,
18680,IN07B092,
18681,IN20A.22A068,
18682,IN13A045,
18687,IN06B074,
18688,IN14A051,
18689,IN06A064,dimorphic
18690,IN17A093,
18693,IN03A094,
18695,IN12B037,
18697,IN03A073,
18698,IN04B112,
18699,IN06A047,
18701,IN06B055,
18702,INXXX343,
18703,IN01B020,
18706,IN01A061,
18707,IN12B022,
18709,IN16B061,
18710,IN12B036,
18712,IN04B037,
18713,IN09A021,
18719,IN19B052,
18722,IN13B037,
18724,IN04B093,
18725,IN23B021,sex_specific
18727,INXXX365,
18729,IN03B062,
18733,IN13B027,
18734,IN06B059,
18736,IN06A053,
18737,IN08A040,
18738,IN03A045,
18739,IN14A017,
18741,IN21A038,
18742,INXXX335,
18744,IN13A047,
18746,IN09A030,
18747,IN03A045,
18749,IN08B070,
18750,INXXX315,
18751,IN12A053,
18753,IN00A040,
18754,vMS11,dimorphic
18755,IN04B067,
18756,IN08B083,
18758,IN09A086,
18760,IN01A054,
18761,IN08B065,
18762,IN06A082,
18763,IN04B032,dimorphic
18764,IN11A012,
18769,IN04B084,
18772,IN04B054,
18773,IN13A041,
18774,IN03A065,
18776,IN03A071,
18779,INXXX334,sex_specific
18781,IN06A051,
18782,INXXX350,dimorphic
18783,IN19B105,
18785,IN04B038,
18787,IN12B038,
18788,IN04B082,
18789,IN03B056,
18790,IN14A018,
18791,IN00A035,
18792,IN08B088,
18793,IN00A047,
18794,IN16B062,
18796,IN04B069,
18798,IN17A082,
18799,IN13B033,
18800,IN09A032,
18802,IN04B085,
18804,IN06A082,
18806,IN01A060,
18807,IN08B051,
18808,IN17A045,
18809,IN06B040,
18810,IN06A115,
18811,IN09A033,
18812,IN17A083,
18813,IN05B085,
18816,IN19B053,
18820,INXXX321,
18822,IN03A043,
18823,IN06B063,
18827,IN13A037,
18828,INXXX348,dimorphic
18829,IN13A035,
18831,IN04B037,
18832,IN09A064,
18833,IN03A064,
18834,IN03A073,
18835,IN08A036,
18836,IN03A071,
18838,IN16B051,
18841,IN03A051,
18842,IN04B074,
18847,INXXX256,
18849,IN06B069,
18851,IN13B044,
18853,IN20A.22A023,
18854,INXXX290,dimorphic
18855,IN13B044,
18857,IN04B078,
18858,IN13A014,
18860,IN03A066,
18861,IN04B038,
18862,IN08B087,
18864,INXXX345,
18865,IN04B057,
18866,IN13B044,
18868,IN12B027,
18869,IN14A018,
18877,IN14A027,sex_specific
18879,IN11A016,
18881,IN04A002,
18882,IN01B027,
18884,IN06A113,
18885,IN08B077,sex_specific
18886,IN03B060,
18889,IN07B055,
18890,IN08B082,
18892,IN11A014,
18894,IN12A044,
18895,IN16B063,
18899,IN16B046,
18900,IN04B110,
18902,IN23B049,
18905,IN20A.22A024,
18906,INXXX288,
18907,IN03A068,
18908,IN06B077,
18909,INXXX348,dimorphic
18910,IN10B057,
18911,IN00A041,
18912,IN06B063,
18915,IN21A037,
18916,IN16B055,
18917,IN23B023,
18918,INXXX336,
18919,vMS11,dimorphic
18920,IN16B058,
18921,IN13B046,
18923,IN06A033,
18924,IN09B038,
18925,IN06A045,
18926,IN04B068,
18927,IN03B052,
18928,IN06A054,
18929,IN12B027,
18931,IN03B063,
18933,IN23B032,
18934,IN23B028,
18936,IN19B066,dimorphic
18937,IN01B016,
18938,IN08B083,
18940,IN18B038,
18942,IN11B015,
18944,IN01A063,
18945,IN13B044,
18946,IN04B100,
18947,IN06B069,
18949,IN03A026,
18952,IN16B059,
18955,IN14A023,
18957,IN08A047,
18958,IN03A067,
18960,IN03A075,
18961,IN23B028,
18966,IN14A023,
18967,IN11A007,
18968,INXXX348,dimorphic
18969,IN02A054,
18970,INXXX310,sex_specific
18971,IN03A070,
18972,IN20A.22A076,
18973,IN06A059,
18974,IN04B046,
18975,IN01A065,
18976,INXXX354,sex_specific
18978,IN06B073,
18980,IN07B054,
18981,IN07B047,
18982,IN04B077,sex_specific
18984,IN09A069,
18985,IN06A059,
18987,IN05B072,
18989,INXXX373,
18990,IN04B102,
18991,IN23B009,
18992,IN16B075,
18994,IN13B056,
18996,IN03B055,
18998,IN00A029,
18999,IN08B093,
19000,IN06B053,
19002,IN09A032,
19003,INXXX268,
19005,INXXX288,
19006,IN09B038,
19008,IN20A.22A009,
19009,IN06A059,
19011,IN06B078,
19013,IN19A069,
19014,INXXX340,dimorphic
19015,IN04B074,
19016,IN03B058,
19018,IN09A091,
19021,IN20A.22A024,
19022,IN04B079,sex_specific
19023,IN23B028,
19024,IN03A076,
19026,IN19B066,dimorphic
19027,IN10B033,
19029,IN14B014,sex_specific
19032,IN13A024,
19033,IN03B060,
19034,IN14A023,
19035,INXXX217,dimorphic
19036,IN16B099,
19038,IN08A036,
19039,IN03B063,
19040,IN14A028,
19042,vMS12,dimorphic
19043,IN20A.22A024,
19044,IN09A027,
19047,IN19B103,
19049,IN10B042,
19050,IN14A022,
19051,IN00A053,
19052,IN19B050,
19053,IN06A052,
19054,IN02A035,
19055,IN13A061,
19056,IN03A066,
19058,INXXX280,
19059,IN06B025,
19064,IN09A039,
19065,IN00A047,
19067,IN16B049,dimorphic
19068,IN13A040,
19069,IN03A075,
19070,IN08B062,sex_specific
19071,IN04B089,
19072,INXXX384,
19073,IN01A063,
19075,IN01B012,
19077,IN03B065,
19081,IN19A064,
19083,IN03A028,
19084,IN03A071,
19087,IN13B065,
19089,IN04B054,
19090,IN04B076,sex_specific
19091,IN03A065,
19093,IN05B066,dimorphic
19096,INXXX352,dimorphic
19097,IN06B064,
19098,IN03B066,
19099,IN23B043,
19100,IN13B054,
19102,IN03A067,
19105,IN17A085,
19106,IN08B085,
19108,IN12B041,
19109,INXXX299,
19110,IN17A084,
19111,IN19A011,
19115,IN03A071,
19116,IN03B060,
19119,IN14A015,
19122,IN21A037,
19125,IN03B086,
19126,IN04B090,
19128,IN13A059,
19132,IN19B068,dimorphic
19133,IN13B038,
19136,IN12B052,
19137,IN06A061,
19138,IN08B087,
19140,IN06B067,
19141,IN09A026,
19144,IN17A093,
19145,IN09A026,
19146,IN14A018,
19148,IN19A093,
19150,IN06A058,
19151,IN19A060,
19152,IN04B042,
19153,IN13B030,
19154,IN12B033,
19156,IN13A034,
19157,IN06A044,
19160,IN16B058,
19161,IN04B025,
19162,IN20A.22A024,
19163,IN20A.22A021,
19166,IN19A070,
19167,IN04B053,
19168,INXXX331,
19173,IN21A028,
19175,IN03A059,
19179,IN13B048,
19180,INXXX295,
19183,INXXX309,dimorphic
19184,IN14A023,
19185,IN03A046,
19186,vMS11,dimorphic
19187,IN09A033,
19191,IN16B050,
19192,IN17A085,
19193,IN21A038,
19194,IN03A058,
19195,IN00A041,
19196,IN12A043,
19197,IN01B080,
19198,INXXX239,
19199,IN21A037,
19201,IN20A.22A007,
19202,IN00A053,
19204,IN21A038,
19205,IN03A030,
19209,IN13B074,
19211,IN13B058,
19213,IN01B024,
19214,IN04B100,
19216,IN13B042,
19217,IN13B058,
19218,IN03A075,
19219,IN19B077,
19220,IN14A024,
19221,IN19A041,
19225,IN21A030,
19226,IN03B066,
19227,IN17A089,
19228,INXXX315,
19232,IN06A124,
19233,IN01A058,
19235,IN03A067,
19236,IN17A061,
19237,IN03A074,
19238,IN08B083,
19239,IN06A054,
19241,IN01A045,
19242,IN13A030,
19246,IN02A023,
19247,IN14A025,
19249,IN03A069,
19250,IN04B079,sex_specific
19251,IN13B053,
19252,IN11B015,
19254,IN04B044,
19255,IN03A064,
19256,IN23B018,
19257,IN23B025,
19258,INXXX253,
19259,IN05B066,dimorphic
19262,IN08A030,
19264,IN01A045,
19265,IN03A075,
19267,IN19A072,
19268,IN09A021,
19271,IN01A050,
19272,IN06A063,
19274,IN00A041,
19275,IN23B017,
19276,IN17A083,
19277,IN23B033,
19278,IN18B047,dimorphic
19279,IN19B082,
19280,IN11A012,
19285,IN23B036,
19288,IN21A029,
19289,IN14A024,
19291,IN13A039,
19294,IN03A062,
19295,IN06B060,
19296,IN12B025,
19297,IN09A038,
19298,IN08A030,
19299,IN12A031,sex_specific
19302,IN19A057,
19303,IN12A050,
19305,INXXX315,
19306,INXXX396,
19309,IN12A063,
19310,IN12A050,
19312,IN00A039,
19315,IN19B043,
19316,IN14A028,
19317,IN06A059,
19321,IN16B089,
19322,IN13B050,
19323,IN09A039,
19325,IN07B075,
19326,IN06A061,
19327,IN07B030,
19329,IN12B027,
19331,IN19A059,
19333,IN21A037,
19336,IN12A052,
19338,IN03B049,
19339,IN14A029,sex_specific
19341,IN23B040,
19342,IN08B070,
19343,IN03B065,
19344,IN20A.22A059,
19346,IN03A062,
19348,IN08A032,
19349,IN05B070,
19353,IN18B038,
19354,IN14A022,
19355,INXXX385,
19356,IN19B071,
19357,IN03B055,
19358,IN11A021,
19360,IN09A032,
19361,IN12B048,
19362,IN06A067,
19366,IN04B079,sex_specific
19368,IN03B060,
19372,IN04B081,
19373,IN12B030,
19374,IN08B083,
19376,IN20A.22A017,
19378,IN20A.22A013,sex_specific
19379,IN13A040,
19380,IN23B030,
19381,IN07B054,
19382,INXXX353,dimorphic
19383,IN03B064,
19386,IN08B070,
19387,vMS11,dimorphic
19389,IN20A.22A015,
19390,IN11A025,
19392,IN13A034,
19393,IN01B013,
19394,IN19B050,
19396,IN20A.22A018,
19399,IN23B056,
19400,IN09A022,
19401,IN14A023,
19403,IN13B057,
19404,IN04B062,
19405,IN11A027,
19406,IN19A098,
19407,IN16B071,
19409,IN13A052,
19410,IN08B093,
19411,IN13B027,
19412,IN08B083,
19413,IN03A051,
19415,IN19A108,
19416,IN19A086,
19417,IN14A023,
19422,IN07B065,
19423,IN03A064,
19426,IN06B061,
19427,IN01A061,
19430,IN16B047,
19433,IN19B083,
19435,IN16B051,
19436,IN05B057,
19437,IN03A046,
19441,IN19B069,
19442,IN08A011,
19446,IN04B050,
19447,IN06A059,
19448,IN08A017,
19451,IN03A054,
19453,IN13A052,
19454,IN03B069,
19455,IN06A059,
19456,IN08A011,
19457,IN12B026,
19458,IN11A021,
19463,IN16B053,
19465,IN04B060,sex_specific
19466,IN03B071,
19471,IN13B010,
19472,IN03A075,
19473,IN04B030,sex_specific
19474,INXXX366,sex_specific
19475,IN04B066,
19476,IN03A095,
19477,IN20A.22A085,
19478,IN12B034,
19479,IN12B044,
19484,IN04B090,
19485,IN11A014,
19487,IN02A030,
19488,IN12B053,
19489,IN02A031,
19490,IN19A042,
19491,IN00A024,
19492,INXXX423,sex_specific
19493,IN20A.22A015,
19495,IN16B060,
19497,IN04B037,
19498,IN19B066,dimorphic
19499,IN04B084,
19501,IN04B048,sex_specific
19502,IN04B075,
19503,IN07B048,
19504,IN23B067,
19505,IN08B070,
19507,IN13A059,
19508,IN05B066,dimorphic
19510,IN10B028,
19512,IN12B027,
19515,IN03A068,
19516,INXXX352,dimorphic
19517,IN03B061,
19518,IN09A029,
19519,IN20A.22A086,
19523,IN04B087,
19524,IN08B085,
19525,IN11A020,
19526,IN19B071,
19528,IN11A016,
19532,IN17A086,
19536,IN08A028,
19537,IN12A059,
19538,IN23B037,
19539,IN06B071,
19541,IN23B028,
19544,IN12B027,
19546,IN09A046,
19549,IN23B041,
19550,IN19A093,
19551,IN13B036,
19552,IN09A022,
19553,IN06A070,
19555,IN23B029,sex_specific
19556,IN17A087,dimorphic
19557,IN04B080,
19559,IN03B062,
19561,IN11B013,
19563,IN16B077,
19564,IN09A027,
19566,IN06A106,
19567,IN16B049,dimorphic
19569,IN09A074,
19570,IN06A106,
19572,IN23B041,
19576,INXXX374,sex_specific
19577,IN23B037,
19578,IN19A041,
19579,IN17A086,
19582,IN23B008,
19583,IN19A045,
19584,INXXX321,
19586,IN13B065,
19587,IN19A064,
19588,IN19B062,
19589,IN06B076,
19591,IN20A.22A073,
19593,IN01B016,
19594,IN13A060,
19595,IN05B064,
19597,IN01A032,
19599,IN17A090,
19600,IN12B046,sex_specific
19601,IN08A011,
19603,IN19A088,
19605,IN00A043,
19606,IN06B076,
19607,IN12B037,
19608,IN12A046,
19609,IN09A039,
19610,IN17A074,
19611,IN04B078,
19614,IN04B079,sex_specific
19615,IN03B058,
19616,IN09B043,
19617,IN23B046,
19620,IN08A031,
19621,IN04B076,sex_specific
19622,IN14A118,
19623,IN03B065,
19625,IN10B028,
19626,IN02A023,
19627,INXXX297,dimorphic
19628,IN03A030,
19630,IN13B039,
19631,IN10B052,
19632,IN13B088,
19633,IN12A004,
19635,INXXX377,dimorphic
19637,INXXX329,
19638,IN08B065,
19639,IN23B041,
19640,IN26X001,
19641,IN04B062,
19642,IN23B018,
19646,IN03A071,
19647,IN03A024,
19648,IN16B052,
19649,IN07B066,
19651,IN21A045,
19653,IN16B066,
19654,IN12B035,
19656,IN12B039,
19659,IN20A.22A061,
19661,IN04B074,
19662,IN23B043,
19663,IN06A059,
19664,IN07B063,
19665,IN13B050,
19666,INXXX302,dimorphic
19669,IN06A076,
19670,IN06B059,
19671,IN03B089,
19672,IN06A059,
19673,IN19B078,sex_specific
19674,IN23B025,
19675,IN03B066,
19679,IN10B033,
19680,IN20A.22A015,
19681,IN19B056,
19683,INXXX307,dimorphic
19684,IN19B068,dimorphic
19687,IN17A071,
19688,IN06A042,
19689,IN20A.22A018,
19690,IN03A039,
19691,IN23B072,
19694,IN03A057,
19696,IN13A054,
19697,IN13A050,
19698,IN12B030,
19699,IN03A061,
19701,INXXX359,
19702,IN23B039,
19705,IN23B029,sex_specific
19706,IN03B055,
19709,IN02A020,
19710,IN17A091,
19711,IN03B066,
19712,IN13A035,
19713,IN16B049,dimorphic
19714,IN16B061,
19716,IN13B062,
19717,IN00A019,
19718,IN20A.22A018,
19719,IN16B067,
19721,IN01A063,
19722,IN04B088,
19723,IN08B083,
19724,IN14A025,
19727,IN19B078,sex_specific
19728,IN21A077,
19731,IN07B058,
19732,IN04B048,sex_specific
19733,IN08B093,
19734,IN08B082,
19737,IN20A.22A012,sex_specific
19738,IN06B061,
19740,IN06B071,
19741,IN13B060,
19745,IN21A050,
19746,IN19A037,
19748,IN13B053,
19752,IN06B071,
19755,IN13A050,
19756,IN13B061,
19757,IN20A.22A017,
19760,IN06B035,
19763,IN13B057,
19765,IN06B076,
19767,IN12B034,
19768,IN12B036,
19769,IN05B066,dimorphic
19772,IN04B075,
19775,IN13A043,
19776,IN12A051,
19779,IN04B068,
19780,IN03B063,
19781,IN12B032,
19783,IN23B070,
19784,IN01A053,
19786,IN09A082,
19788,IN17A090,
19789,IN01A062,
19792,IN01A056,
19793,INXXX353,dimorphic
19796,IN19A085,
19797,IN14A015,
19798,IN11B014,
19799,IN11B015,
19800,IN10B032,
19801,IN11A023,
19802,INXXX334,sex_specific
19803,IN13A042,
19805,IN11A017,
19806,IN12B041,
19807,INXXX228,dimorphic
19808,IN08B082,
19810,IN08A024,
19811,IN13B035,
19812,IN06B071,
19813,IN00A033,
19814,IN03A064,
19815,IN19A070,
19816,IN21A035,
19817,IN06A044,
19818,IN01A058,
19819,IN12B045,sex_specific
19822,vMS11,dimorphic
19825,IN13A042,
19827,IN19A079,
19828,IN07B061,dimorphic
19830,IN08B078,
19831,INXXX360,dimorphic
19833,IN04B081,
19834,IN18B031,
19835,IN10B030,
19836,IN04B030,sex_specific
19838,IN02A035,
19839,IN16B073,
19842,IN17A061,
19844,IN04B071,
19845,IN06B071,
19846,IN08B063,sex_specific
19847,TN1c,sex_specific
19848,IN06B040,
19849,IN13A036,
19851,IN16B099,
19852,IN05B085,
19853,IN12A055,sex_specific
19855,IN16B070,
19856,IN01B012,
19857,IN23B040,
19858,IN08A022,
19860,IN03B057,
19862,IN03A067,
19863,IN08A034,
19866,IN16B063,
19867,IN16B077,
19869,IN12B024,
19870,IN03A071,
19872,IN00A047,
19873,IN20A.22A016,
19875,IN13B057,
19876,IN13A054,
19877,IN08A024,
19879,IN06B050,
19881,IN09A039,
19884,IN12A054,
19889,IN19A068,
19890,IN12B031,
19891,IN03A037,
19892,IN04B048,sex_specific
19894,IN04B063,
19895,INXXX375,
19897,IN11B023,
19898,IN16B069,
19900,INXXX372,sex_specific
19901,IN04B074,
19902,INXXX217,dimorphic
19903,IN19B058,
19905,IN23B031,
19906,IN13A038,
19907,IN07B066,
19908,IN06A063,
19911,IN23B047,
19913,IN17A078,
19914,IN13A059,
19915,IN03B069,
19918,IN01B026,
19919,INXXX228,dimorphic
19921,IN20A.22A016,
19922,IN06B061,
19923,INXXX223,
19925,INXXX393,
19927,IN19B080,
19928,IN13B056,
19930,IN08B082,
19933,IN06B078,
19935,IN06A022,
19936,IN23B054,
19938,IN03B064,
19939,IN03B052,
19940,IN16B074,
19941,IN00A035,
19942,IN23B030,
19943,IN19A108,
19944,IN19A055,
19946,IN04B074,
19947,IN00A030,
19949,IN21A039,
19950,IN12B036,
19951,IN16B072,
19953,IN19A060,
19954,IN19B056,
19956,IN03A037,
19957,IN13A062,
19960,IN04B049,
19961,INXXX396,
19962,IN09B043,
19963,IN03A062,
19968,INXXX288,
19969,IN06B063,
19970,IN13A039,
19976,IN03A078,
19977,IN23B048,
19978,IN13B058,
19979,IN21A053,
19980,IN13A036,
19981,INXXX379,dimorphic
19982,IN13B059,
19984,IN14A058,
19985,IN04B093,
19987,IN03A078,
19989,IN01A045,
19990,IN02A032,
19991,IN09A025,
19992,IN20A.22A017,
19994,IN04B100,
19996,IN03A062,
19999,IN19A062,
20001,IN19B058,
20002,IN00A057,
20003,IN11B016,
20004,IN07B073,
20005,IN13B064,
20007,IN21A044,
20009,IN18B038,
20010,IN08A031,
20011,IN07B061,dimorphic
20014,IN09A029,
20016,IN12B044,
20020,INXXX381,
20021,IN09A039,
20022,IN20A.22A016,
20027,IN06A075,
20028,IN03A077,
20031,IN01A050,
20032,IN18B042,
20033,IN16B018,
20034,IN03A060,
20035,IN20A.22A015,
20036,IN13B093,
20037,IN20A.22A015,
20039,IN09A032,
20040,IN13A032,
20041,IN08B072,
20044,IN20A.22A023,
20046,IN04B084,
20047,IN13A024,
20048,IN17A091,
20049,IN16B058,
20050,IN09A016,
20051,IN19B071,
20053,IN09A039,
20054,IN03A071,
20056,INXXX363,
20057,IN03A085,
20061,IN09A030,
20064,IN12B044,
20065,IN19A069,
20066,IN16B092,
20067,vMS11,dimorphic
20068,IN08B083,
20069,IN16B069,
20070,INXXX365,
20071,IN04B063,
20072,IN05B061,
20075,IN06B059,
20077,IN04B066,
20078,IN03A040,
20080,IN16B082,
20081,IN06B078,
20084,IN23B064,
20091,IN18B042,
20092,IN02A033,
20093,IN20A.22A012,sex_specific
20095,INXXX295,
20097,IN05B073,dimorphic
20098,IN04B112,
20099,IN03A062,
20100,INXXX363,
20101,IN08A026,
20102,IN03B074,
20103,INXXX387,sex_specific
20105,IN13B045,
20106,IN14A025,
20107,IN01A063,
20109,INXXX340,dimorphic
20110,INXXX293,sex_specific
20111,IN23B018,
20114,IN16B045,
20116,IN00A040,
20118,IN13A053,
20120,IN02A031,
20121,IN01A073,
20122,INXXX245,
20124,IN04B041,
20125,IN13A068,
20126,IN23B037,
20127,IN08B088,
20128,IN16B077,
20130,IN08A036,
20131,IN16B066,
20132,IN03A067,
20133,IN03B060,
20135,IN11A021,
20137,IN04B101,
20138,IN09A052,
20142,IN03A062,
20143,IN19B066,dimorphic
20147,IN12B044,
20149,IN06A075,
20150,IN08A028,
20151,IN11A019,
20152,IN04B090,
20153,IN16B070,
20154,IN13A057,
20158,IN03A061,
20160,IN03B080,
20161,IN19A059,
20164,IN08B093,
20166,IN19A045,
20167,IN23B047,
20169,IN21A106,sex_specific
20170,INXXX133,
20171,IN12B033,
20172,IN03A052,
20173,IN16B075,
20174,IN23B049,
20175,IN03B069,
20176,IN08A035,
20178,IN07B054,
20180,IN03B052,
20181,IN04B057,
20184,IN21A028,
20186,IN12B032,
20187,IN04B026,dimorphic
20190,IN11B001,
20191,IN03B067,
20197,IN14A044,
20198,IN08B077,sex_specific
20199,IN12A054,
20201,IN06B072,
20202,IN20A.22A010,
20203,IN08A023,
20204,IN03B078,
20208,IN14A015,
20210,IN09A070,
20211,IN12B037,
20212,IN09B038,
20213,IN13B045,
20214,IN12B036,
20215,IN06B079,
20217,IN03B055,
20219,IN12B048,
20220,IN05B064,
20221,IN12A059,
20223,IN07B073,
20224,IN01A051,dimorphic
20225,IN06A066,
20226,IN20A.22A074,
20230,IN07B065,
20231,INXXX316,
20232,IN10B028,
20233,IN13B098,
20234,IN01B023,
20236,IN04B063,
20238,IN00A047,
20239,IN00A045,
20241,IN06B059,
20242,vMS11,dimorphic
20246,IN09A027,
20247,INXXX273,dimorphic
20248,IN03B056,
20249,IN21A049,
20250,IN23B032,
20254,INXXX379,dimorphic
20256,IN13B060,
20257,IN14A029,sex_specific
20259,IN23B050,
20262,INXXX321,
20264,IN20A.22A039,
20265,IN17A081,
20266,IN13B056,
20267,IN17B010,
20269,IN03B069,
20270,INXXX333,dimorphic
20272,IN19A057,
20276,IN03B063,
20277,IN10B028,
20278,IN08A019,
20283,IN19B080,
20284,IN14A038,
20285,IN16B053,
20286,IN09A033,
20287,IN13A035,
20289,IN06A043,
20290,IN06A065,
20291,IN21A038,
20292,INXXX372,sex_specific
20293,IN12B044,
20295,INXXX249,
20297,IN00A034,
20299,INXXX448,
20300,INXXX316,
20304,IN13B044,
20306,IN08B083,
20309,IN07B083,
20310,IN19A067,
20311,IN21A042,
20314,IN19A093,
20317,IN16B075,
20319,IN12B079,
20320,IN03A045,
20321,IN13A055,
20322,IN12B049,
20323,IN19A117,
20324,IN23B056,
20325,vMS11,dimorphic
20328,IN03A066,
20329,IN00A059,
20330,IN16B068,
20331,IN06A054,
20332,IN14A109,
20333,IN03A073,
20334,IN03B063,
20335,IN20A.22A038,
20336,IN23B034,
20337,IN20A.22A016,
20338,IN17A095,
20339,IN12B053,
20340,IN06B079,
20344,IN08A024,
20346,IN04B087,
20347,IN20A.22A008,
20348,IN06A057,
20349,IN04B017,sex_specific
20350,IN01A056,
20353,IN06A073,
20354,IN13A053,
20355,IN16B069,
20356,IN01A062,
20358,IN06B070,
20360,IN00A031,
20361,IN00A041,
20362,IN20A.22A019,
20363,IN16B052,
20365,IN13A057,
20366,IN13A042,
20368,IN06B073,
20369,IN19A073,
20370,IN07B051,
20371,IN08B091,
20372,IN16B051,
20375,IN07B064,
20376,IN06A124,
20379,IN16B053,
20380,IN08B085,
20383,IN01B017,
20384,IN17A097,
20385,IN19B091,
20388,IN06A075,
20390,IN12A042,sex_specific
20391,IN01A069,
20392,IN20A.22A024,
20393,IN14A026,
20394,INXXX429,
20395,IN09A039,
20396,IN17A088,
20397,IN14A025,
20399,IN07B061,dimorphic
20400,IN12B047,
20401,IN08B091,
20403,IN11A022,
20404,IN19A064,
20407,IN08B091,
20409,IN06B080,
20410,IN19A057,
20411,IN08A031,
20412,IN04B088,
20413,IN12A063,
20414,IN23B047,
20415,IN06A066,
20416,IN04B087,
20417,IN21A051,
20419,IN12B044,
20420,IN04B068,
20421,IN17A061,
20422,IN23B046,
20423,IN19A069,
20424,IN01A063,
20426,IN03B060,
20428,IN19A073,
20431,IN03A058,
20435,IN16B065,
20436,IN03A081,
20437,IN03A069,
20438,IN13B060,
20440,IN08B085,
20441,IN04B081,
20443,IN06A067,
20445,IN23B057,
20448,IN17A099,
20450,INXXX231,
20451,IN08A011,
20452,IN12A044,
20454,IN04B071,
20455,IN19A041,
20456,IN12B031,
20457,IN09A049,
20459,IN03B058,
20461,IN13B042,
20462,IN06A002,
20465,INXXX337,
20469,IN03B065,
20471,IN19A096,
20473,IN01B067,
20476,IN16B052,
20477,IN07B048,
20479,IN08A026,
20480,IN08B087,
20481,INXXX339,
20482,IN08B083,
20483,IN08B088,
20484,IN08B091,
20485,IN06A082,
20488,IN16B075,
20490,IN03B063,
20491,IN13B067,
20492,IN09A039,
20493,IN19A100,
20494,IN16B075,
20495,IN23B054,
20498,INXXX325,dimorphic
20500,IN12B031,
20501,IN11B014,
20502,IN03A067,
20503,IN03B064,
20504,IN13B066,
20507,IN19B071,
20511,IN12B044,
20512,IN01B033,
20513,IN19B077,
20514,IN06B073,
20515,IN03B054,
20517,IN06B072,
20519,IN06B077,
20520,IN04B094,
20523,IN19B050,
20525,IN07B080,
20527,IN19A106,
20528,IN06A069,
20534,IN23B038,
20536,IN06B072,
20537,IN19B067,
20539,IN13A044,
20540,IN19A059,
20545,IN01A059,
20546,IN19A067,
20547,IN01A062,
20548,IN12B037,
20553,IN23B063,
20554,IN12B044,
20555,IN23B067,
20556,IN04B097,
20557,IN21A047,
20558,IN01A059,
20560,IN10B030,
20565,IN09A039,
20566,INXXX396,
20567,IN06A067,
20568,IN21A034,
20569,IN09A043,
20570,IN20A.22A012,sex_specific
20571,IN02A029,
20573,IN06A044,
20574,IN00A024,
20575,IN17A064,
20576,IN13A034,
20577,IN17A079,
20579,IN16B075,
20581,IN09B045,
20582,INXXX385,
20585,IN04B095,
20586,IN19B057,
20587,IN01B026,
20588,IN07B044,
20589,IN01A063,
20590,IN19B043,
20591,INXXX388,
20592,IN10B030,
20594,IN06A072,
20596,IN20A.22A022,dimorphic
20599,INXXX382,dimorphic
20601,IN09A013,
20603,IN20A.22A026,
20604,IN00A027,dimorphic
20607,IN10B030,
20608,IN13A068,
20609,IN20A.22A059,
20610,INXXX321,
20611,IN02A030,
20613,IN23B060,
20614,IN20A.22A033,
20618,IN18B046,dimorphic
20620,IN00A057,
20623,IN08A050,
20624,IN03B071,
20627,IN09A046,
20628,IN23B065,
20629,IN16B064,
20630,IN17A101,sex_specific
20633,IN00A048,
20637,IN10B028,
20638,IN03A087,
20640,IN09A027,
20641,IN12B031,
20642,IN12A043,
20646,IN13B070,
20650,IN04B081,
20652,IN16B076,
20653,IN09A048,
20654,IN13A049,
20655,IN01A060,
20656,IN01B024,
20658,IN17A088,
20659,IN05B075,
20660,IN06A051,
20661,IN17A093,
20662,IN06B070,
20666,IN09B043,
20669,IN03A082,
20671,IN09A039,
20675,IN16B049,dimorphic
20676,IN03B060,
20677,IN06A090,
20679,IN08A011,
20680,IN06A067,
20681,IN12B049,
20682,IN23B044,
20683,IN12A057,
20686,IN12B044,
20687,IN03B058,
20688,IN23B053,
20689,IN03B055,
20691,IN02A040,
20692,IN13A035,
20693,INXXX370,dimorphic
20694,IN12B043,
20695,IN19A114,
20696,IN13B070,
20697,IN14A027,sex_specific
20701,IN03B055,
20702,IN10B036,
20703,IN23B037,
20704,IN07B054,
20706,IN10B032,
20710,IN23B036,
20711,IN16B070,
20712,IN19A077,
20714,IN01B019,
20715,IN13A062,
20716,IN04B071,
20717,IN03A078,
20718,IN03A060,
20719,IN13A054,
20722,IN23B091,
20723,IN21A051,
20724,IN02A033,
20726,IN06A057,
20727,IN02A033,
20729,INXXX400,
20730,IN03B060,
20731,IN21A059,
20733,IN01A066,
20735,IN01B019,
20736,IN06B082,
20739,IN05B073,dimorphic
20740,IN20A.22A019,
20742,IN13A062,
20743,IN03A071,
20744,IN06B071,
20745,IN01B021,
20747,IN20A.22A051,
20749,IN19A057,
20754,IN03B074,
20755,IN16B055,
20756,IN12B044,
20757,INXXX019,sex_specific
20758,IN16B058,
20760,IN13B078,
20761,IN03A082,
20762,INXXX382,dimorphic
20763,IN03B077,
20766,IN03B053,
20767,IN08A034,
20769,IN18B045,
20770,IN03B059,
20771,IN23B020,
20774,IN19B075,
20775,IN12B058,
20781,IN13B066,
20784,IN11A016,
20785,IN20A.22A026,
20787,IN00A017,
20788,IN10B061,sex_specific
20790,IN13B050,
20791,IN04B065,sex_specific
20792,IN13A060,
20794,IN12B049,
20795,IN16B054,
20796,IN03A079,
20800,IN13A058,
20801,IN08A028,
20802,IN19A080,
20803,IN13B055,
20804,INXXX287,
20805,IN08A036,
20807,IN10B034,
20810,IN17A087,dimorphic
20811,IN13B065,
20812,IN06A074,
20813,IN07B066,
20815,IN03A069,
20818,IN19A122,
20821,IN11B018,
20822,INXXX396,
20823,IN20A.22A041,
20824,IN13A057,
20826,INXXX390,
20827,IN03B071,
20828,IN16B060,
20829,IN06B078,
20832,IN19B070,
20836,IN04B078,
20837,IN13A050,
20838,IN07B065,
20840,IN08A011,
20841,IN20A.22A039,
20842,IN12A055,sex_specific
20844,IN08A023,
20845,IN20A.22A025,
20846,IN01A061,
20850,IN00A038,
20851,IN03A088,
20852,IN23B058,
20853,IN00A038,
20855,INXXX399,dimorphic
20856,IN17A097,
20857,IN09A021,
20859,IN06A109,
20866,IN13B065,
20867,IN01A054,
20869,IN02A029,
20871,IN06A064,dimorphic
20872,IN13B047,
20877,IN12A044,
20878,IN16B070,
20879,IN19A060,
20882,IN03A073,
20884,IN23B031,
20885,IN04B093,
20886,IN17A112,
20888,IN21A037,
20889,IN03A077,
20890,IN12A044,
20891,IN20A.22A019,
20892,IN07B065,
20893,IN13B080,
20895,IN16B054,
20896,IN08A036,
20897,IN10B032,
20899,IN06B067,
20901,IN19B085,
20902,IN16B089,
20903,IN18B043,
20905,IN21A040,
20908,IN01B027,
20913,IN03B073,
20917,IN09A058,
20918,IN20A.22A089,
20919,IN16B076,
20921,IN03A080,
20922,IN01B083,
20924,IN18B032,
20925,IN12B036,
20926,IN04B090,
20929,IN19B084,
20930,IN02A029,
20931,IN08A044,
20932,IN04B100,
20933,IN12B056,
20935,IN06A067,
20936,IN14A028,
20937,IN20A.22A035,
20938,IN00A054,
20940,IN13A008,
20942,IN13B043,
20943,IN19A041,
20946,IN11B015,
20947,IN21A038,
20948,IN03A004,
20949,IN16B083,
20950,IN01A050,
20951,IN19A072,
20955,IN06B079,
20957,IN20A.22A055,
20958,IN16B055,
20961,IN12B052,
20962,INXXX392,sex_specific
20963,IN13B054,
20965,IN20A.22A026,
20968,IN20A.22A018,
20972,IN12A042,sex_specific
20973,IN21A063,
20974,IN20A.22A069,
20976,INXXX392,sex_specific
20977,IN23B066,
20979,IN20A.22A039,
20981,IN12B063,
20982,IN04B078,
20983,IN13A054,
20984,IN08B091,
20985,IN11A015,
20986,IN06A039,
20988,IN08A027,
20989,IN16B077,
20990,IN04B068,
20992,IN05B042,
20993,IN03B072,
20994,INXXX397,
20995,IN12B003,
20996,IN11A013,
20997,IN13B044,
20998,IN19A074,
20999,IN13A030,
21000,IN17A093,
21001,IN04B095,
21002,IN05B065,
21003,IN19A117,
21006,IN03A051,
21007,IN13A047,
21008,IN02A044,
21009,IN06B074,
21010,IN21A048,
21011,IN00A054,
21012,IN07B058,
21013,IN03B055,
21014,IN13A057,
21015,IN06B059,
21017,IN12A044,
21021,IN04B043,
21023,IN06B066,
21024,IN07B054,
21025,IN13B058,
21028,IN20A.22A008,
21029,IN03A064,
21030,IN20A.22A039,
21031,IN01A062,
21032,IN03B064,
21034,IN16B073,
21036,IN04B077,sex_specific
21038,IN04B107,
21040,IN06A077,
21042,IN23B065,
21043,IN03A070,
21045,INXXX395,dimorphic
21046,IN06A082,
21048,IN03A092,
21051,IN19A064,
21052,IN19A088,
21053,IN19B077,
21054,IN13A038,
21056,IN13B074,
21058,IN09A043,
21060,IN03B066,
21062,IN12B053,
21063,IN16B068,
21064,IN06A075,
21065,IN20A.22A059,
21066,IN14A032,
21067,IN19B071,
21072,IN13B055,
21073,IN12B052,
21074,IN18B046,dimorphic
21076,IN01B015,
21079,IN09A040,
21081,IN03B064,
21082,IN20A.22A032,
21085,IN07B065,
21088,IN03B060,
21089,IN00A051,
21090,INXXX395,dimorphic
21091,IN20A.22A011,dimorphic
21092,IN06A082,
21093,IN21A056,
21094,IN09B045,
21095,IN16B077,
21097,IN17A098,
21098,IN09A045,
21099,IN12A058,
21101,IN13A060,
21104,INXXX283,dimorphic
21106,IN19B068,dimorphic
21107,IN03B067,
21108,IN11A025,
21109,IN16B083,
21110,IN03B070,
21111,IN11B004,dimorphic
21115,IN19B089,
21116,IN06B072,
21117,IN20A.22A037,
21118,IN12B044,
21119,IN19A088,
21120,IN04B092,
21121,IN12B079,
21122,INXXX290,dimorphic
21123,IN03B054,
21126,IN19B071,
21127,IN12A004,
21128,IN09A052,
21129,IN07B063,
21130,IN05B077,
21131,IN03B060,
21132,IN04B083,
21133,IN09B045,
21134,IN04B081,
21138,IN12B037,
21140,IN01B019,
21141,IN01B027,
21142,IN03A080,
21144,IN09A087,
21146,IN04B062,
21147,IN04B071,
21148,IN17A079,
21152,INXXX360,dimorphic
21153,IN07B073,
21157,IN09A032,
21160,IN04B078,
21162,IN20A.22A036,
21164,IN06A075,
21167,IN20A.22A033,
21169,IN19B091,
21170,IN16B069,
21171,IN18B031,
21172,IN07B083,
21173,IN14A028,
21174,IN06A085,
21175,IN13B068,
21176,IN13A059,
21179,IN04B064,
21182,IN09A045,
21183,IN04B078,
21184,IN14A028,
21185,IN09A054,
21187,IN03B054,
21189,IN04B081,
21191,IN13B076,
21194,IN12B066,
21195,IN01A064,
21196,INXXX346,dimorphic
21197,IN04B083,
21199,IN00A056,
21200,IN21A047,
21201,INXXX350,dimorphic
21204,IN19B082,
21205,IN19A041,
21206,IN17A096,dimorphic
21207,IN03A078,
21208,IN06A075,
21212,IN04B073,
21213,IN20A.22A029,
21216,IN04B078,
21217,IN07B051,
21218,IN03B091,
21220,IN11A027,
21221,IN06A064,dimorphic
21222,IN09B046,
21226,IN12B053,
21227,IN19B091,
21229,IN02A036,
21230,IN23B049,
21233,IN13A042,
21236,IN08B082,
21238,IN09A060,
21244,IN08A023,
21245,INXXX372,sex_specific
21246,IN19A067,
21247,IN07B055,
21249,IN20A.22A018,
21251,IN06A075,
21252,IN18B038,
21253,IN13B058,
21257,IN07B068,
21258,IN19A047,
21260,IN12A052,
21265,IN01A054,
21266,IN01B027,
21268,IN11A016,
21271,IN08B085,
21272,IN04B102,
21274,IN01B053,
21276,IN06A067,
21277,IN21A083,
21278,IN04B080,
21282,IN03A073,
21287,IN23B035,sex_specific
21291,IN23B029,sex_specific
21293,IN02A030,
21294,IN02A054,
21298,IN08A035,
21300,IN09A044,
21301,IN14A047,
21303,IN06B077,
21304,IN16B042,
21305,IN13A044,
21306,IN06B073,
21307,IN19B075,
21309,IN23B027,
21310,IN08A026,
21316,IN11B016,
21318,IN21A062,
21319,IN07B065,
21321,IN08A019,
21322,IN04B081,
21330,IN09B044,
21332,IN16B062,
21334,IN12B037,
21336,IN00A031,
21338,IN13B060,
21339,IN04B105,
21340,IN08A036,
21341,IN07B058,
21342,IN03A061,
21346,IN06B025,
21348,INXXX396,
21349,IN01B017,
21351,IN01A058,
21352,IN08A022,
21353,IN09A063,
21354,IN03A070,
21357,IN20A.22A030,
21359,IN19B089,
21360,IN19B070,
21363,IN19B071,
21364,IN16B083,
21367,IN01A058,
21371,IN23B063,
21372,IN13A058,
21373,IN03A084,
21375,IN20A.22A039,
21377,IN03A055,
21378,IN19A073,
21379,IN20A.22A017,
21381,IN19B067,
21382,IN19A060,
21383,IN20A.22A015,
21384,IN20A.22A043,
21385,IN03B058,
21388,IN06B064,
21389,IN17A102,
21390,IN07B081,
21392,IN08B087,
21393,IN08B092,
21394,IN01A079,
21396,IN06A070,
21397,IN19A068,
21398,IN13A053,
21399,IN20A.22A017,
21401,IN13B056,
21402,IN19A048,
21405,IN06B070,
21406,INXXX421,dimorphic
21407,IN16B089,
21408,IN20A.22A036,
21411,IN08A023,
21412,IN16B094,
21413,IN03B071,
21415,IN23B030,
21416,IN12A056,sex_specific
21418,IN06A075,
21424,IN16B100,
21426,IN14A028,
21429,IN09A034,
21430,IN03B058,
21435,IN02A038,
21436,IN09A060,
21437,IN07B066,
21438,IN05B028,
21439,IN18B047,dimorphic
21441,vMS12,dimorphic
21442,IN01B026,
21443,IN20A.22A030,
21446,INXXX373,
21453,INXXX216,
21455,IN16B059,
21456,IN16B074,
21458,IN12B053,
21459,IN04B103,
21460,IN03A081,
21464,IN04B084,
21465,IN05B070,
21466,IN08B076,
21467,IN12B032,
21471,IN04B108,
21472,IN20A.22A035,
21474,IN03A077,
21475,IN16B079,
21476,IN13A056,
21477,IN01B021,
21479,IN03B067,
21481,IN17A078,
21482,IN06A085,
21483,IN03A085,
21486,IN14A025,
21491,IN17A079,
21492,IN13B074,
21493,IN07B073,
21494,IN12B065,
21495,IN19A117,
21497,IN01B017,
21499,IN04B072,
21501,IN09A043,
21505,IN06B074,
21507,IN03A084,
21512,IN21A064,
21513,IN04B100,
21514,IN13B051,
21515,INXXX407,dimorphic
21516,IN13B070,
21518,IN00A065,
21519,IN04B081,
21523,IN03A085,
21524,IN23B053,
21525,IN01A062,
21526,IN23B042,sex_specific
21528,IN23B068,
21530,INXXX271,dimorphic
21531,IN20A.22A047,
21533,IN03A062,
21534,IN14A034,
21537,IN03B058,
21538,IN19B080,
21539,IN13B063,
21541,IN09A063,
21542,IN09A031,
21543,INXXX341,
21544,IN12B038,
21546,IN00A042,
21548,IN23B028,
21551,IN16B085,
21554,IN23B067,
21555,IN07B053,
21559,IN16B084,
21562,IN09B056,sex_specific
21566,IN04B105,
21567,IN04B066,
21569,IN04B081,
21573,IN16B093,
21574,IN10B042,
21575,IN23B032,
21576,IN21A047,
21580,IN00A054,
21581,IN23B062,
21582,IN19A093,
21584,IN20A.22A050,sex_specific
21586,IN20A.22A036,
21587,IN12B050,sex_specific
21588,IN20A.22A035,
21592,IN11A030,
21593,IN19A093,
21594,IN20A.22A036,
21595,IN03B065,
21600,IN03B058,
21601,GFC3,
21602,IN12A053,
21603,IN19B068,dimorphic
21606,IN19B064,
21607,IN04B103,
21610,IN20A.22A024,
21611,IN14A042,
21613,IN20A.22A015,
21614,IN19A109,
21616,IN10B031,
21618,IN21A040,
21619,IN13A040,
21620,IN03B072,
21623,IN03B060,
21625,IN07B067,
21626,IN20A.22A016,
21627,IN06A075,
21630,IN09A043,
21632,INXXX396,
21635,IN06B078,
21636,IN20A.22A048,
21639,IN13B065,
21642,IN08A031,
21643,IN02A042,
21644,IN06B076,
21645,IN16B071,
21648,IN12B049,
21649,IN13A050,
21650,IN23B037,
21651,IN08A026,
21655,IN06B076,
21656,IN13A059,
21657,IN09A047,
21659,IN12B047,
21660,IN02A028,
21663,IN17A105,
21667,IN13B052,
21672,IN01A048,
21673,IN20A.22A051,
21674,IN19A053,
21675,IN11A020,
21676,IN23B062,
21677,IN06A057,
21680,IN17A089,
21684,IN23B064,
21687,IN19A099,
21690,IN06A096,
21691,IN19A086,
21692,IN08A032,
21693,IN17A084,
21697,IN10B038,
21698,IN20A.22A022,dimorphic
21703,IN07B081,
21704,INXXX053,
21705,IN14A024,
21711,IN16B077,
21712,IN01B022,
21713,IN03B058,
21715,IN23B029,sex_specific
21716,IN08B088,
21717,IN00A048,
21719,IN06A096,
21720,INXXX333,dimorphic
21722,IN07B068,
21723,IN00A049,
21724,IN03A087,
21725,IN05B086,
21726,IN19B087,
21727,IN13B078,
21728,IN23B056,
21729,IN09B043,
21730,IN14A031,
21731,IN04B073,
21732,INXXX354,sex_specific
21734,IN13A050,
21736,IN03A054,
21737,IN13B076,
21738,IN14A045,
21740,IN09A030,
21741,IN12B037,
21742,IN12B045,sex_specific
21743,IN10B030,
21744,IN09A064,
21745,IN00A050,
21747,IN09A062,
21751,IN19A069,
21754,IN20A.22A030,
21755,IN03B082,
21757,IN19A060,
21759,IN03A062,
21760,IN07B073,
21762,INXXX335,
21763,IN08B092,
21764,IN20A.22A069,
21767,IN12B026,
21769,IN21A055,
21770,IN00A048,
21771,IN16B064,
21772,IN01A054,
21774,INXXX405,
21775,IN03A062,
21776,IN14A028,
21777,IN10B030,
21778,IN11A021,
21779,IN00A053,
21781,INXXX287,
21782,IN04B081,
21784,IN02A054,
21785,IN21A061,
21787,INXXX406,
21788,IN19A094,
21789,IN04B075,
21791,IN03A094,
21792,IN07B080,
21793,IN19A048,
21794,IN21A060,
21795,IN09A043,
21796,IN09A057,
21799,IN07B074,
21801,IN20A.22A016,
21802,IN19A099,
21804,IN08A011,
21805,IN08B104,
21806,IN05B085,
21808,IN04B104,
21809,IN07B073,
21811,IN03B071,
21813,IN07B073,
21816,IN01B046,
21818,IN14A047,
21819,IN06B066,
21821,IN06A076,
21822,vMS11,dimorphic
21823,IN23B065,
21827,IN06A076,
21829,IN23B033,
21830,IN03B061,
21832,IN08A031,
21833,IN07B080,
21835,INXXX400,
21836,IN00A057,
21837,IN13A060,
21838,IN13B057,
21839,IN07B073,
21840,IN17A110,
21843,IN06A082,
21844,INXXX409,
21845,INXXX331,
21846,IN19A047,
21848,IN18B048,
21849,IN10B041,
21850,IN01B040,
21851,IN20A.22A036,
21854,IN19B091,
21856,INXXX417,
21858,IN04B103,
21859,IN19A117,
21861,IN04B054,
21862,IN04B101,
21863,IN21A037,
21864,IN20A.22A039,
21866,IN03A083,
21867,IN20A.22A044,
21868,IN03B071,
21869,IN01B032,
21872,IN08A026,
21873,IN03B060,
21874,IN13A041,
21876,IN13A044,
21879,IN03A094,
21880,IN19B070,
21881,IN09A043,
21883,IN02A038,
21884,IN11A025,
21885,IN01A058,
21890,IN09A034,
21891,IN20A.22A024,
21893,IN06A065,
21894,IN09A048,
21896,IN09A049,
21897,IN06A088,
21898,IN13A035,
21901,IN03A046,
21903,IN01A069,
21904,IN09A054,
21906,IN23B040,
21912,IN14A044,
21913,IN01A082,
21914,IN03A068,
21915,IN08B021,
21917,INXXX284,
21918,IN01B023,
21920,IN10B058,
21921,IN20A.22A023,
21925,IN23B090,dimorphic
21927,IN10B042,
21928,IN16B068,
21929,IN12A058,
21930,IN08A026,
21931,IN01A069,
21932,IN12B030,
21934,IN09A031,
21935,IN04B107,
21936,IN04B108,
21938,IN03B084,
21939,IN13B073,
21940,IN23B046,
21941,IN20A.22A056,
21943,IN02A033,
21945,IN13B057,
21946,IN19B071,
21948,IN11B016,
21950,IN10B042,
21952,IN19B071,
21955,IN03A094,
21956,IN04B101,
21957,IN13B096,
21958,IN16B045,
21960,IN08B093,
21961,IN12A059,
21962,IN00A045,
21964,INXXX391,dimorphic
21966,IN19B092,
21969,IN03A081,
21971,INXXX409,
21972,IN23B046,
21973,IN23B061,
21974,IN20A.22A021,
21977,IN16B051,
21978,IN12B072,
21980,IN12B053,
21983,INXXX295,
21984,IN08B090,
21985,IN03A071,
21986,IN07B045,
21987,IN13A059,
21990,IN01B037,
21993,IN11B009,
21994,IN20A.22A036,
21995,IN16B094,
21997,IN06A061,
21998,IN13B087,
22003,IN12B058,
22006,IN08A026,
22007,IN14A038,
22008,IN06A117,
22012,IN01B022,
22013,IN19A117,
22014,IN04B100,
22015,IN14A040,
22017,IN16B079,
22020,IN13A024,
22021,IN19B080,
22022,INXXX399,dimorphic
22025,IN09A046,
22031,IN20A.22A044,
22032,IN21A047,
22034,IN00A047,
22035,IN01B020,
22036,IN03B020,
22039,IN21A015,
22040,IN01B020,
22043,IN06A076,
22044,IN19B091,
22046,IN21A061,
22048,IN06B081,
22051,IN12B058,
22054,IN12B032,
22055,IN02A044,
22056,IN03A050,
22057,IN17A104,
22059,INXXX363,
22060,IN11A027,
22062,IN13B090,
22063,IN09A042,
22064,IN14A026,
22065,IN10B057,
22066,IN17A094,dimorphic
22067,INXXX295,
22071,IN02A038,
22073,IN12B061,
22074,IN14A023,
22076,IN06A028,
22078,IN03B058,
22080,IN06A075,
22081,IN12B050,sex_specific
22082,IN06B073,
22083,IN20A.22A052,
22084,IN09B044,
22088,IN13A035,
22089,IN08A011,
22091,IN07B066,
22093,IN09A046,
22094,IN09A028,
22095,IN03A081,
22096,IN06B082,
22097,IN06B079,
22099,IN07B061,dimorphic
22101,IN23B039,
22103,IN09A043,
22104,IN01B022,
22105,IN08A022,
22108,IN01B019,
22114,IN09B047,
22116,IN19B089,
22118,IN19B088,
22119,IN13A055,
22120,IN11A012,
22121,IN19A117,
22122,IN11A022,
22127,IN18B048,
22128,IN01A079,
22129,IN07B103,
22130,IN19A050,
22132,IN04B104,
22133,IN17A104,
22134,IN01A066,
22135,IN13B090,
22137,IN20A.22A063,
22140,IN06A067,
22142,IN12B048,
22143,IN01B022,
22144,IN20A.22A039,
22148,IN13B078,
22149,IN11B004,dimorphic
22150,IN06B077,
22151,IN21A048,
22153,IN20A.22A052,
22155,IN20A.22A009,
22156,IN12B075,
22158,IN01B083,
22159,IN01A058,
22161,IN21A035,
22162,IN08A036,
22163,IN04B091,
22164,IN06A064,dimorphic
22166,IN20A.22A058,
22167,INXXX392,sex_specific
22168,IN12A059,
22170,IN06B064,
22171,IN05B073,dimorphic
22172,IN06A064,dimorphic
22173,IN04B104,
22174,IN06A074,
22176,IN19B090,
22177,IN14A036,
22178,IN08A029,
22179,IN19B078,sex_specific
22181,IN13B070,
22182,IN08B083,
22183,IN20A.22A019,
22184,IN16B058,
22185,IN20A.22A016,
22188,IN17A108,
22189,IN09A070,
22191,IN12A050,
22192,INXXX409,
22193,IN02A044,
22195,IN09A045,
22196,IN06A082,
22197,INXXX407,dimorphic
22198,IN14A021,
22199,IN06A076,
22200,IN20A.22A068,
22201,IN01B023,
22203,IN12B066,
22205,IN09A059,
22206,IN06B080,
22207,IN06A059,
22209,INXXX315,
22211,IN19A088,
22212,IN23B045,
22213,IN12B043,
22214,IN04B109,
22218,IN16B074,
22220,IN19B086,
22221,IN06B059,
22222,IN10B042,
22224,IN20A.22A025,
22225,IN06B086,
22227,IN06B066,
22232,IN05B075,
22233,IN13B087,
22238,IN14A036,
22239,INXXX412,dimorphic
22241,IN21A041,
22242,IN06A056,
22243,IN14A046,
22244,IN17A102,
22245,IN16B058,
22246,IN02A047,
22250,IN19A058,
22252,IN09A043,
22253,IN16B074,
22254,IN06B081,
22255,IN12B074,
22256,IN16B095,
22257,IN13B085,
22260,IN03A046,
22261,IN23B067,
22262,INXXX365,
22264,IN20A.22A054,
22266,IN07B073,
22267,IN07B077,
22269,IN19B071,
22270,IN19A051,
22272,IN06B082,
22273,INXXX392,sex_specific
22274,IN20A.22A017,
22276,IN20A.22A036,
22277,IN12B079,
22278,IN01A057,
22280,IN12B037,
22283,IN01A066,
22284,IN17A100,
22286,IN06B080,
22287,IN08A022,
22289,IN19B075,
22292,IN03B084,
22293,IN02A037,
22294,IN05B086,
22298,IN17A115,
22299,IN04B084,
22301,IN02A040,
22303,IN19A106,
22304,INXXX392,sex_specific
22305,IN11A032,
22306,IN03A078,
22307,IN03B062,
22311,IN07B073,
22312,IN08B062,sex_specific
22313,IN08A024,
22314,IN02A044,
22315,IN20A.22A049,
22316,IN12B059,
22317,IN07B068,
22318,IN17A103,
22319,IN12B075,
22320,IN20A.22A053,
22322,IN04B082,
22326,INXXX382,dimorphic
22327,IN09A047,
22328,IN03B060,
22329,INXXX332,
22331,IN09A048,
22332,IN12B073,
22334,IN14A039,
22336,IN03B077,
22337,IN20A.22A076,
22339,IN09A071,
22342,IN04B103,
22343,IN00A054,
22344,IN06B069,
22346,INXXX315,
22348,IN18B045,
22349,IN20A.22A028,
22350,IN19A122,
22351,IN13B073,
22353,IN05B085,
22354,IN12A054,
22355,IN03A057,
22359,IN06B059,
22360,IN01A065,
22365,IN20A.22A042,
22366,IN11A025,
22367,IN14A068,
22369,IN12B024,
22373,IN02A033,
22374,IN09A046,
22375,INXXX372,sex_specific
22376,IN13A067,
22377,IN03B074,
22378,IN16B100,
22379,IN04B067,
22380,IN01B027,
22382,IN20A.22A036,
22383,IN04B105,
22384,IN04B103,
22386,IN03B071,
22387,IN01A051,dimorphic
22388,IN07B079,
22389,IN01B025,
22391,IN01A069,
22392,IN06A099,
22393,IN13A047,
22396,IN04B105,
22398,IN08A036,
22401,IN20A.22A047,
22403,IN13A068,
22404,INXXX378,dimorphic
22406,IN06A070,
22407,IN20A.22A058,
22408,IN12B051,sex_specific
22409,INXXX341,
22410,IN08A040,
22414,IN01B025,
22418,INXXX418,dimorphic
22420,IN04B048,sex_specific
22423,IN13B080,
22426,INXXX405,
22428,IN02A023,
22429,IN16B077,
22432,IN23B049,
22433,IN04B068,
22435,INXXX406,
22436,IN12A053,
22437,IN07B023,
22438,IN03A062,
22439,IN01B003,
22440,IN21A047,
22443,IN19B091,
22444,IN05B065,
22445,IN19B087,
22446,IN12B037,
22448,IN20A.22A073,
22449,IN16B077,
22455,IN14A027,sex_specific
22457,IN20A.22A053,
22458,IN02A039,dimorphic
22460,IN11A021,
22462,IN12B063,
22466,IN11A014,
22468,IN08A011,
22469,IN03B076,
22470,IN17A096,dimorphic
22472,IN19B075,
22473,IN03B058,
22474,IN01A062,
22476,IN05B074,sex_specific
22477,INXXX290,dimorphic
22479,IN23B044,
22482,IN01A074,
22483,IN03A085,
22484,IN03A077,
22485,IN20A.22A076,
22488,IN04B084,
22489,IN06A100,
22490,IN09A049,
22491,IN03B056,
22496,IN13B064,
22502,INXXX415,
22503,IN06B076,
22504,IN19A093,
22506,IN12A059,
22507,IN13B090,
22508,IN06A082,
22510,IN16B088,
22511,IN19A088,
22512,IN23B078,
22514,IN01B021,
22515,IN08A030,
22516,IN20A.22A022,dimorphic
22517,IN12B072,
22518,INXXX415,
22519,IN16B061,
22520,IN12B045,sex_specific
22521,IN19B067,
22525,IN21A054,
22526,IN09A029,
22527,IN20A.22A048,
22530,IN19B070,
22532,IN08B093,
22534,IN07B068,
22535,IN19B081,
22536,IN13B063,
22538,IN21A009,
22540,IN12B057,
22541,IN03A075,
22542,IN03A087,
22544,IN23B044,
22545,IN08A026,
22546,IN16B097,
22547,IN19A117,
22548,IN21A087,
22549,IN08A038,
22551,IN13A068,
22552,IN13A036,
22554,IN23B079,
22557,IN19B089,
22559,IN01A067,
22561,IN16B055,
22562,IN05B084,sex_specific
22563,IN19A093,
22564,INXXX316,
22565,IN13A036,
22566,IN08B092,
22567,IN05B072,
22568,IN06A102,
22569,IN17A111,
22570,IN00A045,
22571,IN14A064,
22572,IN09B046,
22576,IN06A085,
22578,IN16B099,
22579,IN23B035,sex_specific
22581,IN20A.22A045,
22582,IN20A.22A030,
22587,IN20A.22A022,dimorphic
22588,IN16B102,
22589,IN17A111,
22590,IN12B063,
22591,IN13A034,
22593,IN08B075,
22596,IN06A091,
22598,IN06B081,
22603,IN12A043,
22607,IN13A068,
22609,IN01A062,
22610,IN13B054,
22611,IN17A108,
22614,IN16B091,
22616,IN06B066,
22618,IN16B093,
22619,IN20A.22A035,
22621,IN01A074,
22622,IN12B058,
22623,INXXX407,dimorphic
22624,INXXX349,
22626,IN19A092,
22627,INXXX019,sex_specific
22630,IN23B051,
22635,IN19A106,
22638,IN07B073,
22639,IN06A090,
22640,INXXX386,
22641,IN06A070,
22643,IN03B077,
22644,IN05B070,
22646,IN06B074,
22648,IN02A045,
22651,IN19A106,
22655,IN20A.22A016,
22656,IN12B062,
22657,IN21A087,
22660,IN08B093,
22661,IN01B039,
22663,IN23B072,
22664,IN03A089,
22666,IN07B081,
22667,IN11A025,
22669,IN06B084,
22670,IN06A098,dimorphic
22671,IN19A073,
22672,IN06B074,
22673,IN01B034,
22675,IN09A050,
22679,IN03A067,
22680,IN01A067,
22681,IN21A047,
22684,IN03B086,
22685,IN14A033,
22686,IN13B052,
22687,IN20A.22A043,
22689,IN21A046,
22690,IN12B048,
22691,INXXX334,sex_specific
22692,IN17A093,
22693,IN20A.22A053,
22695,IN12B081,
22704,IN12B035,
22705,INXXX076,
22706,IN21A081,
22712,IN16B055,
22714,IN04B074,
22716,IN06B066,
22717,IN20A.22A017,
22720,IN09A024,
22721,IN02A030,
22723,IN20A.22A017,
22725,IN13A038,
22726,IN20A.22A015,
22727,IN12B042,
22728,IN20A.22A039,
22731,IN07B079,
22732,INXXX213,
22734,IN01A063,
22735,IN06A099,
22737,IN11B017,
22738,IN12B062,
22739,IN13B078,
22742,IN19A104,
22743,IN08B093,
22744,IN16B068,
22745,IN14A040,
22746,IN13A068,
22749,IN20A.22A053,
22750,IN20A.22A017,
22751,IN13B082,
22753,IN06B074,
22754,IN09A045,
22756,IN08A026,
22757,IN20A.22A052,
22759,IN08A034,
22762,IN04B098,
22763,IN14A044,
22764,IN16B103,
22765,INXXX387,sex_specific
22766,IN03B059,
22768,IN01B006,
22770,IN23B047,
22771,IN19A109,
22774,IN03A066,
22776,IN12B050,sex_specific
22778,IN13B049,
22780,IN04B081,
22781,IN12B077,
22783,IN04B070,
22785,IN20A.22A024,
22786,IN16B067,
22787,IN04B097,
22788,IN16B075,
22789,IN21A056,
22790,IN11B015,
22792,IN20A.22A027,
22793,IN04B102,
22794,IN01A061,
22795,IN06A081,
22797,IN08A024,
22798,IN00A057,
22800,IN04B106,
22801,INXXX414,
22803,IN01A064,
22804,IN03B086,
22805,IN00A062,
22806,IN04B111,
22807,IN10B057,
22809,IN03B087,
22811,IN13B046,
22813,IN01A038,
22815,IN00A063,
22817,IN13A044,
22818,IN18B046,dimorphic
22821,IN06B079,
22822,IN16B097,
22824,IN21A035,
22825,IN09A054,
22826,INXXX374,sex_specific
22829,IN23B063,
22830,IN09A064,
22834,IN06A088,
22835,IN12B066,
22836,IN08B104,
22839,IN20A.22A048,
22840,IN12A053,
22842,IN13B089,
22843,IN08A034,
22846,IN03B077,
22847,IN13A065,
22848,INXXX417,
22849,IN10B057,
22850,IN08B105,
22851,IN09A052,
22853,IN08A037,
22854,IN11A022,
22855,IN20A.22A042,
22856,IN00A064,
22858,IN16B101,
22859,IN05B079,
22861,IN20A.22A018,
22863,IN14A047,
22864,IN12A064,sex_specific
22867,IN19A059,
22868,IN04B098,
22869,IN11B016,
22871,IN19B089,
22874,IN13A067,
22876,IN03B069,
22877,IN20A.22A062,
22879,IN21A051,
22880,IN14A044,
22881,IN06A086,
22882,IN14A059,
22887,IN12B073,
22888,IN13A069,
22889,IN06A104,
22890,IN07B065,
22891,IN13A068,
22893,IN09A043,
22894,IN13B050,
22895,IN19B072,
22897,IN03A077,
22898,IN20A.22A053,
22899,IN20A.22A028,
22900,IN01B030,
22902,IN10B031,
22903,IN13A043,
22904,INXXX316,
22906,IN16B098,
22907,IN08A028,
22908,IN04B097,
22909,IN09A037,
22910,IN23B043,
22911,INXXX418,dimorphic
22913,IN13B079,
22914,IN18B051,
22916,IN09B046,
22919,IN16B098,
22920,IN09A043,
22923,IN20A.22A016,
22927,IN19A105,
22931,IN12B041,
22934,IN09A077,
22935,IN12B057,
22936,IN23B055,
22937,IN13B099,
22939,IN14A051,
22944,INXXX394,dimorphic
22945,IN20A.22A041,
22947,IN07B079,
22949,IN11B017,
22953,IN09A064,
22954,IN04B101,
22956,IN14A076,
22957,IN12B056,
22958,IN14A058,
22960,IN06A082,
22961,INXXX402,
22962,IN01A070,
22963,IN20A.22A032,
22964,IN02A057,
22965,IN20A.22A056,
22966,IN09A048,
22967,IN11A031,
22969,IN13B076,
22970,IN16B018,
22971,INXXX427,
22972,IN05B080,
22973,IN04B102,
22977,IN11A018,
22978,IN23B044,
22979,IN14A058,
22980,IN20A.22A004,
22981,IN04B096,
22982,IN12B059,
22983,IN12B052,
22985,IN16B097,
22987,IN05B070,
22988,IN04B100,
22989,IN11A027,
22991,IN20A.22A017,
22992,IN13B070,
22993,IN13B079,
22994,IN06A113,
22996,IN03A087,
22997,IN04B102,
22998,INXXX387,sex_specific
23000,IN13A055,
23002,IN23B041,
23003,IN06B065,
23004,IN19B081,
23005,IN21A057,
23007,IN06A100,
23009,IN20A.22A044,
23011,IN23B059,
23012,IN03B075,
23013,IN20A.22A066,
23015,INXXX262,sex_specific
23021,IN09B045,
23022,IN03B080,
23023,IN11B017,
23025,IN12B054,sex_specific
23027,IN03B070,
23028,IN13B070,
23029,IN04B102,
23030,IN19B097,
23033,IN19A069,
23036,INXXX217,dimorphic
23037,IN19A118,
23038,IN09A067,
23039,IN08A032,
23040,IN14A045,
23041,IN07B075,
23042,IN03A084,
23044,IN13B089,
23045,IN14A057,
23046,IN12A046,
23049,IN13B084,
23051,IN19A093,
23053,IN14A050,
23054,IN03A084,
23055,IN06A099,
23056,IN17A110,
23057,INXXX332,
23058,IN02A044,
23059,IN19A049,
23061,IN20A.22A065,
23062,IN18B054,
23064,INXXX399,dimorphic
23065,IN12B062,
23066,IN12B042,
23068,INXXX385,
23069,vMS12,dimorphic
23072,IN20A.22A041,
23073,IN17A105,
23076,IN12B040,
23077,IN20A.22A053,
23078,IN01A070,
23080,IN13B090,
23081,IN03B078,
23083,IN00A055,
23084,IN13A060,
23087,IN09A076,
23091,IN09A056,
23092,IN14A050,
23093,IN12B048,
23094,IN16B092,
23095,IN12B056,
23097,IN07B030,
23098,IN04B068,
23102,IN09A055,
23103,IN09A064,
23104,IN06A090,
23106,IN06A102,
23108,IN11A027,
23109,IN23B046,
23111,IN18B049,
23113,IN00A049,
23114,IN05B079,
23115,IN07B083,
23116,IN01A076,
23121,IN06B085,
23122,IN03B069,
23124,IN06A103,
23125,IN21A044,
23127,IN17A115,
23128,IN07B083,
23131,IN20A.22A039,
23132,IN06A059,
23133,IN12B063,
23134,IN05B072,
23136,IN02A030,
23137,IN23B084,
23138,IN01B023,
23139,IN01B022,
23140,IN20A.22A043,
23141,IN21A049,
23142,IN09A046,
23143,IN12B072,
23145,IN06A061,
23146,INXXX372,sex_specific
23147,IN12B044,
23149,IN09B006,
23150,IN04B106,
23151,IN13B088,
23152,IN04B093,
23153,IN13A049,
23157,IN20A.22A053,
23158,IN20A.22A038,
23159,IN12B065,
23164,IN11B018,
23165,IN14A024,
23167,IN21A061,
23168,IN03B077,
23171,IN04B098,
23172,IN20A.22A046,
23175,IN21A049,
23176,IN07B073,
23178,IN06B079,
23180,IN10B057,
23181,IN09A031,
23182,IN19B089,
23183,IN03B069,
23184,IN13B058,
23185,IN01B031,
23186,IN19A043,
23187,IN03A091,
23188,IN14A045,
23191,IN19B086,
23193,IN13B050,
23195,IN06A081,
23197,IN16B092,
23198,IN06A119,dimorphic
23199,IN06A102,
23200,IN09B044,
23202,INXXX280,
23208,IN16B079,
23209,IN04B018,sex_specific
23210,IN12B043,
23211,INXXX392,sex_specific
23212,IN23B070,
23213,IN06A063,
23214,IN17A095,
23215,IN23B082,sex_specific
23216,INXXX382,dimorphic
23217,IN11A011,
23218,IN12B036,
23220,IN03B081,
23221,IN20A.22A052,
23222,IN06B082,
23223,IN06A082,
23224,IN20A.22A018,
23225,IN03B069,
23226,IN20A.22A055,
23227,IN13A057,
23228,IN19A108,
23230,IN20A.22A028,
23231,IN11B015,
23233,IN14A054,
23235,IN13B062,
23236,IN01A077,
23238,IN06A104,
23240,IN13B069,
23244,INXXX416,dimorphic
23245,IN14A030,
23246,IN19A060,
23249,IN10B038,
23250,IN06A059,
23251,IN16B073,
23252,IN23B054,
23253,IN00A062,
23254,IN23B054,
23257,IN12B066,
23259,IN20A.22A022,dimorphic
23261,IN13B082,
23262,IN10B033,
23264,IN06B064,
23265,IN12A058,
23266,IN20A.22A067,
23268,IN14A056,
23273,IN17A116,
23274,IN08A023,
23275,IN12A061,
23276,IN01B046,
23277,IN23B043,
23278,IN21A071,
23279,INXXX405,
23281,IN20A.22A058,
23285,IN00A046,
23286,IN06A107,
23293,IN09A039,
23294,IN20A.22A055,
23295,IN23B060,
23300,IN20A.22A042,
23301,IN12B053,
23302,IN23B057,
23303,IN03A046,
23304,IN13B082,
23305,IN09A043,
23307,IN17A099,
23308,IN16B108,
23309,IN04B099,
23311,IN19B082,
23312,IN11A026,
23316,IN11A026,
23317,IN06B086,
23319,IN04B075,
23320,INXXX414,
23323,IN19A093,
23325,IN09A050,
23326,IN19A088,
23328,IN06A102,
23329,IN00A033,
23330,IN17A119,
23333,IN19A114,
23335,IN19A086,
23336,IN20A.22A056,
23337,IN20A.22A033,
23338,IN03A094,
23339,IN13A030,
23340,IN02A045,
23345,IN01A059,
23346,IN19B094,
23348,IN20A.22A033,
23349,IN07B074,
23350,IN12B056,
23351,IN20A.22A053,
23354,IN07B073,
23356,IN01A075,
23357,IN14A056,
23358,IN04B102,
23359,IN02A043,
23360,IN19A101,
23363,IN08A026,
23365,IN17A106,
23366,IN19A079,
23370,IN02A033,
23371,IN08A043,
23372,IN19A093,
23373,IN01B033,
23374,IN21A047,
23375,IN06A104,
23376,IN04B095,
23377,IN06A082,
23378,IN07B065,
23379,IN14A068,
23380,IN13A057,
23382,IN19B078,sex_specific
23383,IN14A027,sex_specific
23384,IN14A025,
23386,IN12B081,
23387,IN23B052,
23389,IN08A040,
23393,IN16B080,
23394,IN19B081,
23395,IN20A.22A051,
23396,IN09A055,
23397,IN20A.22A056,
23398,INXXX418,dimorphic
23399,IN13B055,
23401,IN06A066,
23402,INXXX261,
23405,IN06B085,
23407,IN20A.22A039,
23408,IN10B036,
23412,IN12A062,
23413,IN06A061,
23416,IN20A.22A070,
23426,INXXX396,
23427,IN19A056,
23428,IN19A093,
23433,IN17A117,
23434,IN07B081,
23435,IN19A095,
23437,IN21A044,
23438,IN19A093,
23440,IN09A055,
23441,IN20A.22A039,
23443,IN17A106,
23444,IN12B058,
23445,IN08A023,
23447,IN08A045,
23449,IN14A077,
23450,IN16B073,
23451,IN14A026,
23452,IN23B045,
23454,IN23B074,
23455,IN16B091,
23458,IN01B039,
23459,IN14A052,
23460,IN11A024,
23462,IN19B067,
23466,INXXX363,
23468,IN12B051,sex_specific
23472,IN13B090,
23473,IN19A096,
23474,IN23B054,
23475,IN02A049,
23477,IN14A077,
23478,IN14A042,
23482,IN06A116,
23483,IN12B039,
23484,IN16B070,
23485,IN19B067,
23489,IN11A030,
23491,IN19A052,
23492,IN14A063,
23495,IN14A067,
23497,IN10B038,
23498,IN12B065,
23499,IN20A.22A021,
23500,IN04B074,
23501,IN20A.22A062,
23503,IN01B039,
23504,IN06B059,
23506,IN04B100,
23507,IN01A077,
23508,IN08A042,
23509,IN04A002,
23510,IN19B075,
23511,IN16B074,
23512,IN09A054,
23513,IN16B082,
23514,IN09A073,
23515,IN19A088,
23517,IN02A035,
23519,IN03B085,
23520,IN13B089,
23521,IN11A011,
23522,IN21A042,
23523,IN23B070,
23525,IN23B057,
23527,IN01B027,
23528,IN20A.22A041,
23530,IN09A075,
23531,IN03B074,
23536,IN07B076,
23537,IN03A073,
23538,IN11B016,
23541,IN14A065,
23542,IN07B074,
23545,IN04B098,
23548,IN16B099,
23550,IN20A.22A061,
23552,IN12A052,
23554,IN08A047,
23555,IN06B080,
23557,IN16B083,
23559,IN14A075,
23560,IN12A057,
23561,IN11A034,
23563,IN07B081,
23565,IN21A087,
23566,IN14A053,
23567,IN12B054,sex_specific
23568,IN01A073,
23571,IN06A075,
23572,IN20A.22A073,
23574,IN08A023,
23578,IN20A.22A047,
23579,IN12B052,
23581,IN20A.22A071,
23582,IN06B086,
23586,IN06A098,dimorphic
23588,INXXX418,dimorphic
23589,IN02A032,
23592,IN01B027,
23595,IN09A044,
23596,IN01A012,
23598,IN06B066,
23602,IN08A026,
23604,INXXX402,
23606,GFC3,
23607,IN01A062,
23608,IN09A043,
23610,IN06B074,
23612,IN03B070,
23613,IN20A.22A049,
23614,IN01A062,
23619,IN19B070,
23620,IN12B044,
23621,IN20A.22A067,
23622,IN10B033,
23624,IN06A104,
23627,IN12B065,
23628,IN19B075,
23630,IN13A038,
23631,IN20A.22A023,
23633,IN00A063,
23634,IN19A108,
23635,IN12A059,
23636,IN05B090,
23638,IN19B086,
23639,IN06A079,
23641,IN04B105,
23642,IN10B032,
23643,IN09A069,
23645,IN08A042,
23647,IN01A074,
23648,IN03B042,
23650,IN14A034,
23653,IN01B050,
23654,INXXX382,dimorphic
23655,IN23B046,
23656,INXXX416,dimorphic
23657,IN23B071,
23658,IN16B063,
23662,IN17A113,
23664,IN09A065,
23665,IN14A074,
23666,IN06A117,
23667,IN23B067,
23670,IN09A047,
23671,IN01B043,
23673,IN06A086,
23674,IN20A.22A021,
23680,IN09A065,
23681,IN20A.22A024,
23683,IN09B046,
23686,IN05B073,dimorphic
23687,IN17A099,
23691,IN07B086,
23692,IN13A050,
23700,IN09A069,
23702,IN13B078,
23703,IN19B090,
23704,IN20A.22A039,
23705,IN01B056,
23707,IN21A066,
23708,IN00A066,
23709,IN16B087,
23711,IN09B048,
23713,IN10B041,
23715,IN12B060,sex_specific
23716,IN04B098,
23719,IN03B081,
23720,IN18B052,
23721,IN16B097,
23723,IN08A028,
23724,IN14A062,
23725,IN06A100,
23726,IN06B082,
23728,IN11B016,
23729,IN23B077,
23732,IN03B070,
23733,IN05B082,
23735,IN01A073,
23736,IN12A043,
23737,IN16B108,
23739,IN06A104,
23740,IN13B079,
23741,IN12B069,
23742,IN16B082,
23744,IN12B036,
23748,IN07B073,
23749,IN18B048,
23750,IN02A030,
23753,IN06A059,
23754,IN20A.22A027,
23755,IN07B081,
23756,IN13A055,
23757,INXXX370,dimorphic
23759,IN04B072,
23761,IN02A029,
23763,IN08A048,
23764,IN06B069,
23765,IN13B093,
23767,IN11B019,
23768,INXXX400,
23769,IN16B071,
23771,IN03B066,
23773,IN06A028,
23774,IN12B048,
23777,IN03A091,
23779,IN07B066,
23780,IN01B092,
23782,IN23B068,
23784,IN20A.22A025,
23787,IN18B051,
23790,IN04B097,
23792,IN20A.22A065,
23793,IN12B072,
23797,IN21A075,
23799,IN09A087,
23800,IN06B079,
23802,IN20A.22A045,
23803,IN04B077,sex_specific
23804,IN19A060,
23805,IN08A026,
23806,IN08B062,sex_specific
23809,IN06A103,
23812,IN13A040,
23814,IN17A113,
23815,INXXX424,sex_specific
23816,IN19A114,
23817,IN20A.22A024,
23819,IN16B061,
23821,IN04B088,
23824,IN13B078,
23825,IN07B083,
23826,IN12B066,
23829,IN14A041,
23830,IN16B062,
23831,IN06A101,
23832,IN16B075,
23833,IN20A.22A050,sex_specific
23836,IN10B038,
23839,IN07B063,
23840,INXXX397,
23851,IN23B058,
23852,IN16B080,
23858,IN11B017,
23860,IN06A108,
23861,IN14A037,
23863,IN08A037,
23865,IN16B064,
23866,IN08A021,
23868,IN12B064,
23870,IN19B085,
23872,IN20A.22A041,
23873,IN01B041,
23874,IN09A043,
23875,IN19A111,
23876,IN06A061,
23877,IN08A027,
23878,IN06A090,
23879,IN20A.22A036,
23880,IN17A097,
23883,IN06B082,
23885,IN09A078,
23887,IN12A043,
23891,IN17A114,dimorphic
23892,IN23B078,
23893,IN02A043,
23894,IN03B072,
23897,IN13A053,
23898,IN09B048,
23900,IN08A035,
23901,IN00A058,
23902,IN21A061,
23903,IN20A.22A017,
23904,IN12B069,
23906,IN09A053,
23907,IN01B034,
23909,INXXX406,
23910,IN02A034,
23912,IN20A.22A048,
23913,IN09B046,
23915,IN13A062,
23919,IN16B086,
23921,IN14A074,
23922,IN06A109,
23924,IN16B097,
23925,IN08A040,
23928,IN07B087,
23933,IN19A084,
23939,IN05B087,
23946,INXXX426,
23948,IN09B038,
23951,IN23B060,
23954,IN11A028,
23956,IN14A031,
23957,IN08A026,
23958,IN09A046,
23960,IN13A062,
23964,IN14A064,
23966,IN12B077,
23968,IN11A044,
23969,IN03B072,
23972,IN09A075,
23973,IN04B108,
23975,IN01A074,
23976,IN12B066,
23977,IN01A076,
23979,IN23B043,
23982,IN08A030,
23983,IN20A.22A039,
23984,IN11A030,
23985,IN03A088,
23988,IN13B073,
23989,IN03B069,
23990,IN21A041,
23991,IN08A047,
23992,IN05B088,
23995,INXXX414,
23999,IN01A073,
24002,IN13A057,
24004,IN05B080,
24005,IN07B077,
24009,IN08A043,
24010,IN20A.22A039,
24011,IN00A057,
24013,IN20A.22A039,
24014,IN23B062,
24016,IN12B051,sex_specific
24018,IN13B071,
24020,IN08A036,
24023,IN16B083,
24024,INXXX421,dimorphic
24026,INXXX417,
24027,IN21A058,
24028,INXXX331,
24029,IN12A056,sex_specific
24030,INXXX390,
24035,IN06A078,
24040,IN19A106,
24041,IN09A071,
24044,IN12B051,sex_specific
24045,IN02A047,
24049,IN10B032,
24054,IN16B106,
24056,IN06A100,
24057,IN16B092,
24058,IN21A067,
24064,IN08A026,
24065,IN21A052,
24066,IN06B085,
24067,IN14A027,sex_specific
24068,IN12A061,
24070,IN05B070,
24071,IN03A094,
24074,IN01B025,
24075,IN13B077,
24076,IN16B082,
24077,IN19A093,
24079,IN06A104,
24080,IN20A.22A074,
24082,IN06B086,
24084,IN02A010,
24085,IN00A063,
24086,IN06B073,
24091,IN00A057,
24094,IN08A030,
24095,IN14A061,
24096,IN23B056,
24100,IN01B047,
24103,IN19A085,
24110,IN12B052,
24113,IN06A046,
24114,IN20A.22A066,
24116,IN20A.22A030,
24117,IN13A063,
24119,IN01A070,
24121,IN08A030,
24122,IN03B086,
24124,IN12B046,sex_specific
24126,IN16B101,
24127,IN16B074,
24128,IN03A080,
24132,IN19A085,
24134,IN19A060,
24137,IN09A074,
24141,IN07B063,
24142,IN03B073,
24144,IN20A.22A028,
24145,IN07B073,
24146,IN19A084,
24150,IN14A077,
24151,IN11B022,
24152,IN12B078,
24153,IN07B086,
24155,IN16B090,
24157,IN16B074,
24159,IN01B056,
24160,IN14A085,
24161,IN06A093,
24163,IN11B017,
24164,IN21A041,
24167,IN20A.22A048,
24168,IN21A056,
24172,IN17A106,
24173,IN12B048,
24174,IN20A.22A065,
24175,IN21A044,
24177,IN11A021,
24178,IN11B023,
24181,IN04B081,
24183,INXXX382,dimorphic
24188,IN10B040,
24189,IN14A036,
24191,IN14A078,
24192,IN02A029,
24197,IN16B085,
24198,GFC3,
24201,IN08B104,
24202,IN03A084,
24204,IN23B088,
24208,IN21A058,
24211,IN07B073,
24213,IN13A064,
24214,IN13B088,
24215,IN14A043,
24217,IN08A047,
24218,IN19A087,
24221,IN07B098,
24222,IN14A042,
24224,IN06A104,
24226,IN01B052,
24231,IN19B094,
24232,IN20A.22A036,
24234,IN12B063,
24235,IN01B023,
24236,IN12B083,
24237,IN02A029,
24238,IN12B058,
24239,IN21A087,
24240,IN20A.22A046,
24241,IN03B066,
24242,IN07B065,
24243,IN13B073,
24244,IN10B054,
24248,IN20A.22A033,
24249,IN03B070,
24251,IN21A058,
24252,IN12B054,sex_specific
24253,INXXX316,
24254,IN02A030,
24255,IN19B084,
24259,IN06B070,
24261,INXXX417,
24262,IN20A.22A065,
24263,INXXX431,dimorphic
24264,IN18B048,
24270,IN07B084,
24271,IN08A036,
24273,IN19B091,
24274,IN19B088,
24277,IN06A111,
24279,IN19A126,
24280,IN09A078,
24281,IN11A034,
24282,IN04B088,
24285,IN16B100,
24287,IN11B016,
24289,IN02A044,
24292,IN05B088,
24293,INXXX419,
24295,IN06B085,
24297,IN03A087,
24299,IN16B056,
24302,IN07B092,
24303,IN13B064,
24305,IN10B028,
24307,IN01B028,
24308,IN06A079,
24314,IN09A041,
24318,IN08B091,
24319,IN12A062,
24320,IN20A.22A036,
24326,IN09A071,
24327,IN13B018,
24328,IN06A083,
24329,IN02A055,
24330,IN19A087,
24333,IN13B090,
24335,INXXX238,
24339,INXXX364,
24342,IN12A043,
24343,IN13A064,
24345,IN02A033,
24349,IN23B064,
24350,IN19B089,
24351,IN13B085,
24352,IN19A093,
24355,IN06A102,
24356,IN06A075,
24358,IN19A052,
24359,IN12B079,
24361,IN20A.22A074,
24362,IN11B017,
24366,IN19A096,
24369,IN20A.22A025,
24370,IN06B078,
24371,IN10B050,
24372,IN18B054,
24373,IN14A043,
24374,IN19A124,
24375,IN09A050,
24376,IN09B047,
24377,IN10B040,
24378,IN01A073,
24379,IN08B092,
24380,INXXX427,
24382,IN08A034,
24383,IN21A087,
24384,IN19B085,
24386,IN06A104,
24388,IN05B089,
24389,IN02A030,
24390,IN09A077,
24392,IN12B066,
24393,IN01A073,
24394,IN08A030,
24395,IN14A077,
24397,IN14A100,
24401,IN10B041,
24402,IN06A120,dimorphic
24403,IN19B095,
24404,IN08A045,
24405,IN16B077,
24407,IN23B058,
24408,IN04B101,
24409,IN16B090,
24410,IN06A114,
24412,GFC3,
24413,IN08A043,
24414,IN19A100,
24415,IN13B091,
24416,IN09A071,
24418,IN03B083,
24419,IN09A066,
24420,IN02A039,dimorphic
24421,IN16B098,
24422,IN00A058,
24423,IN23B056,
24425,IN07B086,
24427,IN03A087,
24428,IN20A.22A060,
24429,IN11A024,
24432,IN06A117,
24435,IN19A107,
24436,GFC3,
24437,IN17A114,dimorphic
24438,INXXX197,dimorphic
24439,IN19A082,
24440,IN09A045,
24442,IN19B086,
24444,IN23B064,
24447,IN16B098,
24448,IN09B044,
24449,INXXX370,dimorphic
24450,IN01B050,
24451,IN09A052,
24452,IN03A094,
24455,IN06A096,
24457,IN13A054,
24459,IN03B074,
24462,IN09A054,
24463,IN13B077,
24464,IN19A060,
24465,IN16B065,
24466,IN20A.22A026,
24467,IN20A.22A058,
24469,IN11A030,
24470,IN20A.22A045,
24472,IN01A068,
24473,IN07B077,
24474,IN01B040,
24476,IN13B037,
24477,IN13B078,
24478,IN06B078,
24480,IN02A037,
24481,IN23B059,
24482,IN01B056,
24483,IN06A122,
24484,IN11B019,
24490,IN09A047,
24491,IN01B046,
24492,IN08A029,
24496,IN20A.22A052,
24497,IN07B092,
24500,IN16B071,
24502,IN14A085,
24505,IN06A118,
24506,IN09A087,
24507,IN12B066,
24509,IN12B079,
24511,IN14A050,
24512,IN06A122,
24514,IN01B054,
24515,IN09A074,
24520,IN05B080,
24522,IN14A078,
24523,INXXX401,sex_specific
24524,IN13A052,
24526,IN20A.22A036,
24527,IN01A082,
24530,IN09A061,
24531,IN09A055,
24532,IN20A.22A024,
24537,IN16B100,
24539,IN06A094,
24541,IN14A110,
24542,IN02A048,
24543,IN18B047,dimorphic
24544,IN14A050,
24545,IN12B024,
24546,IN13B087,
24548,IN12B057,
24549,IN19A060,
24551,IN13B097,
24552,IN23B055,
24554,IN21A050,
24558,IN10B032,
24559,IN18B050,
24561,IN04B107,
24562,IN11B014,
24564,IN06A093,
24568,IN06A117,
24570,IN06A111,
24571,IN09A043,
24572,IN23B078,
24573,IN19A021,
24578,IN16B101,
24579,IN12B068,
24580,IN16B083,
24581,IN03A089,
24586,INXXX426,
24590,IN12B061,
24591,IN13B094,
24592,IN13A022,
24593,INXXX386,
24595,IN10B032,
24598,IN08B092,
24599,IN10B057,
24600,IN01B065,
24602,IN07B081,
24603,IN14A026,
24607,IN20A.22A036,
24609,IN19A096,
24611,IN12B050,sex_specific
24613,INXXX355,
24614,IN17A116,
24615,IN19B094,
24616,IN00A051,
24620,IN19B080,
24623,IN12B060,sex_specific
24624,IN08A041,
24629,IN08A035,
24630,IN20A.22A054,
24632,IN03B086,
24634,INXXX407,dimorphic
24638,INXXX426,
24640,INXXX405,
24642,IN23B056,
24645,IN20A.22A030,
24646,IN13A055,
24647,IN08A037,
24649,IN12A061,
24650,IN12A059,
24651,IN19A117,
24653,IN19A104,
24654,IN20A.22A034,sex_specific
24657,IN09A044,
24659,IN05B082,
24661,IN00A058,
24664,IN03B061,
24665,IN01B023,
24671,IN01B042,
24672,IN09A045,
24674,IN00A061,
24675,IN06B063,
24678,IN09A052,
24681,IN20A.22A042,
24682,INXXX411,dimorphic
24683,IN01B023,
24686,IN16B100,
24687,IN01B046,
24689,IN03A090,
24691,IN14A064,
24693,IN01A077,
24695,IN03A091,
24697,IN03B069,
24699,IN06A109,
24700,IN06A109,
24701,IN09A043,
24708,IN14A037,
24709,IN01A068,
24710,IN21A031,
24713,IN14A086,
24719,IN06A111,
24722,INXXX431,dimorphic
24723,IN20A.22A040,
24726,IN03B086,
24729,IN06A083,
24731,IN23B074,
24732,IN03A092,
24735,IN21A058,
24736,IN21A058,
24738,IN21A049,
24739,IN21A075,
24740,IN12A061,
24742,IN10B032,
24743,IN01A075,
24744,IN03A089,
24745,INXXX428,
24748,IN01A065,
24749,IN13A049,
24750,IN19A084,
24751,INXXX431,dimorphic
24752,IN01B026,
24754,INXXX403,
24759,IN14A051,
24761,IN03A094,
24762,IN19A073,
24763,IN06A079,
24764,IN11B020,
24765,IN01B054,
24766,IN10B032,
24767,IN14A086,
24768,IN09A093,
24769,IN03B077,
24770,IN17A111,
24772,IN13B090,
24773,IN06A107,
24774,IN20A.22A076,
24775,IN12B069,
24778,IN07B075,
24779,INXXX401,sex_specific
24780,IN14A098,
24781,IN06A114,
24782,IN09B047,
24786,IN01A069,
24787,IN02A035,
24789,IN09A037,
24790,IN23B088,
24791,IN14A111,
24793,IN12B070,
24795,IN03A082,
24799,IN13B078,
24800,IN13B076,
24804,IN20A.22A040,
24806,IN13B064,
24807,IN17A118,
24815,IN12B054,sex_specific
24817,IN16B089,
24818,IN19A125,
24819,IN20A.22A048,
24823,IN11B017,
24827,IN17A118,
24829,IN20A.22A054,
24832,IN06A106,
24833,IN07B080,
24836,IN20A.22A045,
24839,IN20A.22A017,
24843,IN03B075,
24844,INXXX217,dimorphic
24847,IN10B032,
24848,IN19A084,
24849,IN03B078,
24856,IN03B066,
24857,INXXX430,sex_specific
24862,INXXX365,
24864,IN01A080,
24867,INXXX054,
24873,IN06B083,
24874,INXXX369,dimorphic
24877,IN14A034,
24879,IN16B080,
24882,IN12B068,
24883,IN20A.22A028,
24884,IN14A105,
24886,INXXX408,
24887,IN19B085,
24888,IN09A077,
24891,INXXX442,sex_specific
24893,IN08A036,
24894,IN11A030,
24895,IN11B019,
24896,IN01A018,
24897,IN12B065,
24898,IN09A044,
24899,IN06A121,dimorphic
24900,IN19A060,
24901,IN12A059,
24906,IN03A071,
24907,IN17A117,
24908,IN01B050,
24911,IN14A090,
24914,IN20A.22A030,
24916,IN06A110,
24918,IN19A052,
24924,INXXX377,dimorphic
24925,IN20A.22A038,
24926,IN11A032,
24930,INXXX426,
24931,IN19B095,
24932,IN19A043,
24933,IN01B065,
24934,IN12B062,
24938,IN01B064,
24939,IN23B087,
24941,IN06A089,
24942,IN04B112,
24945,IN19B086,
24947,IN06B021,
24948,IN06A120,dimorphic
24949,IN14A078,
24950,IN17A061,
24955,IN09A042,
24956,IN19A091,
24957,IN03B090,
24960,IN16B061,
24961,IN19A117,
24963,IN20A.22A052,
24964,IN09A069,
24966,IN20A.22A043,
24967,INXXX424,sex_specific
24970,IN23B073,
24971,IN11B003,
24973,IN08A026,
24977,IN20A.22A060,
24979,IN20A.22A027,
24980,IN11B014,
24981,IN14A088,
24982,IN08A036,
24983,IN12A053,
24984,IN19A088,
24985,IN14A027,sex_specific
24986,IN04B108,
24988,IN08A043,
24991,INXXX428,
24993,IN08A034,
24994,IN10B058,
24995,IN07B081,
24996,IN09A042,
25001,IN02A044,
25003,IN20A.22A050,sex_specific
25004,IN12B072,
25007,IN20A.22A017,
25008,IN09A072,
25009,IN03B089,
25010,IN16B100,
25012,IN16B099,
25013,IN06A078,
25015,IN20A.22A053,
25016,IN12B079,
25017,IN02A047,
25019,IN03B075,
25021,IN13B090,
25025,IN16B109,
25030,IN19B090,
25031,IN03B069,
25032,IN19A041,
25035,IN05B072,
25036,IN20A.22A079,
25037,IN06A067,
25038,IN14A067,
25039,IN03B086,
25043,IN23B066,
25044,INXXX321,
25045,IN04B107,
25046,IN16B106,
25048,IN23B071,
25049,IN13A036,
25051,IN07B079,
25052,IN08A030,
25054,IN01B032,
25056,IN23B043,
25057,IN16B092,
25058,INXXX408,
25059,IN01B059,
25060,IN03B065,
25061,IN19A106,
25062,IN20A.22A059,
25063,IN20A.22A048,
25064,IN01A072,
25066,IN23B059,
25067,IN13A059,
25068,IN21A041,
25069,IN23B059,
25071,IN08A045,
25073,IN23B070,
25074,IN00A049,
25078,IN13A036,
25079,IN19A073,
25080,GFC3,
25082,IN20A.22A049,
25083,IN06B079,
25085,IN23B056,
25090,IN14A087,
25091,IN23B043,
25092,IN20A.22A060,
25096,IN23B057,
25098,IN21A056,
25100,IN16B107,
25101,IN14A039,
25102,IN11B014,
25103,IN19B090,
25104,IN03B079,
25106,IN19A083,
25108,IN01A082,
25113,IN18B047,dimorphic
25114,IN19A065,
25115,IN19B091,
25116,IN01A066,
25118,IN12A062,
25119,IN09A042,
25122,IN08A033,
25123,IN09A042,
25124,IN19A088,
25125,IN13B081,
25129,IN23B074,
25131,IN19A062,
25135,IN11A034,
25136,IN03B079,
25138,IN16B103,
25142,IN06B077,
25143,IN09A078,
25145,IN02A038,
25151,IN19B096,
25156,IN01B055,
25157,IN20A.22A036,
25158,IN03B072,
25160,IN04B112,
25162,IN01A088,
25164,INXXX366,sex_specific
25166,IN23B068,
25169,IN08A023,
25172,IN09A046,
25173,IN03B072,
25175,IN06A106,
25176,IN14A050,
25179,IN06A090,
25180,IN23B079,
25181,IN16B082,
25182,IN01B065,
25183,IN23B063,
25189,IN20A.22A047,
25192,IN11A031,
25193,INXXX436,
25194,IN06B083,
25195,IN06A123,
25199,IN09A042,
25204,IN20A.22A080,
25207,IN19B097,
25210,IN13A010,
25214,IN20A.22A035,
25215,GFC3,
25216,IN01A082,
25217,IN23B069,
25219,IN03B061,
25220,IN05B084,sex_specific
25221,IN16B117,
25222,IN13A046,
25224,IN13B079,
25229,IN03B088,
25231,IN01A057,
25238,IN09A071,
25241,IN02A040,
25243,IN04B109,
25244,IN16B099,
25245,IN23B079,
25246,IN20A.22A043,
25247,IN06A086,
25248,IN19A061,
25249,IN14A059,
25251,IN14A047,
25253,IN23B069,
25255,IN10B058,
25256,INXXX402,
25257,IN01B067,
25258,IN20A.22A028,
25259,IN07B087,
25260,IN03B069,
25261,IN06A097,
25263,IN09A064,
25264,IN02A048,
25269,IN00A066,
25272,IN20A.22A055,
25274,IN06B066,
25275,IN23B056,
25279,IN06A106,
25281,IN23B061,
25287,IN09A064,
25288,IN07B098,
25290,IN12A061,
25292,INXXX411,dimorphic
25295,IN18B052,
25296,IN14A053,
25297,IN03A091,
25298,IN16B075,
25303,INXXX405,
25304,IN08A046,
25305,IN21A093,
25306,IN21A067,
25312,IN21A059,
25313,IN03B088,
25316,IN12B072,
25317,IN21A058,
25318,IN01B046,
25319,IN03A089,
25321,IN14A087,
25322,IN14A078,
25323,IN03A085,
25324,IN03B089,
25334,IN20A.22A052,
25335,IN12B056,
25337,IN02A048,
25338,IN14A052,
25339,IN14A048,
25340,IN21A080,
25342,IN03B057,
25343,IN11A032,
25344,IN20A.22A028,
25345,IN02A033,
25346,IN08A042,
25347,IN16B086,
25348,IN01A081,
25350,IN07B083,
25352,IN06A102,
25354,IN20A.22A024,
25357,IN01B074,
25358,IN20A.22A067,
25362,IN14A052,
25363,IN03A085,
25364,IN01A078,
25371,IN14A038,
25372,INXXX448,
25373,IN19A088,
25378,IN19B091,
25379,IN07B096,
25385,IN00A063,
25387,IN08A040,
25389,IN08A028,
25390,IN20A.22A024,
25394,IN13A068,
25395,IN16B086,
25397,IN13A062,
25401,IN14A093,
25402,IN14A041,
25406,IN12B054,sex_specific
25407,IN13A045,
25408,IN20A.22A016,
25416,IN20A.22A058,
25417,IN09A066,
25418,IN20A.22A055,
25420,IN01A083,
25421,IN14A050,
25423,IN20A.22A050,sex_specific
25425,IN20A.22A055,
25427,INXXX360,dimorphic
25428,IN21A052,
25429,IN18B055,dimorphic
25430,INXXX444,sex_specific
25431,IN06A099,
25433,IN19A126,
25434,IN12B074,
25438,IN10B036,
25439,IN01B044,
25441,IN03B082,
25442,IN13B098,
25445,IN16B105,
25446,IN06B085,
25448,IN12B073,
25453,IN08A036,
25455,IN10B031,
25458,IN19B094,
25460,IN03B085,
25461,IN19A112,
25463,IN19A048,
25464,IN03B089,
25469,IN20A.22A079,
25470,IN08B008,
25472,IN02A045,
25474,IN23B005,
25481,IN21A093,
25482,IN14A123,
25485,IN19B095,
25488,IN12B077,
25489,IN07B093,
25490,IN20A.22A046,
25492,IN16B088,
25496,IN19B090,
25502,IN03B089,
25504,INXXX341,
25507,IN09A093,
25508,IN05B075,
25513,IN12B059,
25515,IN09A072,
25516,IN09A068,
25517,IN11A028,
25519,IN09A047,
25523,IN08A050,
25527,IN12A063,
25530,IN18B051,
25531,IN14A078,
25532,IN11A028,
25533,IN13B097,
25535,IN12B023,
25536,IN21A064,
25537,INXXX397,
25540,IN01B057,
25541,IN20A.22A024,
25542,IN01A078,
25544,IN14A069,
25545,IN13A043,
25550,INXXX428,
25555,IN19A052,
25557,IN13B008,
25558,IN12B012,
25559,IN21A075,
25561,IN20A.22A063,
25562,IN13A058,
25563,IN09A056,
25566,IN13B078,
25569,IN10B057,
25570,IN19B091,
25571,IN08A036,
25572,IN14A085,
25573,IN06A116,
25574,IN03B086,
25575,INXXX440,
25576,IN13A061,
25579,INXXX415,
25580,IN06A101,
25581,IN20A.22A082,
25585,IN07B087,
25589,IN09A095,
25593,IN01B066,
25595,IN17A094,dimorphic
25596,INXXX443,dimorphic
25597,IN10B043,
25598,IN20A.22A053,
25600,IN20A.22A084,
25602,INXXX378,dimorphic
25607,IN12B070,
25608,IN12B048,
25609,IN01B038,
25610,IN09A057,
25613,IN13B090,
25615,INXXX411,dimorphic
25617,IN23B087,
25619,IN01B041,
25620,IN12B066,
25621,IN23B087,
25623,IN19A100,
25625,IN14A044,
25626,IN12B048,
25629,GFC3,
25633,INXXX421,dimorphic
25638,IN20A.22A038,
25640,IN12B056,
25643,IN03B089,
25646,IN20A.22A016,
25648,IN14A097,
25652,IN20A.22A024,
25653,IN01B049,
25655,IN14A068,
25659,INXXX436,
25660,IN19A090,
25661,IN09A057,
25664,IN01B037,
25665,IN20A.22A070,
25668,IN14A038,
25670,IN01B068,
25671,IN02A048,
25673,INXXX438,dimorphic
25675,IN06B081,
25676,IN11B019,
25677,IN11B014,
25678,IN01A056,
25684,IN14A055,
25689,IN07B080,
25690,IN02A029,
25700,IN00A056,
25704,IN13B087,
25705,IN03B074,
25706,IN12B059,
25711,IN01B090,
25717,IN04B096,
25718,IN07B073,
25721,IN23B080,
25722,IN01A081,
25724,IN08A026,
25725,IN12A052,
25729,IN09A038,
25731,IN10B055,
25732,IN06A059,
25733,IN12B072,
25735,IN13A054,
25740,IN01A083,
25741,IN09A079,
25743,IN21A077,
25744,IN16B107,
25745,IN13A061,
25746,IN14A100,
25747,IN01B052,
25750,IN02A029,
25754,IN07B096,
25755,IN17A119,
25756,IN14A097,
25757,IN01A071,
25758,IN09A060,
25759,IN09A051,
25760,IN13B072,
25764,IN14A047,
25766,IN01B042,
25768,IN08B093,
25769,IN02A049,
25770,IN03B066,
25773,INXXX440,
25774,INXXX441,
25775,IN20A.22A054,
25776,IN08A050,
25777,IN14A054,
25778,IN11B009,
25779,IN11B020,
25780,IN01A030,
25785,IN20A.22A053,
25795,IN06A117,
25797,IN10B058,
25798,IN00A043,
25799,IN08A050,
25803,IN03B090,
25805,IN14A096,
25808,IN11B022,
25811,IN06A063,
25813,IN21A094,sex_specific
25817,IN01B065,
25818,IN06B060,
25819,IN20A.22A045,
25821,IN16B115,
25826,IN11B021,
25827,IN08A036,
25829,IN09A066,
25830,INXXX431,dimorphic
25833,IN20A.22A049,
25834,IN01B072,
25836,IN01B043,
25838,IN13A007,
25841,IN04B110,
25842,IN04B094,
25844,IN06A082,
25848,IN07B092,
25849,IN00A060,
25850,IN20A.22A077,
25851,,
25852,IN16B075,
25853,IN13A068,
25857,IN14A070,
25858,IN07B061,dimorphic
25859,IN03B080,
25860,IN21A087,
25862,IN19A086,
25863,INXXX257,
25864,IN04B109,
25868,IN11B004,dimorphic
25869,IN03A093,
25872,IN17A113,
25875,IN12B075,
25877,IN04B110,
25880,IN23B082,sex_specific
25886,IN08A029,
25887,IN02A054,
25893,IN18B042,
25894,IN20A.22A050,sex_specific
25897,IN11A028,
25900,IN13B079,
25901,INXXX438,dimorphic
25902,IN06A088,
25906,IN16B100,
25907,IN02A053,
25908,IN16B111,
25913,IN16B090,
25920,IN06A091,
25921,IN20A.22A049,
25922,IN01B061,
25923,IN10B044,
25926,IN12B072,
25927,IN20A.22A021,
25930,IN16B111,
25933,IN19B096,
25938,IN20A.22A071,
25939,IN03A069,
25941,IN06A063,
25945,IN08A049,
25950,IN21A078,
25951,IN04B080,
25952,IN09A031,
25958,IN06A132,
25959,IN20A.22A056,
25961,IN12B035,
25962,IN23B067,
25974,IN14A037,
25979,INXXX417,
25980,IN06A106,
25981,IN12A064,sex_specific
25983,IN06A113,
25986,IN23B046,
25987,IN16B111,
25988,IN20A.22A043,
25991,IN20A.22A048,
25995,IN06A102,
26004,IN23B076,sex_specific
26006,IN20A.22A069,
26007,IN10B040,
26008,IN14A069,
26014,IN12B059,
26015,INXXX213,
26016,IN03B086,
26020,IN08A046,
26023,IN19A106,
26026,IN14A101,
26031,IN03A093,
26034,IN13B098,
26036,IN14A076,
26040,INXXX416,dimorphic
26043,IN16B110,
26044,IN08A025,
26046,INXXX440,
26050,IN08A028,
26051,IN12B088,
26053,IN07B087,
26054,IN08A039,
26057,IN07B076,
26063,IN10B041,
26065,IN19A110,
26069,IN23B067,
26072,IN01B034,
26074,IN06A113,
26076,IN00A039,
26077,IN12B057,
26080,IN02A049,
26081,IN20A.22A049,
26082,IN01A079,
26083,IN04B108,
26084,IN06A120,dimorphic
26086,IN13B096,
26087,IN23B049,
26090,IN20A.22A053,
26091,IN16B099,
26094,IN09A057,
26095,IN23B090,dimorphic
26096,IN06B066,
26097,IN01B033,
26098,INXXX421,dimorphic
26099,IN01A077,
26101,IN13A058,
26105,IN14A058,
26107,IN09A089,
26109,IN09A072,
26111,IN12B057,
26116,IN09A057,
26118,IN21A087,
26120,IN02A056,
26121,IN04B110,
26122,IN20A.22A073,
26124,IN12B075,
26125,IN02A064,
26126,IN01B042,
26129,IN19A113,
26131,IN10B050,
26135,IN05B022,
26137,IN11A034,
26138,IN08A043,
26139,IN01A070,
26140,IN07B098,
26142,IN08B104,
26146,IN23B075,
26152,IN14A078,
26157,IN08A040,
26160,IN23B060,
26165,IN08A037,
26166,IN20A.22A067,
26167,IN09A058,
26169,IN23B070,
26170,IN20A.22A059,
26172,IN18B045,
26173,IN09A049,
26179,IN06A123,
26181,IN05B088,
26182,IN16B125,
26184,IN06A082,
26186,IN09A079,
26187,IN19A093,
26196,IN00A065,
26199,IN12A048,
26205,IN01A069,
26208,IN11A019,
26212,IN08A043,
26216,IN14A072,
26217,IN09A063,
26218,IN07B096,
26220,IN12B084,
26222,IN12B075,
26223,IN01B003,
26224,IN16B106,
26226,IN10B057,
26228,IN21A090,sex_specific
26230,IN14A081,
26231,IN06A116,
26234,IN03A092,
26238,IN04B074,
26239,IN10B057,
26241,IN04B031,
26244,INXXX421,dimorphic
26247,IN18B052,
26252,IN06B086,
26254,IN02A011,
26258,IN20A.22A048,
26260,IN20A.22A078,
26261,IN04B100,
26263,IN09A063,
26264,IN06B081,
26267,IN01B059,
26272,IN02A030,
26274,IN08A043,
26277,IN11A032,
26280,IN06A117,
26281,IN19A096,
26282,IN04B114,
26284,IN09A059,
26287,IN06B066,
26290,IN19A110,
26291,IN14A047,
26292,INXXX395,dimorphic
26293,IN09A068,
26294,IN08A028,
26295,IN07B086,
26297,IN16B109,
26299,IN01B065,
26300,IN14A043,
26301,IN01B040,
26304,IN06A116,
26305,IN20A.22A049,
26310,IN20A.22A051,
26311,IN10B036,
26314,IN16B125,
26315,IN19A088,
26319,IN12B077,
26320,IN20A.22A056,
26322,IN01B065,
26323,IN01B061,
26324,IN06A067,
26329,IN11A032,
26331,IN10B057,
26341,IN14A080,
26344,IN18B055,dimorphic
26345,IN12B086,
26346,IN14A077,
26350,IN11A032,
26352,IN08A036,
26357,IN13A062,
26358,IN11A036,
26363,IN09A073,
26365,IN08A046,
26368,IN10B031,
26369,IN11B019,
26371,IN01B051,
26372,IN07B100,
26374,IN16B099,
26376,GFC4,
26380,IN13A025,
26383,IN08A041,
26384,IN08A041,
26385,IN01A080,
26388,IN04B112,
26389,IN09B050,
26390,IN06A089,
26394,IN19A114,
26395,IN01A073,
26396,IN20A.22A048,
26398,IN20A.22A053,
26399,IN16B075,
26403,IN13A062,
26408,IN03B088,
26409,IN14A066,
26410,IN12B074,
26411,IN21A080,
26414,IN07B086,
26415,IN01B077,
26419,IN12B073,
26420,IN16B075,
26423,IN04B107,
26424,IN06A083,
26427,IN12B087,
26433,IN09A063,
26436,IN12A063,
26437,IN18B051,
26442,IN14A095,
26443,IN14A095,
26447,IN10B038,
26450,IN14A096,
26452,IN20A.22A073,
26453,IN11B014,
26454,IN21A088,
26456,IN20A.22A081,
26458,IN14A084,
26459,IN02A045,
26460,IN12B074,
26463,IN23B065,
26466,IN18B050,
26468,IN09B005,
26470,IN20A.22A065,
26471,IN09A060,
26472,IN02A060,
26473,IN20A.22A066,
26474,IN21A070,
26475,IN06A132,
26477,IN20A.22A084,
26482,IN12B072,
26486,IN03B081,
26487,IN01A069,
26488,IN08A037,
26490,INXXX412,dimorphic
26491,IN11A040,
26493,IN02A050,
26495,IN09A066,
26497,IN14A046,
26499,IN03A083,
26504,IN06A096,
26509,IN20A.22A049,
26510,IN17A106,
26511,IN17A094,dimorphic
26515,IN08B090,
26516,IN23B077,
26518,IN07B084,
26519,IN19B103,
26520,IN10B043,
26523,IN13A050,
26524,IN01A078,
26527,IN08A050,
26529,IN19A117,
26531,IN06A113,
26534,IN21A044,
26535,IN01B051,
26537,IN10B055,
26538,IN21A077,
26539,IN01A075,
26541,IN10B044,
26544,IN19A113,
26546,IN20A.22A049,
26548,IN20A.22A070,
26551,IN09A073,
26554,IN12B079,
26555,IN13A046,
26556,IN04B074,
26557,INXXX442,sex_specific
26558,IN06B086,
26559,IN20A.22A077,
26560,IN14A072,
26563,IN20A.22A062,
26567,IN01B027,
26569,IN20A.22A018,
26570,IN12B071,
26573,IN09A091,
26583,IN06A129,
26586,IN06A117,
26589,IN09A073,
26590,INXXX420,sex_specific
26591,IN03A093,
26593,IN17A101,sex_specific
26594,INXXX414,
26597,IN14A087,
26598,IN20A.22A060,
26600,IN21A042,
26602,IN09A050,
26606,IN12A062,
26610,IN01A076,
26615,IN01B053,
26616,IN04B112,
26618,IN17A119,
26627,IN12B072,
26632,IN13A060,
26633,IN13B080,
26634,IN01B059,
26635,INXXX402,
26636,IN03A083,
26637,IN08A036,
26638,IN12B066,
26639,IN09A073,
26642,IN17A113,
26643,IN12B021,sex_specific
26645,IN10B050,
26647,IN03A094,
26651,IN13B088,
26655,IN02A055,
26656,INXXX258,dimorphic
26657,IN01B065,
26660,IN02A054,
26666,IN20A.22A067,
26667,IN01A073,
26668,IN01B061,
26669,IN19A060,
26670,IN21A069,
26671,IN04B107,
26672,IN09A046,
26675,IN01B068,
26676,IN08B105,
26677,IN20A.22A084,
26680,IN10B042,
26681,IN14A056,
26685,IN16B105,
26686,IN09A091,
26690,IN13B090,
26691,IN12A059,
26693,IN05B088,
26694,IN09A057,
26699,IN17A119,
26700,IN11A032,
26701,IN19A084,
26707,IN05B089,
26708,INXXX420,sex_specific
26710,IN12A050,
26712,IN16B097,
26716,IN13A046,
26717,IN16B091,
26718,IN07B083,
26726,IN14A060,
26730,IN09A034,
26733,IN16B098,
26734,INXXX415,
26736,IN12A044,
26737,IN01A073,
26739,IN20A.22A077,
26741,IN13A061,
26742,IN06A129,
26743,IN06A094,
26746,INXXX450,
26747,IN01B070,
26749,IN01B073,
26753,IN02A059,
26755,IN14A076,
26757,IN04B074,
26760,IN03B071,
26761,IN05B092,
26762,IN10B055,
26772,IN12B079,
26773,IN03A095,
26775,IN09A085,
26781,IN07B098,
26782,IN20A.22A062,
26783,IN16B114,
26784,IN08A048,
26785,IN08A030,
26786,IN00A051,
26792,IN06A046,
26793,IN05B089,
26794,IN06A131,sex_specific
26796,IN20A.22A038,
26799,IN09A081,
26800,IN01B037,
26804,IN01B048,
26805,IN08A036,
26806,IN14A074,
26808,IN21A073,
26810,IN20A.22A057,
26812,IN01B027,
26815,IN06A113,
26816,IN21A047,
26817,IN14A081,
26818,IN01B061,
26820,IN14A059,
26822,IN11B020,
26823,IN19A016,
26825,IN01B048,
26826,IN12B086,
26827,IN09A064,
26828,IN10B057,
26829,IN20A.22A064,
26833,IN06A093,
26835,IN01B065,
26836,IN14A105,
26837,IN08A036,
26839,INXXX446,dimorphic
26840,IN09B051,
26842,IN07B083,
26843,IN20A.22A060,
26849,IN14A064,
26856,IN14A063,
26860,IN06A123,
26863,IN23B080,
26865,IN14A095,
26866,IN08A041,
26868,IN01A078,
26870,IN19A102,
26871,IN03A088,
26874,IN19A111,
26877,IN12B073,
26879,IN08A041,
26882,IN19A105,
26885,IN01B033,
26892,IN23B084,
26893,IN06B079,
26896,IN20A.22A066,
26902,IN21A074,
26903,IN06A105,dimorphic
26906,IN20A.22A064,
26909,IN12B073,
26910,IN10B057,
26911,IN08A050,
26913,IN12A064,sex_specific
26916,IN06A108,
26920,IN12B066,
26927,IN13B093,
26934,INXXX448,
26941,IN04B111,
26944,IN02A062,
26945,IN11A040,
26947,IN01B051,
26949,IN04B111,
26951,IN09A047,
26954,IN19B094,
26956,IN21A072,
26959,IN14A083,
26960,IN09A093,
26961,IN19A116,
26963,IN16B064,
26967,IN21A072,
26968,IN03B091,
26969,IN01B057,
26970,IN14A079,
26972,IN09A071,
26974,IN20A.22A018,
26976,IN03B092,
26978,IN06A132,
26980,IN02A054,
26981,IN07B096,
26983,IN03A062,
26984,IN12B081,
26985,IN02A064,
26988,IN20A.22A089,
26989,IN13A065,
26999,IN20A.22A061,
27000,IN01B078,
27001,IN11B021,
27002,IN08A037,
27003,IN11B019,
27006,INXXX402,
27009,IN20A.22A055,
27010,IN12B074,
27012,INXXX437,dimorphic
27015,IN19A074,
27021,IN01B044,
27024,IN01B054,
27029,IN04B104,
27030,IN03B081,
27031,IN09A060,
27032,IN01B042,
27033,INXXX437,dimorphic
27038,IN09A074,
27041,IN13B089,
27042,IN16B099,
27043,IN19A088,
27044,IN14A038,
27045,IN20A.22A065,
27047,IN20A.22A058,
27049,IN09A049,
27055,IN01A085,
27064,IN03B086,
27067,IN09A056,
27068,IN12B077,
27073,IN23B090,dimorphic
27077,IN07B087,
27081,IN20A.22A065,
27084,IN06B059,
27085,IN01B050,
27091,IN14A122,sex_specific
27092,IN06A097,
27094,IN21A085,
27099,IN02A054,
27100,IN12B081,
27102,IN23B086,
27104,IN20A.22A033,
27106,IN14A093,
27114,IN19A106,
27116,IN08A039,
27118,IN23B086,
27122,IN08A030,
27126,IN12B072,
27128,IN16B102,
27131,INXXX431,dimorphic
27132,IN11B014,
27136,IN10B044,
27137,IN16B118,
27140,IN12B087,
27142,IN23B074,
27144,IN07B090,dimorphic
27145,IN04B104,
27147,IN08A035,
27150,IN02A052,
27156,IN12B088,
27157,IN06A049,sex_specific
27159,IN01B052,
27160,IN01B073,
27161,IN12A018,
27164,IN06A103,
27167,IN21A087,
27168,IN14A078,
27172,IN20A.22A061,
27176,IN11A040,
27179,IN03B084,
27180,INXXX431,dimorphic
27181,IN09A091,
27182,IN08A033,
27183,INXXX045,dimorphic
27185,IN01B055,
27187,IN11B012,
27191,IN06A110,
27192,IN12B082,
27193,IN06A117,
27194,INXXX446,dimorphic
27195,IN02A030,
27201,IN01B075,
27202,IN14A085,
27203,IN16B099,
27210,IN14A111,
27211,IN14A064,
27215,IN14A083,
27218,INXXX431,dimorphic
27219,IN08A041,
27225,IN20A.22A092,
27229,IN01B092,
27234,IN19A108,
27237,IN20A.22A078,
27238,IN16B108,
27239,IN19A086,
27244,IN07B086,
27247,IN20A.22A058,
27248,IN07B087,
27254,IN01B069,
27257,IN03B093,
27260,IN14A017,
27261,IN20A.22A070,
27270,IN05B032,
27271,IN01B047,
27273,IN03B066,
27275,IN16B105,
27276,IN20A.22A054,
27283,IN10B059,
27287,IN13B094,
27289,IN03A089,
27292,IN21A084,
27296,IN21A063,
27297,INXXX448,
27299,IN20A.22A024,
27300,IN01B043,
27301,IN09A085,
27302,IN01A082,
27303,IN07B096,
27304,IN19A081,
27306,IN13A060,
27308,IN12A061,
27309,IN20A.22A090,
27314,IN12B084,
27317,IN10B042,
27321,IN12B068,
27325,IN10B057,
27327,IN09A054,
27328,IN20A.22A092,
27330,IN20A.22A055,
27331,IN09B051,
27333,IN14A078,
27335,IN20A.22A085,
27344,IN01B074,
27346,IN10B032,
27347,IN08A028,
27353,IN06A129,
27355,IN10B041,
27356,IN10B059,
27362,IN12A063,
27365,IN02A059,
27366,IN09A093,
27370,IN14A110,
27372,IN12B086,
27374,INXXX427,
27375,IN02A054,
27376,IN01B046,
27378,IN01A070,
27380,IN14A035,
27385,IN01B053,
27386,IN06B086,
27394,INXXX449,
27397,IN06A130,dimorphic
27398,IN20A.22A070,
27400,IN21A082,
27405,IN23B072,
27406,IN21A068,
27407,INXXX454,dimorphic
27416,IN14A048,
27418,INXXX443,dimorphic
27419,IN12B088,
27420,IN14A057,
27427,IN01B041,
27429,IN03B066,
27431,IN00A017,
27434,IN01B054,
27436,IN10B043,
27439,IN19A113,
27440,IN09A049,
27441,IN14A033,
27445,IN09A041,
27446,IN08A049,
27452,IN20A.22A037,
27456,IN19A114,
27464,IN14A092,
27466,IN12B082,
27469,IN01B074,
27471,IN21A083,
27472,IN04B074,
27473,IN01B078,
27475,IN01B056,
27477,IN11B014,
27485,IN07B092,
27488,IN12B083,
27491,IN12B088,
27493,IN12A063,
27496,IN02A059,
27498,IN21A054,
27499,IN09A080,
27502,GFC4,
27504,IN03B084,
27506,IN13A017,
27508,IN23B081,
27512,IN03B071,
27513,IN08A026,
27525,IN14A110,
27526,IN14A084,
27527,IN01B036,
27528,IN20A.22A089,
27529,IN09A055,
27530,IN20A.22A078,
27532,IN16B098,
27536,IN20A.22A092,
27546,INXXX450,
27547,IN20A.22A073,
27550,IN00A026,
27552,IN01B041,
27555,IN13A072,
27559,IN01B073,
27560,IN06A116,
27561,IN06A134,
27563,IN14A081,
27565,IN20A.22A092,
27566,IN23B078,
27569,IN23B085,
27570,IN09A094,
27571,IN01B073,
27572,IN20A.22A085,
27575,IN11B021,
27576,INXXX443,dimorphic
27581,IN20A.22A041,
27583,IN05B088,
27586,IN18B048,
27587,IN09A088,
27590,IN23B079,
27591,IN20A.22A085,
27594,IN21A080,
27605,IN23B088,
27606,IN20A.22A067,
27609,IN09A053,
27610,IN16B105,
27619,IN01B081,
27621,IN01A083,
27623,IN20A.22A063,
27630,IN12B086,
27633,IN17A051,sex_specific
27634,IN01B046,
27635,IN06A121,dimorphic
27636,IN20A.22A074,
27642,IN11A001,
27652,IN12B090,
27655,IN06A138,
27658,IN01B045,
27660,IN14A108,
27662,IN14A038,
27664,IN06B070,
27665,IN11A037,
27668,IN11B023,
27669,IN23B071,
27671,IN01A077,
27674,IN01B017,
27675,IN03B086,
27677,IN10B044,
27679,IN20A.22A070,
27684,IN14A114,
27685,IN12A063,
27686,IN10B050,
27690,IN00A067,
27693,IN03B066,
27696,IN12B086,
27698,IN06B059,
27702,IN07B084,
27703,IN07B102,
27708,IN10B042,
27710,IN13B096,
27711,IN16B073,
27712,IN09A081,
27713,IN14A079,
27717,IN12B075,
27740,IN20A.22A062,
27742,INXXX391,dimorphic
27744,IN20A.22A074,
27749,IN05B091,
27752,IN14A081,
27756,IN19A054,
27759,IN14A048,
27760,IN04B115,
27761,IN03B089,
27768,IN06B087,
27769,INXXX446,dimorphic
27773,IN09A093,
27779,IN16B118,
27781,IN09A060,
27782,IN14A061,
27785,IN01B039,
27788,IN12A064,sex_specific
27790,IN17A118,
27795,IN02A060,
27800,IN03B092,
27801,IN19A117,
27803,IN04B114,
27807,IN14A094,
27809,IN01A083,
27810,IN21A090,sex_specific
27815,IN20A.22A067,
27821,IN12B072,
27826,IN20A.22A055,
27829,IN14A088,
27831,IN20A.22A045,
27834,IN03B089,
27835,IN00A063,
27839,INXXX355,
27847,IN17A092,sex_specific
27851,IN10B055,
27852,IN13B078,
27855,IN04B108,
27860,IN01B073,
27867,IN20A.22A057,
27869,IN10B044,
27871,IN20A.22A061,
27872,IN03A096,
27879,IN01B065,
27881,IN23B086,
27882,IN04B074,
27888,IN01B078,
27891,IN11A037,
27896,IN20A.22A064,
27897,IN06A094,
27902,IN10B042,
27904,IN09A014,
27908,IN01B091,
27911,IN09A076,
27913,IN20A.22A048,
27918,IN14A090,
27919,IN01B037,
27928,IN07B096,
27929,IN20A.22A051,
27931,IN07B100,
27938,IN08A026,
27940,IN03B089,
27942,IN06A106,
27943,IN08A031,
27944,IN09A079,
27945,IN01A040,sex_specific
27950,IN02A049,
27956,IN11B023,
27958,IN14A095,
27962,IN05B090,
27966,IN02A061,
27968,IN14A080,
27970,IN09A078,
27973,IN07B102,
27974,IN01B052,
27979,IN21A104,
27980,IN21A091,
27981,IN03A094,
27982,IN04B114,
27984,IN00A067,
27985,IN07B087,
27997,IN03B079,
27998,IN23B085,
28002,IN13B093,
28005,INXXX437,dimorphic
28009,IN00A066,
28010,IN12B078,
28012,IN12B075,
28014,IN08A046,
28018,IN01B053,
28019,IN02A058,
28020,IN21A079,
28024,IN09A053,
28025,IN14A052,
28028,IN19A081,
28030,IN21A077,
28035,IN08A039,
28038,IN11B022,
28047,IN02A051,
28049,IN19A110,
28050,IN14A110,
28051,IN14A009,
28054,IN03B074,
28056,IN20A.22A090,
28058,IN11B020,
28059,IN02A044,
28060,IN21A085,
28064,IN02A048,
28066,IN01B060,
28070,IN00A066,
28072,IN18B054,
28083,IN04B107,
28084,IN09A082,
28085,IN01B069,
28101,IN20A.22A069,
28102,IN01A032,
28103,IN01A087,
28106,IN07B094,
28107,IN02A054,
28109,IN20A.22A054,
28111,IN03A069,
28117,IN14A052,
28118,IN01B065,
28120,IN14A093,
28121,IN07B090,dimorphic
28122,IN06A097,
28123,IN20A.22A086,
28124,IN01A075,
28129,IN19A106,
28133,IN10B058,
28135,IN10B054,
28136,IN08A050,
28140,IN01B027,
28141,IN12B069,
28144,IN14A099,
28146,IN02A054,
28150,IN14A070,
28153,IN10B057,
28154,IN19B084,
28167,IN10B059,
28168,INXXX436,
28173,IN08A048,
28181,IN00A031,
28182,IN20A.22A077,
28186,IN10B058,
28192,IN00A061,
28194,IN20A.22A037,
28202,IN14A090,
28207,IN08A032,
28218,INXXX450,
28220,IN07B096,
28225,IN09A071,
28226,IN16B075,
28228,IN11A036,
28229,IN06B035,
28230,IN01B078,
28231,IN10B058,
28235,IN06A083,
28238,IN02A061,
28239,IN06A125,
28247,IN04B011,
28250,IN10B057,
28251,IN19A063,
28252,IN20A.22A038,
28256,IN20A.22A049,
28260,IN09A060,
28262,IN07B094,
28264,INXXX436,
28266,IN06B066,
28267,IN11B022,
28269,IN09A092,
28270,IN05B090,
28271,IN01B079,
28275,IN09A085,
28277,IN21A088,
28284,IN02A048,
28286,IN16B122,
28291,IN07B094,
28296,IN12A063,
28300,IN11B020,
28313,IN06A109,
28314,IN19A098,
28316,IN21A078,
28318,IN20A.22A073,
28319,IN12B087,
28324,IN12B074,
28325,IN05B088,
28331,IN07B099,
28338,IN13A061,
28339,IN16B114,
28340,IN01B083,
28341,IN01B095,
28346,IN10B058,
28354,IN21A092,
28357,IN01B074,
28360,IN06A119,dimorphic
28368,IN04B092,
28376,IN10B054,
28378,IN23B083,
28381,IN11B020,
28383,IN10B041,
28391,IN10B057,
28393,IN07B099,
28395,IN20A.22A073,
28397,IN21A082,
28398,IN01A077,
28404,IN14A091,
28409,IN23B087,
28411,IN19B103,
28414,IN06B083,
28415,IN19A098,
28417,IN23B086,
28421,IN06A093,
28426,IN23B089,
28429,IN07B094,
28435,IN01B058,sex_specific
28438,IN20A.22A024,
28443,IN01B067,
28449,IN19A098,
28463,IN05B090,
28469,IN06A105,dimorphic
28471,IN08A036,
28474,IN13A071,
28488,IN23B086,
28492,IN19A127,
28493,IN06A125,
28497,IN08A034,
28503,IN09A092,
28506,IN20A.22A061,
28509,IN20A.22A084,
28510,IN11B023,
28512,IN14A095,
28513,IN00A033,
28515,IN09A093,
28516,IN01A082,
28520,IN01B095,
28523,IN10B058,
28524,IN21A059,
28525,IN01B053,
28526,IN01A025,
28528,IN17A093,
28535,INXXX377,dimorphic
28537,IN21A080,
28540,IN05B091,
28547,IN14A086,
28551,IN06A127,
28554,IN09A093,
28555,INXXX429,
28560,IN04B102,
28567,IN03A096,
28569,IN16B125,
28581,IN13B096,
28584,IN01B061,
28585,IN06A137,
28592,IN13A047,
28593,IN01B067,
28596,IN05B093,dimorphic
28597,IN14A099,
28599,IN07B090,dimorphic
28600,IN01B092,
28601,IN12B063,
28605,IN08B108,
28606,IN02A055,
28610,IN03A095,
28615,IN16B108,
28620,IN02A045,
28627,IN06A097,
28630,IN12B081,
28640,INXXX454,dimorphic
28645,IN16B123,
28647,IN06A125,
28649,IN21A097,
28654,IN02A064,
28660,IN16B121,
28664,IN08A043,
28668,IN10B041,
28669,IN01B084,
28671,IN20A.22A070,
28672,IN02A049,
28676,IN09A079,
28678,IN21A085,
28684,IN06A116,
28685,IN13B075,
28686,IN16B118,
28687,IN20A.22A073,
28688,IN01B099,
28698,IN01B079,
28701,IN11B021,
28703,IN19A115,
28711,IN03A094,
28712,IN03A092,
28713,IN01A071,
28715,IN16B125,
28716,IN01A079,
28719,IN07B092,
28723,IN09A078,
28729,IN01B065,
28732,IN08A043,
28739,IN06A028,
28743,IN07B092,
28744,IN16B121,
28746,IN08B035,
28754,IN09A093,
28755,IN14A087,
28758,IN23B085,
28762,IN20A.22A085,
28763,IN00A068,sex_specific
28768,IN02A063,
28774,IN05B091,
28775,IN16B121,
28778,IN07B096,
28780,IN20A.22A078,
28786,IN08B108,
28789,IN20A.22A060,
28791,INXXX369,dimorphic
28795,IN19A120,
28800,IN19A098,
28801,IN03B084,
28806,IN09A083,
28807,IN10B057,
28809,IN01A070,
28825,IN16B119,
28826,IN11B023,
28829,IN19A117,
28833,IN07B077,
28840,IN01B090,
28842,IN01A080,
28847,IN19A060,
28854,IN02A065,
28856,IN19B103,
28857,IN10B058,
28861,IN06A063,
28862,IN10B058,
28863,IN00A011,
28864,IN02A050,
28867,IN09A066,
28870,IN06A136,
28880,IN21A089,
28889,IN02A052,
28891,IN20A.22A074,
28896,IN07B094,
28900,IN19A041,
28904,IN01B069,
28910,IN14A082,
28911,IN03B090,
28912,IN19A106,
28915,IN11A037,
28922,INXXX431,dimorphic
28924,IN14A111,
28930,IN14A090,
28933,IN20A.22A084,
28938,IN07B100,
28940,IN11A043,
28943,IN04B114,
28944,IN09A060,
28948,IN19A041,
28951,IN20A.22A077,
28957,IN19A065,
28958,IN01A079,
28961,IN12B024,
28964,IN11A043,
28970,IN21A056,
28973,IN23B087,
28975,IN09A078,
28976,IN09A083,
28977,IN14A102,
28981,IN06A119,dimorphic
28982,IN16B110,
28985,IN09A096,
28989,IN23B081,
28994,IN03B083,
28996,INXXX446,dimorphic
29000,IN02A052,
29003,IN20A.22A074,
29004,IN20A.22A059,
29009,IN08A043,
29014,IN14A037,
29022,IN20A.22A085,
29033,IN02A051,
29038,IN01B082,
29043,IN14A060,
29045,IN12A064,sex_specific
29047,IN01B089,
29050,IN18B043,
29051,INXXX452,dimorphic
29060,IN21A099,
29064,IN03A096,
29066,IN07B076,
29072,IN03B090,
29073,IN20A.22A055,
29076,IN07B096,
29085,IN10B055,
29087,IN12B085,sex_specific
29088,IN08A036,
29091,IN01B083,
29094,IN19A088,
29096,IN02A060,
29101,IN04B027,
29104,IN04B102,
29107,IN02A057,
29114,IN14A106,
29119,IN01B019,
29122,IN09A081,
29126,INXXX460,
29128,IN23B081,
29130,IN12A063,
29131,IN06B086,
29139,IN02A057,
29140,IN01B094,
29141,IN08A043,
29150,IN10B057,
29158,IN10B059,
29162,IN20A.22A079,
29164,IN14A086,
29168,IN20A.22A078,
29176,IN01A082,
29177,IN11A043,
29179,IN02A030,
29183,IN06A113,
29184,IN19A064,
29185,IN08A043,
29191,IN12B025,
29198,IN20A.22A074,
29206,IN06A103,
29209,IN20A.22A079,
29216,IN01A066,
29222,IN10B057,
29225,IN13A067,
29227,IN11B021,
29235,IN01A084,dimorphic
29239,IN12B040,
29241,IN14A114,
29242,IN21A098,
29246,IN01A087,
29250,IN02A063,
29251,IN09A081,
29256,IN14A118,
29257,IN03B088,
29266,IN10B055,
29267,IN09A090,
29272,IN14A098,
29274,IN01B080,
29277,IN03B091,
29285,IN01A082,
29301,IN13A068,
29305,IN10B055,
29310,IN01A079,
29318,IN21A091,
29322,IN12B024,
29327,IN10B042,
29339,IN13A063,
29343,IN02A053,
29350,IN11B021,
29356,IN01B074,
29371,IN23B089,
29382,IN05B091,
29383,IN16B125,
29384,IN06A122,
29390,IN02A055,
29391,IN06A118,
29397,IN11B021,
29399,IN01A080,
29400,IN11B021,
29409,IN20A.22A067,
29411,IN09A086,
29415,IN11B023,
29416,IN23B067,
29418,IN14A106,
29419,IN07B094,
29421,IN02A058,
29422,IN17A112,
29425,IN01B077,
29430,IN08A036,
29431,IN11B021,
29432,IN04B037,
29442,IN12B088,
29446,IN08A049,
29449,IN11A041,
29450,IN01A079,
29464,IN03B091,
29466,IN02A059,
29475,IN23B072,
29477,IN09A079,
29478,IN11B021,
29480,IN13B087,
29490,INXXX446,dimorphic
29493,IN10B044,
29506,IN07B098,
29511,IN01B068,
29516,IN07B099,
29533,IN08A041,
29535,IN11B022,
29540,IN14A108,
29542,IN06A110,
29544,IN07B096,
29546,IN14A107,
29564,IN07B098,
29565,IN14A104,
29567,IN21A093,
29569,IN17A064,
29570,IN03B070,
29571,IN07B096,
29578,IN03A096,
29580,,
29591,IN07B096,
29595,IN19A106,
29597,INXXX438,dimorphic
29603,IN06A135,
29605,IN02A056,
29610,INXXX431,dimorphic
29612,IN21A099,
29617,IN14A107,
29631,IN07B099,
29635,IN03B090,
29659,IN02A050,
29662,IN11B004,dimorphic
29663,IN02A050,
29670,IN01B063,
29671,IN11A042,
29672,IN20A.22A087,
29674,IN09B055,
29679,IN06A136,
29690,INXXX436,
29691,IN09A090,
29693,INXXX442,sex_specific
29698,IN20A.22A079,
29699,IN23B084,
29714,IN02A033,
29717,IN19A108,
29727,IN10B042,
29728,IN20A.22A039,
29731,IN03B091,
29743,IN08A048,
29748,IN02A066,
29751,IN03B090,
29758,IN09A092,
29766,IN10B057,
29768,IN19A127,
29769,IN23B084,
29773,IN03A095,
29776,IN16B075,
29786,INXXX440,
29789,IN19B105,
29790,IN10B052,
29792,IN07B102,
29794,IN01B073,
29795,IN08A016,
29807,IN12B087,
29808,IN19A041,
29817,IN06A116,
29822,IN14A106,
29842,IN06A130,dimorphic
29849,IN19A094,
29853,IN02A059,
29861,INXXX364,
29862,IN14A113,
29878,IN20A.22A083,
29881,IN19A088,
29888,IN08A043,
29891,IN13B097,
29899,IN20A.22A089,
29909,IN06A132,
29910,IN10B052,
29912,IN10B055,
29914,IN21A059,
29924,IN01B056,
29927,IN14A090,
29934,IN07B096,
29938,IN05B090,
29943,IN03B091,
29944,IN02A049,
29956,IN10B059,
29959,IN09B050,
29960,IN10B057,
29974,IN20A.22A028,
29980,IN13A051,
29985,IN05B090,
29988,IN04B094,
29991,IN02A056,
29995,IN19A106,
30000,IN10B059,
30013,IN19A098,
30016,IN02A064,
30020,IN20A.22A005,
30021,INXXX440,
30031,IN10B058,
30041,IN12A064,sex_specific
30045,IN08A043,
30070,IN14A076,
30071,IN19A081,
30110,IN07B092,
30120,IN06A131,sex_specific
30128,IN03B089,
30132,IN05B089,
30134,IN03B086,
30140,IN14A114,
30141,IN01A088,
30151,IN20A.22A084,
30162,INXXX448,
30166,IN07B099,
30168,IN07B093,
30176,IN13A043,
30183,IN06A113,
30185,IN09A083,
30193,IN06A123,
30204,INXXX440,
30214,IN19A120,
30223,IN21A066,
30232,IN06A137,
30239,IN06A126,
30243,INXXX452,dimorphic
30244,IN19A140,sex_specific
30245,INXXX439,sex_specific
30254,IN08A050,
30259,IN10B058,
30260,INXXX468,
30261,IN18B056,sex_specific
30270,IN10B059,
30300,IN09A035,
30301,IN13B081,
30305,IN20A.22A089,
30310,IN14A105,
30311,,
30319,IN05B090,
30326,IN07B100,
30333,IN16B119,
30340,INXXX454,dimorphic
30342,IN06A124,
30353,IN20A.22A077,
30355,IN09A096,
30364,IN01B100,
30378,IN06A077,
30380,IN10B059,
30386,IN13A072,
30393,IN16B114,
30396,IN20A.22A077,
30401,IN20A.22A086,
30406,IN01B082,
30408,IN10B058,
30412,IN09B054,
30416,INXXX386,
30419,INXXX287,
30425,IN20A.22A085,
30434,IN12A063,
30443,IN11B022,
30444,INXXX441,
30446,IN20A.22A092,
30449,IN14A112,
30452,IN03A097,dimorphic
30454,IN20A.22A086,
30459,IN20A.22A089,
30461,IN01B044,
30466,IN06A133,
30468,IN04B107,
30470,IN08A047,
30479,IN05B085,
30485,INXXX454,dimorphic
30487,IN02A049,
30494,INXXX454,dimorphic
30497,IN01B084,
30508,IN03B091,
30519,IN19A083,
30528,IN09A090,
30530,IN04B092,
30545,IN08A045,
30547,IN06A132,
30565,IN02A058,
30584,IN09A095,
30587,IN01B080,
30615,IN12B077,
30617,IN14A103,
30620,INXXX446,dimorphic
30625,IN11B021,
30628,IN02A058,
30630,IN20A.22A084,
30636,INXXX454,dimorphic
30643,IN01B081,
30644,IN08A031,
30648,IN21A071,
30650,IN20A.22A007,
30651,INXXX454,dimorphic
30654,IN02A047,
30655,IN21A102,
30658,IN21A093,
30659,IN13A059,
30660,IN02A054,
30662,IN02A062,
30666,IN01B079,
30667,INXXX456,sex_specific
30669,IN14A109,
30672,IN01B064,
30674,IN01B096,
30677,IN06A136,
30682,IN09B048,
30690,IN06A117,
30696,IN11B022,
30716,IN11A008,
30721,IN20A.22A076,
30724,IN23B067,
30725,IN23B089,
30728,INXXX448,
30734,IN14A042,
30747,IN07B073,
30748,IN11B021,
30757,IN16B115,
30759,IN10B054,
30765,IN14A096,
30767,IN20A.22A058,
30770,IN13B041,
30773,IN03B089,
30775,IN14A087,
30805,IN04B107,
30806,INXXX452,dimorphic
30813,IN02A056,
30814,IN01B037,
30816,INXXX446,dimorphic
30819,IN13A044,
30827,IN08A050,
30841,IN07B076,
30845,IN01B080,
30850,IN18B055,dimorphic
30855,IN06A132,
30861,IN09A084,
30864,IN21A095,
30868,IN14A118,
30879,IN07B092,
30880,IN06A132,
30887,IN03B089,
30902,IN01B048,
30904,IN20A.22A059,
30915,IN14A119,
30918,IN02A062,
30925,IN07B102,
30927,IN19A122,
30930,IN09A060,
30931,IN19B103,
30932,IN06A130,dimorphic
30936,IN12B056,
30951,INXXX427,
30952,IN20A.22A069,
30956,INXXX451,sex_specific
30965,IN11A044,
30987,IN01A064,
30991,IN01B061,
31004,IN10B057,
31012,IN10B058,
31021,IN01B086,
31030,IN01B095,
31034,IN09A064,
31042,IN20A.22A069,
31059,IN20A.22A089,
31065,IN12A064,sex_specific
31066,IN21A062,
31073,IN06B078,
31087,IN19A057,
31088,IN14A100,
31091,IN19A088,
31094,IN02A056,
31098,IN00A049,
31106,IN11A035,
31108,IN11B004,dimorphic
31111,IN06A058,
31119,IN05B090,
31121,IN12A054,
31143,IN20A.22A086,
31147,IN10B055,
31157,INXXX263,sex_specific
31158,IN08A031,
31165,IN11A039,
31171,IN19A100,
31172,IN10B054,
31175,INXXX448,
31176,IN10B055,
31184,IN20A.22A067,
31203,IN23B093,
31215,IN06A133,
31216,IN01B080,
31222,IN20A.22A083,
31225,INXXX454,dimorphic
31228,IN02A060,
31249,IN01B095,
31250,IN14A120,
31269,IN06A132,
31275,IN19B103,
31277,IN10B057,
31278,IN01B081,
31282,IN08A031,
31311,IN06A135,
31317,IN10B055,
31324,IN20A.22A084,
31329,IN11A022,
31334,INXXX446,dimorphic
31364,IN19A122,
31365,IN20A.22A087,
31366,IN03B088,
31370,IN09A050,
31373,IN00A068,sex_specific
31374,IN02A059,
31376,IN14A102,
31378,IN02A054,
31382,IN16B038,
31384,INXXX460,
31388,IN21A103,
31390,IN13A061,
31398,IN07B100,
31402,IN05B085,
31421,IN01B024,
31422,INXXX449,
31423,INXXX372,sex_specific
31424,IN06B073,
31433,IN02A056,
31435,IN13A055,
31445,IN08A048,
31448,IN12A059,
31454,IN10B059,
31466,IN08A043,
31475,INXXX454,dimorphic
31485,IN20A.22A091,
31505,IN20A.22A072,
31512,IN09B052,dimorphic
31524,IN20A.22A090,
31525,IN19B094,
31532,IN08A037,
31545,IN13B022,
31548,IN03B089,
31555,IN01B081,
31560,IN14A109,
31562,IN01B037,
31588,IN12B085,sex_specific
31591,IN02A059,
31597,IN06B063,
31606,IN18B056,sex_specific
31617,IN02A054,
31627,IN19A090,
31630,IN16B114,
31633,IN20A.22A080,
31636,IN20A.22A060,
31659,IN19A060,
31674,IN05B092,
31679,IN06A094,
31681,IN06A132,
31716,IN23B092,dimorphic
31719,INXXX446,dimorphic
31721,IN16B124,
31722,IN07B098,
31735,INXXX293,sex_specific
31752,IN21A089,
31754,IN20A.22A085,
31758,IN13B095,
31774,IN20A.22A086,
31776,IN07B039,
31782,IN01B085,
31784,IN01B080,
31791,IN05B091,
31794,IN12B092,sex_specific
31804,IN10B042,
31805,IN10B042,
31820,IN10B050,
31823,GFC4,
31833,IN01B072,
31835,IN01B080,
31850,IN01B080,
31860,IN14A078,
31864,INXXX447,dimorphic
31867,IN07B094,
31869,IN02A062,
31870,IN12B034,
31871,IN13B102,
31876,IN13A050,
31877,IN10B059,
31880,IN12A057,
31887,IN10B058,
31890,IN23B071,
31894,IN01B045,
31901,IN07B076,
31908,IN17A120,
31911,IN20A.22A069,
31925,IN04B036,
31939,IN03B091,
31961,IN07B102,
31963,IN13A061,
31969,IN20A.22A079,
31974,IN06B084,
31993,IN20A.22A085,
32007,IN06B073,
32017,IN09A095,
32028,IN05B085,
32044,IN08B108,
32052,IN01A071,
32054,IN06A138,
32056,IN13A051,
32058,IN19A076,
32073,IN02A066,
32089,IN14A108,
32090,IN09A094,
32092,IN11A044,
32093,IN00A031,
32094,IN10B042,
32097,IN00A071,sex_specific
32105,IN20A.22A039,
32110,IN01B087,
32114,IN14A112,
32125,INXXX341,
32147,IN03A060,
32150,IN02A062,
32162,INXXX416,dimorphic
32164,IN08A031,
32190,IN19A108,
32203,IN06A138,
32209,IN16B079,
32211,INXXX270,
32214,INXXX444,sex_specific
32217,INXXX350,dimorphic
32221,IN02A057,
32226,IN20A.22A087,
32229,IN19A040,
32231,IN06A138,
32236,IN12B079,
32248,IN09B057,
32251,IN20A.22A084,
32269,IN01A052,
32283,IN03B088,
32289,IN01B082,
32325,INXXX459,dimorphic
32326,IN03B079,
32328,IN19B043,
32336,IN06A136,
32344,IN14A116,
32348,INXXX440,
32357,IN08A047,
32359,IN06A132,
32368,IN21A047,
32370,IN04B064,
32374,IN09A093,
32375,IN14A042,
32397,IN12B040,
32450,IN19A133,
32451,IN20A.22A089,
32456,IN14A113,
32459,IN08A047,
32462,IN20A.22A089,
32469,IN10B042,
32473,IN21A107,sex_specific
32474,IN12B036,
32492,INXXX454,dimorphic
32494,IN01B061,
32501,IN19A138,sex_specific
32503,IN02A066,
32520,IN07B103,
32528,IN09A091,
32530,IN10B055,
32539,IN09A096,
32540,IN13A059,
32543,IN06A098,dimorphic
32557,IN01B031,
32565,IN14A105,
32573,IN14A108,
32582,IN09A084,
32586,IN13A045,
32591,IN00A069,sex_specific
32612,IN02A065,
32628,IN20A.22A080,
32679,IN20A.22A090,
32688,IN10B054,
32694,INXXX458,dimorphic
32695,IN14A110,
32707,INXXX456,sex_specific
32712,IN04B033,
32714,vMS12,dimorphic
32736,IN06A136,
32758,INXXX395,dimorphic
32773,IN09A096,
32791,IN09A088,
32792,IN17A120,
32794,IN13B045,
32812,IN06B078,
32824,IN01A088,
32829,IN02A047,
32851,IN01B082,
32854,IN14A113,
32860,IN03B092,
32869,IN01B048,
32871,INXXX460,
32872,IN19A082,
32887,IN19A098,
32906,IN09A090,
32912,IN17A107,
32925,IN08A041,
32941,IN14A114,
32946,INXXX388,
32956,IN13A061,
32978,IN19A060,
32986,IN21A055,
32992,IN14A116,
32999,IN01B095,
33017,IN12B091,sex_specific
33024,INXXX441,
33038,IN02A057,
33066,IN20A.22A069,
33067,IN09A034,
33073,IN19A133,
33083,IN01B090,
33100,IN02A066,
33104,IN02A066,
33114,IN21A042,
33124,IN13B075,
33126,IN23B086,
33143,IN05B091,
33152,IN01B095,
33162,IN20A.22A089,
33166,IN21A061,
33168,IN02A061,
33181,IN21A087,
33187,IN21A087,
33190,IN04B115,
33194,IN06A135,
33196,IN19A117,
33207,IN09A093,
33212,IN21A102,
33256,IN09A022,
33270,IN10B050,
33275,IN13A022,
33285,INXXX423,sex_specific
33292,IN13A051,
33305,IN10B042,
33320,IN23B031,
33325,IN20A.22A088,
33330,IN02A058,
33337,IN14A111,
33341,IN01B095,
33388,IN09B052,dimorphic
33412,IN02A042,
33413,IN01B091,
33414,IN08A026,
33415,IN01A082,
33422,IN03A097,dimorphic
33453,IN23B067,
33468,IN01B059,
33478,IN08A047,
33497,IN14A121,
33506,IN19A108,
33512,IN11A037,
33524,IN02A066,
33529,IN10B061,sex_specific
33536,IN13B030,
33540,IN19B090,
33557,IN06A139,
33558,IN19B068,dimorphic
33597,IN01B090,
33601,IN21A105,
33614,IN20A.22A090,
33615,IN04B066,
33619,IN19A130,
33620,IN09A090,
33623,IN21A087,
33631,IN06A137,
33646,IN21A098,
33657,IN20A.22A085,
33659,IN11B020,
33667,IN01B080,
33678,IN14A115,
33695,IN19A090,
33699,INXXX454,dimorphic
33716,IN19A139,sex_specific
33722,IN09B058,
33744,IN14A090,
33746,IN05B090,
33785,INXXX429,
33805,IN03B091,
33808,IN02A063,
33816,IN16B079,
33827,IN19A081,
33839,INXXX373,
33851,IN08A031,
33857,IN14A117,
33858,IN19A090,
33865,IN01B012,
33885,IN02A067,
33887,IN20A.22A090,
33890,IN02A033,
33894,IN10B058,
33899,IN01B096,
33927,IN20A.22A050,sex_specific
33933,IN21A102,
33936,IN14A090,
33937,IN09B055,
33955,IN16B094,
34021,IN02A062,
34040,IN14A038,
34057,IN14A110,
34059,IN21A096,
34073,IN09A096,
34080,IN01B087,
34085,IN13A055,
34091,IN01B077,
34093,INXXX452,dimorphic
34099,IN19A117,
34122,IN07B098,
34127,IN20A.22A086,
34133,IN09B053,
34135,INXXX406,
34145,IN01B090,
34173,IN08A048,
34179,IN07B074,
34193,IN16B122,
34221,IN20A.22A007,
34222,IN21A112,sex_specific
34244,IN01B095,
34251,IN00A070,sex_specific
34266,IN19A100,
34276,IN05B090,
34282,IN04B064,
34285,IN09A060,
34295,IN01B065,
34303,,
34313,IN08B092,
34336,IN01B093,
34347,IN20A.22A088,
34367,IN01B090,
34371,,
34387,IN18B045,
34433,IN01B095,
34437,IN20A.22A090,
34444,IN01B079,
34479,IN14A108,
34506,IN01A019,
34519,IN02A066,
34520,IN19A082,
34523,IN19A120,
34542,IN13B102,
34554,IN20A.22A080,
34557,IN02A062,
34562,INXXX230,
34601,IN09A096,
34627,IN00A070,sex_specific
34630,IN01A088,
34648,IN09A079,
34660,INXXX424,sex_specific
34686,IN10B057,
34691,IN02A066,
34713,IN04B095,
34719,IN01B095,
34725,IN20A.22A070,
34728,IN03B089,
34730,IN20A.22A060,
34733,IN09A064,
34738,IN20A.22A091,
34746,IN20A.22A090,
34756,IN09B053,
34777,IN23B091,
34801,IN21A108,sex_specific
34841,INXXX415,
34864,IN20A.22A070,
34902,IN12A061,
34905,IN14A017,
34918,IN01B095,
34923,IN19A108,
34928,IN08A028,
34938,IN21A103,
34956,IN01B079,
34985,IN20A.22A091,
34987,IN20A.22A092,
35013,IN20A.22A084,
35068,IN01B084,
35120,IN10B057,
35133,IN08A032,
35192,IN02A065,
35193,,
35204,IN20A.22A090,
35212,,
35228,IN06A110,
35248,IN19A117,
35295,,
35323,IN19A114,
35349,IN10B032,
35360,INXXX419,
35376,IN02A062,
35411,IN20A.22A090,
35412,,
35423,IN21A109,sex_specific
35435,IN13B067,
35437,INXXX364,
35470,IN02A066,
35471,IN04B071,
35477,IN14A077,
35488,IN21A043,
35511,IN06A128,
35564,IN03B072,
35606,IN20A.22A086,
35626,IN06B079,
35628,IN03B069,
35629,IN09A092,
35638,IN19A080,
35712,IN01A071,
35714,IN09A079,
35728,IN21A053,
35775,IN13B079,
35777,IN19A108,
35781,IN01B093,
35812,,
35818,IN03A091,
35832,IN01B092,
35860,IN11B019,
35906,IN17A103,
35927,IN06A136,
35961,IN14A067,
35994,,
36002,IN14A109,
36013,IN01B095,
36015,IN09A089,
36037,IN19A064,
36109,IN21A044,
36124,IN19A124,
36128,IN07B086,
36150,IN06A073,
36155,IN01B016,
36172,IN19A122,
36173,IN06A065,
36180,IN12B078,
36201,IN05B090,
36235,IN01B095,
36252,IN09A096,
36299,IN19A108,
36317,IN20A.22A059,
36333,IN09B052,dimorphic
36342,IN09A084,
36345,IN20A.22A015,
36364,,
36367,IN01B102,
36372,IN01B090,
36373,IN13A063,
36407,IN20A.22A042,
36417,IN19B084,
36418,IN06A136,
36453,IN21A086,
36488,IN14A056,
36545,,
36548,IN07B096,
36597,IN20A.22A091,
36614,IN11A043,
36636,IN03A087,
36638,IN09A088,
36689,IN02A063,
36690,IN20A.22A090,
36719,IN19A108,
36722,IN04B100,
36737,IN13A022,
36799,IN12B079,
36805,IN19B067,
36855,IN08A047,
36876,IN23B048,
36880,IN07B083,
36932,IN21A063,
36942,IN02A055,
37065,IN08A041,
37115,IN14A020,
37136,IN02A064,
37164,IN01A081,
37166,IN01B101,
37180,IN01B084,
37191,IN20A.22A085,
37197,IN19A134,sex_specific
37202,IN21A087,
37211,IN09A090,
37234,IN20A.22A038,
37267,IN06A113,
37276,IN01B070,
37286,IN18B055,dimorphic
37377,IN16B086,
37409,INXXX394,dimorphic
37411,IN06A094,
37417,IN06B085,
37429,IN13B072,
37443,IN09A096,
37455,IN07B092,
37490,IN21A087,
37492,IN19A127,
37501,,
37504,IN13A073,sex_specific
37510,IN21A093,
37540,IN03A082,
37559,IN03A085,
37576,IN01B090,
37584,IN09B053,
37611,INXXX376,
37628,IN19A132,
37671,IN08A036,
37679,INXXX052,dimorphic
37680,IN06A136,
37692,IN13A061,
37696,INXXX448,
37756,IN14A115,
37787,IN01B080,
37795,IN13A061,
37798,,
37817,IN23B090,dimorphic
37836,IN20A.22A092,
37854,IN21A108,sex_specific
37871,IN00A069,sex_specific
37915,,
37966,,
38000,IN01B094,
38006,INXXX448,
38013,IN01B085,
38024,IN08A028,
38032,IN14A114,
38033,IN20A.22A051,
38068,IN01B100,
38070,IN03B083,
38071,IN04B100,
38101,,
38104,IN14A016,dimorphic
38148,,
38155,,
38170,IN20A.22A059,
38189,IN19A114,
38194,IN01B028,
38204,IN01B098,
38208,IN13A071,
38219,IN09A027,
38222,IN21A049,
38223,IN19A101,
38294,IN14A076,
38325,IN04B067,
38328,IN19A117,
38332,IN06A094,
38333,IN01B053,
38347,INXXX431,dimorphic
38364,INXXX396,
38384,IN20A.22A088,
38405,IN13A072,
38407,IN13A059,
38486,IN05B090,
38507,IN14A075,
38510,,
38573,IN01B102,
38584,INXXX443,dimorphic
38612,IN14A052,
38657,IN19A132,
38687,IN19A117,
38690,IN12B079,
38751,IN03B071,
38755,IN01B088,sex_specific
38822,IN20A.22A090,
38897,IN09A070,
38967,IN01B090,
39029,IN01B090,
39098,IN14A106,
39110,IN12B072,
39138,IN21A078,
39142,INXXX429,
39228,IN19A122,
39242,IN20A.22A092,
39286,IN10B032,
39297,IN20A.22A086,
39333,IN03A090,
39459,IN09A092,
39497,IN06A088,
39516,IN01A082,
39548,IN13A051,
39586,IN19A098,
39630,IN19A122,
39667,IN01B095,
39721,IN09A092,
39733,IN13B097,
39754,IN20A.22A092,
39795,IN13B098,
39816,IN14A109,
39843,IN13B096,
39860,IN19A135,sex_specific
39877,IN14A109,
39889,IN19A135,sex_specific
39926,IN20A.22A087,
39951,IN19A122,
39954,IN19A117,
39961,IN01B089,
39969,IN05B093,dimorphic
39975,IN14A117,
40029,GFC3,
40030,IN02A026,
40045,IN21A081,
40076,IN13A068,
40112,IN07B030,
40121,IN09A072,
40144,IN01B086,
40155,IN03B093,
40169,IN19A136,
40189,IN01B090,
40218,IN19A096,
40229,INXXX448,
40231,IN14A104,
40244,IN19A124,
40258,IN13A062,
40260,IN02A058,
40278,IN12B063,
40279,IN11B022,
40296,IN19A114,
40301,IN01B100,
40498,IN05B090,
40514,IN07B087,
40532,IN07B100,
40560,IN07B065,
40564,IN19A089,
40575,IN20A.22A088,
40611,IN14A089,
40650,,
40659,IN19A082,
40693,IN20A.22A091,
40793,IN12B066,
40825,IN23B090,dimorphic
40878,INXXX446,dimorphic
40879,IN21A097,
40900,IN02A054,
40931,IN20A.22A090,
40938,,
40987,IN01B006,
41002,IN06A126,
41075,IN01A083,
41078,INXXX455,
41134,IN14A103,
41143,IN14A107,
41220,IN01B101,
41249,IN13A061,
41301,IN19A133,
41337,IN01B095,
41354,IN20A.22A092,
41393,IN09B054,
41468,INXXX446,dimorphic
41495,,
41563,IN14A078,
41566,IN23B072,
41585,,
41622,IN21A100,
41629,IN14A120,
41637,,
41705,IN21A084,
41708,GFC4,
41741,,
41749,IN01B098,
41794,IN07B090,dimorphic
41883,IN19A114,
41990,IN00A067,
42067,IN07B092,
42072,,
42107,IN19A114,
42109,IN21A051,
42121,IN14A110,
42164,GFC4,
42242,IN19A071,
42298,IN13B065,
42325,IN01B078,
42372,IN10B042,
42376,IN20A.22A071,
42415,IN21A102,
42452,IN18B050,
42459,IN03B091,
42476,IN19A103,
42482,IN19A133,
42502,INXXX451,sex_specific
42542,,
42635,IN21A094,sex_specific
42639,IN19A106,
42680,IN19A107,
42683,,
42686,IN19A098,
42730,IN06B087,
42764,IN19A121,dimorphic
42766,IN01B090,
42768,INXXX425,sex_specific
42778,,
42787,,
42860,IN20A.22A092,
43004,IN13A040,
43064,IN06B087,
43094,IN21A100,
43132,IN20A.22A092,
43159,IN01B078,
43161,IN14A123,
43191,IN20A.22A088,
43194,IN14A110,
43225,IN21A104,
43263,IN11B022,
43268,IN01B074,
43269,IN02A067,
43337,IN13A069,
43363,IN01B100,
43371,IN07B096,
43375,IN19A141,sex_specific
43424,IN01B097,
43472,IN20A.22A089,
43473,IN13B100,
43476,IN01B080,
43536,IN14A108,
43562,IN13A056,
43645,IN03B091,
43694,IN19A117,
43758,GFC4,
43777,IN23B094,sex_specific
43822,IN03B091,
43848,IN20A.22A092,
43862,IN02A058,
43922,IN07B094,
43933,IN07B098,
43962,IN21A087,
44046,,
44073,IN02A064,
44079,IN14A115,
44086,IN14A121,
44225,IN21A083,
44333,IN21A115,sex_specific
44366,,
44428,IN14A120,
44461,,
44589,IN21A087,
44675,IN01B101,
44691,IN20A.22A076,
44697,IN19A129,sex_specific
44746,IN14A120,
44776,IN20A.22A092,
44845,IN21A096,
44850,IN23B066,
44855,IN06B087,
44882,IN13A069,
44984,IN20A.22A025,
44994,IN14A078,
45083,IN19A106,
45116,IN07B099,
45129,IN09B052,dimorphic
45326,IN09A090,
45379,IN19A090,
45384,IN20A.22A092,
45415,IN13B074,
45541,IN21A087,
45669,IN11B017,
45752,IN14A124,sex_specific
45807,IN19A058,
45853,,
45883,IN19A114,
46024,IN19A107,
46063,IN14A114,
46142,IN20A.22A090,
46351,IN01B035,
46693,,
46785,IN20A.22A092,
46925,IN20A.22A088,
47109,,
47304,IN14A110,
47439,,
47692,IN19A116,
47756,IN13B037,
47809,IN14A119,
47867,IN06B058,
48048,IN01B084,
48080,IN19A117,
48101,IN03A091,
48422,IN20A.22A092,
48567,IN23B094,sex_specific
48724,IN19A120,
48911,,
48980,IN19A108,
49430,IN03A077,
49530,,
49724,IN23B072,
49732,,
49881,IN19A104,
49985,IN20A.22A012,sex_specific
50025,IN08A035,
50201,,
50456,IN19A065,
50684,IN19A108,
50935,IN19A131,
51082,IN19A109,
51267,IN02A064,
51535,IN19A106,
51546,IN19A121,dimorphic
51924,,
51945,IN01B080,
52431,IN19A113,
52476,IN01B090,
52484,IN13A068,
52487,IN13B044,
52736,,
52879,IN06A050,
53487,IN01B100,
53582,IN13A029,
53732,,
54287,IN13A068,
54898,IN11B022,
55025,IN12B064,
55604,IN09A053,
55628,IN10B041,
55676,IN21A109,sex_specific
56188,IN19A135,sex_specific
56231,IN19A093,
56299,IN13A051,
56768,IN23B054,
58055,IN08A038,
58203,IN14A068,
59318,IN20A.22A084,
59776,IN20A.22A078,
61349,,
62688,,
63866,IN16B060,
63974,IN03A063,
66390,IN23B089,
66425,,
68279,IN19A098,
68570,IN11B018,
74384,INXXX419,
75822,IN13A040,
76088,IN08A039,
76940,IN13A051,
78726,,
80190,,
80571,IN21A087,
81202,IN13A063,
86156,,
86815,IN07B074,
87821,IN01B079,
89050,,
90495,IN23B089,
94159,,
94693,,
97353,IN01B097,
98320,INXXX269,
100000,IN12B033,
100002,IN09A063,
100054,IN20A.22A092,
100055,IN20A.22A070,
100062,IN09A095,
100072,IN13B090,
100075,IN04B100,
100121,IN09A038,
100139,IN03A014,
100140,IN21A079,
100141,IN21A079,
100142,IN21A070,
100147,INXXX417,
100187,IN12B081,
100208,IN10B058,
100209,IN01B007,
100210,IN20A.22A077,
100236,IN03A078,
100239,IN01B069,
100243,IN12B038,
100249,IN20A.22A084,
100261,IN09A066,
100262,IN12B072,
100264,IN00A052,
100272,IN23B085,
100292,IN03A028,
100294,IN02A041,
100306,IN20A.22A051,
100310,IN06B066,
100312,IN12A052,
100317,IN01B063,
100318,IN01B063,
100327,IN13B014,
100330,IN09A078,
100333,IN01B016,
100334,IN01B020,
100337,IN20A.22A076,
100339,IN04B078,
100344,IN01B082,
100347,IN09A074,
100351,IN14A119,
100352,IN13A041,
100369,IN06B050,
100377,IN10B032,
100385,IN10B055,
100398,IN10B040,
100399,IN10B041,
100401,IN14A114,
100403,IN10B042,
100415,IN01B097,
100428,IN20A.22A022,dimorphic
100429,IN01B010,
100451,IN13B101,sex_specific
100456,IN10B041,
100463,IN13A067,
100468,IN13A019,dimorphic
100491,IN09A009,
100492,IN03A010,
100493,IN21A014,
100495,IN01B035,
100497,IN20A.22A039,
100498,IN20A.22A024,
100509,IN19A015,
100513,IN09A012,
100516,IN01A067,
100524,IN26X001,
100525,IN04B091,
100533,IN07B066,
100538,IN12A062,
100540,IN06A087,
100541,IN12A054,
100543,IN09A079,
100544,INXXX464,
100546,IN16B113,
100554,IN16B114,
100556,INXXX385,
100563,IN03A072,
100579,IN04B091,
100580,IN21A073,
100584,IN12B043,
100586,IN20A.22A082,
100587,IN18B012,
100591,IN17A090,
100598,IN04B068,
100599,IN19A069,
100614,IN20A.22A077,
100621,,
100623,,
100639,,
100640,IN03A062,
100641,IN12B041,
100643,IN07B051,
100655,IN21A058,
100656,IN21A077,
100657,IN19A051,
100691,IN00A014,
100697,IN10B050,
100705,IN20A.22A047,
100706,IN13A045,
100726,IN16B052,
100732,IN13A057,
100775,IN01A079,
100776,IN20A.22A067,
100777,IN08A032,
100781,IN02A008,
100784,IN06A108,
100789,IN14A061,
100790,IN16B073,
100791,IN20A.22A063,
100793,IN12B049,
100796,INXXX369,dimorphic
100799,IN16B061,
100801,IN12B048,
100802,IN21A099,
100803,IN01A084,dimorphic
100813,IN20A.22A038,
100820,IN21A010,
100821,IN06B029,
100822,IN21A066,
100828,IN20A.22A017,
100829,IN01B040,
100830,IN01B059,
100851,IN07B067,
100852,IN16B111,
100855,IN08A006,
100871,IN19A054,
100872,IN14A034,
100897,IN08A019,
100900,IN20A.22A017,
100904,IN13A020,
100911,IN08A027,
100917,IN11A041,
100924,IN09A094,
100933,IN01B052,
100945,IN09A065,
100947,IN20A.22A021,
100968,IN13B045,
100970,IN20A.22A073,
100974,IN13B031,
100975,IN12B024,
100984,INXXX359,
100986,IN08B104,
100988,IN07B081,
100994,IN16B041,
101012,IN03B083,
101013,IN03B055,
101030,IN04B016,sex_specific
101031,IN04B036,
101038,IN04B061,
101050,IN09B049,
101053,IN13A051,
101090,IN20A.22A092,
101102,GFC3,
101105,IN23B024,
101110,IN06A106,
101114,IN03A091,
101115,IN08A041,
101116,IN20A.22A008,
101117,IN03A074,
101118,IN03A047,
101119,IN16B073,
101120,IN16B125,
101123,IN20A.22A085,
101160,IN19A114,
101189,IN01B060,
101194,IN16B101,
101199,IN14A074,
101200,IN16B075,
101206,IN19B075,
101219,IN12A054,
101251,IN06B067,
101289,IN19A065,
101304,IN03A076,
101305,IN23B083,
101321,IN20A.22A073,
101335,IN06A096,
101336,IN11A031,
101337,IN12A060,
101366,INXXX215,sex_specific
101367,IN23B042,sex_specific
101369,INXXX424,sex_specific
101379,,
101384,IN12B068,
101385,IN12B036,
101393,IN12B070,
101397,vMS12,dimorphic
101398,IN04B052,
101408,IN09A070,
101414,IN03B019,
101435,IN00A053,
101436,IN06B077,
101437,IN09A056,
101438,IN01B022,
101439,IN09A072,
101440,INXXX409,
101443,IN03A046,
101447,IN04B073,
101450,INXXX332,
101453,IN04B053,
101455,INXXX230,
101466,IN00A036,
101470,INXXX421,dimorphic
101498,IN23B047,
101499,IN19A121,dimorphic
101514,IN03A027,
101515,IN01B077,
101518,IN19A107,
101538,IN20A.22A050,sex_specific
101541,IN03B077,
101549,GFC4,
101550,IN07B055,
101551,IN01B049,
101552,IN23B036,
101567,INXXX386,
101571,IN12B027,
101577,IN03A026,
101578,IN04B100,
101582,IN20A.22A030,
101589,IN19A029,
101602,IN02A059,
101603,IN03B057,
101626,IN19A117,
101636,IN00A021,sex_specific
101638,IN20A.22A021,
101639,IN11A027,
101656,IN12B024,
101657,IN12B079,
101658,IN20A.22A024,
101662,IN20A.22A009,
101670,IN01B036,
101672,IN20A.22A060,
101676,IN09A074,
101682,IN19B057,
101683,IN11A007,
101684,IN13B012,
101689,IN01B091,
101701,IN13B010,
101705,IN12B058,
101717,INXXX441,
101718,INXXX377,dimorphic
101737,INXXX377,dimorphic
101763,INXXX429,
101764,IN03A038,
101794,IN19A011,
101801,IN01A025,
101802,IN02A036,
101803,IN08A027,
101820,IN03A069,
101827,IN01A053,
101856,IN08A044,
101858,INXXX281,
101860,INXXX230,
101872,IN16B124,
101875,IN12B053,
101877,IN04B032,dimorphic
101878,INXXX448,
101880,vMS11,dimorphic
101886,IN01B059,
101887,IN20A.22A054,
101888,IN20A.22A051,
101891,IN04B036,
101892,IN13B049,
101895,IN04B031,
101904,IN13B056,
101906,IN20A.22A055,
101910,IN20A.22A037,
101918,IN01B042,
101940,IN06A098,dimorphic
101941,IN16B074,
101942,IN06B015,
101948,IN05B055,
101952,IN23B024,
101955,IN01B095,
101957,IN09A074,
101962,IN09A039,
101974,IN21A087,
102003,IN11A021,
102014,IN13A062,
102015,IN07B098,
102016,IN07B076,
102018,IN19B105,
102020,IN13B051,
102021,IN14A037,
102064,IN16B061,
102090,IN06B065,
102124,IN08A042,
102138,IN04B085,
102167,IN12B041,
102168,IN01B054,
102169,IN13A059,
102170,IN20A.22A067,
102179,INXXX260,sex_specific
102207,IN12A044,
102210,IN12B086,
102212,IN09B053,
102221,IN01B027,
102245,IN19B091,
102250,IN03B012,
102257,IN23B025,
102269,IN13B041,
102270,IN20A.22A054,
102304,IN02A042,
102307,IN20A.22A070,
102317,IN12B023,
102322,IN04B034,
102327,IN03A062,
102330,IN06A072,
102332,IN20A.22A043,
102333,INXXX446,dimorphic
102344,IN23B024,
102347,IN10B050,
102352,IN01B084,
102354,IN10B054,
102359,IN01A045,
102374,IN23B089,
102375,IN06A055,
102376,IN02A066,
102391,IN06A110,
102392,IN07B075,
102405,IN20A.22A051,
102407,IN01B027,
102429,IN02A029,
102430,IN02A029,
102487,IN19A086,
102493,IN16B029,
102503,IN01A070,
102510,IN09A084,
102535,IN08A025,
102536,IN04B092,
102538,IN19A122,
102549,IN23B008,
102555,IN23B070,
102556,IN14A036,
102575,IN03A030,
102579,INXXX307,dimorphic
102583,,
102601,IN01A038,
102602,IN03A057,
102619,IN08A034,
102621,IN21A083,
102624,IN07B098,
102633,INXXX383,
102635,IN19B084,
102644,IN12B062,
102662,IN10B058,
102663,IN09A016,
102667,IN14A052,
102675,IN14A020,
102677,IN07B092,
102678,IN16B093,
102686,IN13A033,
102688,IN06A101,
102689,IN06A072,
102694,IN19A022,
102697,IN04B091,
102707,IN03B059,
102708,IN06A126,
102724,IN19A110,
102726,IN19A110,
102727,IN02A057,
102728,IN02A056,
102729,IN06B066,
102730,IN06B056,
102731,IN08B083,
102733,IN20A.22A061,
102734,IN20A.22A078,
102737,INXXX331,
102745,IN07B068,
102746,IN07B064,
102750,IN19A044,
102768,IN00A048,
102777,IN09A092,
102787,IN07B073,
102792,IN14A056,
102798,IN19B068,dimorphic
102805,IN02A042,
102868,IN21A003,
102873,IN01B049,
102924,IN08A045,
102925,IN08A043,
102935,IN19A101,
102942,IN02A040,
102954,INXXX287,
103011,IN21A035,
103020,IN01B066,
103048,IN03A097,dimorphic
103062,IN01B075,
103147,IN19A100,
103148,IN16B120,
103190,IN16B113,
103208,IN06B073,
103220,IN04B014,
103242,IN16B120,
103285,IN14A035,
103326,IN03B089,
103391,INXXX431,dimorphic
103399,IN08A041,
103453,IN11B022,
103454,IN01A087,
103455,IN21A092,
103459,IN09A069,
103483,IN06A126,
103488,IN14A065,
103576,IN12A063,
103611,IN14A042,
103629,IN01B056,
103668,IN14A068,
103673,IN10B041,
103675,IN01B097,
103683,IN10B041,
103686,IN14A096,
103693,IN10B033,
103725,IN01B052,
103775,,
103776,,
103795,,
103799,,
103817,,
103910,IN20A.22A059,
104319,IN07B102,
104518,IN23B081,
104528,IN19A117,
104717,IN21A114,sex_specific
104738,,
109912,,
111287,,
113098,,
113393,,
125923,,
126064,,
127893,,
129004,,
135016,,
140620,,
142438,,
146097,,
147070,,
147719,,
149484,,
152103,IN21A047,
152104,IN20A.22A067,
152105,IN20A.22A067,
152108,IN13A052,
152111,IN13A063,
152117,IN13B037,
152123,IN01B074,
152140,IN20A.22A069,
152141,IN21A023,
152149,IN11A015,
152154,IN19A088,
152191,IN11A014,
152244,IN04B086,
152252,IN07B061,dimorphic
152257,IN06A003,
152260,IN13A068,
152276,IN19B080,
152294,IN12A063,
152301,IN13B087,
152331,IN21A038,
152338,INXXX301,
152342,INXXX447,dimorphic
152344,IN06A039,
152345,IN06A081,
152347,IN11B016,
152348,IN03B089,
152349,IN11B017,
152350,IN20A.22A074,
152351,INXXX363,
152354,IN06A125,
152355,IN12A061,
152356,IN06A110,
152357,IN07B094,
152358,INXXX382,dimorphic
152363,IN04B078,
152381,IN21A033,
152382,IN09A055,
152383,IN14A110,
152387,IN01B033,
152388,IN03B052,
152390,INXXX063,
152391,IN06A094,
152392,IN14A024,
152393,IN01B040,
152398,IN03B086,
152403,IN02A014,
152410,INXXX263,sex_specific
152419,IN03B079,
152420,IN06A115,
152430,IN26X003,
152444,INXXX428,
152445,INXXX429,
152449,IN21A079,
152460,IN01B091,
152478,IN19A057,
152481,IN20A.22A044,
152486,IN12A062,
152488,IN09A084,
152495,IN19A081,
152508,IN07B053,
152509,INXXX364,
152510,IN06A117,
152528,IN14A119,
152537,IN06A081,
152538,IN00A057,
152540,IN04B080,
152542,IN14A086,
152548,IN06B047,
152552,IN01B070,
152553,IN01B099,
152557,IN20A.22A084,
152574,IN12B075,
152576,IN13A028,
152577,IN05B065,
152578,IN02A056,
152579,IN02A056,
152581,IN08B077,sex_specific
152586,IN13A071,
152595,IN03A056,
152613,IN18B038,
152614,IN16B108,
152618,IN04B096,
152622,IN13A040,
152639,IN17A109,
152643,IN20A.22A041,
152655,IN04B101,
152681,IN07B083,
152682,IN07B098,
152687,IN08A043,
152696,INXXX466,
152700,IN09B058,
152710,IN07B067,
152711,IN06A115,
152727,IN20A.22A049,
152732,INXXX443,dimorphic
152743,IN16B075,
152747,IN03B092,
152752,IN06A119,dimorphic
152755,IN12B040,
152758,IN23B057,
152763,IN05B077,
152767,IN16B089,
152769,IN06B070,
152771,IN06A036,
152774,IN05B070,
152777,IN12B071,
152779,INXXX372,sex_specific
152784,IN08A034,
152785,IN16B075,
152786,IN03A065,
152803,IN11B016,
152815,IN03B060,
152816,IN03B060,
152823,IN13B052,
152830,IN23B018,
152840,IN09B048,
152857,IN11A028,
152866,IN03B043,
152868,IN01B062,
152895,IN09A051,
152914,INXXX444,sex_specific
152918,IN01A054,
152932,IN12B047,
152939,IN06A035,
152940,INXXX096,sex_specific
152941,IN06B069,
152948,IN13B098,
153009,IN23B041,
153010,IN14A121,
153042,INXXX429,
153053,INXXX383,
153054,IN21A083,
153059,IN10B058,
153060,IN09A086,
153086,IN01B100,
153102,IN20A.22A028,
153112,IN16B039,
153118,IN20A.22A071,
153165,INXXX381,
153169,INXXX363,
153181,IN12B068,
153184,IN10B032,
153185,IN23B063,
153186,IN03A067,
153197,IN07B094,
153198,IN11B023,
153199,IN07B083,
153200,IN04A002,
153202,IN12B024,
153203,IN01B012,
153219,IN06A120,dimorphic
153221,IN08A046,
153222,IN08A036,
153224,IN19B083,
153225,IN23B018,
153237,IN00A066,
153240,IN12B036,
153244,INXXX351,
153245,IN07B077,
153252,IN00A014,
153253,IN09A020,
153259,IN23B057,
153263,IN23B045,
153273,INXXX258,dimorphic
153274,INXXX452,dimorphic
153286,IN16B059,
153292,IN23B040,
153296,IN00A050,
153307,IN12B065,
153308,IN01B040,
153319,IN08A008,
153320,IN20A.22A039,
153323,IN09A092,
153333,IN19A098,
153342,IN00A045,
153343,IN10B038,
153346,IN06A028,
153347,IN08A048,
153351,IN04B078,
153354,IN03A064,
153379,INXXX421,dimorphic
153398,IN09A048,
153433,IN13A005,
153444,IN01B095,
153460,IN20A.22A089,
153462,IN13B090,
153474,IN03A015,dimorphic
153483,IN03A059,
153484,IN20A.22A055,
153490,IN07B076,
153507,IN03B058,
153509,IN06A069,
153511,IN20A.22A079,
153519,INXXX326,dimorphic
153521,IN20A.22A019,
153540,IN07B055,
153564,IN13A050,
153582,IN09A055,
153583,IN09A064,
153585,IN17A112,
153588,IN00A056,
153605,IN01A063,
153606,IN13A049,
153611,IN09A035,
153617,IN10B050,
153630,IN20A.22A086,
153637,IN07B087,
153640,IN03B060,
153646,IN10B055,
153652,IN10B043,
153703,INXXX459,dimorphic
153733,IN03A045,
153737,IN13A064,
153752,IN12B033,
153759,IN04B062,
153760,IN14A045,
153764,IN12B071,
153771,IN08A026,
153775,IN11A018,
153787,IN20A.22A048,
153805,IN20A.22A085,
153806,IN16B077,
153807,IN23B036,
153816,IN11A019,
153820,IN23B060,
153831,IN20A.22A045,
153832,IN23B073,
153835,IN04B059,
153836,IN01A085,
153859,IN20A.22A069,
153864,INXXX446,dimorphic
153866,IN19A099,
153874,INXXX244,dimorphic
153875,IN20A.22A091,
153878,IN04B091,
153890,IN09A079,
153895,IN07B059,
153896,IN06A120,dimorphic
153908,IN06A124,
153910,IN12A060,
153911,IN19B086,
153920,INXXX416,dimorphic
153925,IN06A106,
153930,IN13A054,
153939,IN19A117,
153943,IN21A024,
153961,IN05B091,
153962,IN03B071,
153963,IN06B081,
153964,IN06B081,
153994,IN02A043,
153996,IN17A111,
154043,IN00A063,
154052,IN14A043,
154053,IN14A043,
154056,IN19B103,
154059,IN09A067,
154062,INXXX364,
154082,IN14A044,
154084,IN09A079,
154091,IN06A094,
154092,IN00A020,
154097,IN14A029,sex_specific
154105,IN07B098,
154106,IN01A064,
154111,IN12B072,
154112,IN23B028,
154118,INXXX399,dimorphic
154119,INXXX436,
154122,IN03B076,
154180,INXXX297,dimorphic
154181,IN20A.22A092,
154185,,
154207,IN12A054,
154210,IN08A037,
154219,IN07B079,
154220,IN20A.22A028,
154246,IN21A086,
154265,IN14A032,
154266,IN20A.22A051,
154269,IN03A073,
154281,IN06A038,
154286,IN10B038,
154293,IN03B086,
154298,IN01B029,
154299,IN01B083,
154300,IN19A064,
154301,IN12B030,
154304,IN08A046,
154312,IN06A082,
154323,INXXX339,
154344,IN10B038,
154362,IN19B090,
154367,IN06A113,
154368,IN12A060,
154369,IN05B085,
154379,IN16B108,
154383,IN20A.22A001,
154403,IN14A120,
154433,IN10B032,
154441,IN00A031,
154458,IN16B068,
154460,IN09A096,
154465,IN08A033,
154467,IN20A.22A052,
154468,IN20A.22A042,
154478,IN16B121,
154480,IN20A.22A013,sex_specific
154485,IN08A011,
154488,IN01A066,
154489,INXXX302,dimorphic
154491,INXXX448,
154492,INXXX382,dimorphic
154494,INXXX448,
154506,IN19A065,
154520,IN20A.22A030,
154554,IN07B077,
154565,IN14A044,
154577,IN10B052,
154585,IN20A.22A055,
154586,IN20A.22A039,
154587,IN09A050,
154596,IN05B065,
154597,IN01A062,
154599,IN07B086,
154600,IN06A126,
154619,IN20A.22A084,
154670,IN11B016,
154672,IN06B087,
154684,IN18B050,
154687,IN03B086,
154691,IN19B012,
154692,IN02A012,
154696,IN06B087,
154708,IN03B083,
154709,IN07B099,
154713,IN01A071,
154730,IN21A049,
154776,IN09A080,
154796,IN09B045,
154800,IN19A022,
154814,IN01B082,
154821,IN16B068,
154829,IN20A.22A007,
154851,IN19B095,
154854,IN08A021,
154861,IN03B066,
154868,IN10B052,
154869,IN00A014,
154880,IN16B093,
154883,IN20A.22A021,
154884,IN17A080,
154886,IN07B087,
154889,IN23B060,
154893,IN19A099,
154898,INXXX443,dimorphic
154901,IN01A036,
154903,IN16B082,
154927,INXXX459,dimorphic
154929,IN23B074,
154930,IN23B071,
154931,IN09A086,
154932,IN09B048,
154934,IN20A.22A067,
154955,IN00A009,
154956,IN01B062,
154962,IN20A.22A072,
154977,IN19A137,sex_specific
154996,IN06A116,
154997,IN20A.22A017,
155002,IN19B095,
155003,IN17A027,
155017,IN06A083,
155026,IN20A.22A041,
155028,IN07B075,
155039,IN20A.22A073,
155040,IN20A.22A019,
155044,IN16B094,
155057,IN00A052,
155060,IN20A.22A039,
155062,IN16B063,
155063,IN08A034,
155066,IN23B046,
155068,IN09A013,
155069,IN20A.22A077,
155074,IN09A082,
155076,IN01A088,
155077,IN08B108,
155084,IN20A.22A089,
155085,IN20A.22A089,
155096,IN04B103,
155099,IN08A026,
155112,IN13A065,
155115,IN08A048,
155137,IN12A061,
155149,IN23B041,
155167,IN19B023,
155169,IN01A078,
155170,IN14A055,
155172,IN08A027,
155196,IN19B086,
155210,IN06A120,dimorphic
155236,IN04B019,
155237,IN14A071,
155278,IN01A059,
155284,IN06B056,
155288,IN09A092,
155289,INXXX457,sex_specific
155303,IN12B039,
155310,IN01B073,
155313,IN17A100,
155337,IN16B104,
155359,IN06A083,
155365,INXXX357,dimorphic
155387,INXXX411,dimorphic
155388,IN01B051,
155389,INXXX290,dimorphic
155398,IN19B092,
155400,IN05B075,
155401,IN06A101,
155404,IN06A111,
155414,IN14A077,
155429,IN18B052,
155438,IN20A.22A061,
155441,IN20A.22A061,
155458,IN01B042,
155480,IN01B030,
155484,IN01B095,
155485,IN03B046,
155515,IN09A056,
155519,IN08A034,
155524,IN06B063,
155526,IN12B079,
155527,IN21A078,
155528,IN20A.22A067,
155532,IN09B038,
155533,IN14A047,
155572,IN20A.22A019,
155573,IN03A026,
155575,IN20A.22A041,
155582,IN07B092,
155591,IN04B067,
155597,IN20A.22A030,
155606,IN08B054,
155612,IN06A108,
155613,IN06A108,
155641,IN07B061,dimorphic
155644,IN13A050,
155654,IN01A083,
155663,INXXX319,
155683,IN07B096,
155684,IN06A116,
155685,IN11B018,
155698,IN11B017,
155712,IN02A043,
155718,IN12A059,
155743,IN16B084,
155758,IN04B105,
155761,IN13A066,sex_specific
155772,IN12B056,
155774,IN09A081,
155778,IN11B018,
155782,IN07B102,
155783,IN08A047,
155784,IN03A081,
155798,IN09A088,
155804,IN16B122,
155809,IN01A078,
155820,IN13B074,
155824,IN10B059,
155827,IN19A064,
155841,IN11A012,
155842,IN07B102,
155980,IN01B064,
156035,IN19A117,
156053,IN13A067,
156055,IN20A.22A063,
156096,IN12B090,
156107,IN20A.22A045,
156136,INXXX393,
156144,IN12A063,
156155,IN06A091,
156161,IN23B091,
156162,IN23B086,
156166,IN11A045,sex_specific
156178,IN13B061,
156179,IN06A082,
156190,IN06B064,
156198,IN03B068,
156204,IN01B049,
156206,IN12A057,
156207,IN14A048,
156236,IN16B117,
156239,IN03B083,
156245,IN16B036,
156259,INXXX450,
156274,IN03B062,
156277,IN13A061,
156308,IN16B083,
156315,IN11B018,
156317,IN01B023,
156326,IN09A021,
156363,IN23B023,
156368,IN20A.22A047,
156371,IN09A092,
156376,IN06B072,
156402,IN12B088,
156404,IN02A043,
156411,IN23B020,
156430,IN09A016,
156431,IN19A091,
156432,IN00A067,
156458,IN12B068,
156462,IN19A106,
156516,INXXX458,dimorphic
156517,INXXX448,
156530,IN13A047,
156554,IN19A119,
156597,IN14A024,
156599,IN14A118,
156600,IN14A118,
156605,IN08B093,
156607,IN03B088,
156615,IN13B084,
156624,IN13A062,
156647,INXXX452,dimorphic
156648,INXXX448,
156649,IN19B082,
156653,IN01B044,
156679,IN04B076,sex_specific
156686,IN06A126,
156687,IN12B063,
156699,IN03B083,
156700,IN09A074,
156718,IN11A010,
156720,INXXX360,dimorphic
156724,IN19B043,
156764,IN07B068,
156765,IN03B080,
156783,IN16B056,
156785,IN03B083,
156786,IN00A065,
156810,IN02A034,
156814,IN23B065,
156841,IN02A041,
156845,IN20A.22A073,
156847,IN03B090,
156848,IN06A096,
156849,IN11B023,
156872,IN20A.22A090,
156882,INXXX281,
156915,,
156917,IN13B064,
156920,IN13A070,sex_specific
156928,IN13A049,
156934,IN23B091,
156948,IN16B099,
156965,IN16B100,
156975,IN09A071,
156982,IN11B004,dimorphic
157002,IN03A094,
157021,IN01A076,
157030,IN19A108,
157036,IN20A.22A092,
157050,IN19A099,
157059,IN05B072,
157063,IN07B065,
157077,IN19A096,
157087,IN11B014,
157104,IN06A079,
157127,IN20A.22A045,
157135,IN01A068,
157136,IN20A.22A042,
157151,IN21A056,
157171,INXXX438,dimorphic
157178,IN10B038,
157184,IN12B065,
157185,IN23B092,dimorphic
157188,IN06A127,
157193,IN03B060,
157196,IN13B093,
157197,IN21A076,
157206,IN06B047,
157219,IN19A099,
157232,IN08A038,
157242,INXXX352,dimorphic
157244,INXXX459,dimorphic
157253,IN14A107,
157260,IN03A084,
157262,IN10B057,
157266,IN03B086,
157267,IN14A062,
157281,IN03B066,
157298,IN09A039,
157299,IN23B085,
157389,IN06A137,
157407,IN02A052,
157408,IN12A059,
157409,IN13B097,
157415,INXXX437,dimorphic
157418,IN10B057,
157420,IN20A.22A036,
157429,IN21A051,
157443,IN12A035,
157444,IN07B100,
157446,IN14A089,
157460,IN12B056,
157461,INXXX415,
157467,IN05B090,
157468,IN06B066,
157483,IN09A094,
157493,IN21A093,
157494,IN08A026,
157504,IN11A042,
157505,IN23B031,
157508,IN00A063,
157517,IN11B021,
157527,IN20A.22A028,
157530,IN09A095,
157537,IN06A113,
157538,IN19A109,
157549,IN03A093,
157560,IN09A079,
157582,INXXX295,
157590,IN19B090,
157625,IN11B017,
157641,IN18B049,
157647,INXXX448,
157651,IN00A031,
157652,IN06A082,
157680,IN11B019,
157694,IN07B079,
157726,IN06A075,
157738,IN09A094,
157784,IN00A009,
157802,IN08A041,
157834,IN20A.22A041,
157835,IN13B056,
157839,IN20A.22A078,
157859,IN06B080,
157860,IN11B022,
157861,IN09B022,
157862,IN10B057,
157907,IN20A.22A026,
157963,IN08B093,
157964,IN03A004,
157981,IN19B043,
157991,IN19A123,
158007,IN20A.22A049,
158008,IN16B042,
158019,IN21A076,
158021,IN02A058,
158022,IN10B058,
158023,IN00A018,
158029,IN04B078,
158032,INXXX442,sex_specific
158033,INXXX400,
158041,IN03A089,
158043,IN21A065,
158065,IN23B018,
158104,IN13B090,
158109,IN13B070,
158132,IN06A116,
158166,IN06A101,
158190,IN06A135,
158191,IN11B018,
158202,IN20A.22A042,
158245,IN02A061,
158274,IN12A063,
158302,IN16B106,
158325,IN09B057,
158326,IN19A096,
158331,IN19A112,
158345,IN06A125,
158361,IN12B033,
158391,IN04B100,
158397,IN11B022,
158414,INXXX442,sex_specific
158429,IN14A037,
158432,IN16B118,
158452,IN20A.22A061,
158453,IN06B079,
158454,IN19A100,
158467,IN09A047,
158471,IN09B049,
158479,IN06A116,
158490,IN06A130,dimorphic
158506,IN02A059,
158513,IN03A046,
158535,IN10B059,
158541,IN03A052,
158558,IN23B074,
158576,IN20A.22A067,
158577,IN20A.22A049,
158598,IN01B069,
158617,IN03B089,
158622,IN06A066,
158675,IN02A024,dimorphic
158676,INXXX387,sex_specific
158682,IN12B049,
158684,IN12B059,
158691,IN19A073,
158709,IN03B079,
158710,IN03B070,
158755,IN20A.22A080,
158757,IN08A050,
158761,IN02A052,
158785,IN11B017,
158788,IN06A083,
158790,IN11B019,
158815,IN06B047,
158816,IN20A.22A067,
158836,IN16B108,
158885,IN20A.22A024,
158897,IN23B055,
158915,IN23B028,
158921,IN01B006,
158931,IN06A108,
158944,IN03B068,
158950,IN10B055,
158956,IN10B059,
158960,IN19A073,
158961,IN01A082,
158962,IN01A087,
158963,IN16B108,
158992,IN20A.22A081,
158993,IN20A.22A086,
159003,IN11A020,
159040,IN20A.22A085,
159057,IN03B084,
159065,IN07B083,
159066,IN11B016,
159067,IN07B084,
159085,IN07B096,
159094,IN09A073,
159100,IN10B043,
159102,IN09A082,
159125,IN18B051,
159141,IN06A113,
159142,INXXX436,
159145,IN06B028,
159149,IN06B085,
159160,IN07B099,
159171,IN12A063,
159188,IN20A.22A084,
159189,IN09A046,
159195,IN01A081,
159202,IN20A.22A053,
159205,IN06A071,
159206,IN16B104,
159207,IN16B106,
159210,IN03B060,
159222,INXXX436,
159229,IN12B069,
159246,IN06A083,
159247,IN07B103,
159251,IN19A085,
159252,IN19A106,
159256,IN12B030,
159267,IN09A087,
159278,IN21A046,
159288,IN06A128,
159312,IN09A064,
159317,IN09A030,
159325,IN03B058,
159326,IN03B087,
159344,IN20A.22A049,
159348,IN21A078,
159349,IN20A.22A041,
159357,IN20A.22A085,
159358,IN01A076,
159368,IN13B078,
159412,INXXX295,
159431,IN09A061,
159456,IN10B042,
159459,IN03A089,
159471,IN07B102,
159498,IN14A095,
159502,IN20A.22A001,
159548,IN19A113,
159562,IN09A077,
159567,IN09A086,
159578,IN09A076,
159614,IN09A085,
159617,IN08A041,
159628,IN02A052,
159647,IN23B024,
159648,IN13B076,
159663,IN23B072,
159676,INXXX429,
159683,IN03B080,
159685,IN04B113,
159696,INXXX398,sex_specific
159721,IN12B053,
159723,IN09A069,
159728,IN12A063,
159742,IN00A060,
159754,IN09A070,
159770,INXXX460,
159787,IN03A019,
159799,IN03B086,
159807,IN13A071,
159819,IN20A.22A081,
159827,IN14A082,
159845,IN10B044,
159848,IN14A086,
159872,IN11B016,
159873,IN03A088,
159875,IN09A046,
159882,INXXX456,sex_specific
159900,IN06A097,
159912,IN23B037,
159927,IN20A.22A065,
159938,IN20A.22A067,
159959,IN06A113,
159970,IN01A088,
159976,IN05B043,
159990,IN07B090,dimorphic
160010,IN20A.22A065,
160029,IN20A.22A055,
160111,IN01B065,
160145,IN14A074,
160166,IN01B027,
160171,IN20A.22A082,
160183,IN14A010,
160191,IN20A.22A066,
160211,IN01B031,
160222,IN05B085,
160247,IN09A095,
160251,IN13B099,
160295,IN08A034,
160299,IN03B092,
160300,INXXX252,
160309,IN03B054,
160316,IN03B089,
160317,IN16B121,
160898,,
162210,IN21A100,
162387,IN07B096,
162396,IN07B092,
162445,IN06B053,
162539,IN13A001,
162540,IN04B020,
162543,INXXX464,
162550,IN09A030,
162554,IN20A.22A055,
162570,IN19A067,
162571,IN23B013,
162586,IN13A011,
162599,IN12A059,
162604,IN11B022,
162621,INXXX297,dimorphic
162622,IN03A071,
162649,IN13A040,
162733,IN20A.22A009,
162742,IN20A.22A037,
162743,IN13B048,
162783,IN12A060,
162802,IN23B051,
162841,IN21A078,
162844,IN00A060,
162845,IN09A093,
162846,INXXX321,
162869,IN10B040,
162870,IN04B103,
162947,IN09A095,
162958,IN02A043,
162961,IN19A094,
162962,IN18B032,
162969,IN03B058,
162970,IN21A061,
162973,INXXX260,sex_specific
162974,INXXX253,
162992,IN01B025,
163004,IN06A132,
163006,IN09A037,
163039,IN17A094,dimorphic
163040,IN11A025,
163042,IN12B041,
163046,IN13B074,
163051,IN11B021,
163055,IN08A028,
163056,IN10B057,
163070,IN05B072,
163072,IN16B096,
163073,IN19A099,
163077,IN07B073,
163093,,
163105,IN03A067,
163136,IN23B066,
163217,IN07B094,
163222,IN03A035,
163237,IN20A.22A028,
163325,IN04B029,
163337,IN20A.22A062,
163339,IN03A092,
163340,IN20A.22A064,
163342,IN08A045,
163344,IN12B024,
163348,INXXX455,
163349,INXXX357,dimorphic
163357,IN12B065,
163396,IN03B060,
163401,IN08A050,
163424,IN11B004,dimorphic
163435,IN01B095,
163455,IN03B089,
163456,IN01B083,
163475,IN21A060,
163476,IN01B059,
163477,IN16B119,
163478,IN01B060,
163496,IN06A106,
163596,IN19A128,sex_specific
163638,IN21A006,
163715,IN09A082,
163717,IN17A028,
163718,IN00A019,
163731,IN03A049,
163791,IN16B045,
163855,IN12A061,
163868,IN12B066,
163869,IN19A117,
163888,IN06B066,
163891,GFC4,
164010,IN20A.22A006,
164013,,
164022,IN12B071,
164042,IN07B099,
164071,IN19A102,
164075,IN12B034,
164080,,
164082,IN06A102,
164102,IN04B067,
164107,IN03A073,
164110,IN00A054,
164112,IN07B098,
164113,INXXX429,
164115,IN20A.22A017,
164117,IN10B044,
164123,IN09A086,
164125,INXXX394,dimorphic
164126,IN07B090,dimorphic
164127,IN16B060,
164145,IN21A057,
164146,IN04B111,
164152,IN13B057,
164179,IN23B030,
164180,IN06A129,
164183,IN12B091,sex_specific
164189,IN11A020,
164207,IN23B059,
164229,IN00A064,
164233,IN01B095,
164265,IN14A101,
164271,IN04B066,
164272,IN04B100,
164294,IN11B022,
164298,IN04B074,
164333,IN02A063,
164357,IN19A095,
164368,IN09A095,
164371,IN18B054,
164372,IN06A138,
164377,IN11A021,
164378,IN06B059,
164379,IN17A111,
164383,IN11B022,
164384,IN06A136,
164385,IN01B095,
164387,IN01B083,
164397,IN14A087,
164398,IN07B061,dimorphic
164422,IN01B049,
164458,IN01B095,
164491,IN20A.22A055,
164512,IN10B043,
164529,INXXX124,
164552,INXXX100,
164554,IN06A137,
164569,INXXX457,sex_specific
164570,IN02A044,
164572,INXXX370,dimorphic
164661,IN21A017,
164834,IN19A060,
164835,IN04B113,
164847,IN23B043,
164909,IN12B071,
165000,IN06B080,
165009,IN20A.22A001,
165061,IN04B025,
165062,IN13B033,
165168,IN20A.22A079,
165316,IN12B068,
165318,IN04B094,
165339,IN06A071,
165341,IN03A027,
165363,IN10B040,
165364,IN14A070,
165366,IN09A074,
165490,IN12B092,sex_specific
165509,IN20A.22A004,
165512,IN07B048,
165520,IN23B017,
165555,IN14A118,
165560,IN09A012,
165592,IN19A057,
165599,IN07B075,
165600,IN07B075,
165603,IN01B071,
165608,IN14A120,
165614,IN13A038,
165621,IN01B095,
165637,IN14A119,
165638,IN09A024,
165639,IN09B045,
165640,IN06A113,
165646,IN20A.22A017,
165647,INXXX446,dimorphic
165652,IN11B022,
165654,IN01B080,
165657,IN20A.22A089,
165658,IN20A.22A087,
165660,IN11B020,
165666,INXXX341,
165668,IN21A043,
165669,IN20A.22A063,
165671,IN19A100,
165672,IN21A035,
165676,IN12B082,
165679,INXXX316,
165680,IN21A095,
165694,IN20A.22A060,
165696,IN14A074,
165703,IN06A133,
165737,IN10B050,
165781,IN14A090,
165846,IN23B006,
165869,IN07B103,
165872,IN23B018,
166173,IN19A083,
166186,IN11B014,
166242,IN01B065,
166245,IN11B004,dimorphic
166246,IN11B022,
166261,IN06A137,
166262,IN03B066,
166263,IN12A050,
166265,IN00A062,
166267,IN06B047,
166268,IN10B055,
166272,INXXX181,dimorphic
166275,IN21A101,
166277,IN06B047,
166284,IN23B071,
166285,IN23B014,
166291,IN19B089,
166292,IN20A.22A068,
166297,IN20A.22A021,
166298,IN20A.22A090,
166302,IN09B048,
166306,IN11A013,
166308,IN03A054,
166317,IN01B080,
166320,IN07B086,
166322,IN03A092,
166323,IN12B051,sex_specific
166326,IN03B066,
166327,IN14A119,
166328,IN16B091,
166329,IN21A086,
166333,IN14A036,
166342,IN09A072,
166344,IN09A063,
166346,IN07B094,
166351,IN20A.22A086,
166353,IN23B093,
166355,IN09B038,
166357,IN09A062,
166363,IN18B051,
166377,IN01A068,
166378,IN01B095,
166379,IN07B098,
166399,IN19B090,
166401,IN19A127,
166402,IN01B034,
166407,IN20A.22A049,
166409,IN20A.22A076,
166416,IN04B104,
166420,IN16B089,
166421,IN04B101,
166428,IN02A064,
166434,IN16B090,
166435,IN13A055,
166436,IN09B056,sex_specific
166437,IN20A.22A068,
166438,IN20A.22A055,
166451,IN03B035,
166453,IN01B083,
166455,INXXX324,sex_specific
166456,IN01B092,
166475,IN12B024,
166476,IN11B004,dimorphic
166479,IN23B081,
166481,IN23B033,
166484,IN07B102,
166485,IN13A050,
166486,IN01B052,
166501,IN06B052,
166505,IN19A118,
166514,IN01A076,
166517,INXXX386,
166519,IN11A041,
166520,IN19A071,
166521,IN20A.22A009,
166524,IN01B010,
166542,IN01B095,
166548,IN09B005,
166552,IN03B092,
166553,IN01B090,
166555,IN20A.22A049,
166560,IN03A088,
166562,IN14A091,
166581,IN01B033,
166607,IN00A036,
166681,IN03B058,
166759,IN20A.22A064,
166784,IN08B080,
166823,IN23B032,
166861,,
166871,IN06A076,
166875,IN14A100,
166913,IN12B068,
166919,IN01B026,
166963,IN01A081,
166983,IN14A082,
166986,IN06B024,
167000,IN01B031,
167001,IN17A107,
167006,IN12A051,
167015,IN20A.22A087,
167047,IN02A042,
167120,IN20A.22A053,
167122,IN16B095,
167127,IN01B029,
167151,IN20A.22A041,
167163,IN09A093,
167190,INXXX448,
167219,IN21A058,
167220,IN20A.22A056,
167248,IN12B027,
167360,IN19B069,
167361,IN13B018,
167367,IN12B068,
167396,IN20A.22A060,
167420,IN01B025,
167967,,
168056,IN13A029,
168448,IN03B061,
168468,IN09A031,
168492,IN06A099,
168610,INXXX258,dimorphic
169708,IN20A.22A009,
169711,IN08A029,
169911,IN03B072,
170231,IN01A082,
170334,,
170454,IN09A033,
170508,IN06B083,
170730,IN03B055,
170897,IN06B035,
170932,IN13A009,
171192,INXXX378,dimorphic
171327,IN19A059,
171347,IN12A063,
171350,IN03B035,
171352,IN04B044,
171354,IN23B032,
171356,IN23B031,
171364,IN03A059,
171387,IN03B075,
171400,IN21A011,
171403,IN19A022,
171416,IN02A023,
171422,IN12A018,
171437,IN03A093,
171438,IN03A071,
171442,IN12A053,
171493,IN03B035,
171495,IN19A071,
171511,IN12B063,
171636,IN20A.22A007,
171637,IN21A113,sex_specific
171761,IN21A008,
171913,IN06A066,
171923,IN20A.22A085,
171929,IN01B031,
171937,IN03A012,
171938,INXXX035,
171956,IN20A.22A066,
171968,,
172024,IN01A041,sex_specific
172106,IN19A061,
172107,IN19A011,
172118,IN21A045,
172210,INXXX446,dimorphic
172309,IN01B021,
172320,IN03B045,
172430,IN17A028,
172447,IN20A.22A073,
172453,IN21A028,
172560,IN06B042,
172667,IN18B032,
172682,IN03B058,
172695,,
172708,IN01B065,
172784,IN13A071,
172785,IN23B087,
172989,IN12A059,
172996,IN09A093,
172998,IN11B020,
173876,IN12B024,
173883,,
173907,IN21A078,
174272,IN20A.22A069,
174427,IN27X014,
174507,IN13B056,
174546,IN11A032,
174571,IN09B038,
174628,IN04B078,
174652,IN03A038,
174828,IN19A008,
174894,IN19A103,
174896,IN03A060,
174978,IN13B097,
175180,IN01B033,
175931,IN12A061,
176746,IN07B098,
176763,IN10B052,
176857,IN03A079,
177146,,
177214,IN01B002,
177843,IN09B014,
178319,,
179829,IN00A035,
186215,IN03A080,
186552,IN12B016,
186741,IN01A051,dimorphic
187539,IN09A084,
192710,IN19A017,
194124,IN01B021,
194338,IN21A102,
194549,IN18B039,
196542,IN08A026,
199034,IN09B022,
199616,,
200216,IN01B026,
201093,IN20A.22A090,
201864,IN20A.22A039,
202531,IN12B056,
204275,IN19A026,
204378,IN21A111,
205484,IN19A046,
205886,,
215567,IN20A.22A089,
218896,IN20A.22A007,
221982,,
224450,IN20A.22A049,
227869,IN06B028,
228323,,
228406,IN00A034,
5905967119,,
14099024714,IN05B087,
19376605213,INXXX294,
21560012279,,
31722733719,IN12A059,
33421186597,IN02A026,
39272751922,IN20A.22A076,
40077666240,,
42106483966,IN12B040,
42500644073,IN21A037,
