MANC ID,DimScore
57998,6.831747108603623
26159,5.634090172943408
26926,5.589906960752357
13807,5.112114428786594
27715,4.706436381187411
26763,4.632023625253672
25656,4.606188341617195
13038,4.4334028521828905
26574,4.430910750057847
41456,4.354046033660493
13417,4.352338076089205
13565,4.196360046721572
12483,4.190114486475301
12516,4.125922088789984
13536,4.121848494579819
51971769437,4.1071667357253725
12472,4.085206045910963
39216,4.0545897400861755
50464,3.996156195027516
27350,3.9681757931223287
10099,3.9672547238223186
12521,3.932793835430546
45911,3.930706234554618
16658,3.8876633491415227
11707,3.856013042804577
192220,3.8245971779741152
15225,3.805273144597609
13570,3.759512956988345
11956,3.7593327633819325
18578,3.7537080330136194
49317,3.7300952848322155
13705,3.7287236266483843
42128,3.7274756707599845
11940,3.72159514946949
13727,3.721425361711529
151705,3.7095103927235917
28176,3.6478405921914874
57028,3.63165363037574
17548,3.617022330021663
44290,3.6119884484103175
61084,3.6031198729783216
19443,3.598529631779492
45443,3.5981423074196193
14862,3.5971743841264745
16690,3.594724714997768
10075,3.582270432471868
15936,3.575225245738224
14055,3.570138221212833
58929,3.569556687135689
167887,3.561635367828825
14277,3.5494850742782518
11192,3.5494392226717992
11398,3.5403470594946365
24815,3.5304389261359566
57150,3.5285505817796308
13873,3.527898308902941
16042,3.513860393357563
151730,3.5112482204871793
13928,3.510531500046829
42161,3.504284616323679
11337,3.5034531791530514
17469,3.5018838614570806
27554,3.49345584263155
45849,3.4916205693382754
23567,3.491401761889377
40526,3.477346027333759
13772,3.4748365455209926
10819,3.472001169380018
12706,3.423018480354596
14589,3.4219276517702006
13240,3.4210639878231155
10962,3.3971348630815568
27468,3.3932031671782883
33641,3.3867334773503424
27059,3.386087617259657
42765,3.3793594586878215
15332,3.3778577180819473
17462,3.3749366282925957
12905,3.3707101724077013
21416,3.355439747623483
18546,3.353563796147313
18209,3.352430044938815
33957,3.3497649610698903
16391,3.348803182743952
14779,3.341633286607362
40252,3.328280658700452
13754,3.30893974491468
36579,3.3024624218530003
40948,3.3018754543633917
12887,3.2955384200592777
18312,3.2776974664742706
10190,3.2727137664780503
33586,3.2706194685140577
36495,3.2701566733149434
14791,3.2683304933422317
19604,3.265325417091486
15668,3.2632468490307187
95663,3.2586104146645916
41773,3.2554618452219244
10250,3.250379717903852
14900,3.2499211759458326
33943,3.249370986750227
154601,3.248753899513332
39724,3.2486580481404896
101367,3.2449707540952195
14541,3.235369313774658
12060,3.2328781678663714
29487,3.2275804634381338
43362,3.2138623027952793
17756,3.2087282479872425
14126,3.199635626221808
100186,3.1981036890870733
12221,3.1888946791649313
15624,3.181163583477824
10596,3.1715966169945418
33184,3.1649394368082646
51151028029,3.1636868523530732
10657,3.152646138842941
151706,3.148418867693678
18046,3.1469975544800315
34390,3.133337181712113
18196,3.1306345245583485
31381,3.128928141242292
153346,3.1171309222030175
21753,3.108116240078691
27993,3.0977498520317175
61168,3.094840236247578
42235,3.0929389091917514
33987,3.0881318217535103
15633,3.0855945487446452
35797,3.0825481037783873
21004,3.081456949773666
19826,3.064027722374733
36718,3.0606590774644653
37992,3.0598561207691906
35178,3.059402434563257
15680,3.0563964489450113
42192,3.0553664017985946
15944,3.039816567949416
24252,3.0233858968397183
11021,3.0232814925476466
36489,3.0187449198071694
21250,3.016027656867764
13194,3.009271388054474
15895,3.0060292186879263
15222,3.0053877288827295
14093,3.0006401258674233
27444,2.99843068930096
15841,2.9976476383128867
53581075416,2.9964529185495152
31377,2.9953843984714723
14026,2.9927965318506815
52792480699,2.9889155995540913
154401,2.9807063970239596
12612,2.980446991747576
29320,2.9781735155558278
15925,2.9761918668021234
22312,2.974959721975243
13791,2.974272015406136
10787,2.9730763493173042
15238,2.9699635627558703
11872,2.967797995287594
14493,2.956127488732909
14203,2.9536601596466383
14528,2.949763407116296
43778,2.9442413968351984
12564,2.9398086342455034
31141,2.938720011598919
52357208220,2.934435427106861
12942,2.9330039544135422
16808,2.9325157364272405
45400,2.9303281556572274
13855,2.928150798022405
29983,2.9268850704016867
12462,2.926725733372685
16721,2.9243961490493153
18324,2.9190327634660362
16814,2.9158136785498345
13514,2.9153682691907172
28538,2.9149011370217757
11365,2.9142165937040225
39885,2.9082748459480103
24399,2.907699671964224
14934,2.9074434032637355
24747,2.9059346461021143
13840,2.9047811258453318
50740669691,2.90109619181561
21526,2.9008234719537245
15683,2.8998637160262266
46922,2.8995339029190603
11921,2.8935460845058154
13559,2.8870439047759704
13007,2.882377009821634
26905,2.8818434721737103
10300,2.875605840085439
30636,2.8753809451679744
10114,2.8736611230699007
19222,2.8723122344023024
10912,2.8679436121933857
17040,2.864826921231077
10096,2.8643562322176868
12428,2.861400555379956
25615,2.858428961089733
17430,2.857050590500507
14835,2.85482953573512
14594,2.852311911321756
10992,2.851873817620188
25415,2.845885586921062
11608,2.844415619102133
22579,2.8435442666614863
45214,2.8380839950025964
17004,2.836666056189693
14361,2.8360684813964663
16489,2.83418597858059
23404,2.8341284116593224
155387,2.833477303562201
18554,2.83141942740615
13687,2.828206074435109
14086,2.827853001958499
32154,2.827487417947346
24878,2.8254511974390866
31225,2.8218964239370767
28138,2.8216170652214236
12086,2.8212349097497538
43592,2.820335372116848
16112,2.8190568047964017
22765,2.8136668836077066
32317,2.813102268963796
17203,2.813004358807453
18399,2.8123088077279914
10689,2.808129882048573
19847,2.805858678930994
37700,2.803598095068176
13946,2.802474821912416
14735,2.8024420947518864
14164,2.802058057308368
13301,2.798763105155432
27847,2.798238626113161
30043,2.7980940793914657
12432,2.796529591576761
12513,2.7965178941952415
16355,2.7954555951482933
34257,2.791708054520289
11888,2.7902373241581677
30869,2.787226616424624
15408,2.782905121523798
30816,2.780473473660795
17465,2.7788141201755585
11942,2.7768270445354073
15216,2.775602059175523
30242,2.7751499792035257
33699,2.7742939123160664
26590,2.773760355006048
27737,2.7717271595162347
25220,2.7710634213966507
12041,2.7704101972418576
14236,2.7678249133413337
16107,2.7663001074473
19883,2.7646038148559815
158676,2.7644132762814357
16585,2.7643996558875603
21535,2.762839823456112
13653,2.75999263920088
29955,2.7596808432673443
18219,2.759384758179262
24193,2.758285737960005
27011,2.7577546201813035
12353,2.757716142029886
11351,2.756388511784304
18527,2.7511747740252686
14324,2.7492691572649735
15141,2.7488652148292787
15968,2.7462957450971555
23431,2.7458386952032727
12509,2.735619511614582
19010,2.7345486086018878
14412,2.7318030634549597
12639,2.7310717543938807
11932,2.72909151546074
152581,2.7270023806195294
15003,2.7256724549346085
12057,2.725336439246701
15786,2.7239773504594726
32039,2.7235981610218754
12317,2.723457174521661
164569,2.719887019363564
30999,2.7193133616250207
15284,2.7189716761113636
17121,2.7167993468129112
11977,2.716506841899231
17129,2.714108379390909
42273,2.7125900195476738
33554,2.710516841383075
30912,2.710408086747656
10119,2.7088465493179883
29695,2.7084161692637694
16218,2.708274518908483
13259,2.704964916614743
23069,2.7030522243020907
13401,2.7024545284067147
30340,2.7021464172223792
13155,2.698561647840773
11732,2.696843519490335
164197,2.696369467283181
13916,2.6958632519212538
15272,2.695717019800643
37712,2.6949480881760564
31787,2.6939136976552502
61471,2.6924182005171247
39256,2.6921859206901613
15582,2.691928438148478
14856,2.691574663762586
101366,2.690234059151457
10267,2.690093499488247
25753,2.688444205535508
15005,2.6873806996164307
11442,2.6863695392036875
10109,2.6842383651839823
16311,2.6838720902477053
32504,2.6829365899931346
13376,2.6829183385625113
18001,2.682843305045668
16991,2.6824836121245887
16160,2.676959403179571
17324,2.675636423376315
32325,2.674952315204718
12440,2.674184001860058
12062,2.673824897970779
29856,2.673072496157125
14426,2.672504599017984
22210,2.6722563318071324
20198,2.671791978965384
12817,2.6710790278363388
16738,2.670761270051689
17658,2.670641133075173
12282,2.668928956185511
41387,2.6639069919745504
44321,2.6596890240513513
17098,2.6587610162507627
15640,2.6563793927439576
35413,2.6551204139514892
16189,2.6547285393548337
16907,2.653555871316922
31475,2.652337232474067
36801,2.652179019262517
12535,2.6510641398454604
15319,2.647652976781309
13969,2.6476369904845583
10056,2.6454380122336376
17353,2.641319189393206
40234,2.6412775399376165
13496,2.6410606412099407
44787,2.6397539743456693
40501,2.6392882339480406
14293,2.6385684320416303
15551,2.6374042430674463
13035,2.6364930109150295
14391,2.6360696752980295
21732,2.635632437518269
22776,2.634666645089794
10222,2.6340040298637977
11410,2.6333340861886416
32767,2.6320337376584435
12730,2.6318363434564223
15439,2.631532906632001
24102,2.63148668095458
29781,2.6310080951225445
16751,2.629412530969484
14800,2.628303392995067
16676,2.62547405168434
22179,2.6231130580605813
11933,2.6226752778137397
18195,2.6212235545107707
25880,2.621108648335374
11820,2.6205761035480237
19819,2.620286445953421
44854,2.6202833436250255
32499,2.618881781157567
14677,2.617177042006643
13996,2.6153918706655155
12380,2.6152576568163726
23015,2.614985698011505
19600,2.6148731531335967
25942,2.6148315114745944
30620,2.6137781229307193
13054,2.6128966418634088
14557,2.6111007653118317
17877,2.611097310720895
15601,2.6106996489022554
11429,2.6091046138384932
34382,2.608480796776023
10083,2.608037742113639
153703,2.607872195187529
19385,2.6058876381583547
14896,2.603698691925987
19367,2.6010895555337976
37997,2.600601179646602
13158,2.5996476197030187
27279,2.598265222198424
37139,2.5956219275583163
17265,2.5950133880237067
10104,2.594811880138035
166397,2.59481130331223
24029,2.5942902420178937
15664,2.5940574205473066
157244,2.5918196201176578
17647,2.5905939233988113
14641,2.588644736727995
29693,2.5874854879330385
10022,2.587334522696987
14974,2.586792688003508
30494,2.5864846446249845
15489,2.5853570201316467
48685322255,2.585105528344532
30485,2.5844086401444537
21287,2.580547774824485
17600,2.5777497176280035
14790,2.577552817366627
26467,2.576475896262379
40878,2.575083860556096
14011,2.5749618219586545
17995,2.5735812587617284
14827,2.5735670416692913
30651,2.5725058970608687
16365,2.5723531380672937
23036,2.5719445724542704
49985,2.571845015542601
21562,2.571111259245615
19673,2.569581501519719
10197,2.568430134156683
17865,2.5678338573284027
14041,2.5677890150291964
13841,2.567380149297217
40109,2.566622366346969
11301,2.5662497005116762
11341,2.5615521154538627
15462,2.5613079549096267
19511,2.559815650135969
32388,2.5589347232181736
14809,2.558924415872225
13562,2.558349094498329
23382,2.5583329857461394
31885,2.55794925027315
17494,2.5576553694936517
13077,2.556427629161764
13470,2.555285490655142
14488,2.5538943260512337
14782,2.5530316370567445
16125,2.553014280177402
17134,2.55236736108843
13810,2.552094640201395
17522,2.5519258126272866
13254,2.5513028383525347
16611,2.5509690737611965
46595,2.550539321310647
29554,2.55042615968528
14815,2.5483927272021094
18148,2.5478410912922698
29045,2.5475322695589133
10493,2.5469059708680617
14199,2.543392183107776
13460,2.5425357838536744
24779,2.5394739619436684
39158,2.538735811697469
22240,2.5382881090023153
10865,2.5378799907592247
97550,2.537610736283809
19743,2.53692092518499
19621,2.5357881412373118
11063,2.534199804258941
25981,2.5338367660500447
68099,2.5330487094310166
25262,2.532863397885535
13303,2.532647849260786
157582,2.532349367801469
11285,2.5321719379319085
12803,2.531401641778495
11987,2.531322999268723
24978,2.5304870777298785
26462,2.5290954891740958
102117,2.528758279998244
13755,2.5262994150594036
44145,2.5244620916668175
168610,2.5237076169268193
40943,2.523593894875795
38687,2.5222990305788353
166304,2.521927582243007
13413,2.521501119966822
32214,2.5198524190378855
18165,2.51869156387095
12864,2.518366336640016
10400,2.517987927928224
19112,2.5178438178621008
27945,2.517580656789876
21315,2.5168904322238728
14722,2.516718878440142
26744,2.516413928854409
31566,2.5138015630271724
47845,2.5134294435227904
10536,2.5122972738278015
49930,2.5118531073082284
37452,2.511658145789255
24858,2.511090041221067
20110,2.5102397497400717
101636,2.5098336567426376
15477,2.509241794982894
12156,2.5078323174758945
17812,2.5058311655490173
18133,2.5055152402675285
40430,2.5053870283277666
21091,2.5025619106248
12243,2.502181369242597
31170,2.501246119328695
10988,2.501054695704821
14321,2.500172265764659
52238,2.4991003098264257
13196,2.498700139948429
13083,2.4971932472384584
31400,2.495588559164322
154480,2.494993292703473
31719,2.4943333902462483
21715,2.493306630217029
16616,2.4930838215798414
21291,2.492320963573804
12368,2.490882984810361
12698,2.490613367952852
15122,2.490508175455724
11961,2.490021282315377
22081,2.4881458848044944
38263,2.487133806220571
15461,2.4852403816951525
15162,2.4838626506053423
13787,2.4817584337416836
172024,2.4798166711149183
14933,2.478878294350524
26056,2.477458647016225
14035,2.4768955841920546
29081,2.4755045731481604
19828,2.4752736491227516
21720,2.4746477625933743
16333,2.4736952396096132
14252,2.4725575995727533
15681,2.472100374641595
10953,2.471941354794222
16196,2.47116559270891
18743,2.469599446031781
11648,2.4679404454336757
14112,2.466324818709993
13729,2.466108409342526
16605,2.4657119530695355
15401,2.4655040085402598
14512,2.4649292403832432
24406,2.464843925767316
11711,2.4640189693889787
48208,2.4637161745804375
19737,2.462840258187782
19378,2.4627039821077776
16091,2.462699770318312
19035,2.461085170834117
23244,2.4608366714799312
17128,2.4600950071672623
11097,2.4595570730191976
28263,2.4592907771855965
11095,2.4592593257187616
10480,2.458708822128595
19465,2.45870495991465
162973,2.4579147494812315
23644,2.4517639982962542
25924,2.4513752413658954
14854,2.4511977075722995
15073,2.4507127375512416
13804,2.4506407181863823
23211,2.450237176628496
18018,2.4501577013395783
16408,2.4496052384817544
156733,2.448788192374294
10401,2.448515557285965
14109,2.4455109268195545
11254,2.4450099863631523
42609,2.4442459825722938
16176,2.444215020212179
41018,2.443565820904833
43068,2.4416278029452343
22520,2.4411315847292676
157171,2.439389204407542
21405,2.438910014806949
16135,2.4364048278301547
31265,2.4362449803841217
156679,2.4352913881308873
28640,2.4351476877431626
11183,2.4340296986839274
25863,2.4339281814394726
15090,2.4338584307004583
15948,2.433214958327217
17547,2.432213919704972
10613,2.4320264605741784
26913,2.4317967205267688
153273,2.4315044822101823
156265,2.431483432175921
19727,2.4310058250351942
18120,2.430063258286203
27775,2.429305920254198
23025,2.4271632999236212
34643,2.4255795825144686
15469,2.4253180160743217
18597,2.4252906647566745
154927,2.4249942557026185
17533,2.423220921415464
166272,2.422402571672214
154097,2.4215070653257516
12500,2.420231688788064
10299,2.418825704416079
12179,2.4169996809603886
14195,2.414904309225474
10330,2.4146810407598682
12739,2.414383995125074
15387,2.4138433421326124
15174,2.4132414377806333
12534,2.4128561408984304
61009,2.4123490910733545
10736,2.411833859976973
15801,2.410941099313387
14754,2.4108540205650617
48041,2.4080425436267463
31813,2.407886976880352
18725,2.4075221359519023
16007,2.407503165630377
26839,2.4070044815494955
20095,2.4068449568692714
13113,2.406579874883544
41125,2.4056524513774837
10752,2.404528970570098
13589,2.4035389833784024
22066,2.4024308728312707
166455,2.4018407461990376
47230,2.401196507731381
41739,2.3999986029644487
164398,2.3999372025085424
13673,2.3994480272801155
165647,2.399326319096519
12322,2.39923231972755
18572,2.3978507276884735
16648,2.397809559975517
16069,2.3951237074717127
16554,2.3949500994647033
13285,2.394922123332051
19022,2.3944841722071257
16293,2.394449971983485
24751,2.3931987689242287
19705,2.393008814845789
16172,2.3908312259299307
13947,2.390281853161158
19846,2.3893669893598273
53606232860,2.3888053212178697
26656,2.3882539335761748
44199,2.3877062106439424
16532,2.387278476120934
13110,2.3872504297379558
163387,2.3868217582253903
10818,2.3866086882237263
18563,2.385921464987726
155289,2.3850017839518003
29610,2.3849419035483095
31771,2.3836972281074615
28823,2.382181183757166
26408,2.381926632040396
11914,2.381460932899754
22099,2.38129874969465
44001,2.380810131420345
10472,2.380801214550256
32667,2.38025584812894
152410,2.3798282720694566
42716,2.379403094416679
13172,2.378826364407044
18012,2.377908820331553
20399,2.3777529848181307
25292,2.377349431189423
27359,2.3763060328945786
27218,2.3759336763632404
15555,2.3759036358941996
19802,2.375853748402328
29811,2.374855939933588
17717,2.374536146615701
38778,2.374143932519553
158032,2.373423546023021
100031,2.3729069920984722
27241,2.3727433468135133
25673,2.37257114756642
21582,2.3707721289858905
16631,2.369660238149549
18885,2.369472246959434
15863,2.368678684508229
13143,2.3663958304137735
13051,2.366212125520288
24523,2.366130385528476
10725,2.365181349970039
19952,2.364370009369936
10304,2.364015592103631
28922,2.363504578332668
15406,2.361987831258402
14718,2.361931491138155
20778,2.3612509588559565
13105,2.360823055830703
34253,2.360709332764166
21440,2.359992381822644
30235,2.3595888561859795
11873,2.3587727412849175
42502,2.3586476639602623
24844,2.3579463739393463
49113,2.357806338422757
14386,2.356918298240014
37679,2.3563967200718494
14780,2.3562795412057413
156720,2.3559880839592657
25374,2.3557658843342533
14025,2.355624110971473
151702,2.3553506287217307
17463,2.3550670685373545
14610,2.354584237084625
19092,2.3543360429908597
22623,2.3538556825689483
12447,2.352840601673712
32437,2.3523402636358046
17488,2.3521082823064248
25630,2.352068739706275
19902,2.3520427181451584
27788,2.351818273299873
16958,2.351812248415686
36845,2.3500180895885605
14991,2.349888143964623
14022,2.3496231073430494
14973,2.3496171947025832
26464,2.3481081512858566
54087,2.347439810811316
159412,2.3468555364877526
18976,2.3467088656873183
19436,2.346545196454121
18779,2.345679432551165
40420,2.3452410100364878
21111,2.344406537933814
26643,2.3442676322068188
30130,2.344173238475442
19474,2.343035412861758
32492,2.3425944719926037
25901,2.3423278339746196
17236,2.342224577577548
31361,2.341828386169339
166476,2.340200914489183
17063,2.3387220048517046
14593,2.3381260172592415
20599,2.3370050673246148
10527,2.337001631373705
15654,2.3362511685929257
34081,2.335816899719157
29312,2.335199834464459
14514,2.3350097389926936
15080,2.3333531481077703
16213,2.33328472712141
17010,2.332649353038299
19981,2.332259630660054
23198,2.3314774238794507
14810,2.3308513693311883
39006,2.3308355082971297
20349,2.3307136279545104
152940,2.3298805188381966
11007,2.329470153421973
153920,2.329219275840842
22273,2.32903365219274
18034,2.3280355912489683
13119,2.3253556291930093
25683,2.3251900412574495
46305,2.3249578756876135
11477,2.3247669406584226
27252,2.324757192119093
29317,2.324165161763515
17115,2.3241392588359817
33183,2.3240079590392173
13000,2.3233483926574565
12181,2.3231373808773177
19555,2.3220870942772405
15868,2.320897834802245
19339,2.3204890174143706
11870,2.3202189760619385
38347,2.3199058142712383
28544,2.3182456481330997
20904,2.3180043200657843
190167,2.317983612804733
12499,2.3179094661979582
15445,2.317479877656203
22691,2.3171277333030704
18564,2.3155460967735633
10143,2.3132311312961384
15083,2.310740664641608
19090,2.310335631039943
27912,2.309708444189807
20013,2.308779894613281
17336,2.308759190998858
30685,2.307454238858426
29261,2.3072202287877386
164183,2.3071883600116716
43869,2.3068698352046964
38785,2.306421464879845
33395,2.306378837807755
22477,2.30584842707823
14840,2.3051243633214145
15978,2.3044250643431
103391,2.3038075968666543
23833,2.3034276575490944
13596,2.302174337360828
15791,2.3013511319127504
18618,2.3010915838629162
13620,2.299740083887931
38167,2.2995807865490376
20257,2.2994780565067354
12502,2.2991742802409783
29490,2.2988298009288037
21487,2.2985802782626217
27407,2.298577699413251
158414,2.298527052602807
14289,2.2978406976777936
12611,2.297706533077881
31648,2.297471056634463
13455,2.296577904972762
19366,2.29618960813319
43795,2.295959940998991
14858,2.295687849314061
22072,2.2947120894960893
11436,2.294359439279086
18400,2.2938022641230553
37405,2.291923487960081
15128,2.291587738803017
39889,2.290712338074735
15755,2.2904539521636837
15951,2.2903214563129732
15280,2.2902899550823386
27990,2.290193331656152
17234,2.289315912082647
19266,2.288129101174182
14581,2.2880383731080185
20358,2.2880310586859176
24682,2.287492702496632
22149,2.2869308351344704
13575,2.2862378382963278
40338,2.2857615571655945
20254,2.2839634038595036
20093,2.283786873609875
24891,2.2836338861835497
11078,2.2833132505868643
12691,2.282391541524675
14329,2.28227836228393
23773,2.2821910502378087
13020,2.281902589501111
19096,2.279657707882088
24722,2.2794624578791134
14266,2.27935206928902
33673,2.2792016451693082
17639,2.279111036763667
25427,2.2789136432250108
28329,2.278091575117525
23656,2.277230860517612
28177,2.276999475526846
30919,2.2767805709366566
21036,2.2746480927904744
31742,2.27375181304724
13649,2.2735374990528125
13625,2.2724240394093993
12648,2.271257310955713
11549,2.27008320784448
18982,2.269695712345362
24712,2.269285013694078
18438,2.268782277482413
13135,2.2683935365548913
25164,2.267430871501474
102333,2.2670600696686063
21235,2.2667467313351146
17014,2.266249748306136
14830,2.266054296064134
37852,2.2660457286843814
25633,2.2653879472414005
20871,2.264953732739044
19831,2.2644870396936048
14592,2.264466184456567
26894,2.264363309700741
12949,2.2640864982052196
22864,2.2639039396142953
13159,2.263662890274444
57631,2.2635748265811415
18815,2.2622192644063257
41301,2.26023263270477
101470,2.2601317626215827
14057,2.2598910270237504
18782,2.259618356449448
19567,2.258988674657073
14774,2.2588778631896593
153864,2.258071104527283
10395,2.2577448820024317
14148,2.257734404379276
166323,2.2574870085988783
34822,2.256615854139104
18670,2.25627858472774
13128,2.2562098049762715
15084,2.2545452809941557
34144,2.2534248200048133
27633,2.253361841292068
35897,2.2533105947395184
20270,2.2529825329494817
41239,2.252791861712748
20762,2.252758067606342
16567,2.2527439310969997
22326,2.252626957720609
24985,2.2525851394714924
27180,2.2525354510892264
18396,2.250738754329099
34090,2.250354377963699
19299,2.2501772078779876
31157,2.2488884772332547
15026,2.2488859678723427
44201,2.2486359662623907
31334,2.24824249698267
15067,2.2482335270690275
13602,2.2481229917933745
22501,2.2472636901374865
15148,2.245927349108776
14675,2.2457117359499574
14467,2.245092184777764
31635,2.2438985145802137
17452,2.243498702033228
14133,2.2434804999025704
31588,2.2429730385020887
18401,2.2427320713211283
24067,2.241133716615128
42075,2.240906223199584
42819,2.2405003076335275
17551,2.2402933280517985
18125,2.2397370391568217
10530,2.239514754778193
27194,2.2391034874617186
30667,2.2379359739587446
14137,2.2354024090029903
25430,2.2345228224465217
17897,2.2341822392609663
14554,2.232963631946567
21196,2.232201666001304
17301,2.232194008928561
152779,2.2316051217550066
18676,2.2313763647574416
23849,2.231228763746065
159882,2.231181572867322
11186,2.231106655762989
24611,2.2300249683996447
15568,2.2293925669856574
16994,2.229388391321248
18614,2.229166260047128
23146,2.2287003483891805
17344,2.2276785079384487
20570,2.2272678335079754
11697,2.227005933411287
21406,2.2266487363694623
15785,2.2260992896946914
18298,2.225797161642616
14119,2.2256840368162947
16439,2.2249850084596647
12793,2.2249750146021907
16318,2.224390210048632
18619,2.2238107577483075
14617,2.223372002598125
79077,2.222678766986355
17480,2.222251242460123
33285,2.222197925234751
15127,2.222056513489452
14751,2.221916526585114
23803,2.2214353758586367
39959,2.220869290504414
20791,2.219560537521404
22870,2.2193124248832596
19278,2.218994366741894
16934,2.218826233128594
13345,2.2181941719433715
13154,2.2174878926633492
22818,2.21694266647069
19853,2.2167786660936835
16836,2.2167663550443266
14457,2.2164661114488027
21069,2.216426353626473
21245,2.2157288085926776
12253,2.2151540268496834
26979,2.214907331912922
21530,2.214569091883487
16315,2.2134479626553754
17006,2.2128840225778017
22167,2.212404646346562
16760,2.2122725749479604
16275,2.2119596233962078
21685,2.2118827992672765
18919,2.2113441585824107
16171,2.2111579170032076
18828,2.2102979059045524
163039,2.209927025872844
33755,2.209875901411754
53595462076,2.209783095668144
31408,2.2095183307637307
26846,2.2092068221654784
27742,2.2089454904733237
25894,2.208359983485599
27936,2.2080403010984155
47124,2.2077849406624095
17405,2.206708410497903
12877,2.206554575456138
17774,2.2058534725335623
16746,2.2057522476433875
14257,2.2033427529874525
13134,2.2032079541165253
45311,2.2023747111068923
16795,2.200881985596304
21320,2.2007000632945672
19067,2.2003977755552198
38770,2.2001949033352957
30956,2.2000107262779904
156607,2.1999132998913273
30119,2.199710936671863
15189,2.199688826040576
32162,2.1995748465437863
15107,2.1995320361591384
10775,2.198806278832268
27973,2.1985497430621614
39860,2.198471715633388
26708,2.1979929613832434
30304,2.197985578366564
16249,2.197831934768288
186741,2.197245974110647
172210,2.1969585674996304
32217,2.1967504646703753
15033,2.1955720937099974
163733,2.194402676063594
26377,2.193070154338636
34462,2.193050707639579
18379,2.1923314293206464
17376,2.1919622689794562
31065,2.1913524078271704
13145,2.191335835782728
18068,2.1902484558316084
13750,2.189352243604938
15393,2.1890796854708388
26557,2.1889477298494904
15860,2.188637233215009
21201,2.1884045740535707
17400,2.187531720234297
11394,2.187172650826058
27131,2.1860247894379
17210,2.1860187398632216
18877,2.185903589068945
23953,2.1855927072740773
20011,2.185224189209462
34222,2.1842668185534952
32742,2.1838309814621706
14292,2.183232725012896
14624,2.182701462709788
18011,2.182046871718114
16162,2.181717056036502
41468,2.1816568425572798
13699,2.1815822947122783
40070,2.1810355712949545
19250,2.180207030052243
28996,2.179714649371513
34737,2.1796129434008336
28478,2.1793389953749975
20678,2.1790024845015656
23722,2.178877862359271
45927,2.1787439252528955
13183,2.1783564057943448
14477,2.1778404801896674
20224,2.1776829818033336
13728,2.17732470996064
20782,2.176515600899425
24725,2.175801059138284
23654,2.175781402649926
152358,2.1757596557878456
19900,2.175571212292195
153575,2.174962640832767
16141,2.1749342636558047
18613,2.1746636328629556
15066,2.174336409029423
12417,2.173747994307393
14494,2.1735524878635175
31709,2.173532976155069
23398,2.17346215170622
13329,2.172915504495307
14880,2.1725627021408727
14730,2.172524972479109
13664,2.1721977474043146
23259,2.171988379781857
16597,2.1718953826705567
19627,2.1717994144168045
11377,2.171621668612136
52792479575,2.171436507537901
151715,2.1694914344324965
24634,2.1687769542337874
16925,2.1684801295273166
53609615822,2.1679215506508736
12758,2.167759734405299
13149,2.167736939281097
22387,2.167707238409491
23461,2.1674165918875126
34862,2.167109646082181
11622,2.166338368419017
20953,2.1662706749020813
11548,2.1659515119929287
173560,2.1658801889763493
22420,2.16550030557674
26332,2.165428312257692
13249,2.1649745179637447
20976,2.164256562777566
10660,2.1638616342402393
11451,2.1636376639855057
13605,2.163611404056786
30008,2.1635456971139506
19387,2.163188196755201
34004,2.163108951047471
11505,2.16256735508313
15521,2.1624860858311354
17193,2.162307898827331
14744,2.16143363783445
30271,2.1612881126471652
154469,2.161183054472199
12917,2.160133799499373
12024,2.159072846796847
17310,2.158480311235636
49957,2.1584730659956914
45282,2.1582515228044574
23216,2.158222468197274
13426,2.157574170358371
70285,2.1568976453289497
12978,2.1568607761108862
18108,2.156058107285709
26924,2.155542757744662
33725,2.155408686912028
13922,2.1550122055592413
16787,2.1545793443987633
16323,2.1543963863510767
38587,2.153137853619382
10331,2.153006578002623
14932,2.152659562170545
17224,2.1519224243255777
11054,2.1495174655357863
14406,2.1494031594823233
12506,2.149371649895386
42673,2.148441084127868
16981,2.148401056356003
17033,2.148384517738061
18441,2.1481160121120952
15976,2.1480024269962206
11265,2.1474673904798642
28596,2.14592798024477
29151,2.145373134887977
29706,2.1440037991987255
31078,2.1439450226919052
14097,2.1433536011851433
27769,2.1417287453611245
16450,2.141014358926032
17052,2.1407930186985373
12563,2.1405520970146714
20697,2.140510529374685
30346,2.1403844683143385
12883,2.1400810487300443
11561,2.139112745089099
20313,2.1386995410980973
154180,2.1383719130048915
25406,2.1382110447436706
100707,2.1378253612969234
12613,2.137289835012833
14628,2.1365364919915764
19382,2.1360450845973182
17859,2.135794265213897
14572,2.1356564191294902
22476,2.135462354430721
14242,2.1337433192416815
33891,2.1334448516410673
23383,2.133411030327547
14343,2.133102953698539
16709,2.1323344897030565
36930,2.1321525731617013
24857,2.1319483807616852
17071,2.1316410989287715
102179,2.1313447116896524
18689,2.1312523188083508
51267,2.13090059845695
13022,2.130544460369246
23588,2.130343408699342
18027,2.1303243317727576
14728,2.1299765687853016
18705,2.129332316524053
21152,2.1288018565841162
14134,2.128776561161921
13953,2.128188373455111
13968,2.1277080209777126
19793,2.1271979151245057
22076,2.1270538470174847
25830,2.126860385493153
15248,2.1262471990461242
23206,2.125784340764902
34660,2.124812189881145
23385,2.1246966056192815
15927,2.1245435216947217
20390,2.123103211589659
14750,2.1229686541173534
13748,2.1228414265608766
26098,2.1228311322640034
32776,2.122735580536498
23815,2.122386946789705
26511,2.1222628663539833
105118,2.122211769478043
17211,2.1210750012644475
21431,2.1210265765789034
31735,2.1209681496317354
35473,2.120562801971866
154492,2.1204732739451435
157415,2.12039017437884
29509,2.120373054347621
13576,2.1202256298436217
18387,2.119561107638819
15312,2.119457730441757
12293,2.118474530722277
23438,2.118242655416369
29040,2.1176994034461334
12078,2.117202091974461
14246,2.1170830273660073
26502,2.1167940321538214
13174,2.1166816381759466
22875,2.115620186981273
12618,2.115281666969727
23573,2.1151623683089866
34093,2.1142717398173225
155641,2.114107046526057
31123,2.1138801728184955
101030,2.1136317266003033
15183,2.1132981803564093
18287,2.1118378576370347
13095,2.1110673795230883
20962,2.1102474253737613
32534,2.110048010592892
14908,2.1098475334358455
12984,2.109254895201232
14336,2.108641249443141
20498,2.108331781458677
20810,2.1067311320938518
31423,2.106348295312886
16465,2.1058182368453977
14103,2.1056501392725053
152849,2.1049772045420356
12921,2.1048613041934376
34180,2.104850990024315
13926,2.104816460587777
18590,2.1042102194556196
58127,2.103437577405132
17407,2.1034214712904777
30559,2.103058695525114
26040,2.1025314213208985
30419,2.102425273666548
14867,2.1017323336951717
14088,2.1012929626978756
31006,2.1011545972787786
23215,2.1011368129951666
11218,2.1010048405138186
153379,2.1006697966637127
15706,2.0996324105848383
13886,2.0993178266950903
31482,2.0991527751281844
29980,2.099059220290953
26713,2.0990058922853305
16243,2.0986842530129657
19635,2.0983232365856073
26608,2.0982869092627667
30858,2.0977080258068566
16393,2.09735290279649
26571,2.0970548065643952
22944,2.0964040408041087
24543,2.095583930916641
157242,2.0934916964933663
14786,2.092947080456377
24125,2.0921633161771673
26244,2.0911486145387626
27389,2.0911265557062286
16309,2.0910796777309746
12574,2.0907460780977627
14042,2.090381540451371
15010,2.0897980617857983
40825,2.089406708984787
13478,2.088859545037134
17536,2.088467667217276
14521,2.0884002185641313
12536,2.087359738701015
12387,2.086993731107885
16781,2.086663330461112
166645,2.086487888639534
18968,2.086240677577037
15950,2.0859751927255696
13418,2.085847895620483
24658,2.0857937987361175
20825,2.0855460432752757
26613,2.0846416889525288
37651,2.0846327112971506
16344,2.0841812944997726
16803,2.0841742747067675
16167,2.08309126025201
13278,2.0824443486660953
29103,2.082324816992375
101877,2.082251146180408
22458,2.0822214864504747
15833,2.0819615388319956
23190,2.0812054967619154
17401,2.0806044842387266
19516,2.0805882430624036
21206,2.079177377897104
17169,2.0782006060687763
32535,2.0775623301398873
16613,2.077374256132315
14561,2.077322192294643
18305,2.07715640586689
20739,2.0770975643141876
27576,2.076691271426332
14183,2.076187949597061
16874,2.076125506214367
14777,2.0757328301010953
11232,2.0757202288568575
12361,2.0756964826832482
19919,2.0756709980109265
26292,2.0756152514937627
15559,2.0755781377733946
16504,2.0752240302012175
13826,2.0752224738323144
20292,2.0748287610849574
20085,2.0736116810515735
23553,2.0735656534343616
18037,2.0731687356153197
14755,2.072985402439006
11003,2.072154008281467
28535,2.071917980566787
101878,2.0717737603743966
17735,2.07170853399627
37030,2.0716005520301133
26318,2.071254173457669
36598,2.070034494440451
26490,2.0695277283661966
33570,2.069447647164834
27728,2.0690474046923386
37409,2.067939938783873
23209,2.067331079511428
21154,2.067195251377671
39045,2.0671604650759177
14421,2.066286288467018
14860,2.065649042823757
16522,2.0653847324068786
29889,2.064740621115581
16020,2.0644835234812753
21348,2.063783831242469
22562,2.0636732764287284
19161,2.0634161644428524
13147,2.062939929340591
29524,2.0618363207705235
166327,2.0617997934917973
158675,2.0616969616206977
20378,2.0616178355811305
15230,2.061602486640748
30389,2.0613677172736438
15691,2.06117282369908
18208,2.0602306349284767
17537,2.0582479743689612
10816,2.057887245916849
11416,2.0571225246411085
14716,2.056864186365098
15629,2.054022002072841
19892,2.05329108818668
14842,2.05278464738776
13243,2.0522173878661945
32672,2.0516913035963076
12975,2.0509570767419794
19554,2.0507418996259648
16817,2.050498757752773
24024,2.0503574901582273
10915,2.0497715113140047
33074,2.0492343375535076
10210,2.048372198708341
27906,2.047793704056492
13042,2.0475823093079115
21698,2.0474748167699923
15142,2.0473266234011973
51939777929,2.0470377172322776
167190,2.046767893323016
13965,2.046317299270728
15789,2.046203743978264
21090,2.0460175018046023
16467,2.04592537491102
16594,2.045135106592731
101737,2.0446502605918884
18395,2.0439260459030195
14375,2.0435859107609033
14052,2.042251821622838
33663,2.0421240714752336
22304,2.0399496143742204
13235,2.0399401569584796
21293,2.0398049641074834
24124,2.039629026073304
13316,2.039540002770527
31507,2.038248417621065
16553,2.038098356552351
18006,2.037852951626429
26448,2.037503869345673
100693,2.036678221879429
29597,2.0363231926822905
16822,2.035754849501331
10648,2.035452116459143
29853,2.0353876172666383
34409,2.0352314634711495
166346,2.03463726587933
14608,2.033923842560991
13966,2.0328197816816873
25504,2.0324544092460286
11611,2.0320815152818525
27014,2.0315616558694525
14161,2.0303485679825397
15037,2.0301694407135833
33151,2.0301148029111653
22911,2.0300599156282546
16113,2.029563486895739
152769,2.029434284295104
15104,2.0293110405117307
16312,2.029296289120221
13971,2.0286814384136274
19807,2.02834513364358
27590,2.0282299421733385
154491,2.0280032943689017
15639,2.0277503079103645
101940,2.027249459218013
37741,2.0270173299917422
20972,2.026251735761474
23646,2.0255707017717053
27520,2.025418126300761
27516,2.0252712228706575
16369,2.025204269877244
12756,2.0246831344700422
27624,2.024248327598551
19501,2.0240505844553516
53609617775,2.0237021169844818
30728,2.0225899787179538
28532466490,2.0224466989083525
22644,2.0223865548968427
27724,2.021568706956587
18014,2.020907115427976
101602,2.019818034223342
27356,2.0191635972412465
173123,2.0185568394050635
13891,2.0179654376988965
13715,2.0177591664131658
15610,2.017335884939719
12182,2.016928014253513
32707,2.016393397225843
30662,2.016250419747274
167438,2.014985838662783
14338,2.014901941674878
49920001117,2.013442065476896
15206,2.0134065033791386
32815,2.01336933965173
15130,2.0133613342760137
29339,2.0128020517076384
30531,2.0127170184009677
16132,2.0125246209110177
16339,2.0123397950505644
41766,2.011976699434143
17883,2.0110876927409556
12526,2.0108042699289927
14888,2.0099753871446575
39475,2.0097935229294595
26854,2.008119434764548
24967,2.0079924692181743
12425,2.0071322193246703
16404,2.006674216246968
17056,2.0064015005940132
22408,2.0061672580397443
14177,2.0059157129701575
13440,2.0050103637630783
27125,2.004245056233856
15476,2.0041837325343392
20842,2.0039869081082244
29186,2.0037253982014063
29987,2.003612895904634
26228,2.0036068719407982
20450,2.003270016430381
37584,2.0030385393145362
155389,2.002833680015529
30754,2.002767141040824
10896,2.001276374105301
153274,2.0009558017058557
25694,2.0008205583543255
38584,2.000628375960821
44302,2.0006014940245813
40386,2.0004488666563165
15166,2.000310405348157
15498,1.9997537353495975
16052,1.9979972320342139
14707,1.997840856799159
18482,1.9969432320685512
22413,1.9966765531506312
24438,1.9960108796114635
12434,1.9959593848144601
10514,1.9958499035969943
152914,1.9956878438667258
18750,1.9956127536076735
10917,1.995128078926286
153474,1.995040069530958
24129,1.9947352402965692
17419,1.9941037440878664
15999,1.9939538839177668
15561,1.993904313383096
22455,1.9933660506259017
16207,1.9933237527431904
14570,1.993236234560057
13945,1.9927858573132697
16670,1.9915976494808176
28005,1.9909807180521757
24753,1.9909480361974077
32431,1.990447747078921
19683,1.9901880506255858
10217,1.9898676819533807
27418,1.9896850043927412
27073,1.9893285481147318
24183,1.9878550685716636
24263,1.9871781082258824
15063,1.9870464016459823
13703,1.9869960724573337
23287,1.986741234641593
153219,1.9866284684381468
10872,1.9858309637900868
16120,1.9853631659994737
14356,1.985334452147697
27635,1.9846481304974297
55604,1.9833654844539235
10491,1.9828919335569086
10904,1.982474504261079
22375,1.9824426467129461
15935,1.9808373044931737
17702,1.9808345176826148
25788,1.9804952986473237
17803,1.9794730332516313
17141,1.9788836316784837
38101,1.9788531310686297
22197,1.976487837249102
43616,1.9763214699607339
10111,1.975777567115225
39001,1.975541356162152
13604,1.975247887203107
22516,1.9743990237667914
33024,1.9743325315268991
165637,1.9741495527497137
13222,1.974144799469307
20604,1.9736559080747125
14879,1.9732788518467261
14715,1.9731086786172563
30806,1.9715244659522566
26132,1.9713224500638196
41393,1.9712786028957259
16284,1.9711117182157034
14401,1.9710662844682159
18557,1.9708018035307795
22171,1.970512912856001
10814,1.969868762955189
29120,1.9696069073151192
32585,1.9695174519730148
16588,1.9688345099171254
101538,1.9683512713687918
21587,1.9678588507548
30538,1.967639005747238
31613,1.9671166881647983
22826,1.9666852802210308
104140,1.9666359815119523
28739,1.9663982505779423
24832,1.9662896606024116
19183,1.9657104564446901
33287,1.965581829112171
25429,1.9653248999743
29021,1.965029747078049
20247,1.964979462136706
28861,1.9643347219916303
16640,1.9642090354704387
45129,1.9635257301351137
25229,1.9634516246510847
14127,1.9632727643792582
21074,1.9631600955531652
20268,1.9630680925709503
16251,1.9621613157704891
22987,1.9618797482983177
21565,1.9614154370860655
27810,1.9604322602977116
25450,1.9602876489492416
14240,1.9600958161465247
29235,1.9595207093613047
10061,1.9593068831942329
28529,1.9589906203738139
154494,1.9589778552986756
44358,1.9587205581531222
41261,1.958503337472414
17035,1.9583021015594069
13623,1.9582777319913032
18388,1.9580580233379783
14047,1.957880068780794
19732,1.9572881647722626
16802,1.957226982157343
14081,1.9570610317330375
15615,1.9569409294941922
24989,1.9566533880045298
23974,1.956619455167328
18149,1.9563276900439155
38128,1.9558527484654544
14174,1.9557272222524948
22126,1.9556943933454858
12512,1.9554846804679713
12728,1.9553403842444286
13770,1.9547811427863926
12199,1.9546531112974497
25858,1.9543385115808631
19534,1.9539668596430442
21106,1.9539649132486512
21742,1.9538852946274905
31794,1.9525986687463723
42130,1.951729242301091
16647,1.9498604025924668
11922,1.9497857629775097
19713,1.9495467609289396
21270,1.9494780952438477
26004,1.9494081492258168
25423,1.9493003222558933
32397,1.948824293299403
21603,1.9485874892611315
12358,1.9485435858568017
16718,1.9485364523170172
38204,1.947701524888321
14938,1.947542934297912
16089,1.9467061878678216
24924,1.9465540484273354
16677,1.9461674542290237
152276,1.9460148836093194
21335,1.9454142854338432
16881,1.9451677987659581
19230,1.9450539342446893
13548,1.9448110629567428
15058,1.944096125200808
22394,1.9438527664725462
155210,1.9424786087790797
20675,1.9424195184542556
43011,1.9423579428139717
17798,1.94181323332613
21696,1.941503451692992
32950,1.941435779366458
10955,1.940851386856289
17745,1.940553969479254
154083,1.9401387389712168
17297,1.9387141624933997
166436,1.938625149010569
22404,1.938490341750008
19821,1.9384216988689877
13445,1.9379937520726565
15861,1.9376937498679663
32424,1.9374836039229644
13052,1.9359236415732886
25099,1.9353578321001979
24324,1.9352538130271406
27033,1.9349804095593939
12788,1.9340010521666908
11151,1.9326166569403946
26307,1.9323565094449608
15742,1.9322209044639869
19614,1.931445326112349
31864,1.9303429395964795
16320,1.9299922985496714
19094,1.9294642370802633
21112,1.9293555132936675
25873,1.9283332250221905
23136,1.9281665216294586
14658,1.9279067030581538
16985,1.9279056171455142
29976,1.9275872391090023
153519,1.9275661447371841
34371,1.9273450691762322
38629,1.9272422290666582
152252,1.926963459509656
18717,1.926921820223403
166377,1.9269179822056186
16722,1.9268592574875987
16920,1.926547201108123
22409,1.9263144852196104
22392,1.9262367184798228
18045,1.9252576557168632
13089,1.9249408471878537
18763,1.924536118745049
25914,1.9232490849855242
13518,1.922925304975582
21137,1.9222060850767162
14272,1.9220986846480164
18467,1.9220585173577274
10281,1.9219777018002646
26047,1.9217195169082317
16204,1.9206403175901772
20295,1.9203863229472264
21284,1.9202136752449885
16163,1.920118279560847
16792,1.9198852876240653
36201,1.919534861487128
17117,1.9192818333432171
36468,1.9189931024066762
15604,1.9184196006320076
20852,1.9182993506020942
14695,1.917735475765593
13356,1.916876933688645
25602,1.9158411788899414
19070,1.9153666237834919
16827,1.9153004331017027
29087,1.9151918322252248
166597,1.9147785797863126
39751,1.9144702674560075
25433,1.914367709808749
25892,1.914031071868643
171192,1.9140028874581383
24874,1.9126884489937368
21515,1.9125585935414473
20103,1.9123954997432373
22721,1.9120337823637727
165666,1.9108982769102192
35407,1.9105770818020158
32758,1.9103743850266108
10311,1.9101304758020214
13368,1.9097118655238798
24458,1.9088785522955918
26095,1.9073455667492205
19836,1.9071213013091741
22470,1.907108265901323
43801,1.9069421624744691
22587,1.9057526470177844
32694,1.905618654522048
34777,1.9053612325339426
19535,1.9051434745000635
16062,1.9048777308842884
27876,1.9040497767583995
14273,1.903510780302594
18909,1.9031915688083256
14534,1.9031424058653137
28981,1.9026616029896373
13710,1.9025320832517354
18053,1.9017740685592999
21451,1.9016626892211657
10286,1.9016149278793069
30041,1.9009672986121045
25003,1.9007785459654472
25811,1.9001134482972877
28812,1.9000401203544923
26603,1.899986024545303
18745,1.8993131751710044
40443,1.8992963719257416
14606,1.8988317573752909
22670,1.8979662073808012
30723,1.8977483597884734
15088,1.897206714986155
153059,1.8963290016648011
25279,1.89629862828071
24437,1.8961382499670827
14952,1.89598998892892
14548,1.89595128774721
21550,1.8956417285112837
16094,1.8954289367766115
29760,1.8952225140133934
21361,1.8949814242979692
13942,1.8938256983017592
101718,1.8937887982097572
37817,1.8934168883983205
18544,1.893313672684054
16476,1.8931572701809214
14697,1.8929365182856863
30444,1.8927810687837756
153939,1.8925373151447862
18207,1.8915772071585268
13550,1.8906810855770158
17399,1.8905182499184627
21380,1.8891478792020542
45505,1.8890868255702793
10712,1.8886347541914792
13002,1.8885757914934929
26725,1.8884683185642144
26344,1.886967903122009
16036,1.8868223350194622
17640,1.886744170489754
28053,1.8865045960268576
20830,1.886441432528865
19576,1.885936939239448
18914,1.8858890272837172
10460,1.8857930364436157
159928,1.8852886799527586
22710,1.884875544967223
17303,1.8842406466541364
13829,1.8836425245986346
18270,1.8834267314530804
14605,1.8829797610970807
158889,1.8828118286186006
11630,1.882806058388591
152850,1.8823884371890927
26767,1.8820087583467333
13506,1.8817946179286484
38573,1.8812981601888887
19684,1.8803554454648135
14434,1.8796595946194163
27865,1.8784517286029143
12855,1.8765361738627284
162961,1.87623857594416
36333,1.876164002108546
13433,1.8760131902449966
219796,1.8753850278703101
15546,1.8752141750150868
34060,1.8745238329755438
22586,1.8743287436280258
17910,1.873868005889802
13818,1.8729533828421643
28791,1.872619073991076
12090,1.8723471238249993
25989,1.872061822524461
100621,1.8709307873117633
165510,1.8708899634393175
11461,1.870754016668598
33927,1.8704243891713286
162827,1.8703575425958159
12993,1.8695711306464458
19666,1.8692600249380844
11988,1.8692521156766406
18033,1.8689345229152174
27821,1.8686594014702123
16192,1.8685488518785132
24302,1.8675149074678172
26272,1.8671550877990768
32056,1.8665966217350793
22581,1.8664556378386012
14150,1.8652097305271214
10710,1.8643788863849635
22172,1.8643068526967321
18368,1.8642148689935216
15223,1.8638353715263454
15682,1.8636044575541928
18531,1.8631950716782533
20855,1.863164787886091
15875,1.861002963930084
23016,1.8606170422329875
52788943322,1.8605476743863447
175327,1.8598544390130882
16860,1.8596705455741336
15598,1.8591163878834114
14451,1.8582489490428982
22651,1.8581539168466348
16945,1.8575711395120191
32656,1.8574851437530253
29330,1.8573366786857664
20630,1.8571704177160429
21290,1.8560794374796254
158490,1.8555865694242886
39379,1.8551118570941
166542,1.855070868550208
28599,1.8547617915428027
19369,1.8542660658753687
16856,1.8537046990319737
19929,1.8532904062474165
42987,1.853208698835507
17270,1.8531252508082359
32169,1.8524352004988007
22915,1.8522302418395395
13717,1.8519182624056316
31374,1.8513412433942797
26903,1.851285395836152
41353,1.8508137718722262
30168,1.8507049982338428
24552,1.850174876401213
24016,1.8497355970488254
154489,1.8489586492972985
24254,1.848834000524124
27629,1.848743275544519
11638,1.8472291347599632
100796,1.846473657566336
42764,1.8458118331291493
30412,1.8454985814762808
13977,1.8453837579867165
12384,1.8449253394003637
21258,1.8447125764299699
15171,1.844338710617708
10887,1.8443192564418474
157135,1.8437290454454922
14897,1.8434731946680627
26734,1.8431632460058556
17097,1.8427422235186612
21221,1.8412564338395687
38104,1.8410220342772572
16791,1.8407835896722906
27026,1.840723359304417
32916,1.8403883538578119
15410,1.8393785236714046
17959,1.8388265385507145
12731,1.838286436804996
16813,1.8382293102226293
13798,1.8382239561068223
17208,1.8380724955050476
23586,1.8377072202857314
33970,1.8376181876258642
12429,1.8373707940022552
29051,1.8366017262019065
13182,1.836366793964131
13351,1.836261257409689
40100,1.8354158048772737
19492,1.8351854561652758
26594,1.8351806553200105
155365,1.8349722670822233
17155,1.8348970626799086
16230,1.8344326630082586
10790,1.83416466163867
204275,1.833784690774597
22353,1.8337520619261
104296,1.8334949376715108
27157,1.8331260003943894
26809,1.8320950677315546
30245,1.831098394429965
29771,1.8310556098545756
23064,1.8307970014765385
15178,1.8300460958361577
25620,1.8293991821924884
17555,1.8292558621882788
103048,1.8287666377309868
16516,1.8280951046473755
13587,1.8279387638818039
15129,1.8275105477875244
32001,1.8272941214770977
18569,1.827293528098063
14983,1.8272649112816877
20275,1.8263332727058144
13757,1.826240129007603
19287,1.8261012777669736
17131,1.8257420564294193
24838,1.8255187090871015
163719,1.8247355778590801
16621,1.8243844991570124
30809,1.8241551741187636
153197,1.8235209019322736
21104,1.823388250602232
153836,1.8233468558007562
29538,1.8232013873547253
17083,1.822304553791977
164572,1.822179475396923
13812,1.821849263621721
15818,1.821422981298489
50104,1.820784676651028
24899,1.8198927195100802
22067,1.8193920214330808
37510,1.8193212609544454
22418,1.8190375770450977
28617,1.8188866687286203
13700,1.8188354382750462
18816,1.8182999630103962
25454,1.8180817422616686
39941,1.8172891320116416
21925,1.817228934951523
15255,1.8171054231565704
15540,1.8170938613047134
16717,1.816876505193033
22998,1.816857943435944
41336,1.8163916600596268
22986,1.8160484973168398
20978,1.8156091165916666
35376,1.815591106533509
15879,1.8137666811198985
16435,1.8132852498034542
17776,1.8132437270802912
11620,1.8130146347760656
38486,1.812868376826174
16115,1.8120333861447706
45523,1.8112482035081015
16407,1.8107261146204618
26296,1.809823710602927
13746,1.809439814229251
101369,1.8091885008615831
12747,1.8087398938006898
155085,1.808735355812039
25255,1.8082001735283215
16562,1.8081848414661805
158956,1.8079701823395191
16413,1.807658719002692
164529,1.8075383456682137
18435,1.806588056434631
17380,1.8064070872772453
21297,1.805795512267397
153835,1.8056329104892384
29967,1.8051808632482462
27192,1.8038079453355411
14110,1.8034488139417906
11897,1.803101115218443
12617,1.802967362680358
14074,1.802737948152135
43430,1.8018461649294202
26980,1.8016940318719088
24316,1.8014623395568667
32999,1.8012266338207177
24669,1.800656440968138
27831,1.7996562590799243
11554,1.799391107802149
102542,1.7992132138499914
27496,1.7991591012724386
21538,1.799091531789407
23318,1.7989719393508978
14773,1.7988264700805887
10338,1.7984592457562796
11200,1.7977889419378872
10771,1.797765263398772
162788,1.7972235337670561
20693,1.7969207907725435
25231,1.7968608053124702
21983,1.7963514214444747
15424,1.796335299619441
15749,1.7959934248373004
21822,1.7958735367707277
12503,1.7953742026544226
20596,1.7952064206043334
16395,1.794748655823011
43225,1.7942960414998685
13225,1.7940936229511153
156161,1.7931084254700018
11296,1.7928238567857215
166428,1.7926741254596281
38541,1.7923106613664084
12138,1.7912371575292154
153874,1.7910702126172204
13465,1.7897066547305773
39548,1.789322273517988
31592,1.7891335416512784
13398,1.7889185001170764
10494,1.7884155699710975
152338,1.7883266873790444
157467,1.7876127415784144
192364,1.7869574759722058
39801,1.7869405653758283
19014,1.7863334391962813
11339,1.7863104785585364
12749,1.786293559714391
32543,1.7859240301142991
10175,1.7854600293982807
16754,1.7852954417300488
10694,1.7850800585667117
15002,1.7850189369665699
24337,1.7848378823870263
15827,1.7841096956416922
12603,1.7840439266766344
100428,1.7835103221635198
25595,1.7820756918124612
11584,1.7818642974044985
21045,1.7818542946069327
11247,1.7813464108447343
13801,1.7799949780717075
24107,1.7797206288528995
17779,1.7797003842002135
11179,1.7796742027363088
20029,1.7796489317578412
154769,1.7794958834010222
27228,1.7788834434004357
23870,1.7783509067742074
30932,1.7777939603708945
12614,1.7776426282291615
16892,1.777249169214289
164180,1.7767435269746208
26886,1.7762292421118304
152732,1.775762042400945
29182,1.7756934289025728
37854,1.7752086532989093
22617,1.773834525124499
15016,1.773823036134178
24907,1.7732331269035384
43694,1.7726096827943374
10386,1.77244575599793
30243,1.7722903426895336
154118,1.7716220043570245
152755,1.7715274601515605
162868,1.7712577452591274
31778,1.7710424342847357
37876,1.7708507943395222
31591,1.7706042392517993
29902,1.7705064126014498
157493,1.7697530231803984
24507,1.7693030800845917
19306,1.769167571948026
37220,1.76880752151994
156516,1.7684196667890215
24149,1.7683807443683233
16032,1.7683589611370207
13354,1.768109517188995
24389,1.767977076431329
10977,1.7677546802528517
27663,1.7672501988865479
17124,1.7667226372974856
35248,1.76669377171632
30744,1.766263939078679
17965,1.766234818669961
16486,1.7659573946824862
13493,1.7652505443791167
21122,1.7651404303610392
164570,1.7650640752194553
68365,1.7648864026394526
31821,1.7643994893197572
12939,1.764390526724084
19769,1.7643356496616107
16869,1.7638157026065007
29098,1.763014215912735
11406,1.7628160117281
27358,1.7624868113862702
16530,1.7624337631815712
12753,1.7614905082901926
13760,1.7610617051746933
27338,1.760683596716171
53591964492,1.760676272032377
18183,1.760549993381569
31396,1.7604711247176805
34627,1.7595721453344237
26285,1.758346223084432
23757,1.7581823559459686
13062,1.7579411898857151
23816,1.7576250528073143
28075,1.7573444469953885
39353,1.7570755515719874
23891,1.7569969417505484
28518,1.7562923066244638
26417,1.7559779383466048
11693,1.7554734797388531
13242,1.7550505110374084
26662,1.7547820759092174
11968,1.7544661883775645
13531,1.7543164242759959
14849,1.7541914120801396
17837,1.7539693235233533
41932,1.7535957171396028
33017,1.7522540277736076
15202,1.7519177820959262
34251,1.7518238051816621
41794,1.7514776154455232
14999,1.751362991307028
24289,1.7506287255212833
18076,1.7505940626543768
15709,1.750524604771771
41384,1.749988451959647
23806,1.7494428657577097
168470,1.7490819248380403
13392,1.7489730906789465
20566,1.748062612890079
20901,1.7476631343414568
16707,1.7476431317964836
40271,1.7476119229631446
16017,1.7474137137059085
41285,1.7473401473109809
22459,1.7468488588378366
24307,1.7465975018599016
22718,1.7462451148800273
11972,1.745616058873853
13662,1.7451396187327801
16267,1.744596423701903
31485,1.7439700241571874
14877,1.7438690991824595
29221,1.7435777106823034
50794,1.742709104079089
32568,1.742344219276057
27098,1.7423264362409445
19744,1.7422145150772037
14215,1.7408545793697856
25320,1.740797832577825
166420,1.7404465020135262
25040,1.7396727871449376
21393,1.7394455175675207
27962,1.7389412438050171
27012,1.7385498758602074
28224,1.7385390109617114
24698,1.7366597090589042
28270,1.7366255771732948
29861,1.7362110742860248
192299,1.735576626504818
21543,1.7355048373715825
10058,1.7352853049367813
153896,1.7351561327611524
27297,1.734937435140358
156920,1.7349200685567023
11971,1.7348528915452508
13300,1.734718212711689
26209,1.7337423566484045
153335,1.7335344702239954
13180,1.7332762962644608
31716,1.7328325861774991
164126,1.7317504623164808
51546,1.7309698802262774
10541,1.7308512123976922
37237,1.7300248429091123
10754,1.729978423760727
21697,1.7296898858580594
10526,1.729655632141163
13560,1.7292539413789452
25489,1.7289998987097464
28572,1.7285346404345725
16252,1.728384504843909
14515,1.7282587217965122
22022,1.7280423534444884
19259,1.7279628231185638
27942,1.7269170829204679
12830,1.7268503335503573
14371,1.7267366431139242
25585,1.7258876650789678
155076,1.7254669067333293
153925,1.7253916378033771
13229,1.725230535765044
16350,1.7242205674826678
13742,1.7233628917297366
158022,1.7231879333565134
162833,1.7213752533540316
49745,1.7213328135482422
27456,1.7208115029197597
155401,1.7205475523570872
20822,1.720087057882347
24679,1.7200104289747313
13458,1.7199894886360512
36547,1.7194353754033822
29943,1.7184059106572638
15732,1.7180302911301337
14030,1.7173316431908423
16256,1.7172493288124708
37611,1.7172066066342855
45283,1.7168982640761137
20233,1.7166590179184171
14887,1.716421346540556
21584,1.7163640184333406
152342,1.7162412872173993
19473,1.7159631187770272
101851,1.715831464966363
14368,1.7154294808996895
20594,1.7151802013843436
12320,1.7151065995323516
29870,1.7150069144222557
24948,1.7149979967105877
25629,1.7148400507421633
32699,1.7143928505691695
30850,1.7143821281945655
165490,1.7141517969506495
11828,1.7128379749100735
26447,1.7128025137904972
23026,1.7120456999294784
30004,1.7118224640196458
13190,1.7116355609114868
21845,1.7115836950743504
28247,1.7112198758550539
15943,1.711138575782284
14883,1.7109525081216914
19095,1.7107159523646096
13652,1.7105604497542155
29126,1.7104363117508523
40218,1.7103741042344944
12916,1.7091406322579417
25151,1.7085464511330113
18010,1.708349905559556
158754,1.70809981213678
18254,1.7072412947365165
20143,1.7067572866503953
24028,1.7066136150987883
14504,1.7063481688032514
26566,1.7058218481230296
27156,1.7056208306109972
10729,1.7055378619269626
154317,1.7050976652461
26860,1.7050685048470196
32312,1.7037962892532337
29058,1.7036919455658375
13326,1.7030385044321008
18107,1.7029815053305584
10817,1.7026574710819102
13191,1.7026493698589473
12015,1.7013467646260414
15784,1.7011513499217805
126064,1.7011432809274192
13476,1.7007698231175539
15650,1.7004831098562805
28121,1.7004316172086564
12585,1.7001515899202857
11476,1.7001093388750532
13853,1.700094720278298
17983,1.6998013271141803
24079,1.69911783928399
28047,1.6985845635164594
19822,1.6983645155113358
154851,1.6980198519203886
10535,1.6980056794186391
17989,1.6977461589945715
105091,1.6977327038965782
43562,1.6953601565978218
15085,1.6952037592119005
14190,1.6946593428316292
17391,1.6945006620559604
31999,1.6943946092559017
15227,1.6943727845420624
157862,1.6939602023154479
17250,1.6938809187136004
36689,1.6937978553135125
32028,1.6937421970141544
34184,1.6937124958650964
15460,1.6936685678430938
24311,1.693616279116011
24892,1.6933210108958683
15937,1.69328593530638
14859,1.6931559984727473
15855,1.6930968089954799
13648,1.693038312759124
14099024714,1.6930214699240085
23896,1.6920640528916828
13870,1.6920630513905048
23909,1.6913373454444613
40029,1.6913161373835341
20514,1.691312585364202
163686,1.6906042935018297
27028,1.6893043167173896
18879,1.689084147247268
15429,1.6890222152983059
15397,1.6886553466670355
29631,1.688539727628684
17961,1.6884771571805393
30452,1.6880078109845684
25639,1.6878132112013946
27144,1.6875615652619342
24959,1.687531550457357
32447,1.687382953480095
31606,1.687355070785139
26570,1.6870983895887475
14910,1.6870916433944552
19643,1.6869284483903
11768,1.6868592565349225
163349,1.68666875561944
39954,1.6866009758886171
14413,1.6864528920532202
28312,1.686321432086192
19742,1.6860736452722596
21204,1.6856372787119218
25856,1.6856349992881356
20267,1.6854839796281662
158962,1.6853686155878778
38393,1.6849399168994115
28686,1.684826348382173
169854,1.6847194011201068
16635,1.6846349455271024
10383,1.6846243582537153
16102,1.6839605102181048
101880,1.6836487676155674
42930,1.683565124610746
51535,1.6831604872690018
27283,1.682772465897484
14107,1.6824435939012659
21907,1.6818794475164243
21660,1.6818504696287178
16317,1.681792716447148
13064,1.68170512030954
25100,1.6816576125451856
156517,1.680737787931804
12814,1.6805057565746027
10410,1.680157961859916
18134,1.680098443545252
15186,1.6798364108685107
30180,1.679130851266038
21799,1.6790606048014303
28186,1.6789404453814893
17954,1.678299230228479
40900,1.6780312807644207
14505,1.6776050038336576
12070,1.6773291713563487
48532,1.6770558240098694
17567,1.6770233302440627
17438,1.67679215407067
28653,1.6767704809833552
17453,1.6767016690790753
11302,1.6761735954056411
14304,1.6757742985082003
23787,1.67538730016689
15099,1.6751837729749246
16195,1.6749934786069167
13011,1.6744149702864215
26372,1.674389167961847
31422,1.674204899180011
16684,1.6739143649032566
163893,1.673426818250386
13474,1.673194528962271
15364,1.673000844507378
20572,1.6728341136194629
26934,1.6728115892885056
12482,1.6726107044072536
24186,1.6725476582124872
12560,1.672232278917619
14468,1.6721918632144017
10194,1.6721003631464797
39586,1.6719127039970325
34841,1.6718633151727977
21859,1.6718200945375654
19180,1.6717407579121948
25579,1.671096235631837
11798,1.66954914653978
43904,1.669394870363592
19190,1.6693160746374274
28469,1.66922456406903
153764,1.668894425635567
18936,1.6687117043707298
23636,1.6686736467520564
10629,1.6683359389330887
19093,1.6682681764018934
14169,1.668072972837225
25146,1.6679844994955608
31175,1.6674898453125158
42077,1.6673044328354767
17795,1.6669483667084182
27985,1.6668942448301651
23624,1.6668671839344316
168492,1.6664322831908682
13733,1.6657524896064568
22428,1.6656875964081792
32383,1.665651885578022
13608,1.6648215660551227
15548,1.664766468148231
33429,1.6647335554096903
18350,1.6647299369645476
24273,1.66471524675164
17009,1.6645766683682204
13706,1.6643049892326265
101455,1.664234626670345
36428,1.6640321895938108
26593,1.6639778332097546
19961,1.663347062782887
33388,1.662798111073631
15100,1.6627929563950052
11092,1.6627657622771632
18156,1.6622692670464956
13481,1.6621115907398907
23375,1.6619096952521872
32248,1.661835181722291
11566,1.661584240967823
24991,1.6614946920975002
156648,1.6614940572297958
29985,1.6614524014199565
16295,1.661072265992672
14607,1.6609804232003342
157185,1.6603027752281914
13555,1.6595155220818276
18252,1.659271501714678
11032,1.6592054841695727
43933,1.6591296917889242
25000,1.6590323691233373
11453,1.6585208586884204
22004,1.658227409686536
22896,1.6578653010541873
26517,1.6576283051217462
18854,1.657504338855825
14395,1.657408088128397
13907,1.6573833727908518
29250,1.657227879046441
218896,1.6568447862615105
35992,1.65648355601741
22430,1.6558772407314595
10964,1.6557428605718059
19279,1.6556354896387784
156647,1.6553956927508355
15219,1.655146588556522
24817,1.654840153507457
174978,1.6546790018160236
24448,1.6545774004850484
18039,1.6544732272582547
29792,1.6538169476724915
16584,1.6538106893575
26519,1.653736245664242
12183,1.6534389211148295
17769,1.6532052440918121
15692,1.6529130483446015
152948,1.6525336962128134
30658,1.6524688963408707
29773,1.6515820593168766
167413,1.6514282006130607
14297,1.6510571732755295
159990,1.6509204087828562
29464,1.650794383868255
18448,1.6507199704330153
41482,1.6506942647284526
15348,1.6506581740250343
166552,1.6505644378050728
14349,1.6505568531623027
21743,1.6505556553592902
10326,1.6502323351866546
29241,1.6493598465497603
28760,1.6483362395554235
16618,1.6477002062895647
16475,1.6475813645770854
21205,1.6474177479593322
25159,1.6473156212531763
22139,1.6471631719494686
11118,1.6464145258136855
28004,1.6458402235162612
39969,1.6457788075463484
17686,1.6455705521446835
24497,1.6453833064706296
12928,1.6452388006643326
26394,1.6452004681238779
29699,1.6451528135433215
14573,1.6450948221780444
158325,1.6450206827365872
23159,1.6446477796616719
12554,1.6445917732375337
26994,1.6444094054873362
27119,1.644168227631803
25795,1.6440007218710768
14159,1.643803038722015
22437,1.6435700009429626
21787,1.643395644233256
25870,1.643308905973656
14972,1.6429849345851903
23249,1.6428591213501191
18658,1.6428379040808407
14296,1.6423880949815206
17870,1.6423050548290663
19404,1.6422901826495224
18449,1.6421249553537014
21916,1.6417907795643567
23929,1.6416097647294232
16331,1.640663819011121
27872,1.6406622600545246
22764,1.6404950727134242
21839,1.6401772350940302
17426,1.6400188594630138
153224,1.6399569506341882
16157,1.6397161933680553
31523,1.6396020990994704
159057,1.6395699101558197
18452,1.6394763084073432
25128,1.6393521849816415
101518,1.6391173723494508
13784,1.6385675785850005
24709,1.6385101257421246
30306,1.6384505699520313
16864,1.6375046596332146
18432,1.6373155643601498
30162,1.6370126319126999
28059,1.6368533188225463
11198,1.6368471791382508
40296,1.636762927903479
25846,1.6365972957211543
28857,1.636484393530339
19926,1.6363633504738027
17005,1.6355164233179373
20439,1.635363256810959
24379,1.635312749701992
103208,1.6352297301580172
155824,1.635189111415511
39795,1.6351133338769603
16410,1.6349671876370733
19089,1.6348709753301691
25372,1.6342641469118566
12096,1.6340335516421045
19660,1.6340021903377742
11542,1.6337015744275698
16964,1.6336788596556422
14873,1.6335449339758719
23238,1.6331667870807436
16965,1.632139198167751
43728,1.6320421813402333
30664,1.6314692312967776
28033,1.6311642934988408
28212,1.631075604033322
14461,1.6308026403785383
33529,1.6307546285534018
19168,1.6305160595046295
11248,1.63033110677577
18969,1.630325804358347
19704,1.6303165708788128
14575,1.63022961212852
100803,1.630140418350536
14979,1.6299179401713653
11803,1.6296790339741751
40498,1.6296657501755945
15809,1.6294897458011535
16556,1.6293831557683713
27095,1.629319752048698
10681,1.6291472666364526
11209,1.6289548938259428
14447,1.6288604847638541
15369,1.6285521826975946
35423,1.6284135615326834
49688,1.6283135811085894
26866,1.6282305348902868
14636,1.628089160993799
20615,1.6280031037460103
87661,1.627484536179223
15298,1.6271999538642425
16592,1.627175432489444
14031,1.6271717512234443
102737,1.6270972113218936
10476,1.6269170879808468
15228,1.6262521916456036
49907,1.626226447574964
34519,1.6261553879599349
152774,1.6260712688490317
16130,1.6260566350090895
29842,1.625904284979635
20109,1.6258256000566271
15992,1.6253468490966834
19599,1.6251057236417157
37881,1.6250104105158798
100692,1.6246622418623933
162825,1.6246589433946634
16013,1.6244364702904346
23765,1.6244354699625323
10138,1.624369195139282
31869,1.624285644727257
100333,1.623972358285307
24627,1.6238153393647727
33073,1.6233794694367316
20067,1.6232324223696564
26882,1.6230983311135554
28250,1.6224107926024958
31981,1.622249891492726
43822,1.6217197233165266
40301,1.6216435638590778
37675,1.6213749515604647
157444,1.6212590271318283
50684,1.6211212018936352
20280,1.621013949824701
25245,1.6207653096367522
20368,1.6205097906324089
27585,1.6202984900004402
28230,1.6202565605332875
19682,1.6197114704072024
28774,1.6190417506814612
24449,1.6187557460062223
16434,1.6186926732719198
17624,1.618185168588348
11283,1.6177263944019737
11469,1.6175264388449655
29277,1.6173678515679826
47217,1.6172032676534007
13564,1.616610813708568
153606,1.616072298935718
24745,1.6160625180718402
100986,1.6158265025854257
15071,1.6158079160795367
20194,1.6157505353957742
26218,1.6157421474886653
10223,1.6156520661460576
13876,1.6153601358523497
20549,1.615299595006041
16456,1.6148111138993397
27534,1.6147209717114142
27803,1.6145149002599435
17737,1.6143991714536874
26387,1.6142723789971851
19556,1.613797889550918
24589,1.613329394022334
14886,1.6132225829163411
22712,1.613099514634081
12198,1.6129773674521672
11252,1.6124193478774942
11104,1.6124089159397794
13268,1.6123651841902178
23213,1.612080551974638
26226,1.6113370634650213
15295,1.6112642105827237
11264,1.6111628436873053
17550,1.6106689809233474
102953,1.6104908025594384
12838,1.610409212706299
27353,1.6102980473136441
17691,1.6099048935608173
16068,1.6094301541791738
14931,1.6091889785749711
26389,1.6089954447720647
18263,1.6086743846878264
36962,1.6082001399151498
15769,1.6081420814862768
17490,1.607535231742323
34052,1.6070228604167673
102579,1.6069035525074729
24586,1.6068645348437782
11541,1.606362591394468
11354,1.6062853019824
158166,1.6059656108925353
21446,1.6058313693522563
21466,1.6057410674218073
10753,1.6057106381612247
101397,1.6056789455578833
14683,1.6055889864344033
13902,1.6055885412898683
16257,1.6047990217617913
28289,1.6045328760869442
163639,1.6044324807364934
19578,1.6044204169267493
31877,1.6040172773651014
16859,1.6039603857115294
25175,1.6038060819631075
18189,1.6037182572693685
32360,1.6036170407265884
27397,1.603171398877075
18433,1.6031674363775392
159770,1.602592009473372
19132,1.6023136465758054
102359,1.6021458644585347
14067,1.6018908860439873
26466,1.6018423283660805
19528,1.6017987262680864
103416,1.6017556786467766
27179,1.601688553733039
16212,1.6013973302234024
21407,1.6013429325582873
18424,1.6012949113886459
22215,1.6006791705400008
21854,1.6006488316590923
25718,1.6003689262550078
152510,1.6000557351232159
16911,1.5999878818841478
35741,1.5994707764524403
101626,1.5991713612635747
17751,1.59893604641226
18727,1.5987212099544021
103483,1.5985654018355189
10965,1.5985599854680344
27765,1.5984433329083916
14288,1.5984048306272436
155008,1.598229645752071
16734,1.5981559562539926
23663,1.5981557986768873
38997,1.5977907197429597
18157,1.5975473240562061
20347,1.5975331809395061
34562,1.5974599399194571
19626,1.5970661424922583
16730,1.5964111611968035
26267,1.5963618908008008
18662,1.596174310305297
12204,1.5960242643737903
24339,1.595961455776673
11621,1.5955985657353369
22164,1.5954281388074216
104697,1.5952862540742123
26720,1.595033270054904
21067,1.5949850810149238
16536,1.5949640278436301
154433,1.5948461356969752
33805,1.594587601221696
17673,1.5941584572765717
21726,1.594150901570345
13668,1.5937456918107653
28484,1.5936771245357382
28307,1.5935539893585569
153086,1.5931121802888186
28989,1.592795428932023
157030,1.5926289188546088
32744,1.592077013327561
17442,1.5920311165696055
28870,1.5919909964860857
20119,1.5914978981585037
25248,1.5911471138055773
35488,1.5909665920590814
22755,1.5908504279948144
13447,1.5901811849670582
34433,1.5895962021456829
21268,1.5889639080494053
16083,1.5888493419177858
29891,1.5887407657711934
17643,1.5887364652235434
14890,1.5887044156036447
17645,1.588545224992305
25898,1.588403922807441
10941,1.5881598496941303
20588,1.5880495157829428
13929,1.5878063850681052
17921,1.5876269739850002
13409,1.5876130641406816
26251,1.5874844358006466
166337,1.5869457013768673
17314,1.5866889269554205
17348,1.586592493951722
16967,1.5863403083532663
14787,1.586065023923838
15670,1.5860524862461503
151739,1.5858065169225088
10148,1.5857381221731026
26142,1.5857053962665213
18812,1.585587035713473
157461,1.5855488923582888
20148,1.5853264378311496
16226,1.585058177558261
12903,1.5850064530460453
18989,1.585001969953497
15437,1.5849926251522508
24270,1.5840956312899785
23679,1.5840236464128186
12442,1.583568911430892
17687,1.5832170272974055
11290,1.583060235892069
23995,1.583011361602985
16330,1.5829998422071756
21658,1.5829766322607124
27046,1.5827370677016874
12920,1.5825650210924216
12152,1.5823117695482247
29578,1.5821505528970186
17727,1.582109298697792
102798,1.5816886039927056
27003,1.5814810171085654
24841,1.5814721028185863
28540,1.5811928970166027
11765,1.5810754680760186
25302,1.581072267727932
22625,1.580720346182516
20862,1.5806400172314432
16193,1.5803607763810963
17075,1.580218569099226
15117,1.580209474982471
13837,1.5800806826819722
33899,1.5798287553523715
14425,1.5797176680979204
102090,1.5795287000135585
166484,1.579364944485286
25979,1.5789909556569255
101910,1.5788995555090035
21813,1.5787192644065573
25980,1.578599311758375
24173,1.5785654251066552
172430,1.5785276225543348
151700,1.578292814002912
14953,1.5778648601523455
12265,1.5776049786804136
15344,1.5773718575660187
23497,1.5772973016376879
28601,1.5769924505477397
21905,1.576169383009606
21946,1.5759279551647885
23918,1.575651143886552
166569,1.575619053460128
42106483966,1.5753655583768014
24420,1.5749193882557222
22624,1.5749059745379586
20538,1.5748637131442913
14187,1.5742886360762558
159288,1.5741225577142934
17904,1.5736598388537486
29242,1.573315273898981
11142,1.5729723422298534
15884,1.572770254758034
26705,1.5727020961867346
28297,1.5723355195932098
21307,1.5723337450160482
155077,1.572121503736141
15121,1.5720427141472253
18423,1.572029904005456
49001,1.5717225809346849
33422,1.5714566904836065
13197,1.5713813456309134
28009,1.571056606262859
22118,1.5708606278335617
15660,1.5706448567395694
12193,1.570345817173469
30408,1.5700920821470303
18416,1.5700721438226106
33558,1.5699675416542371
166302,1.5699619082205145
14654,1.5698319795056888
19560,1.5697397594176035
17996,1.5693095731945994
14445,1.5691745432902926
42476,1.5688234687961407
15969,1.5687706411312206
22008,1.5684905962459055
25703,1.5683733169552099
20902,1.5682631290923852
20973,1.5682033861359344
28667,1.568127373802646
154062,1.5679440848358206
25239,1.5677107132213164
157177,1.567600900140304
10656,1.567357313750309
24060,1.5670088255199854
43645,1.5669796866303587
19045,1.5669534062368287
20530,1.5669007068848089
24559,1.566814145835304
14768,1.5664458146342628
164125,1.5663815560615069
11250,1.566244656026969
37799,1.5661338801057763
159696,1.5659355218434665
13631,1.5658925191956041
29033,1.5658544316724943
19568,1.5656318786508812
29102,1.5656172592162652
16952,1.565324817544394
22502,1.5652892662411704
12795,1.5652429232772103
23466,1.5652414529865801
19547,1.5651283861726941
11304,1.5649068125594772
14309,1.5646636987175413
16082,1.5646327508888103
15435,1.564520913939617
50740666615,1.5642983674238782
17761,1.5642571082685182
13694,1.564248120727311
14087,1.5641561292158872
23836,1.5641162111304512
165676,1.5640939211032674
13708,1.5639456649592771
153076,1.5639008702793837
25550,1.5638287313276746
15094,1.5637293173646496
21135,1.563309188308304
32044,1.5631432235218183
101025,1.5630406373733305
64875,1.5630130226052519
27380,1.562897312537134
16090,1.562789068212951
13821,1.5627652530175409
153820,1.5625204379172808
20914,1.562458582870854
17296,1.5624127250227642
28912,1.5623922842016658
22570,1.5622680474113921
152777,1.5621356818766707
101050,1.5620298175635559
159548,1.561962230944428
18431,1.5618772832018235
31531,1.5615972654313623
13161,1.5615707427354693
164384,1.5615275590341224
20870,1.5614318101396045
12675,1.561355162765031
14814,1.5611842901921034
24044,1.561122265625927
20226,1.5608448747410106
12126,1.560780960362599
30259,1.5607076966577254
11000,1.5605724638120893
164554,1.55998038786392
26023,1.559877141206159
22360,1.559782739030147
22000,1.5597332654128335
17635,1.5594957268368517
53487,1.5593858380549748
14216,1.559303649846183
101860,1.558404817868769
13643,1.558217845889199
158769,1.558214137368909
69417,1.557613293106116
13168,1.5575745850057205
166715,1.557501006001633
25675,1.5574198098007856
27129,1.5572895271104406
12895,1.5572049179602576
20440,1.5570750684703814
16962,1.5570261555677607
16544,1.556939874976943
22596,1.556819086536644
11074,1.5567039250324661
17031,1.5563340756444664
26954,1.5562639839493735
40712,1.5561447022314028
27753,1.5559823030570712
101110,1.5558571866132977
153995,1.5556697751725606
24992,1.555505806352782
14665,1.5553543548986144
20699,1.5551671998279346
18113,1.555013912715883
25475,1.5547884029532129
14547,1.5546731006497385
14233,1.5545430797402466
21441,1.5543493703607683
30430,1.5536122001252435
11121,1.553079413732943
100375,1.5530783163691013
158242,1.5527784700151956
13092,1.552479112166582
25796,1.552426212510572
27886,1.552257131646352
29018,1.5521671669507302
27137,1.5519454647968616
23507,1.5518763866300749
21687,1.551488040508585
21748,1.5514192778832314
32461,1.551227893984055
22889,1.5512163994819848
22601,1.55120591384609
27101,1.5510881480497478
15513,1.5510014946332624
31961,1.550965072307537
23008,1.550624904208283
49661,1.5506097961757503
22435,1.5504776788247245
166306,1.5502344100533396
21434,1.5500072033589574
32860,1.5496221300791584
14689,1.5494946447402247
31512,1.54939759026225
21218,1.5493844614023655
26391,1.549366522224875
17361,1.5492842765133732
15717,1.5492621962451145
26330,1.5492491097328516
20404,1.549125756586381
20242,1.5491066263874183
30915,1.5490964696041456
15047,1.5490390667373817
104831,1.5486165482396892
21581,1.5485900916958084
20185,1.548444083334525
20252,1.5484266223292675
24771,1.548336644157506
15192,1.5480656582730614
16164,1.5476761547945435
31032,1.5476179025946932
23220,1.5474998670570055
10532,1.5474610160684192
22269,1.5473765673295772
19911,1.5472988994215162
23708,1.5472958475177705
17450,1.5472411727168451
19319,1.5469503359001133
37696,1.5469471529793972
23831,1.546922061262182
23118,1.5468684054535333
17176,1.5464684628896228
25993,1.5463549971276584
26428,1.5461022860859392
22976,1.5460844492517967
11378,1.5460140224428391
23418,1.5451243371299526
20120,1.544684391597048
11772,1.5442811685838653
17183,1.5440982233277658
25920,1.5438737705974812
27331,1.5438388586846639
18351,1.5438382750644417
21679,1.5437876279004454
20574,1.5437620727710315
18228,1.5435080472271183
157063,1.5434229569111155
159125,1.5432631237885313
16014,1.543257103011966
29096,1.543182252237671
37871,1.5429247483010882
21735,1.542872405871323
40229,1.5427744587288914
42452,1.542749713937547
16383,1.5427117118331808
26237,1.542548609995742
156432,1.542317824787415
26918,1.5422677278746597
14947,1.5416884524207028
153988,1.541606244532281
27749,1.5416019749533212
16571,1.5412750213438249
20802,1.5412305262206998
23606,1.541161375313057
26322,1.5411491740990473
158033,1.5409282141866862
16418,1.5408120526189841
35412,1.5406780788174836
53181849341,1.5406474192761606
19878,1.5406052141985482
22518,1.5404789278363615
35777,1.540301382149116
27609,1.5401959659099866
15407,1.5399879451963123
34313,1.539924597955421
156259,1.5399147994631937
44428,1.5397930290594677
26616,1.539584735264234
28585,1.5395635493744662
101049,1.5393270004122797
100327,1.5390929262446431
11334,1.5385120710426987
28167,1.5384087184264694
15844,1.5383554010472817
21129,1.5383353531313546
30016,1.5380883538042343
22932,1.538039471325811
159067,1.537830333068398
102124,1.5376286019754204
227869,1.5375738140732784
35192,1.5370989931280719
18099,1.5370481846459578
22629,1.5369084696690116
56299,1.5366696221787748
13466,1.536606716190668
22837,1.5364595323616046
35789,1.536067270443412
18373,1.535981607016946
31466,1.535234738870224
30998,1.5348697301818348
17886,1.5347325782433494
17912,1.5346612297924394
17697,1.5346255635647925
25676,1.5346177316982386
20084,1.533770277957087
15330,1.5334672506047091
14640,1.5333864299748217
13071,1.53312968960885
20243,1.5331270546220686
13319,1.5329735355330547
26626,1.5327839291699454
21962,1.532685409568756
14020,1.5325918424828116
15046,1.5324920353051468
24255,1.5324598062385828
22704,1.5319086712148835
24477,1.5314771959727504
29338,1.5313706407436058
10439,1.5311081255219696
32824,1.5310505643553707
11938,1.530712763870497
20372,1.530609968193783
29492,1.5305952186177914
43363,1.5302225319094853
15673,1.5300689365893532
13795,1.5299550710929735
28826,1.5299511603433518
27723,1.5298611198478884
18668,1.5297143795768535
27431,1.529698618583427
10086,1.5295772253370208
28129,1.5295754867897446
14708,1.5294142390058112
25692,1.5291606126486839
15453,1.5288716909113074
24768,1.5283976563804142
102245,1.5283515391039473
14871,1.5282453926504256
18316,1.528224992172237
157020,1.528113033675541
26039,1.5276958923271176
154323,1.5276941001417887
167163,1.5275385834672304
10023,1.5274410985089604
25481,1.5272626108666079
21638,1.5272391517714994
32530,1.527197012749142
12735,1.5270313646434832
13777,1.5270249828507299
29888,1.5270128712319133
22914,1.5269577432263899
23748,1.526781708856372
16700,1.5265351596835417
101550,1.5264140162812356
25275,1.5263771576267224
15894,1.5263525808566836
20788,1.5263051912085215
14443,1.5260567157031848
23349,1.5260362939146672
12529,1.526032370740474
10000,1.5260181965492723
21124,1.5260123932676743
15535,1.5258528686010873
17477,1.5252187394672292
14350,1.5251694565031364
29178,1.5250898881632597
27825,1.5248744600339856
48571,1.5247575731656484
17116,1.5247505264670302
16825,1.5246628096936554
19227,1.5245838928011202
34548,1.524553237530468
36545,1.5245429400929993
32520,1.5243091748695483
14209,1.524189824780694
24965,1.5239716528568474
20196,1.5239322576221785
25059,1.5239155635773434
155743,1.5238382917744469
28048,1.523829192792281
32906,1.5238266373213187
33545,1.5236609268187324
16063,1.5235117287620805
28393,1.5234220541175334
19491,1.5233694637668238
29521,1.5233311183978067
152752,1.52327404490741
20661,1.523269749590333
17827,1.5232045691751483
27897,1.5229858536326486
152528,1.5229591651977066
25686,1.5228006129760614
102330,1.5226462927371116
29772,1.5225233610754418
28172,1.5225157652454204
12295,1.5225056424503653
17431,1.5223383408994922
18608,1.5218155526279573
22142,1.521746117239954
12492,1.521709992699866
11605,1.521702864227057
29076,1.521523547000082
12172,1.5215194130738925
41205,1.5214471391445121
26483,1.5214465876734165
10995,1.5213620787278166
24568,1.5212988553151157
22120,1.5212442956191266
12742,1.521011604018848
20600,1.520708091279981
23059,1.5207028455844216
14614,1.5204513365525378
24358,1.5202544981216215
18280,1.5200591653597135
15146,1.5195809278576757
23354,1.5194058903620575
12800,1.5190777105059232
19409,1.5190232516131634
13831,1.5187783088300122
29670,1.5186619783742132
21984,1.5186471144589548
20787,1.518525520750236
14158,1.518083854695536
16972,1.5180643538610958
31012,1.5179671691348737
22580,1.5179424359240317
19058,1.5178187907118728
158471,1.5176471166038363
17070,1.517550967766496
10898,1.5174589413275108
26874,1.5172833507196488
21465,1.5169927310371898
21669,1.5166609584103712
105119,1.516644866273621
36235,1.516600600034426
14742,1.516563238694366
12856,1.5165224701435487
20106,1.5164447308927067
39705,1.5164273315199082
34031,1.516345836928368
20495,1.5163357141957436
152763,1.5162099534957962
16117,1.5159666935696707
31424,1.5158983681332117
156233,1.5158013868076607
20913,1.515728289845624
17195,1.5156452241055718
18856,1.5155356607431345
21236,1.5154049281263662
24282,1.5152740439202619
42026,1.5151984036159352
26257,1.5151923507771519
152403,1.5151915393323137
14817,1.5151053659575562
27383,1.515065965571377
15963,1.515024034758292
18511,1.5148757755569804
11691,1.5148651191846059
19730,1.514838579860079
12539,1.5148135469540882
49919962216,1.5147113818699
13363,1.514690460411746
13108,1.5146817178621172
28226,1.514520842964067
17670,1.5144634805473598
28024,1.5142822414463113
11328,1.514210913057802
17061,1.514025119919676
39721,1.513693681885051
163337,1.513437988007368
25941,1.5133029762759924
25608,1.513221245773302
15797,1.5132061868113071
18376,1.5129346191208597
16277,1.512853176675741
16227,1.512821470323929
11731,1.5127936005532026
10206,1.5127514043802834
21271,1.51269931287139
102017,1.5126931853941903
26454,1.5125014364396108
20920,1.512398046271404
16250,1.5122037301583187
15431,1.51218454986999
24086,1.5119615913252185
11098,1.5115326135142748
28050,1.511495811145816
27690,1.5112206929807344
27452,1.5104698131375738
31087,1.5104212061934694
29506,1.510378358552558
11347,1.5102467052057347
14247,1.5102388717283928
25786,1.510129674199649
164357,1.5100975328042707
16182,1.5099541149100593
31203,1.5099067537993112
16739,1.5098345555317967
33421186597,1.5097451560966026
25674,1.5096145421983944
11439,1.5092984082998195
24840,1.5092739411623275
14095,1.5089783900535365
11906,1.508899887885228
12858,1.5088314125177296
40693,1.5085137705663638
15572,1.508458184780691
23851,1.50843385623936
34059,1.5084066201021509
29415,1.508274919244157
21008,1.5082011997391827
21558,1.5080882615923479
28763,1.5080810711507735
10097,1.50799446989695
17599,1.5079764152344066
15782,1.5075881477187647
25110,1.507529054877526
22044,1.5073236752788604
17676,1.5072566077170695
24729,1.5072114711070388
164333,1.5071332154240966
23186,1.5070322321187057
21760,1.5070019977644424
23286,1.506938324356675
50274,1.5068545463542884
15376,1.506674355469909
14305,1.5066506519523786
16842,1.5066375066365465
17934,1.5064561155068135
15114,1.5064015033610583
16728,1.5062270800868114
22376,1.5060586253904158
11791,1.5059347240133718
18215,1.5057535946247913
11671,1.505366473457732
176866,1.5053524122141613
18317,1.5047635677484383
12304,1.504719573205239
25737,1.504423562659566
22533,1.5044132450028553
28264,1.5043876746492058
24520,1.5042840824692056
24755,1.5042588592730126
24312,1.5042451093167946
12682,1.504140883720381
28764,1.504026339944188
26089,1.5039393984155978
28154,1.5037327901741766
24887,1.5034053946922117
13381,1.5032271306701337
26187,1.5032150715793324
30326,1.5028188781534983
27174,1.5028023787929194
15087,1.5026545111272
164022,1.5024552537404525
23501,1.5021804825272265
22503,1.5021702124808105
155112,1.502130920405096
23364,1.501957959194949
17919,1.5018861608079916
26801,1.5017689128419283
23468,1.5016669699298861
27703,1.5015359960786152
26753,1.501469876594722
13097,1.5014292456169627
14523,1.5013428141840552
27394,1.501246925183221
41883,1.5011779381672197
14833,1.501049339300357
28523,1.5009382725118698
27396,1.5009351143950735
18392,1.5007243884362553
29769,1.5006298504218039
17541,1.5005894914973512
17740,1.500468479016508
17411,1.5004294820376425
11488,1.5004178683575857
15519,1.5004018593996962
160299,1.5003041741305483
22566,1.500292011536263
12431,1.5002558180939574
13139,1.500238099018924
16579,1.4999915000401898
27104,1.4999594906617026
23490,1.4999525557042945
101948,1.4998899877823433
23615,1.4998041710654826
23356,1.4996800018348573
21739,1.499523301363488
35677,1.49935434073009
13598,1.4993366754529953
27298,1.4991262332525235
17279,1.498721632491897
13979,1.4985755031204375
22771,1.4983163234373966
26978,1.4975727241512151
26362,1.4975123801593409
167965,1.497508035321537
24052,1.4973703288836218
27935,1.4972612562356165
17255,1.4971843405962995
19083,1.4968010179662616
28486,1.4967971269640208
30879,1.4967767006612065
15374,1.496531082729529
28463,1.4964007175172538
27183,1.4963371036922908
23296,1.4963343859744243
14111,1.4960926588708165
22701,1.4960484665452245
23638,1.4957479152240336
39664,1.4955921716014433
19453,1.4955511182812014
13779,1.4954955892152266
10855,1.4954718387795851
12850,1.4953617943602422
14921,1.4952246006175072
22487,1.4950161621321423
33937,1.495014333956096
14946,1.4949864648032347
21632,1.4949129613012266
28070,1.4948716611937582
21909,1.4948197691807747
10785,1.494736584962043
22174,1.4946375000123895
18567,1.4945579306507275
31908,1.4944525245350504
15224,1.4943961911526076
14080,1.494343899878051
13063,1.4943193421855478
23222,1.4942515752360468
19321,1.4941850273382424
17924,1.4940960678483095
163077,1.4940758907857312
25954,1.494063234524951
25180,1.493971289986812
21495,1.4937679348271882
20785,1.4936664745054207
22713,1.4936462501801198
14155,1.493529084492744
11435,1.4934809303439671
27744,1.493480002931613
13247,1.4934333122548193
16411,1.4934061904826914
19874,1.493310448643794
15584,1.493200841528364
18537,1.4929607169966388
13165,1.49289648660213
29959,1.4927995764351245
15360,1.49279272877678
18135,1.4925658304997387
19449,1.4924186434331823
13667,1.492237029715788
27546,1.4919090374352493
28372,1.491824683863622
11211,1.4915732126708152
23688,1.4915389658405602
27984,1.4915150618211102
19008,1.4914115674399409
26676,1.4912597556161775
10255,1.491228537304374
23938,1.4911754139508733
16689,1.4911232380103276
158897,1.4911107932035148
20706,1.491082860673081
19948,1.4910048128892646
11613,1.4909896386219703
16097,1.490966675829584
26799,1.4909460509759702
11279,1.4908778154395503
19667,1.4908202279687397
16034,1.4908053415117521
22902,1.4907275552146235
24321,1.490521026083572
46272,1.4904186392268468
23739,1.4903286817944663
15235,1.4900633228811633
18764,1.489988399615152
39554,1.489968632520224
11985,1.489881162809665
163717,1.4897488706597757
20396,1.4896420005932414
24833,1.489512093937736
43472,1.4895013490576494
24155,1.489460325422035
16750,1.4893878170058816
19524,1.4893434769747376
21790,1.48931085295735
13842,1.4892891707657239
27257,1.4892371245330442
17393,1.4891854692511834
156136,1.4891172878491887
152111,1.489050652912262
41472,1.488954721230989
177539,1.4888083803097443
12954,1.4887535528333558
23642,1.4886724367141306
21527,1.4884980509251295
27934,1.488185389550276
24847,1.4880976218615214
21763,1.4877957092043612
13505,1.4877683016527459
12743,1.4874387058984568
23591,1.487374821354212
28605,1.4873708052972439
11105,1.4873353326815226
15070,1.4873109061126972
33292,1.48722132805375
22836,1.487170844531213
20634,1.4869557489471499
13834,1.486951120617289
13900,1.4869427977434093
17151,1.486912154757964
15078,1.4869116688561912
11313,1.486684653216032
15331,1.4866425531324707
156505,1.4865496150313717
13781,1.4864547504365233
15383,1.4862463455702697
159142,1.486072474428357
22692,1.4859440183249897
16653,1.4858515780297528
157991,1.4857167604573769
24359,1.4856722496294608
14485,1.4855948533550376
24380,1.4855677387889052
24310,1.4855640025505934
21455,1.4854774669990811
26134,1.485452376863502
32887,1.4854138711714782
28959,1.4852498396025566
11668,1.4850763329596888
25101,1.4850042585953895
17666,1.4849918231112853
18711,1.4847961485770742
23208,1.4847353605095643
162387,1.4846900432973786
23381,1.4845081319859277
12726,1.4844717593800612
21900,1.484418308645559
102635,1.4843184002074477
16136,1.4842509122848881
16886,1.48423038899919
30925,1.484199775285887
28422,1.484086565670565
22572,1.4840699816099738
18365,1.4839972654935676
19808,1.4837766055022732
20918,1.4837163036616214
31274,1.483641509548528
15529,1.4835660201617464
15722,1.4832600950995087
16563,1.4830647054357717
26600,1.4830038268530228
30991,1.4829708718862138
16039,1.4827923135277268
25025,1.4827487238532238
29501,1.4825309272085543
26178,1.4824948739547579
30951,1.482483938635603
21953,1.4823428900685955
23768,1.4822983563769319
21330,1.482286091388024
34295,1.4820368442453589
41990,1.4820220436069031
27966,1.4819954591204245
27809,1.4819742597751893
25050,1.4819105675298723
26077,1.481461661363512
21153,1.4813411370499843
28396,1.4812805622664937
26177,1.481237224830441
25103,1.481132967654218
153315,1.4811154218657223
16220,1.4810661826730345
29766,1.4808947226277578
21682,1.4805269730581694
15334,1.4802580372800558
24773,1.4799238367399528
16895,1.4798071012775045
15896,1.4797993571590677
26160,1.4797355798314271
32992,1.4796661877457886
21230,1.4796393854290455
17455,1.4795097403443749
16511,1.479445576679675
17420,1.4794368997774023
20799,1.479434183981444
27523,1.4793432523743193
165599,1.4791582172335238
31535,1.479019512902105
32493,1.479001904569834
27931,1.4788870956795517
24352,1.4788736659981574
21856,1.4788316908870345
15017,1.4786903255091968
28746,1.4785243292093555
24042,1.4785096627302163
16735,1.4784114082085655
18514,1.4781756821579428
15042,1.4778797641540877
18599,1.4777739888896058
14186,1.4777270050747064
15044,1.4775637258648338
21833,1.4775148295196
34542,1.477290921935869
17416,1.4771145313501997
26746,1.476709998258296
154932,1.4765911390425486
18253,1.4765907019534918
19144,1.4765108866806815
35120,1.4763674023873417
30087,1.476342213411932
24224,1.4763294475867506
22848,1.4762488345172087
19280,1.476194369442752
24570,1.4761833324963107
19514,1.4761225399971485
11044,1.4759633893929047
11594,1.4758905139609573
13217,1.4758868944346917
13088,1.4757903540641688
17545,1.4757110209381477
21616,1.4755632366348768
219853,1.4755296558507949
32106,1.4754664351534093
16784,1.475463903674961
153433,1.47539455203363
22595,1.4753823005079738
25721,1.4753550899479497
22775,1.475312888689686
21846,1.4752611218795775
24327,1.4751109845749977
24617,1.47502916438038
14372,1.4749242010487122
20283,1.4748955781690958
157590,1.474802180795826
21835,1.4747669127194891
31659,1.4745734312538237
31112,1.4744311673426675
15415,1.4743056786508086
44984,1.4742851021086836
153808,1.4742467465113076
164042,1.4739599254691982
15824,1.4736706314146557
155782,1.47363930454668
24517,1.473604091939264
15163,1.4735567391745252
28338,1.473517928485919
19302,1.4734320984046199
13255,1.4732579392083283
41629,1.4731074877566637
19055,1.4730938130493716
16463,1.4730937425673574
12439,1.4730522304068279
19986,1.4730336121125405
14143,1.4729502167697224
25155,1.4729498787809048
20749,1.4728188052174742
34756,1.4728024877948858
15729,1.4727971039324177
22262,1.472702597818107
31887,1.47257709034433
23962,1.4725070236057418
28527,1.4723950494049323
20715,1.4722028800718767
25977,1.472069433488252
21227,1.471979085980606
11349,1.4719780851305189
11322,1.4718552135845686
12415,1.4718531158541757
17372,1.4718409714337728
20597,1.4718351665826255
10408,1.4718279923833755
21397,1.4717696987661144
14673,1.4717631995361458
29662,1.4717361834079474
19437,1.4717083597045844
102376,1.4716558841050456
152747,1.47161382834105
16541,1.4715756994524047
23093,1.4714902862310517
16549,1.4714565877625558
35068,1.4713380910955989
42482,1.4712162907400115
15294,1.471113223525925
102688,1.4709974365146503
22445,1.470803781010748
16510,1.4707819072151433
22110,1.4707789118290397
16067,1.4706553779764693
26800,1.4704647166082285
22441,1.4704185240440235
34179,1.4704111160027378
17001,1.4702766952155137
14937,1.4702738226783476
13805,1.4701147055821757
14981,1.470090345248908
22038,1.4700709374088696
100317,1.4699519995781543
32283,1.4698811766060755
18646,1.469841326733348
30204,1.4698244027624805
24886,1.4698125904633617
24496,1.469804154716028
16948,1.4697835414506388
26792,1.4697768812336198
15832,1.4697721736303813
21454,1.469543274835353
23283,1.4694850213584667
11738,1.4694618910552555
25139,1.4693843574683447
20188,1.4693707505447389
33305,1.4693700371796483
21892,1.4692754567227515
25996,1.4691745506080323
15363,1.4691522078188444
21395,1.4690990447328014
26019,1.4689828050326865
21132,1.4689460780422785
25774,1.4689381238835513
26693,1.4689194207447192
24595,1.4688540087682402
12171,1.4683676284169518
15411,1.4683266779636948
158326,1.468059396876159
34801,1.4680227837275543
13498,1.4679363602688138
13845,1.4678521843300327
36128,1.4677908179475982
18223,1.4677245743227039
27395,1.4675443322611958
12761,1.4674471095084096
19508,1.467443833583637
13848,1.4672756848958497
28999,1.4672490080918548
13554,1.467236651411115
46787,1.467191119832823
29595,1.4670014560290454
20729,1.466994987663848
44882,1.4669762493622711
23390,1.4668460140578572
26681,1.4667420139408907
15718,1.4667060261025744
17237,1.4666636023465665
18348,1.4665898216502142
14520,1.4665119232860253
15829,1.4664459169208368
34938,1.466266137109667
27153,1.4662220247994502
28909,1.4662185031468573
27365,1.4662087193552575
15485,1.4660182356120126
20709,1.4658715677239658
35437,1.4658530065446729
19276,1.4658143672111887
165638,1.465785828963009
34738,1.465768424187713
20015,1.4657526365582734
24558,1.465736148303775
14646,1.4657330801750323
21071,1.4656840069580626
14948,1.4656829353220793
11009,1.4652708832780432
12690,1.465158872096227
14637,1.4650822831813861
24261,1.4649164611063235
22114,1.4648940877575767
17963,1.4648638053751202
35629,1.464813090466978
43424,1.4646082983080966
22121,1.464521783785938
25731,1.4645047227751562
18344,1.464470340915554
24386,1.464461283590788
32203,1.4642763959290317
11729,1.4640068154939296
15231,1.463993651826964
31009,1.4639381021132667
11143,1.4638975962430103
152119,1.4638091072007964
17818,1.4637949705888553
24820,1.4637080997890972
153281,1.4636843477786807
33205,1.4633981271003522
13348,1.4633520343633988
16501,1.4633370230249736
155084,1.4633028530436862
14191,1.4632130214302317
26288,1.4632114721696627
28163,1.4631861825716284
24925,1.4631614793616328
25118,1.4631471557772266
21818,1.4629237509221555
170897,1.4628831344397597
21251,1.4627650092294575
10986,1.4627111778421942
18702,1.4626482265071659
158302,1.4626469254295176
11487,1.462470262746875
28528,1.4624588288362743
15275,1.4624382384611343
32904,1.4624297205489745
19106,1.4623700931979948
200065,1.4622380064483051
164146,1.4621958971073479
14244,1.4621372260348084
22783,1.4620093479859302
11460,1.4619789741681473
29807,1.4619218721493885
167015,1.4616551933462203
39242,1.4615863994103733
153237,1.4615566783930396
22561,1.4615343895409387
10524,1.4614657422722297
12576,1.4614554100446164
27871,1.4614231693410173
19376605213,1.461388841470651
163046,1.4611887960412429
27952,1.4611331538063101
20737,1.4611167176564621
25283,1.460914958425964
30738,1.4608922360045136
22013,1.4607539108374965
16301,1.4607258392568867
21987,1.460647135681437
27956,1.4606165630903334
11970,1.4606051884439635
22209,1.4604736658249575
14194,1.4602567435404195
28630,1.4602233677775653
166268,1.460141482910894
23544,1.4601147214069472
12759,1.4600875543539498
20618,1.4599142596229853
16609,1.4596837082437046
29179,1.4596735800754264
25162,1.459653824573928
10420,1.4594584343813173
159252,1.4594368310256265
19013,1.4591857849918712
25890,1.4591125695936966
16004,1.458996497045158
28647,1.4588974536631112
15155,1.4588812367260338
29164,1.4588335444931053
19003,1.458831261650161
43132,1.4588167029591725
25193,1.4587521893397153
22292,1.4586681766836036
16345,1.4585428811871874
12915,1.458496785749211
24142,1.458217063080684
11372,1.4581949611708775
100802,1.4581399096235874
13985,1.4581130184654996
10297,1.4580787694443111
16297,1.4580428424203309
17782,1.4579827146542408
10124,1.4579235423540207
100199,1.4578760646481335
16224,1.4578583608710176
26227,1.4578103071212214
25507,1.45761756980128
24656,1.4573611122901957
16818,1.4573354117845996
30654,1.4573036013997305
11375,1.4571432986554083
27951,1.457058476539454
162396,1.4570246381472407
20753,1.4570044115318503
30479,1.4569670461380007
10332,1.456847360724016
16471,1.4568472826437395
13055,1.4567137337580085
12009,1.4566221704127398
20350,1.4564817696812093
13510,1.4563581031939612
23898,1.456337866508236
13140,1.4563217981802774
14068,1.4561051273533507
25913,1.4560135801087097
18445,1.4559731813032837
15176,1.4558798711305487
13205,1.4558173973646902
15607,1.4557309510272942
12398,1.454894819327726
48422,1.4548683291868765
29382,1.4548607578849433
24525,1.45472298938726
25641,1.4545829615378172
27680,1.4545257948983754
16057,1.454475389310036
19349,1.4542925165699738
165640,1.4542723535632691
21843,1.4540802048280592
18297,1.454053008887675
30332,1.4538014671206547
12654,1.453665017538109
100591,1.4536505080076576
20133,1.4536381760772676
12966,1.4536360501327477
42860,1.453389342196629
42680,1.4533555538149505
28341,1.45334802216584
19471,1.4532786357386933
13583,1.453239312303438
13546,1.453166435328615
20070,1.452788052710077
47269,1.4527376875912765
27375,1.4526834360453054
103686,1.4526020025638742
155068,1.4525518395925323
25091,1.4524211843930277
162621,1.4523261913950383
13339,1.452313648042777
28252,1.4522640823711734
19085,1.4520482846807439
23542,1.451897304137014
29689,1.4517313635574451
102211,1.4516477322019032
17631,1.4515735639671645
11276,1.4514185706946028
14758,1.451341822265941
21747,1.4511771437572787
45116,1.4511374255351035
23357,1.4510889940596154
33610,1.451084876365879
17118,1.4510260899664718
18568,1.4510194789806365
26252,1.4507184568110034
17157,1.4505406599766097
10093,1.4505183765668503
18064,1.450495842924057
31855,1.4500835415604307
30342,1.450064188794498
19788,1.4500545913088032
52484,1.4500482584903407
17204,1.4500070358918904
23355,1.4499645136750339
17207,1.4498594020322644
102708,1.4497622006501143
22423,1.4497573710290728
19925,1.4497524724721373
31597,1.449714253793951
20451,1.4494622159930344
24304,1.4494353189924365
10676,1.4493539210314275
25922,1.4492259659789009
45122,1.449093185283427
17656,1.4490810585775646
17487,1.44904913883551
101736,1.4490106683760235
15663,1.4489524125333937
27039,1.4488969756158683
15403,1.4488574561690333
14935,1.4488485389064742
37815,1.4488182912438505
100924,1.4486690919665244
13553,1.4486197525483946
40045,1.448568892474608
33646,1.4484510821303223
15097,1.4484292875507645
25848,1.4484080573469242
31555,1.4483895333342447
16288,1.4482496401685507
18172,1.4482148372853128
15967,1.4481880663492503
166333,1.448129898748452
17579,1.4479240716949406
15666,1.4478968389279094
14863,1.4478720467063035
34135,1.4476887862086754
10919,1.4475179123460553
10004,1.4474828730710165
44691,1.4473690734284188
30145,1.447311690344748
26939,1.4472580182873616
24614,1.4472563889885475
18420,1.4471433980758506
14318,1.4471239587221811
34099,1.4470853696420372
30140,1.4470853279437594
153911,1.4470591357713334
15074,1.446909243128522
18417,1.4468630659435326
36065,1.4465884132478073
34625,1.446461374794566
19869,1.4464249056918315
15511,1.446424892205513
13031,1.4463072897117433
19024,1.4462764189921467
17280,1.446271164948761
31800,1.4462674962830202
34601,1.4462590186215847
21003,1.4460951492953118
152639,1.4459086543596442
17184,1.445774535153291
15143,1.4456858494123406
26945,1.4456763669717678
10242,1.445623084386519
20190,1.4456068518668017
11094,1.445546086207215
100801,1.4454992188004523
17390,1.445376782216587
157407,1.4453638747897302
165363,1.4452920452215836
16461,1.4452423258492049
24598,1.445161860277993
23346,1.445142267703951
166475,1.4450052212392304
167367,1.4449932337807625
23202,1.4449617857782753
25959,1.4449029841158216
11838,1.4448876251578415
19570,1.4448381531202767
159160,1.4448378917950582
31774,1.4446786389341577
19004,1.4446718033488024
11380,1.444481125968966
25998,1.44442196331419
12056,1.4443631965259118
156155,1.4443154765805402
154708,1.4442996578559832
159456,1.444283540344365
34648,1.444274923892948
10519,1.444265194535746
15790,1.4441911114857453
24231,1.4441819496288224
14778,1.444123497380763
30508,1.4440871433767226
15859,1.4439533587329751
166242,1.4438535497323972
20850,1.443808922770542
26985,1.4438070441740278
30000,1.4437903685122981
30464,1.443756014503243
162543,1.4436924530064081
24361,1.443680953859444
24551,1.4436515424524217
171938,1.4435165186939256
25968,1.4435110938077422
42415,1.4434736191350812
15585,1.4434629673093315
16858,1.4434181770752872
14264,1.4432695057668998
28049,1.443246819108484
14284,1.4432310889458488
24026,1.4431332168855606
17688,1.4431055559175443
29238,1.4429910178245464
15905,1.442887786351724
21402,1.4427750899040437
28911,1.442663361706016
17421,1.4424729923973645
23292,1.4424155978996942
12898,1.4423642111088557
15600,1.4423015141956923
11111,1.4422084053306532
21493,1.442191868423694
25488,1.4420732320447824
157050,1.4420603967845516
24057,1.4420064864577555
101385,1.4419265089557616
153875,1.4418369914397842
39926,1.4418209437535567
40076,1.4418154645080152
102707,1.4417138317263383
22847,1.441446181372928
27140,1.4414433328746576
26242,1.441292470952299
14403,1.4412644258818572
28331,1.441256615726384
26935,1.4412340511429407
19416,1.441223979420062
32146,1.4412221403135639
27977,1.4411947878902929
10107,1.441126925912768
25878,1.441087266715115
18415,1.4406710453030622
17794,1.4406382581812036
41354,1.4406336498399268
20380,1.4406286567215754
12231,1.440497352948859
38222,1.4403900451202858
23068,1.4402988530783787
35109,1.440022976080901
21857,1.4399207460185426
28743,1.4398550215964196
102728,1.4398386835840384
26689,1.4398159331446163
16508,1.4396811772670313
26838,1.43966928997287
26085,1.439646390984749
26606,1.4395907965436057
28862,1.4395325851105318
27508,1.4394451217479973
10959,1.4392800694339507
100399,1.4391995108173041
23767,1.4391222079673462
17938,1.4391037016779158
17082,1.4390852448561609
20849,1.4390329756055746
11863,1.4390072537638645
27372,1.4389954301931254
18596,1.438976349277707
31384,1.4389032250245914
158681,1.4388668277501757
13133,1.438794539128313
14734,1.4387271023900676
33114,1.4386981152216516
27506,1.4386700509034196
24402,1.4385650898088542
19361,1.4385164468676912
25281,1.4385017045554904
34276,1.4384973354521484
157647,1.438492587978872
12863,1.4383400129841988
29480,1.4383398635741986
12251,1.4383174524934947
21573,1.4382963242467803
13382,1.438260416169765
16326,1.4382077697780602
13045,1.4381855101375713
48027,1.438110161612122
11327,1.437988828808751
22667,1.437945123351751
10279,1.4379335055178437
12471,1.4379316987789683
19975,1.437712720617019
33506,1.4376993300814196
17102,1.4376058746687574
26099,1.4375909272287253
25741,1.4374962489000112
22416,1.437445935362319
30214,1.437417179435652
38033,1.4374008795044637
36690,1.4373484010016386
17316,1.437321497947659
27488,1.4371698445552783
12346,1.437112847991514
14657,1.4371064036346088
159819,1.4370541870052518
25463,1.437003482704433
21977,1.4368834141878402
102678,1.436750679750771
13299,1.4366518935547115
13419,1.436637301018577
157206,1.4366158030855134
22367,1.4366083394169105
23427,1.436514056099595
163009,1.4365081999321443
12016,1.4363923501178963
22429,1.4363652664161406
16693,1.4363537555976662
22065,1.4363262281372193
24793,1.43622622084118
100121,1.4359811808779541
22236,1.4359795073560881
31353,1.4359222336845106
53588191325,1.4359112148682673
13709,1.4358534381972676
29938,1.435815733160892
12955,1.435815430596818
45883,1.4357278678657632
29060,1.4356986203405158
21767,1.4355852124411401
15305,1.4355831507964922
22705,1.4355775140774771
20506,1.4354652650943056
26021,1.4354440489093356
13415,1.4353905813655699
21432,1.4353178940237699
26742,1.4352615614261621
31825,1.4351890080967726
17575,1.435173970874429
17879,1.4351576279217004
20271,1.4351426821410591
16661,1.4351415199727149
27361,1.4351072395649471
25530,1.4351029246441642
27168,1.4350758042235228
21781,1.4349365596719938
24672,1.4348150172178176
21179,1.434801396453886
27548,1.434735840946178
11070,1.434661988899084
23878,1.4346487528255372
14285,1.4344145762128426
27877,1.4343421431710472
38189,1.4342772948542193
11116,1.4341893789672133
100401,1.4341414851249734
18022,1.434123881531186
29878,1.4339642123391592
25621,1.4338975087605883
30545,1.4337907818719684
23913,1.433724704046538
31004,1.4337052173184048
33894,1.4336799725811031
33168,1.4336686631679139
25253,1.4336446461177146
27071,1.4336293017489443
13961,1.4336246807508164
76604,1.4335937442252082
10751,1.433363002661962
19157,1.4332200926217094
19586,1.4332122338919375
14831,1.4331476439946877
165639,1.4331439969132085
34145,1.4331323512184577
14836,1.4330355019599457
21804,1.4329686626708134
22250,1.4328898615558525
20875,1.432798976442056
17534,1.4327784050287522
19462,1.4326163418535185
14527,1.4324799216176731
24930,1.4324298134029894
26794,1.4324170888702734
103454,1.432412628496074
22109,1.4323410943600379
101408,1.432236626175029
15341,1.4321912928694678
22048,1.4320785406910983
152509,1.4320630813195312
12657,1.432046536526761
27422,1.432025411107959
14600,1.432005433925433
14920,1.431987345253311
11616,1.4319255912729743
14612,1.4318543605356953
12804,1.4317433692843093
20403,1.4316554692318773
19581,1.4316429909689379
21809,1.4316389581254272
24332,1.4314998614844776
25179,1.4314177778205892
13432,1.431370210426236
15599,1.4313452388244283
166522,1.4313135974781659
15974,1.4310858374066442
12137,1.4308907877197825
22336,1.4308377177322398
24267,1.43081093822018
27306,1.4307735082598527
20578,1.4304683577886015
172408,1.4303980700079733
16973,1.4303770040555206
12926,1.4303540784421933
13988,1.4303448113091777
17527,1.429945142967383
11848,1.4297853785011954
13184,1.4297297913053386
21294,1.4297209153092294
103683,1.4296666859684644
15474,1.429623834225438
11107,1.4294788236589395
17113,1.429392136536297
15226,1.4293755259616703
23463,1.429345124502101
159203,1.4292119737544229
26892,1.429198444876372
10562,1.42919773890178
23821,1.4291855647441025
30261,1.4291568067009661
21684,1.4290992409806922
28035,1.4290807645256678
153961,1.4289480947656648
154928,1.4288978441968438
12456,1.4288414836696264
17403,1.4288117601922634
18073,1.4286973199669566
18653,1.4286804125096406
19844,1.4286086755357899
68279,1.42847808062652
16723,1.4284394472565487
16847,1.4284097751847924
18364,1.4283294176087407
23897,1.4283035844777838
16278,1.428252903977007
21850,1.4282138093689902
13391,1.4282117086730186
22073,1.4280587294848628
11128,1.4280099843107603
13480,1.4279981746178914
165600,1.4279908957399052
23426,1.4277748294175063
21792,1.4277478380059994
22248,1.4276049515417173
23352,1.4275569483284034
25760,1.4275070531749772
19676,1.4274398790208618
12941,1.4273239507966897
20004,1.4271630399080262
19583,1.4270702205640422
18884,1.4270079287435715
26007,1.4269986242117427
23412,1.4269762705233193
100556,1.4266959698722623
31222,1.4266937310005368
20336,1.426631577769007
27923,1.4266237731763616
17609,1.426618658263112
19731,1.426437751955163
101115,1.426424163654974
13273,1.4263515697533744
21714,1.4263238240007499
24146,1.4260825824593957
13218,1.425991945104481
152767,1.4259725041511238
13438,1.4259671038248007
19903,1.4259175662707435
30064,1.4258979286403308
32679,1.4255054516390397
12383,1.425477611382854
11428,1.4254557824237901
167420,1.4253251118060035
26850,1.4252744303885905
166392,1.425228763528425
14564,1.425190476854281
13780,1.4251799627372308
18032,1.4250397975001083
21805,1.4249589544005716
17898,1.4248997036976663
127893,1.424898855877871
15213,1.4247645255391068
155431,1.4246741329087387
17549,1.4245711219381134
157680,1.4244891323604054
158960,1.424385360712344
11658,1.4238831815257242
12168,1.4238162972006592
13806,1.4237246408809987
21963,1.423677444669033
17341,1.4235799011344406
13127,1.4235336857369358
157859,1.423522250585
22357,1.423513537797463
151689,1.4234614232305578
10842,1.4234510075676101
12719,1.4234476578430126
29266,1.4233791937735196
38070,1.4232275394827676
18543,1.423125447553325
24748,1.4230810422477749
31754,1.4230685230263884
18427,1.4230283431202924
35096,1.423011556881876
14850,1.4230093157325359
26034,1.4230068213432832
155458,1.4229756603687564
13525,1.4229415397272545
23058,1.4228959316189569
33000,1.4228001405645876
15564,1.422749396479949
24178,1.4227493446658337
13704,1.422738917254253
154684,1.4227316923194917
16812,1.4226645433850378
27060,1.4226441637395848
19912,1.4225542844901413
25626,1.4225154342754711
28510,1.4222018434983446
19861,1.4221637311073194
11508,1.4221267218726583
152444,1.4221211226623431
14444,1.4221157612560031
37692,1.4220182809031197
15973,1.4219805205746836
19739,1.421925060190475
162830,1.4217761934699893
20167,1.4217696772443085
19814,1.421674921555794
26685,1.4216082007276136
12256,1.4215659290254254
163073,1.4215643951033707
15170,1.4215618251687874
28801,1.4214485592601336
15569,1.4214317374625933
28579,1.4214233706521047
100209,1.421279017707475
16381,1.4212006242145194
186215,1.4211314069946135
22536,1.421104339899902
102868,1.4209482835439022
23634,1.420944528779122
158944,1.4208938869355887
13049,1.420850660931563
13847,1.420845400956837
102787,1.4208324250189301
17770,1.4206842565202507
27702,1.4206537848499479
11251,1.4206193312607502
27321,1.4203541897911778
30757,1.4202372555768703
24953,1.4201207355707388
14204,1.420073021207856
20332,1.4200048548323643
24226,1.4199527404480374
20535,1.4199439799296432
20931,1.4199049944282152
35750,1.419893615640808
14978,1.4197480614650846
44921,1.4197374050478402
22993,1.419710001250254
27643,1.4196591389781812
15082,1.4196448626964087
30696,1.4196053425359179
23472,1.4195606078743386
153630,1.4195504016329823
32370,1.4194633534284953
152486,1.4193908292883375
18516,1.4192779494787096
11423,1.4192710050589261
101499,1.4191878556200996
22006,1.41915236731973
20154,1.4191275978897298
19396,1.4189337625898228
13974,1.4188907738907308
15215,1.4188779004715604
15646,1.4188658924678268
23937,1.4188343490989967
22825,1.418822775425963
102726,1.4187632293480839
14122,1.418693407485434
103455,1.418678687749928
19930,1.4186708892120696
10351,1.4185025750433935
100292,1.4182814593785307
159970,1.4182626884857974
15876,1.4182559960808234
24482,1.418244054902074
19990,1.4182308067250355
32029,1.4182012091682101
27450,1.418150166359906
10185,1.4181481535571354
24019,1.4180362368473596
32348,1.4179559773523485
23653,1.417952622403952
19323,1.417945694530616
17095,1.4179429304192879
19805,1.4179386905708515
36252,1.4178874340576335
19765,1.417843859227069
12843,1.4178205761359763
30380,1.4177554480290995
24351,1.4177519107477503
25973,1.4177195215208738
155572,1.4175921369810007
42730,1.4174500570317734
100147,1.4174207246985022
15713,1.4174168654705386
25057,1.417394978136489
22965,1.417370043828376
153540,1.417357867941919
165657,1.4173531402924362
20860,1.417322941512523
24738,1.4172845641575447
24306,1.4172627416762382
11471,1.417205157944302
11263,1.4171767499224472
25366,1.417038367360816
21848,1.4169628141346824
12702,1.4169454143080404
154286,1.416870226317639
16356,1.4167857483076016
25131,1.4166941414065077
20299,1.4166910726382012
159567,1.4166843491615222
12338,1.416516968589776
16037,1.4164261844958568
11246,1.4163070424708986
16368,1.4162873627029169
20325,1.4162833783203566
43371,1.4161888072572761
13883,1.4161768573493572
26941,1.4161390546213428
22194,1.4161087930872303
30120,1.416001787003732
27504,1.4158859343261976
17862,1.4157509050353132
24484,1.41573539674405
32714,1.415622080258176
13272,1.4154114882999265
22746,1.4153819018801648
22379,1.4153704605160973
13420,1.4153088804699376
25195,1.4152876586360787
14802,1.4152435284961138
153244,1.4152009318385699
27668,1.4150290547096316
25478,1.415024859286169
22313,1.414945887487235
42768,1.4148834505769092
10906,1.414857678802862
26101,1.4147790049381959
11075,1.4146614417473045
41637,1.4146169192967575
14330,1.4145877931401103
12599,1.4145104555793782
17239,1.4143963369548518
153286,1.4143591662971635
16438,1.4143470651712908
156965,1.4143323253933082
63568,1.4142987533124098
16775,1.4142490650361748
22801,1.4142226755237983
22101,1.4141491156201456
13253,1.4141363498126287
23964,1.4141281621576156
30319,1.414096269239011
15356,1.4140703029777937
24080,1.4139683685024367
33066,1.41395554211909
10617,1.4139002050673717
157468,1.4138784961986746
102873,1.4138668576870024
19864,1.4138655859605198
13744,1.4137990850292328
23554,1.4137566846121796
34193,1.4137097367707667
26577,1.413662463367454
17667,1.4135390163151451
153460,1.41349927932981
18551,1.4133950934795634
15059,1.4132621402792511
20412,1.413226607938371
30709,1.413216023415131
27622,1.4131955328503722
10991,1.4131916153536008
14653,1.4131389918961303
25466,1.4130906202362103
16053,1.413089632177902
16857,1.413072904940356
28474,1.4130069407108956
12007,1.41289926620848
11071,1.4128594835106307
10760,1.4127542110669704
29516,1.4127363481157575
153343,1.4126796501119858
27524,1.412675952020595
25042,1.4126486489908452
156178,1.412624798878988
27619,1.4125945904492763
13937,1.4125090390360977
155485,1.4124841897345515
21964,1.4123361786388557
24244,1.412245496746217
26385,1.4122083002989887
19859,1.4121762182772828
18205,1.412095247958093
25961,1.4120509873896834
11227,1.4119204620104446
21776,1.4118970177838448
30305,1.4118825603331808
22239,1.4118594302153034
28991,1.4117531445519613
28537,1.411719466531535
58203,1.411639529989966
12792,1.4115846854178882
25745,1.4115287892998236
11860,1.411504243360251
17952,1.4114985011865315
23886,1.4114715322884483
13601,1.4114713374029677
17602,1.411460454819895
23278,1.4114530165730261
18635,1.4114408931019544
13320,1.4113774302139703
28357,1.4113551524442296
18091,1.4112841247928736
26254,1.4111909099039397
24524,1.4110977807798568
17492,1.4110878329093068
17201,1.4110259492392099
157560,1.4110025699691
20352,1.4109342764028823
22510,1.4109287478455266
22672,1.4109113961937556
100377,1.4108940745648448
12207,1.410861930685143
26690,1.4108575175774454
10829,1.410804913269326
24885,1.4108030376182419
22850,1.4107576163251099
16785,1.410643131981405
16437,1.4104543175058033
23399,1.4103422368081722
29447,1.410279933900215
152344,1.4102629694404227
13291,1.4101736562741272
218885,1.4101133421752954
29150,1.4100393379393827
25041,1.4100362000235303
19100,1.4100193753339558
22937,1.409898002692073
23176,1.4098532801452113
163396,1.409847730543867
13314,1.4098102240618031
29974,1.4098098701868658
30031,1.4098037114198525
11546,1.4097731155093494
29768,1.4096025836530959
12223,1.4095358471976782
25138,1.4094882792704428
19801,1.4094690776594372
25413,1.4093249640000087
28948,1.409316012737656
15260,1.409249333176876
27994,1.4091031576732937
154122,1.409070133655957
29257,1.4090643150878785
37267,1.4090250178856472
33270,1.4089882156189415
24154,1.408895138594365
12996,1.4088863975302202
25840,1.4088450560193417
25814,1.4088094363695711
26320,1.4087036470615604
186552,1.4086747881617214
158432,1.4086362325517052
22322,1.4085987311114974
13102,1.408590506459636
13238,1.4085625548544336
34127,1.408462332837581
25709,1.408443210761034
90495,1.4083864203567007
20395,1.408243333490815
17881,1.4082140936317749
12136,1.4081183807519293
14823,1.4080746095852468
17123,1.4080257626394146
15483,1.4079860668579767
21750,1.4079358374584807
156551,1.4079353268867478
12950,1.4079170744417542
165560,1.4077918586404923
25780,1.407777199199564
38325,1.4076827323127432
13086,1.4076468762361547
22060,1.4076403393169223
14317,1.4074620897373828
15872,1.4073757421925293
39740,1.407317460377606
100917,1.4070424838228472
100644,1.4069107770209757
176746,1.4069087413490935
23007,1.4068951556823115
166519,1.4068376980029123
13484,1.4068141903087643
12392,1.4068045406328804
13004,1.4067527888682392
25145,1.4067000510358663
17471,1.4066825893708328
22082,1.4066333494699808
32289,1.4065781285690038
19355,1.406540777604878
17679,1.4064859801827412
166517,1.4064504747634776
22569,1.4063715141331303
23805,1.4063312689215035
22739,1.406326752901412
26660,1.406318178776628
18214,1.4063065576550746
159648,1.4062727155899521
15418,1.4062602991231512
153737,1.4062270241864196
26731,1.4061583100306885
155842,1.4060526612419735
11962,1.4060454672711182
100538,1.406042405601441
12801,1.4060117352925736
32150,1.4059810307474452
11437,1.405915140575233
25046,1.405714879170884
27560,1.4057022951289984
18991,1.405694501218682
30584,1.4056926766942575
21083,1.405689496910385
158191,1.4056097953714497
25354,1.405540042544469
16885,1.4054236079465443
17874,1.4054149458702712
14533,1.4053835543685318
15353,1.4052464272230576
19852,1.405207972863587
17367,1.4051880342315577
17625,1.4051266015318713
101909,1.405098684248186
23949,1.405081066932223
22615,1.4050061532652616
26516,1.404879741550987
23370,1.4048345266000895
24369,1.4046637811580138
17284,1.4046235767831943
23523,1.4045256762453795
20584,1.4044295147424029
23005,1.4044119520744702
24063,1.4043770056651887
18525,1.4043703441952502
17064,1.4043415175510998
43234,1.404296465227614
27220,1.4042951148226814
14010,1.4042683649328878
23147,1.4042568873757346
17901,1.4042055247789162
12025,1.4041873749701397
26027,1.4041857091835468
25384,1.404152435479479
16871,1.4041513977883195
20732,1.4041435421160926
12746,1.4040994560666713
23711,1.404030849265784
159845,1.404015999194616
15365,1.4039870056642099
24058,1.4039857611481341
33810,1.4039561782696401
15473,1.403868056060465
25907,1.4038426314562287
15252,1.4038334363180816
10002,1.4037718855958707
24384,1.4036895475927524
14459,1.4036741542209992
22690,1.403607944472232
11975,1.4035510097090182
24280,1.4035286737129657
31228,1.4035168566571687
14671,1.403413547702372
32646,1.4033865640454535
12888,1.4033798414139023
11137,1.403294946927908
24049,1.403290708196165
23224,1.4032903242925658
10163,1.4032852149986366
164552,1.4032558511310034
35204,1.4031233057043897
23360,1.4031165585058334
20812,1.4029137017223754
19019,1.402908644127524
17744,1.4029037483208056
20554,1.4029025093018916
14724,1.4028977397040505
12034,1.4028077115558992
100347,1.4027229556954923
25240,1.402703954914849
28594,1.4026976154103412
16225,1.4026817384178694
15613,1.4025847182830224
23558,1.4025534375167277
24636,1.4025127794789785
13282,1.402478649568223
12809,1.4023679342886541
12408,1.4023530677314444
154880,1.4023443394186557
154796,1.4021668406173255
157409,1.4020872866509986
24472,1.4020034190904553
14739,1.4019237792304942
20303,1.4018459711259994
20719,1.401812687805279
17002,1.4017722719759724
24033,1.4017618446693931
16290,1.4017389894274068
19753,1.4016610692713702
27023,1.4016531741687808
21220,1.4015745259311092
27929,1.4014729698576343
17185,1.401445439184181
29960,1.4013406127300874
20560,1.4013348889625332
100994,1.4012958079531863
14048,1.4011643073632232
23161,1.4011091196637573
18700,1.4009643982290774
154344,1.4008156939340983
25965,1.4006265439271333
18326,1.4005819449268968
21920,1.4005737637227254
26426,1.4005221327832518
101012,1.4004143922863732
10234,1.4003689556711036
17948,1.4003189142992718
21766,1.4002527841943997
21762,1.4000575467008776
102556,1.4000139853236027
10220,1.399988526262667
12020,1.3999868106725004
18573,1.3997369065781051
152390,1.399684769524209
14065,1.3996484318459927
33746,1.3996395216895943
23828,1.3996307114806807
98320,1.399630480792647
18704,1.3995769416496648
10583,1.3995724551015973
25768,1.3995548719720274
25098,1.3995356030405375
17194,1.399450773657278
22854,1.3994487205871127
28547,1.3993951950184824
18528,1.3993516841535125
10177,1.3993386353720543
10478,1.3992736857444226
27091,1.3992234438979687
24313,1.3991711119700672
27949,1.3991368438709364
13021,1.399128029193693
152191,1.3991168857244267
25455,1.3989974828880614
14644,1.3989642367985864
100774,1.3989304852730902
26403,1.3988253701182112
23652,1.39881110581108
14353,1.3986625574750233
23100,1.3986108279486658
16414,1.3985589745993126
205484,1.3984878349647094
20219,1.398425615938901
16778,1.3984233006340616
29246,1.3983184251852279
25269,1.3981833403298367
27740,1.3981634915263264
24054,1.3980344010670702
25580,1.3980250488098271
21559,1.3978922144703252
18690,1.3978346627275473
103673,1.3974713051982832
23855,1.3974704576423918
17516,1.3973751446352516
19659,1.397371977937367
154585,1.397268379432842
34094,1.397233822580823
163476,1.3971536837853382
13998,1.3971475924181518
23246,1.3971426604020614
19638,1.3970777521205042
154119,1.3969310929558985
166759,1.3969309388215319
24372,1.3967791650555066
13768,1.3967578837264356
21576,1.3966725729810094
21731,1.3966019288044806
32095,1.3965553315420158
24465,1.3963318329449061
20223,1.3961654928319185
24807,1.3961467449631384
16569,1.3961234095309267
29717,1.3960993997098616
27199,1.3960376007712694
17191,1.395795854843628
30193,1.3957942308638795
26287,1.3957302589202323
23786,1.3957186192591007
15725,1.3956304539003979
25724,1.395606546046546
28103,1.3955740558768017
18900,1.3955388727662001
26999,1.3955078965326437
26161,1.3954394552984937
17622,1.3954064311343184
18295,1.395406142674753
159210,1.3953346602003307
32010,1.3953237128024678
27118,1.3951455245423816
11725,1.3951244992059701
27099,1.39509215691002
19495,1.395053243372897
162539,1.3950463924442469
26810,1.3949943432985605
19444,1.394903485698343
27869,1.394866861239652
17652,1.3948452304121919
34691,1.3947492220645896
26657,1.3947435782828754
20092,1.394678309903398
32068,1.3946729486173388
20282,1.394609630063572
23114,1.3945860046514302
12035,1.3944314316211035
31402,1.3943802918053785
27768,1.3942719234860337
39340,1.394221368670873
16266,1.3941942761270496
10993,1.394150373725136
24957,1.39414048185327
23091,1.3940925287285604
19551,1.3940387220859949
17190,1.3940162323544623
23256,1.3939586634657204
16324,1.3939359574765409
14659,1.3939081395960842
158190,1.393861235594616
19141,1.3938080138138174
20419,1.3937677145799707
17036,1.3937076987898793
16742,1.3936730113829316
13270,1.3935584513924513
21780,1.3935291748929084
15256,1.393378343175957
16423,1.3933390762120215
14115,1.3932904175420322
24506,1.3932402799573793
164512,1.3932303779498312
15426,1.393163546965362
30725,1.393131588111724
16403,1.393064901195274
25978,1.392996343331
21655,1.392993667426401
102730,1.3929865540228328
23498,1.392977012023558
33808,1.3929621413841
18437,1.392948618243308
17030,1.3928826760277842
157002,1.3928664525378824
24686,1.3928350197630706
39029,1.392632542527096
18811,1.3926309397536492
163072,1.3925514176620675
22384,1.392473379899756
17979,1.3924688130463228
21645,1.3924631125469917
24530,1.392388003589742
27908,1.3923003304783752
22396,1.3921751378015546
23985,1.3921525023410561
100352,1.3921009304648664
166284,1.3920768052603856
22846,1.3920606545272314
21130,1.3919442890703577
27455,1.3919275534750002
14630,1.3919233776423634
21373,1.3918832779646952
19584,1.3918551653298594
23181,1.3915560957146367
18758,1.3915413398677847
22127,1.3915311352566981
16698,1.3914548373129967
101443,1.3913878791889873
166245,1.3913115325163385
24457,1.3912904817981508
24412,1.3912411706811094
156649,1.3912403984891069
10291,1.3912240226845554
153963,1.391141709822952
155820,1.39112948348278
29305,1.3911053879134092
166421,1.3910732410161777
103488,1.391058327663123
18912,1.3910072038624421
26782,1.3909663356195223
12989,1.3909384192706462
12297,1.3909043235230645
26944,1.3906231144257746
14678,1.390615019243048
24545,1.390592354543223
16420,1.3905192052199171
19927,1.3905016846320413
15759,1.390486529426024
20977,1.3904321776939361
11361,1.3903673535287286
31147,1.3903374961399906
29674,1.3902295747537008
20626,1.390205593186554
16608,1.390074881994993
19699,1.3900327119184495
152840,1.3900169239748692
29399,1.3900158122101418
15351,1.3899466278006543
26264,1.3899019363930183
27299,1.3898449609806893
14337,1.3897573559879612
10828,1.3897160058631035
25349,1.3896827575160873
13603,1.389657926821126
166342,1.389650877870158
21097,1.3896483793176306
13890,1.3895727098256427
28350,1.3895715947446143
16443,1.3895685253999608
39459,1.3895408344115294
21968,1.389521649549864
15110,1.3895056529350567
16417,1.3894713384595652
22156,1.3894153156184958
18889,1.3892570463948244
15802,1.3892308562027997
20266,1.3892174533262012
31373,1.3891986836491603
18451,1.389131700064224
153996,1.389045696757815
20649,1.3890443064205547
20507,1.389031090764385
16174,1.3889983365079728
26345,1.3889206752749426
29094,1.3888819844107068
20839,1.3888414988546918
19611,1.388751068005442
163475,1.3887291665171984
101820,1.3885217686846463
11426,1.388513331828349
23911,1.3885081052769768
165062,1.3884306126770376
23861,1.3884217153297207
37495,1.3882992561887402
39961,1.3882912732459698
25735,1.3882859451618987
16047,1.3882283148320511
17742,1.388207970281988
19669,1.3882014400165859
12696,1.3881801988945386
12436,1.3881011385677333
14532,1.388075250197895
152895,1.388073781166079
33126,1.3880084059517483
30690,1.3878823811698908
11292,1.3878328085118095
39733,1.3878251708539255
47809,1.3878047557928055
103220,1.3877922484936396
31627,1.3875379764255198
17034,1.3875281298429905
12416,1.3874828229435578
11721,1.387476759993021
20414,1.3873336588018441
16372,1.3873200873734943
27763,1.3871722950415828
166520,1.3871518855216405
15297,1.3869203518940356
15964,1.3869167055794631
19715,1.3868954521865748
18754,1.3868633420975194
102724,1.3868099296439778
28716,1.3867938172206107
19760,1.3867675253533358
14903,1.3867668896307732
13281,1.386648727122507
45326,1.3866470895754608
42121,1.3866361638922002
19081,1.3866228147269988
18789,1.386603874527764
163496,1.3865865058040143
31277,1.386550351385116
20592,1.3865490596278367
18698,1.3865436883755657
42500644073,1.3865348762657626
32591,1.3864192081209026
21344,1.3863856098353065
11650,1.386376265714657
11455,1.386338970504325
21363,1.3863313290754968
21901,1.386299786999661
25960,1.386275358858838
12839,1.386251967866554
27899,1.3861901375323686
26189,1.3861685550415743
25272,1.3860922704526681
11096,1.3860702495463235
31925,1.386049094550117
153863,1.3860037036123338
20673,1.3859924255401577
18470,1.3859856850950012
101219,1.385968320538517
17392,1.3859505716860536
15685,1.3859354321922102
21601,1.3858605250515872
14141,1.385858212781181
22745,1.3857672416130846
13017,1.3857633655958237
29442,1.385731892191052
17368,1.385599751039268
26432,1.385590633138672
10716,1.3855809302279958
23313,1.3855054301379028
18290,1.3854299346904866
23470,1.385406742640918
28994,1.3853970396335364
28231,1.3853454498748474
28786,1.385313876857369
18020,1.3852837265721225
26551,1.3851559285281632
18908,1.385126344416776
152383,1.385108592817229
166374,1.3850759682350138
17806,1.3850729267154873
30547,1.3850128841111666
21644,1.3849574241816829
24612,1.3849429566926943
15371,1.3849427249277944
164115,1.3848902296284207
26474,1.3848548831430172
29384,1.3846834527510223
17412,1.3846570016968602
20443,1.3846449940735408
14341,1.3845782808362272
15291,1.384424441289014
26414,1.3843584803786635
36013,1.384220938800901
17680,1.3842145449733714
20432,1.3841380681419564
26542,1.3841037204258206
16552,1.384022970127142
26114,1.3840209965821402
155809,1.384011884409342
18890,1.3839852285921155
23609,1.3838221428687434
19817,1.383777468444366
22472,1.38366952983981
14746,1.3836542892634454
13014,1.3836517051923631
16740,1.3835811908054287
27498,1.3835303131500685
19087,1.383448088687201
14275,1.3834430757105958
17072,1.38325966539945
25210,1.38323486350259
28319,1.3831624273291259
166435,1.3831479199125907
29158,1.3831437543850746
28107,1.3830892290649326
14061,1.3830765124500373
39816,1.3830282019340763
16720,1.3830074421960215
30301,1.382835768497443
20447,1.3828063124615972
22727,1.3827699175175885
22638,1.382726979566967
32612,1.3826824766840013
17518,1.3826474330901573
10707,1.3826432528494652
18216,1.3826204061100316
21254,1.382586506992156
18225,1.3824406289946278
21866,1.3824285819586781
27756,1.3823975222656386
22136,1.3823719438261686
23863,1.3823605719662162
14765,1.382310277946528
27116,1.3822576877855717
21652,1.3822243413980786
17253,1.3821886939456098
18004,1.3821058158414252
13305,1.3820908272803214
18181,1.3820608337116609
13070,1.3820498662492071
158361,1.381939929787346
28133,1.3819007911730135
19441,1.3818831096293709
33890,1.3818780884267738
23055,1.381859403025199
11275,1.3818423259812478
23430,1.3818224434042534
22319,1.3817501009095914
25759,1.3817485967114347
20053,1.3816565986591776
28269,1.3815766853612081
28286,1.3815349755582294
15185,1.381472621648126
18955,1.381463693008994
17900,1.3814115717805082
28505,1.3814088148466426
24766,1.3812578169567722
13044,1.3811613593578411
16833,1.3811285127970097
20986,1.3811146184432164
104319,1.380981037570452
17182,1.3809643535174225
17838,1.3809446620471808
21756,1.3809374488364612
21247,1.3808451879727013
13682,1.380801653271451
45488,1.3807745048551132
18547,1.3806505569781515
17777,1.3805917018928133
17526,1.3805825443843367
16261,1.3805704963705532
16894,1.3805548343989478
28497,1.3805019250040005
17147,1.3804555873090243
33453,1.3804315830757112
25044,1.3803985472386198
43726,1.3803414094389368
30759,1.3803016482143369
25645,1.3802917099076732
23774,1.3802471732523214
164371,1.380229502741076
24319,1.3801310567531246
19430,1.3801015287899925
20184,1.3800806394296696
12537,1.3800484871453433
14267,1.3800298202264223
22134,1.3799764514202413
32462,1.3799520969984278
12899,1.37993786559656
44692,1.3798713024736216
18286,1.3798565639686802
28426,1.3797763883331589
26963,1.3797684462197926
13509,1.3797376506247176
19300,1.3797193659151143
23105,1.3796957398433851
34017,1.3796877019129055
156687,1.3796415419143988
23164,1.3796151103612528
157709,1.3795774683214237
26518,1.3795668820062583
24291,1.3795646407380402
20828,1.3795643777340678
21107,1.379543529427522
22499,1.379531637669974
12879,1.3795009454279663
101717,1.3794667444830209
10340,1.3794660891700832
15862,1.3794637376056262
19608,1.379431470523064
28038,1.3793881870483733
24898,1.3792824122521612
25945,1.3791883909174993
18138,1.3791428298746764
27181,1.3790403044531812
11076,1.3790395452588688
12104,1.37901745382057
15327,1.3789537610775398
20394,1.3789410605736376
25704,1.3788274593828076
16645,1.3788079814465657
13175,1.378806748924385
11081,1.3787894550947215
29612,1.3787723450506126
21884,1.3787698582411265
20012,1.3787475207662407
16988,1.3786406513834464
17189,1.3786082857230388
10465,1.3785145011786846
12124,1.3784496708464382
22260,1.3783980666717643
37795,1.3783795176640146
27260,1.378339525077231
20448,1.3782128512701781
63866,1.378153419278109
11311,1.3781478601475938
155684,1.378128733813404
35470,1.378089434109999
176812,1.378083723781728
19181,1.3780787405092572
24775,1.3780107282068526
15396,1.3779878215625578
31098,1.3779289611786807
25931,1.377919370409688
22341,1.3779086598264416
14698,1.3778995875311444
101337,1.3778817466313593
19233,1.3778404744668724
17558,1.3777817668120405
10440,1.3777401026752825
19362,1.37773032157923
19307,1.3777120567391155
25725,1.3776354013979215
28111,1.3775919585031904
21418,1.3775694772404365
28277,1.3775240180786994
28713,1.3774923918815827
29881,1.377388014390854
24292,1.3773315233966172
27371,1.3773035830144924
28260,1.3771879603340857
27790,1.3771751396854355
14430,1.3771622009378104
16351,1.377157679000777
153184,1.3770572100690743
24623,1.377034867421307
14536,1.377021746797751
16498,1.3769769403949528
17813,1.376964430596608
13595,1.3769328715835751
17871,1.3769290315416773
19498,1.37691053012176
18749,1.3768120055499125
20426,1.376696712787757
11624,1.3766795559531908
26863,1.3766780229491276
155028,1.3765969730100038
100497,1.3765853080142472
25342,1.3765396817460682
12370,1.3765179833362995
53582,1.376512359188038
23939,1.3762849504789034
19356,1.3762564128260817
167360,1.3762350034961544
27888,1.3762340339515864
13719,1.3761727328502351
34173,1.3760378737751873
21009,1.3759393360149015
20716,1.375897147854918
26972,1.3758828118227535
15772,1.3758455109469465
21046,1.375772060783184
18404,1.3756808818389652
16752,1.375673428149209
23384,1.3756632831242808
18586,1.3756238755437311
29449,1.3756223780103358
26126,1.375613579320509
24377,1.375595136076506
14322,1.3755513546574607
101409,1.3755511805898395
15506,1.3754904040622598
11072,1.375457258441962
10419,1.3754412065329131
34006,1.3753609217503604
152393,1.375349174840038
27308,1.375345360932094
21149,1.3753383323611044
59410,1.3753062834475185
164102,1.375302313352469
24355,1.375292159496907
167799,1.3750437785452425
34630,1.3749803161135026
12149,1.3749562784121343
166409,1.3749106561246092
32006,1.3748998314832905
17107,1.3748946331066443
10954,1.3748938916523241
16095,1.3748788256729616
30797,1.3747826980914923
22597,1.3747387389642198
24827,1.374677835516746
24988,1.3746118982492976
18945,1.3744996848551563
26427,1.374469387136328
23738,1.374398137294183
20479,1.37424505058203
27696,1.3742148552107178
15719,1.3741797286449973
21939,1.3740266170543713
14189,1.3740106360452629
14347,1.3739756384100779
29184,1.373881393920824
11748,1.373879916350209
163424,1.3736854612027949
18186,1.373642459130241
23630,1.3736247709286054
20613,1.3736039646977383
24743,1.3735519381988286
13651,1.3734468844495396
31388,1.3734455734559172
16441,1.373424116854765
23904,1.3733830504669011
23138,1.3733582948867746
11520,1.3733131862143666
11931,1.3731068939563011
16763,1.373055985440344
38006,1.373031376008642
12766,1.3730192335836615
22254,1.3728902849054951
22582,1.3728890103470452
20547,1.3728857899283629
28867,1.3728286897767719
38507,1.3727149934803708
154709,1.3725542167242044
27944,1.3724817100478401
26960,1.3723887990515928
16265,1.3723519006590428
22187,1.372325925492478
20230,1.372242535080239
25859,1.3721163884332488
16686,1.3720617914117101
12059,1.3720068923030118
102212,1.3719386153058926
16292,1.3717388803790365
22015,1.3717378430221587
17861,1.3717246118367812
11386,1.3716897763427596
30491,1.3716721977328292
14211,1.3716288779854513
21157,1.3716150889821825
21879,1.3715829793201224
26321,1.371582661823004
25470,1.371575266027236
100598,1.3715565221743937
22947,1.3715039213627476
20561,1.3714778668453784
13964,1.3714357078577373
21174,1.371361300435492
171923,1.37129372064683
26488,1.371281588148912
152495,1.3712762301512846
25799,1.3712756231647156
11500,1.3712576039815543
13123,1.37118929078826
15306,1.37116600048395
22559,1.3711295895349
31172,1.3710423786205361
31722,1.371032409303084
18849,1.3710130142234527
28314,1.3710081513708987
155774,1.3709743555157714
14358,1.3709734178383706
16304,1.3709608326375953
14335,1.370956327220733
25076,1.3709310730209632
19120,1.370928634752407
25545,1.3708293844684514
25010,1.370712343793485
20049,1.370702253893942
19507,1.370598161959084
14138,1.370572892779462
24451,1.370569903471156
37286,1.3705588314876271
19225,1.3705241992780597
18237,1.3705030371335125
24018,1.3704512828849724
14407,1.3704202740239935
21341,1.3703192121083707
21229,1.3702406682733637
163040,1.3702005355356206
18193,1.370174723273073
17768,1.37010034806215
24137,1.370039344538912
11847,1.3699678074795933
21388,1.3699356700432677
167919,1.3699057398666548
25819,1.3698904949255513
20481,1.3698739970997467
13479,1.369855613947826
154432,1.36985477700424
25613,1.3697800262971553
14013,1.3696570136167316
21927,1.369654679428657
18026,1.3696443154772495
165680,1.3695159533635763
23185,1.3694664734620463
26137,1.369456636505418
14051,1.3694389638880646
153185,1.3694255900526282
19446,1.3694137095972365
22206,1.36939086976634
15308,1.3693425175131753
19493,1.369318756475227
15440,1.369306635535931
35988,1.3693008465818532
11082,1.3692971588540095
158041,1.3692849264867952
27760,1.3692747964561598
28621,1.36926480154337
29751,1.3692333477178857
25666,1.3691952327212444
28316,1.3691127098872273
17703,1.3690211049635201
27708,1.3690173687711653
28551,1.3689959415756168
16535,1.3689671105189292
21758,1.3689627511567477
11625,1.3689466134689194
11212,1.3689173159094898
24070,1.368913257628715
156624,1.368904330127826
28758,1.368841288092264
13925,1.368817108817278
153930,1.368761669189828
41742,1.3687595240100927
15812,1.3687506441836321
25067,1.368731351933881
23723,1.36872275358103
21676,1.368714839491141
24678,1.3686311445059056
22639,1.3685638066143189
19557,1.3684438406551869
21672,1.368417632274259
32494,1.3684099853887353
29727,1.368390988420776
18644,1.3683596764534889
164383,1.368323671726302
16547,1.368315047877267
27882,1.3683036247458273
44746,1.368172395855704
22397,1.3681719862393864
31497,1.3681228774366723
26877,1.368100021642025
11756,1.368083425957509
33148,1.368079061156031
23750,1.368045202458134
19160,1.3680273652126536
18101,1.3680091101839382
23808,1.3679922503631425
156204,1.3679812523360075
28520,1.367906413156347
166353,1.367898984680583
14415,1.3678429138979877
26589,1.367820180830744
13336,1.3678144150376572
20397,1.3677930686469877
11535,1.367779790385274
13439,1.3676798663555256
11751,1.3676623019452332
12040,1.3676440842519175
32451,1.3676069738237806
14775,1.367577815897474
21398,1.3675458056714485
22290,1.3675050075716393
25969,1.3674811593113096
16425,1.3673814945671159
22484,1.367273348049582
14562,1.367264176998403
22466,1.3671732130079424
63807,1.367114683152009
24945,1.3670763889833966
102169,1.367055341862726
100524,1.367041478562996
13093,1.3669884732786508
24277,1.3669689857958436
21612,1.366964047391479
40532,1.3669458883270689
13997,1.3669224813400693
24567,1.3669053400056856
154868,1.3668832209398996
215567,1.3666912131315927
26220,1.3666423129068979
158109,1.3666100307144418
23883,1.3665950556487085
24345,1.3665932222785866
25680,1.366543167009032
22790,1.3665403893076444
100351,1.3665179189273577
20742,1.3664928861790253
26525,1.366477818157674
11084,1.366464514883563
24599,1.3664399949146515
27536,1.3664165302829394
28732,1.3664143934330513
39142,1.3663390443160486
21292,1.3662657795876525
12112,1.3662403005670374
25021,1.3662359789005087
20210,1.3661923781412275
11640,1.3661366635117778
33678,1.3660978046401726
25344,1.3660909462460742
35471,1.3660792875418364
13941,1.3660598238684762
44531,1.3659527669516836
20300,1.3659097791806543
28754,1.3658870465982427
21796,1.3658435517276533
30293,1.3658249107856628
11785,1.3657938907381635
13892,1.3657599063099861
13468,1.365729426858795
19064,1.3657047874313801
17627,1.3656988542787443
156686,1.3656815008904153
20691,1.3656796869258157
19052,1.3656512207832825
25166,1.3656381337238765
11424,1.3656268559623244
14021,1.3655964385512687
12451,1.3655962614219572
19647,1.3655864265083288
14740,1.3655841834824067
23892,1.365511545881218
23790,1.3654864345886208
13563,1.3654521853383028
18819,1.3654002140694557
13672,1.3653977286743326
23850,1.3653705604180069
22089,1.3653083204622625
25757,1.3652682842779198
15574,1.3652607673989863
20124,1.3652383691497465
13761,1.3651872406716679
40244,1.3651695106267157
103629,1.365085302031538
18282,1.365063418239883
28073,1.364978510232523
15838,1.3649767105227482
10354,1.3649552298302539
14346,1.3649436100141032
10196,1.36486631093632
22225,1.3648644771157663
40879,1.3648377516789822
38384,1.3648126980518507
13304,1.3648109920250355
15675,1.3647934297678113
13486,1.3646978723105918
22351,1.364678590150789
31870,1.3646731485598678
26043,1.3646221508301801
24006,1.3645608466576165
15865,1.3645494479746978
102210,1.3645264285186698
18629,1.3645099314621383
21986,1.364459338564784
18918,1.3644424882461326
19630,1.364426450216032
17621,1.3644197838444236
12081,1.3643850867765126
194338,1.3643835542869187
26409,1.3643390671049265
38407,1.3643353205146829
26638,1.364306129822242
19649,1.3642947121187456
159317,1.3642919896855676
17143,1.3641888269599276
11270,1.3640894662580203
13169,1.3640596012797528
100793,1.3640582329424573
12779,1.3638873743705622
20291,1.3638788616691404
26165,1.3638507413085081
24749,1.3638329830664924
20679,1.3638008803734127
30682,1.3637789580367203
29786,1.363757733914372
21595,1.3637567097866061
10777,1.3636049048513066
20800,1.3636017446466626
15164,1.3635969327579534
17037,1.3635597183428514
12220,1.3635293398611863
20384,1.363499633687781
16701,1.363391073415195
17773,1.3633338957076504
29626,1.3633018233603589
154210,1.3632427999882835
28976,1.3631982885324232
26515,1.3631893174675043
23455,1.3631253199475708
24109,1.36311852151909
160246,1.3630453518101127
22180,1.3630390241687091
18086,1.3630351204405475
26849,1.3630335935250775
22017,1.363027566911161
24615,1.3629853566636627
21888,1.362964634208362
19476,1.3629439245825998
15694,1.3629229464724841
23309,1.3629117232710366
19130,1.3628914822771032
28220,1.3628622397391257
172996,1.3628286684424673
15903,1.3628075103730468
21342,1.3627955570734225
15056,1.3627117731441902
16308,1.3626741313697175
16186,1.3624920292383638
46351,1.3624647612919096
153991,1.3624431781155804
28411,1.3624247894844603
22348,1.3623575248371156
25438,1.3623096230723197
22489,1.3623082705324343
25520,1.3622963348086077
154312,1.3622386095321588
28072,1.3622101930480965
21549,1.362207390055174
158513,1.3621504987419404
30918,1.3621481682679817
100337,1.3621302403673792
15366,1.362100149952313
153202,1.362079961192835
13824,1.36207602904714
30141,1.362071730026106
18813,1.362039187298978
16502,1.3620016596855962
33009,1.3619878020218712
31876,1.361976261829061
55360,1.3619401792031787
29014,1.3618967375602198
15152,1.3618756303979984
12582,1.361753369855991
26198,1.3616915145666744
17875,1.3616643026050241
176738,1.3616562273842088
25871,1.3616465146972205
35411,1.361633507965838
100975,1.3615825905391026
14212,1.3615687044434845
18044,1.361544869451723
12441,1.3614086163033197
24772,1.3613795204401087
20982,1.3613592691008483
22768,1.361346121948853
33615,1.3612858059969604
23972,1.3612774320771344
27684,1.3611841768996822
14079,1.3611718936563835
28856,1.3611511370295173
24343,1.3611364011733678
159976,1.3611354313320712
28204,1.361100938044903
11099,1.3610993157154558
29904,1.361091721827142
15592,1.3609827547856927
24956,1.3609587032913788
167361,1.36091512090427
16525,1.3608917266521805
19722,1.3608024799960372
26573,1.3607607140096925
21734,1.3607279856520587
25939,1.3607097815495337
13951,1.3606917973244081
26534,1.3606507609604406
19053,1.3606455023534574
11821,1.360614059329803
11644,1.360555537827289
159229,1.3605442699352683
11306,1.3605360885273148
15392,1.3605073732418878
102391,1.3604380708576553
22402,1.360397156102968
29356,1.3603217642380745
168468,1.3603206508235326
31939,1.3602632795520853
17661,1.3602118056192167
16066,1.3601590881798933
26815,1.3601242834404852
163344,1.3600869609411783
23901,1.360028991928488
154403,1.3598013310746084
25562,1.359738012863566
16466,1.359700183957039
12680,1.3596942665265137
22695,1.3596856596529108
12548,1.3596776144175406
18454,1.359599181614344
12302,1.3595607255124265
16329,1.3595016356053
19897,1.3593889527788836
37234,1.359327774236146
19166,1.3593089189993481
33722,1.3592717466577457
11947,1.3592034100486532
14254,1.359192629776169
18896,1.359163639346985
18617,1.3591253395715326
22735,1.359118738122134
154996,1.3591037732737872
26988,1.3591015554122456
23798,1.3590904237685086
20892,1.3590678233164828
22155,1.3590478577067782
21126,1.3590389150327034
13066,1.3590292580550913
15388,1.3590270171703918
12923,1.3589625333145001
12561,1.3588839711800818
13244,1.358861659980386
14696,1.3588400272301915
20582,1.3587024187335206
13783,1.3586735696450658
22936,1.3586465799549716
13025,1.3586246767767811
28118,1.3585891990822376
18009,1.3585459109907914
21528,1.358527086185085
166505,1.358515916618524
17741,1.3585151880016475
11958,1.3585072784246217
19957,1.358492602365668
12965,1.3584835683220762
26540,1.3584775518814394
23012,1.3584566393230872
23448,1.3584000846161444
22233,1.3583656724494075
101498,1.3583060015443718
16896,1.3582423227792981
26222,1.3581911104585025
14303,1.3581662452611105
23049,1.3581612702260868
24141,1.35806299435622
13349,1.3580582095271523
23175,1.3580419907804864
11173,1.3580075817553365
17467,1.3579943522380526
22927,1.3579784899184495
25207,1.3579224695601728
22723,1.3578364501419755
26172,1.357832374179189
14622,1.3577898708293359
13262,1.3577213506309351
13275,1.3577009865657843
22918,1.3576215711556
20191,1.3576100507513666
102624,1.357584412313072
12052,1.3575493174785564
17209,1.3575327149416174
16282,1.3574097480475396
12716,1.3573958751382007
22181,1.357321652491215
26497,1.3573185333355342
32375,1.3572599591471675
25346,1.357220299079171
23912,1.3571900158086492
23117,1.3571726093089618
22610,1.3571559275568748
16951,1.3571534069827846
30655,1.3571121415694545
14207,1.3570757513232679
21512,1.3570541075568012
12184,1.3570414234640225
22545,1.3569146227143396
11016,1.3568988541781895
21932,1.356853476474751
17784,1.3568332490193595
156198,1.3568140101021107
16086,1.356757483383841
14945,1.3567146082784711
26583,1.356709660481649
32303,1.3566220030461513
16087,1.356594529494144
12321,1.3565445399593075
25115,1.3565071382330687
11894,1.3564469027292312
21012,1.3563758402155726
13428,1.3563496573718135
12558,1.3563292386253212
22868,1.3563159321778608
14676,1.3563155156580022
19510,1.3563076308866622
166261,1.3562663423854449
19038,1.3562470007616176
23273,1.3562423239465025
11221,1.3562285855475664
27419,1.3561490708257007
100970,1.3561294228742333
154219,1.3560969339659377
13369,1.3560961625070773
23311,1.3560946186198084
21249,1.3560809604124566
11823,1.3560316580606184
26836,1.3560149979200204
156431,1.3560025788779293
27399,1.3559886275122854
22589,1.3559343042880714
25531,1.355855020603759
26645,1.355646467085702
15665,1.3556444358199877
159822,1.3556035589159776
16688,1.3556014297297982
14576,1.3555028957883404
36597,1.3554456016324101
24274,1.3554281469843954
158331,1.355384303664674
26563,1.3553345369985252
18490,1.3553187652821923
12785,1.3551684708594935
10863,1.355102125892446
24290,1.355027948440674
12541,1.354978696740634
11925,1.3549317302801254
12173,1.3549138624596002
16614,1.3548786425354529
24476,1.3548520878815895
23598,1.3548517659256845
157537,1.3548430883478682
101578,1.3547714927769348
29743,1.3547654249329266
158558,1.3547321509051595
12101,1.354729447914466
102621,1.3546989314317115
24328,1.354685255919941
25516,1.3546609900710074
17895,1.3545918857876884
29104,1.3545140113366496
152140,1.3544821908551277
20402,1.3544372804488616
29603,1.354426958184871
16184,1.354396039753597
155429,1.3543586088093218
19775,1.3543458705849885
23992,1.3543420748643205
22019,1.3543196247775011
25885,1.3542591816584872
18930,1.3542142878475054
19228,1.3542121690068387
26111,1.354209145704834
102925,1.3541774588053275
100543,1.3541636672759076
16580,1.3540943088278483
27150,1.354069330217978
22189,1.354047213049438
25775,1.3540399357237862
152445,1.3540357106144363
18111,1.354011142680733
19026,1.3539677114670061
28668,1.3539618682513153
23329,1.353948530924742
155683,1.3538073439787761
24505,1.353736533418423
27867,1.3537359394050197
26148,1.3537110224742728
21589,1.353692249600921
23541,1.3535833660854097
29318,1.353528709650403
27652,1.3535261947822212
25199,1.3535143270884458
24852,1.3534682413409809
10393,1.3534600018948761
14968,1.3534125111555513
23137,1.353406599991324
18772,1.3533864901858836
26975,1.353323812391418
22201,1.353262936433233
159189,1.3532587072575781
14226,1.3532568432573844
24305,1.353176783626641
153462,1.3531515626326978
15774,1.3530539014416432
12553,1.353019818803495
14300,1.3529697136931296
19231,1.3529584272962696
12623,1.3529392261902888
29731,1.3529190112510459
24795,1.352888613355178
26671,1.352861948048689
10715,1.3528535230222791
25348,1.3528375310418737
33412,1.3527718575590078
16659,1.352770219565305
13993,1.3527428563547172
20205,1.3527235056144964
29222,1.3526896975311764
22054,1.3526584758130895
13859,1.3525865770147816
12202,1.352563962014212
22344,1.3524731606729754
34863,1.352444095385189
226276,1.3524387738803099
27640,1.3524307953213226
27815,1.3523954979055486
100456,1.3523110235676146
18910,1.352300336731588
22588,1.3522675331115297
39602,1.3522150963529542
38332,1.352105647311353
15451,1.3520541690565393
20094,1.3520444182519897
26097,1.3519404602966412
21189,1.3519055145995431
18838,1.351871353307969
15956,1.3518461769860142
14745,1.3518453242940922
17408,1.351835834847648
28153,1.3518239944797867
14218,1.3517633331758132
100494,1.3516526037767829
18498,1.3515792263359785
103190,1.3515716270544664
24761,1.3515659032381242
21883,1.3515399456619337
31820,1.3515152212535182
26224,1.3515141043325072
31324,1.3514758205939532
21358,1.351442546424876
15322,1.3514040222467718
12039,1.351392460041106
22994,1.3512403272155311
10256,1.3512259938147166
23126,1.351183708879373
20692,1.3511406786849713
12209,1.351135427567708
159246,1.351110780470774
10691,1.3510981654757483
16458,1.3510941155701672
14516,1.3510582532401576
23034,1.3510434013263675
12783,1.3510431710086965
23657,1.3510315156905566
22685,1.3509865197255913
152557,1.3509811085285264
38194,1.3509224554559163
101567,1.3509222140406283
26946,1.3508544400266354
171437,1.3508497845129825
15931,1.3507756396221002
17606,1.350725912309322
16512,1.3507231949526286
30868,1.3506556169557873
11425,1.3506453061271224
18680,1.3506395618397873
15988,1.3506303201460814
50450,1.3505882243897196
18674,1.3505756687487123
22264,1.3505455029153668
36372,1.3504626899557273
20125,1.3504472276067014
100553,1.3504461587864363
173907,1.3504093227158749
12326,1.3503939024642917
21729,1.3502384293101082
164229,1.3501885110502037
18243,1.3501859630218107
16505,1.350176217205856
13520,1.3501336281384102
23709,1.3501310176541357
13606,1.3501088496672313
14993,1.350084373459825
42538,1.3500679776669284
11882,1.3500620179903935
23484,1.3500307220272711
12632,1.3499743392058787
19559,1.3499607331980588
18529,1.349956178489543
23874,1.3499457813599478
20354,1.3499155853002425
25061,1.3499126550964902
10382,1.3498925104772777
21793,1.3498693104003137
11073,1.3498559041803104
22083,1.3498303874963207
26138,1.349801421186012
32641,1.3497326411745763
11539,1.3496779128879157
17439,1.3496743834949914
29607,1.3496274932316672
26357,1.3496058219452798
32073,1.3495917927486232
15045,1.3495866714141858
26179,1.3494530382886527
16035,1.349445683614603
21503,1.3494308582372052
14118,1.3494039760501448
24376,1.3493978567360734
21948,1.349371807166467
61001,1.349309480463219
162570,1.3493040143625739
10616,1.3492712532282898
12969,1.3492570654557066
24581,1.3491250194895443
12226,1.349105940473404
28584,1.3491004096585764
16622,1.3490991211056087
26380,1.3490866098780532
13987,1.349085747983216
18013,1.3489831616156949
14352,1.3489775266312236
28238,1.3489514987138336
13331,1.3489026872249235
19429,1.3488824525947904
12552,1.348851843638025
14114,1.34884792375494
19006,1.3488395856395883
16492,1.348839082162033
23397,1.3487947613156808
13375,1.3487927474605688
154901,1.348741583600074
10902,1.3485287509167538
55676,1.3485252414734763
22369,1.3485101051521884
14776,1.3485055691967733
26258,1.348431471244644
14188,1.3484149879898986
10381,1.348403152805354
12164,1.3483983901351606
25261,1.3482826613424972
26495,1.3482719951534514
25181,1.3482420159814688
16665,1.3482135659570822
26956,1.3481941155541661
21895,1.348154367107018
25933,1.348145781258178
11824,1.348124924776375
102354,1.3480464430146384
21476,1.3480252027213844
14813,1.347963855671035
13400,1.3479505560350067
35511,1.3479497494642934
14909,1.3479439104031574
40560,1.3478645706030539
19252,1.3478042404092498
14231,1.347787817389828
154084,1.34778627748353
24717,1.3477862709680848
14994,1.3477230236220772
14563,1.3476790490102062
11783,1.3476769710294518
24548,1.3476761504894628
27360,1.3476713481323337
17866,1.3476527961293248
153060,1.3476375094400574
28752,1.3476122769222674
16061,1.3475893474412879
47553,1.34754289323392
21657,1.347536030456553
11343,1.3475341100455371
42298,1.347532675056521
29107,1.347520585563516
10103,1.347475155788877
22763,1.347467942572188
21176,1.3474642264999899
34557,1.3474506279730407
18669,1.3474122800801742
11101,1.3473528525290555
21108,1.347290267135812
16181,1.3472760720223649
29035,1.3472608866833111
154298,1.3472260205254267
22817,1.3472178081623047
20449,1.347205011798503
18041,1.3471697108088312
163456,1.3471582627994008
23686,1.3471079338485388
25048,1.3470977654715244
27707,1.3470825887576678
15873,1.347082017382001
25678,1.347026203158223
18273,1.3469968645658374
18518,1.34698784720645
20385,1.346977186034531
13882,1.3469674569718342
156982,1.346944025426296
21197,1.34693035954371
17850,1.3469084013587371
155218,1.3467583930635447
29808,1.346756097875853
22985,1.3467520589237851
28854,1.3467429379164968
22229,1.3467331287826034
16485,1.3467178602457448
34730,1.346705500705867
30378,1.3466974156965308
14419,1.3466473544014943
26541,1.3465992058639356
21533,1.3465886905330682
28202,1.3465731233861737
15013,1.346508357657674
28569,1.3464898526262676
20405,1.3464674774882002
26826,1.3464052795666557
27000,1.346383062615788
18137,1.346373013737707
16215,1.3463488130249013
16979,1.3462627187276903
164909,1.3462398756252578
27503,1.346188860708683
13436,1.3461488670721888
14546,1.3461374958436871
13117,1.346111460513565
26368,1.3461005982461107
12520,1.3460398271077667
32712,1.3460243881868161
23500,1.3460095604760687
18974,1.3459059797387443
160191,1.3458658425474208
23740,1.3458515959735624
28291,1.34584656938396
19057,1.3458136809918797
11757,1.3457733720452107
26339,1.3457482895130377
19884,1.3457205616474945
25444,1.3457070915709142
14377,1.345683410849076
18983,1.3456257349406555
20393,1.345596705477345
27133,1.3454966968548054
20897,1.3454937007647765
24223,1.3454800648294605
30443,1.345446043368293
20482,1.3454201656309948
23150,1.3454188764982307
37197,1.3453807289616089
18833,1.3453206244288618
20586,1.345305178430087
20513,1.3451877765611815
21109,1.345091483198881
19272,1.345090362894253
20051,1.3450713712360995
152727,1.3449920914741136
24444,1.3449848848716406
25958,1.3449372728494031
17476,1.3449153029914185
26520,1.3449059138582027
15049,1.344880827569752
21277,1.3448423809780343
152391,1.3448150709393567
12689,1.3447477466531783
159807,1.3447402260605603
22170,1.344712186819129
18167,1.3446890491535743
16893,1.3446782654015217
24464,1.3446677759555457
14282,1.3445994824069147
19191,1.3445973888913307
152154,1.3445967735992492
17945,1.3445966146097594
23716,1.344570071612918
26131,1.3445601305679296
153866,1.3444862305554925
24602,1.3444804301474806
24758,1.3444709575564875
48473,1.3443766321876751
40575,1.3443703050450782
164080,1.3443207163773687
13948,1.3442579800829326
21404,1.344186902889572
16863,1.344146260282819
25409,1.3441076087573385
166778,1.3440980759035936
13809,1.3440898166527837
14759,1.3440815406743285
14957,1.3440757949420081
26239,1.344016525350377
12389,1.3440125177745808
18892,1.3439345980013562
24085,1.3438875603129758
12619,1.3438835065938965
31969,1.3438822746644294
28415,1.3438787945231734
17474,1.3438721952718335
154056,1.3438710021106393
27980,1.3438690159907878
16442,1.343855608314027
25537,1.3438489517292926
21791,1.3438168054009423
12584,1.3437795408248951
15636,1.3437601652297808
16099,1.3437081562010247
15043,1.3437060247249775
23641,1.3436763198127775
18722,1.343616847054363
13959,1.3435819209658928
18409,1.343556489883622
22144,1.343537012289567
18468,1.3435315211817749
13764,1.343525809517861
29831,1.3435157011464887
24803,1.3435073398971098
14171,1.3434306404193224
13001,1.3434113005951442
32573,1.343386998971028
22043,1.343343660662454
16203,1.3433251899795653
26181,1.3433145613266964
14060,1.3433087349667057
13358,1.3433023611547785
21040,1.3432831678852373
25064,1.343276221681839
26346,1.3432694721754799
15705,1.3432525234911317
14355,1.3432286550543246
17885,1.3431947510652409
76940,1.3431880467758037
15354,1.343168426394607
21746,1.3431483002002262
37492,1.3431295447574216
26304,1.343099423206885
41075,1.3430993530935023
16776,1.343028025122952
11485,1.3430239844979817
23303,1.3430104954106383
15274,1.343008531563703
12229,1.3429808557803855
10205,1.3429613114238534
19806,1.3429309070295505
14308,1.342875394294878
12031,1.3428228641091136
159267,1.3427941965275791
17615,1.342741519587101
100824,1.3426921759958217
10622,1.3426138631884457
20463,1.3425746716820062
33413,1.3425740259134258
12144,1.3425352984968941
13040,1.342487670142028
15400,1.342442259513535
159094,1.3424111114824513
23763,1.3423956967444766
34336,1.3423782214834106
29114,1.3423186836504195
27448,1.342275513475515
24297,1.3422207980885876
14517,1.3421729956785295
169914,1.342164075548998
18953,1.3421328273378796
17076,1.3420736389277117
153042,1.3420676727629324
15746,1.3420294786140747
13851,1.341998107920945
11220,1.341982388675915
153292,1.3419791451874727
24935,1.3419583888681446
27386,1.341944498382016
44855,1.3419420984941186
201093,1.3419328675060394
37180,1.3418839137723568
152548,1.3417909221177378
39877,1.3417899881953057
23372,1.3417532578690377
14884,1.3417481570001601
12640,1.341741017144553
24236,1.3417284279731077
20101,1.3417122311230407
102697,1.3417075981569588
18952,1.3417071836980197
23725,1.341685210158548
46063,1.3416745075613379
34040,1.341666154310384
24787,1.3416362623214526
21184,1.3416312499304528
18080,1.3415797205877347
26587,1.3415251562259898
18333,1.3414932885827522
22257,1.3414584104294036
10466,1.3414512470492677
15384,1.3413112628092256
11373,1.3412535969387773
38068,1.3412432702793264
18887,1.3411526358512174
24836,1.341149544479615
27998,1.341142147624054
12026,1.3411297258407808
27084,1.3411233363230568
26162,1.3410174731969666
32114,1.3409971796894777
19044,1.3409566834126982
20632,1.3409450067452544
30166,1.340934438413242
155654,1.340933932457348
20815,1.340909774158737
11305,1.3409070194785138
25402,1.3408592290528567
18386,1.3408051449667175
21131,1.3407825824798818
28064,1.340780513922344
21014,1.3407634488091615
11019,1.3407602454905043
19718,1.3407258584294184
14409,1.3407094494994087
13712,1.3406998349886963
16581,1.3406988714994699
16837,1.3406817779353573
32147,1.3406754638910037
14044,1.3406221073705014
17160,1.3405358482033516
15068,1.3405155529354584
17822,1.3404953509428317
15112,1.34049337795292
159100,1.3404923917724536
16245,1.3404443727640853
40030,1.3404239324195781
22212,1.3403779736872024
15478,1.3403671029075064
23832,1.3402862454511857
17170,1.3402803248860458
19000,1.3402433440012778
24981,1.3402172758886803
29322,1.3401814891913093
24782,1.3401793338490275
155582,1.3401573089437735
21938,1.3401113252356656
24375,1.3400940490838245
81202,1.340013836804507
17104,1.3399225849223821
22059,1.3399124824965745
17045,1.3398868062066343
13452,1.3398506110758426
50540,1.3398247181275307
16639,1.339819936424465
157298,1.339810480044967
171929,1.3398089065525527
156849,1.3397863196943436
23489,1.3397348925666979
11482,1.339702140385581
21279,1.3396987563933507
27970,1.3396546099221258
26297,1.3395856714596266
12995,1.3395518938771904
13523,1.33954435532201
22097,1.3395303743099483
153964,1.3395117394523626
173876,1.3394744272262469
11331,1.3394421502061071
154441,1.3393608043592085
155074,1.3393488548527752
158506,1.3392985129044288
20658,1.3392590536723452
30487,1.3392467067902476
12507,1.3392305464991996
155414,1.3391814215085036
12874,1.3391071806593298
17360,1.3390260947354564
157834,1.3390102343896666
21614,1.3389729826317485
11685,1.3389380978757146
18581,1.3389355198418682
26707,1.3389202722512883
27773,1.3389189204954437
152123,1.338901405825057
21079,1.3388745758516514
102619,1.338836186545063
36417,1.338821765712608
32792,1.3387834909917267
17291,1.3387565613045
19080,1.3387094821154768
15201,1.3387031063017156
12881,1.3386822986218325
39975,1.3386730823719233
12819,1.3386060321472477
17849,1.3385784359182697
26909,1.3385403896552546
21516,1.3385122576032433
187539,1.3384930082686677
12494,1.3384306035700528
20961,1.3383905636232203
35606,1.3383733349112032
100468,1.3383701757483086
12414,1.3383365321830898
20660,1.3383218004107018
21789,1.3383198430577987
15317,1.3382756590645257
26828,1.3382630917946992
154368,1.3382453520082596
30952,1.338229109769024
14492,1.3381971035773426
33143,1.3381620509758485
16092,1.3381331726942611
15993,1.3381131778139188
12847,1.3380796717011123
20186,1.3380705483171473
35013,1.3380321770991122
19470,1.3380109814264136
14423,1.3380076907200569
32459,1.3380063917837661
18852,1.3379812973531626
22992,1.3379357502167586
157184,1.3378825511474757
22786,1.337874133142891
154587,1.3378118762339353
169708,1.3377694745399433
14660,1.337557758786215
159647,1.3374556334343906
32773,1.3374226559106481
21024,1.3374170691629785
27195,1.337334477038775
11392,1.337320038504485
38822,1.3372995127331169
16455,1.3372908553207168
12829,1.3372793015482676
15627,1.3372425154758323
19992,1.3371445213362263
153142,1.3371410233547776
27128,1.337138602828219
15658,1.3370525006583127
192710,1.337029239411869
12693,1.3370258846869472
19464,1.3370199459453307
22895,1.3370199338556077
32484,1.3369803010109265
22907,1.3369742326865481
100249,1.3369527699508221
21133,1.3369498982633676
153962,1.3369405964330257
33785,1.3369318978835856
31059,1.336899898304156
18507,1.336877801586437
43838,1.336781801330894
10585,1.3367698202583371
13046,1.3367373251900432
32739,1.3367312238172324
17566,1.3367133459730665
40611,1.3366974261637352
100344,1.3366855687834691
11589,1.3366751759919613
21151,1.33667122277939
102786,1.3366424288363996
25296,1.3365991933639139
17274,1.3365700073218252
17699,1.336554831749818
18642,1.3365262623299021
23080,1.3365189821082437
15030,1.336504106386765
100072,1.3365008796198117
12029,1.336452275600965
23373,1.3364381224114794
30598,1.3363785730329798
17357,1.3363627307342552
20006,1.3363468032873491
12765,1.3362575606036922
12581,1.336251306359794
22393,1.3362077401161871
23233,1.3362053806315695
27907,1.33613282525862
15938,1.336118095757997
20823,1.3360863567956254
100984,1.3360515694394084
17583,1.336028590996181
159085,1.3360171152946836
10730,1.3359485528387007
16440,1.3359230151523955
10463,1.3359101569470557
22267,1.3358889540682524
23452,1.335870747131718
26633,1.3358233752041317
28376,1.3357958147364988
17922,1.3357821681086761
25217,1.3357444966959087
14922,1.3357373487488575
13955,1.3356711856814791
18864,1.3356460083248107
21567,1.3356314771556028
16767,1.3356239924300235
25246,1.3355811325456297
27010,1.3355595026045173
23062,1.3355557938466087
12475,1.33554633652258
16444,1.3355208097873845
35860,1.3354871400093886
10529,1.3354578534801618
11998,1.3354531506485674
18652,1.3354405047364348
31560,1.3353883331484264
152785,1.3353607218236965
28610,1.3352999783692723
22766,1.335263718932252
25259,1.3352394036051531
18925,1.335238334544475
24695,1.3352301574548553
23924,1.3352159088552353
102777,1.3351820529287133
18928,1.3351802554393006
10551,1.3351675775740013
11937,1.3350931826937213
19546,1.3350851806349764
16379,1.3350379946754096
21930,1.3350076661218468
30747,1.3350049968346773
44675,1.3349700305608876
23529,1.3349678888642735
30716,1.3349480874120752
24257,1.3349419127132736
13669,1.3348932800256048
24769,1.3348854689775245
13638,1.3348802312780839
40987,1.3348718508336395
29139,1.3348363292200514
20899,1.334833713481538
20813,1.3348280060795534
100318,1.334768699781241
12272,1.3347447993647894
20858,1.3346124331235365
24509,1.3346001332486161
25323,1.3345921996380676
10438,1.334578393935555
19114,1.3345511361348994
13352,1.334480722012889
20028,1.3344226913274615
33124,1.3343665496102253
18171,1.3343456007547243
16043,1.334343627152874
17589,1.3343405029153337
21049,1.3342722621463416
16957,1.3342303351394764
11690,1.3342056741368178
23345,1.3340967223200988
164123,1.3340857370149346
25908,1.3340791155722236
24526,1.3340777900978005
26229,1.3340550878531143
12490,1.334047805988365
156917,1.3339786155028206
23982,1.3339610723767419
29914,1.3338611218425103
25879,1.3338079325956718
20733,1.3338079031696546
20171,1.3337820263424978
16286,1.3337446812860838
24742,1.3337292261979923
32986,1.3336769276363938
23719,1.3336757221866369
20820,1.3336619221778996
19442,1.3336197895624369
154467,1.333610961361184
19204,1.3335567201240768
15283,1.3334845755365135
162783,1.3334387882831653
18938,1.3334318112025374
37008,1.3334154869752781
25032,1.3334021295181127
20550,1.333342084526958
28615,1.3333168971848592
31249,1.333302402706737
17086,1.3332908823458172
19193,1.333287156681268
15792,1.3332513234867194
19295,1.3332008272755176
29542,1.3331931822875798
12433,1.3331310250272954
18716,1.3331247842450344
100584,1.333105202576206
25051,1.3331036938065401
25655,1.333097518910521
17334,1.3330928224894965
23769,1.3330316679027665
27550,1.3330011415710097
21605,1.3329206009657826
19074,1.332885076067085
25717,1.3328438259308444
29934,1.332811081897874
22720,1.3327767077201822
16664,1.3327717280085842
28515,1.3327611293861665
154465,1.332734559097673
27191,1.3327345077889592
20410,1.332727415616221
17753,1.3327248143545585
12587,1.3327073620708647
13257,1.3327007496521444
24719,1.3326993903061517
17747,1.3326676123792383
17852,1.3326659604230244
102014,1.3326464664480602
17244,1.3325918866310962
25648,1.3325593917533427
20722,1.3324972519893556
27658,1.3324155394339268
22643,1.3324120248866684
33207,1.3324054111790564
13607,1.332322794962365
28056,1.3322198304122732
20170,1.332174643303338
22717,1.332170275826501
28688,1.33216226228857
20489,1.332160538036666
16026,1.3321129306721122
13734,1.33198624023501
15050,1.3319834770583596
19344,1.3319817171359871
11280,1.3319487191768882
23351,1.3318645515686762
20947,1.3318476943335937
28002,1.3317857917246299
28124,1.331758319276429
22803,1.3316859216363088
14584,1.3316749735131386
31364,1.3316205135795989
15264,1.3316007452567378
25221,1.3315874301013848
14804,1.3315673093915552
29009,1.3315367860866691
19800,1.331515508900628
11825,1.3314951652582863
155170,1.3314842739706236
20610,1.3314108093808656
16484,1.3313804996127332
22297,1.3313299298621335
22314,1.3312817009202942
12288,1.3312465042843293
15731,1.331189052857623
22274,1.3311830697832219
29425,1.3311829847586985
12663,1.331166262679379
16942,1.3311251200724266
13269,1.3311086552088596
30401,1.3310931870885645
27172,1.3310844214610686
11479,1.3310660768305236
11883,1.3310332847508217
30845,1.3309740285009841
10323,1.3309424282373428
23996,1.330931687608356
19343,1.330913391917809
38071,1.33088579047129
152324,1.3308659263927298
10722,1.3308454006150945
28807,1.330841877650604
17969,1.3308285208921322
22330,1.330803522142733
31804,1.3307935300148315
23048,1.3307754000586347
12573,1.3307058385952208
19364,1.3306747044722416
13828,1.3306024806716807
15492,1.3305378335519775
11061,1.3305255852505196
38483,1.330499845087699
25397,1.3304872168195856
164117,1.330482419213492
22071,1.3304630980426069
14729,1.330417069226632
17692,1.330395270058279
21837,1.3303646060499579
155438,1.3303273148248225
17848,1.33030530091421
24452,1.3302623824853888
16673,1.3302435473334762
25338,1.3302290640198204
31382,1.3302093948649036
158478,1.3301872758193087
25711,1.3301735510333805
14638,1.3301545026175468
11355,1.3301346139706318
21607,1.3301095642237586
18872,1.3301054236904333
11093,1.330053956078763
18089,1.33000791748066
16187,1.3299897362578736
36109,1.329970809686237
20454,1.3299625806937245
15328,1.3299614181305273
31454,1.3298980069277093
10970,1.3298894116870166
20041,1.3298704191605752
37976,1.3298291083077236
10126,1.3298211962222237
12633,1.3297998663580928
14876,1.3297988731127657
11780,1.329786454029115
14915,1.329781488168625
24040,1.3297242856300946
11120,1.3297078370788264
13324,1.3296884056185219
17500,1.3296254198362518
16500,1.3296177316681088
24897,1.3295886801226469
16154,1.3295544894626934
13379,1.3294781005382705
100580,1.329422449346612
16755,1.3294184539208507
171442,1.3293588944876136
165646,1.3293146787711583
25013,1.3292908651618773
25395,1.32928198296952
13689,1.329246739933016
35714,1.3292228289233654
156934,1.329216488383201
14405,1.3291581194405824
22593,1.3291429796621326
14153,1.329111626859042
20926,1.3290687391783123
17364,1.3290636752610527
12606,1.3290482603049345
16714,1.3290438366206085
166521,1.3290420372971972
18701,1.3289049920627405
24713,1.3289012743827322
25588,1.3288891877766718
21613,1.3288877997943787
13325,1.3288754945171006
17397,1.3288733187925723
19185,1.3288549091352109
11641,1.328846102087104
18807,1.3288443517719701
17309,1.3288440211653973
13459,1.3287876252488267
158815,1.3287790449999721
22469,1.3287727397878948
22032,1.3287374681326465
19499,1.328729767657264
21486,1.3287191390066757
14571,1.3286900622111306
13758,1.3286810718986601
23473,1.3286808523068965
13005,1.3286743084591308
21324,1.3286156789730086
22122,1.3286141872461432
23231,1.3285973510760978
20686,1.3285704175236566
19342,1.3285672798071118
11670,1.3285384540307041
27671,1.3284697152206222
10804,1.328464654873982
10615,1.3284407008175942
13556,1.3283709446026573
103062,1.3283648948071192
25607,1.3283611706364373
156530,1.328314858769785
152618,1.328284114285676
17307,1.3282754873175613
22640,1.328216468202988
13592,1.3281679027326574
29343,1.3281521620226011
15259,1.3281521358598791
43492,1.328136428682523
153398,1.3281333854967756
29988,1.3281328201054854
17732,1.3280995838085792
43191,1.328084018408817
11024,1.3280833847123354
16828,1.3280337692139426
29849,1.3280262940925118
43337,1.3280036545094844
155196,1.3279593275043082
13456,1.327956470267939
152868,1.3279359330927365
22759,1.3279232937331211
19589,1.3279023787566022
12620,1.3278848826652903
159247,1.3278615999303598
102662,1.3278217570986681
10692,1.3277358223799585
14522,1.3277323815421982
15370,1.327726157259373
11083,1.3277193538584855
27441,1.3276943962380403
29267,1.327657830845484
171352,1.3276387826787786
100334,1.327637524687438
31365,1.3276328619589013
19527,1.327625490689066
19661,1.3276131409186944
13957,1.3275752518212027
19126,1.3275738789534564
23102,1.3275658813647957
11799,1.3275094634034141
12214,1.3274489328218215
18673,1.3274293410228433
24603,1.3273931901512408
23199,1.3273635723402668
24630,1.3273301304398366
19719,1.3273212146268782
25074,1.3273012726467266
20671,1.3272985982521217
20370,1.3271805122111062
20014,1.3271334664060963
163237,1.3271039915777272
13691,1.327085143539413
165000,1.327029840396751
23957,1.32702902887486
164661,1.327016469054699
12647,1.3269933849576292
23377,1.326989211095759
100167,1.3269866321992254
24941,1.3269822915773128
22851,1.3269729173909341
152586,1.326955367740781
154460,1.326912976599177
15108,1.3269113458090287
26212,1.3269053785471778
20477,1.32687655594894
22468,1.3268735884002982
18489,1.3268430569500937
22939,1.3267776924535084
29477,1.3267707570132699
17892,1.3267634157077175
19868,1.3267430701874274
28084,1.3267425275434666
25756,1.326726680762146
26586,1.326687516318519
13138,1.3266581582612873
18067,1.3266390623015976
100513,1.3266304375738789
25689,1.3265937676878758
17359,1.326582114991314
17764,1.32649903505425
16217,1.3264750929721767
13582,1.3264444595440046
24115,1.326440993231451
24269,1.3264143460591102
38170,1.3263819050080086
24425,1.3263565818091914
101794,1.3263094754574563
18533,1.3263052711207834
16796,1.326259179375055
12571,1.3262384965897234
14140,1.3262364460301734
16990,1.3260876458666666
24167,1.3260835006217335
14661,1.3260768778344123
13819,1.3260547487049354
11810,1.3260479215615582
33614,1.326035425636155
162240,1.3259835906034916
15432,1.3258874395334481
21308,1.325879601804709
24285,1.3258687327292926
13141,1.3258459678946923
102138,1.3258008280799614
11941,1.3257931341734324
32941,1.3257587954173338
17354,1.3257439533893554
37276,1.3257351849283534
10548,1.325636698042161
38328,1.3256106074619394
18706,1.3254741735643698
27717,1.3254146723649634
24045,1.3254113462097084
20674,1.3253976166628991
101886,1.3253891365105253
28961,1.325361238536991
12064,1.325359189393283
24413,1.325357787763697
16065,1.3253021697998222
16075,1.325298363686969
155854,1.3252692045893282
23876,1.3252612762851532
159471,1.3252533367846915
25394,1.3252422879282126
24113,1.325163919462391
27440,1.3251454154404276
10981,1.3251313659391142
27555,1.3251014415281825
12545,1.3250730177007317
29430,1.325030691919231
31630,1.3249827121759783
25868,1.3249588791578366
19958,1.3248820055321038
43064,1.3248683405791253
25001,1.3248626088887483
16253,1.3248415315369946
20104,1.3248202416666526
15325,1.32481574409375
18766,1.3247794533011856
13790,1.324777866104955
15450,1.3247587436799617
25023,1.3246624572916368
10417,1.3246440569019216
17889,1.324626738174127
21960,1.3245055647806876
22680,1.3244639015055697
10961,1.3244569759377138
25769,1.3244136784103309
19763,1.3244113481664221
165592,1.3243968730692144
20807,1.3243708078058916
25542,1.3243697782676584
101447,1.3243132151508175
18092,1.3243011654398866
25477,1.3242677673456262
27167,1.3242598092474327
13720,1.32422682020489
34387,1.3242207596113587
24422,1.32420808236548
153323,1.3242080145023927
14529,1.324201636094547
19268,1.3241596214968394
19358,1.3241248208780176
47867,1.3240971868744396
16918,1.3240861059915987
41249,1.3240513982549302
158992,1.3240406937222935
14376,1.3240345006876988
21021,1.3240086921685128
11440,1.3239757929595832
23045,1.3239602509245232
22220,1.3239590610421927
29912,1.3239195844814367
21807,1.3239025594902267
11102,1.3239020475174554
13114,1.3238791636479614
19368,1.323873856839042
33468,1.3238437187032925
20064,1.3238224851668525
153307,1.3237712128860204
163435,1.3237690224061225
44845,1.3237623079639056
11241,1.323756778996693
19538,1.3237429877039204
21352,1.3237120470306032
30232,1.323701494894146
13503,1.323693780652155
16254,1.3236753562424197
22479,1.3236486319056286
27485,1.3236171610888428
18248,1.3236143372269005
23454,1.3235982683756207
10800,1.3235702408159218
11655,1.3235657201897426
24151,1.3235027936325856
23325,1.3234546621462322
24638,1.323442855551992
166298,1.3234247951645988
24811,1.3234123474221628
14348,1.3233983546692794
29544,1.3233712622583682
17802,1.323345213807809
19173,1.3233357273679405
101189,1.3233295045011773
10339,1.3233165790851389
18776,1.3232913724725166
19479,1.3232813166057793
24970,1.32326228276615
19623,1.323232133081116
18857,1.3232299022841458
13820,1.3231813416341964
24177,1.3231720390026318
30223,1.323130777886158
16480,1.3231084478381892
15507,1.323037662105093
21169,1.3230270348077642
152932,1.3230094115744995
14340,1.3230087969973998
33512,1.3230001653296772
20150,1.3229940384024084
15588,1.322965316749379
157260,1.3229597439905019
24573,1.3229526228990214
23782,1.3229278895142638
31880,1.3229228008947567
10215,1.322919848260415
18106,1.3229164111990288
25987,1.3229068342691697
13552,1.3228039012997206
18620,1.3227930639484147
155404,1.3227763629835458
11779,1.3227680542134121
26842,1.3227529379111593
29635,1.322744392968949
15910,1.3227044191103503
16551,1.3227002181427525
164265,1.32268110792247
16638,1.3226718299557363
19011,1.3226595569039725
28012,1.3226588255666845
25617,1.322632479090424
101895,1.3225790579766048
10767,1.3225531198531697
23799,1.3225443155408227
16422,1.3225050188792093
23131,1.3224926569042343
35781,1.3224875075383713
20889,1.322479447520414
16976,1.3224717932544685
26806,1.3224481967598156
17913,1.322413950455386
27851,1.3224079533937783
55628,1.322338570635875
13058,1.3222321298337165
53613193093,1.3222170457168996
19331,1.3221892744887103
13726,1.322154284874545
158007,1.3221426575420256
11162403133,1.3221042552204831
20100,1.3220797764241408
38364,1.3220660057123073
14422,1.322031281757836
15899,1.3220296748312708
12751,1.321994465022108
18166,1.3219626587577535
16712,1.3219267163358848
14732,1.3219037128091617
25337,1.3218798123878106
23724,1.3218741660784799
10545,1.3218563442747715
13018,1.3218213262171135
154442,1.3218180927407086
28921,1.321810398444254
39286,1.3217903623042415
33955,1.321754008345169
22979,1.3217367317610016
26125,1.321654428796333
25016,1.3216441904076266
13513,1.3216267581978056
23839,1.3216092075483954
14565,1.3215749624162256
15339,1.3214923381096382
15379,1.321477718714592
26637,1.3213451982247515
17049,1.3213418913987591
28977,1.3213403267480315
17047,1.3213333710119224
29714,1.3213132221413135
20567,1.3212878372339232
28391,1.321221176624238
12170,1.3212122308641998
14132,1.3211963981823247
27346,1.32118713314744
22398,1.3211548741821344
13639,1.3211221293708528
14976,1.3211160464829066
11257,1.3210759439256732
27771,1.3210177186202328
13856,1.321013880131134
27436,1.3209640414237656
27078,1.3209179598564142
21037,1.320831083215638
20007,1.3208158166272574
63974,1.320783417116819
46785,1.3207798433854034
156872,1.3207649957775645
100516,1.3207292173106329
10142,1.3206985964670792
101384,1.3206619311092211
22063,1.3206450624656363
12150,1.3205974925546458
22003,1.3205532756457516
17285,1.3204808884564403
33540,1.3204758267722136
22565,1.3204460985042128
21425,1.3204337990524029
28951,1.320427710597582
36015,1.320414420765218
15315,1.320398167846927
103242,1.320326554609348
25722,1.3203160555605415
19545,1.3202716898089104
17099,1.3202522476948564
27193,1.3202066136803663
13538,1.3201807198837159
165669,1.3201637229968786
22975,1.320163497252568
26069,1.3200987262389168
28141,1.3200647769910612
21264,1.320058132018525
16651,1.3200439490571048
157530,1.320011259776577
21424,1.3200053385964343
23915,1.319983193488963
26271,1.3199752575624795
20379,1.3199740912134565
21234,1.3199601200073745
18210,1.3199113170912737
28239,1.3198920654216502
21438,1.3198911138709346
25729,1.3198547727226642
159848,1.319828343353906
12406,1.3198246301356864
23667,1.3198019732947393
24700,1.319777090149113
11814,1.319766570928527
14731,1.3197423425828534
101304,1.31968439054232
12283,1.319647530876341
16453,1.3196469629374714
19084,1.319640513096688
12177,1.319625952286939
26006,1.3196236344229477
10885,1.319620766194852
19333,1.319574069160616
100586,1.3195414716065466
166351,1.3195292766858424
21814,1.3194192927504658
103148,1.3194009460626508
20212,1.319368018140472
12012,1.3193376360244016
19768,1.319268580267268
15949,1.3192615811618524
16306,1.319252898573771
19422,1.3192513134531443
15857,1.319251240496139
28780,1.3192439635506512
17402,1.3192183796446841
21597,1.319147384045202
102168,1.3191411127406263
15622,1.3191301194163587
24038,1.3191182804311543
26323,1.319103988927076
20485,1.3190662815559144
14059,1.3190549360169823
16678,1.319001487035181
15125,1.318994029886583
29899,1.3189512749607093
22080,1.3189409746299408
18473,1.3188941773584342
17845,1.318879935787865
31370,1.3188485409023543
26639,1.3188485335464215
15669,1.3187923028521393
13367,1.3187769756124634
15425,1.3187651395919653
154367,1.3187542234916683
23631,1.3187166720594796
14312,1.3187121401087383
157483,1.3186919115406206
12940,1.3186859470288221
11736,1.318615832171162
13043,1.3186018555422905
15038,1.3185794438004907
18339,1.3185788968735317
23894,1.318571570708575
12446,1.3185372050924649
22778,1.3185129680766432
14166,1.318494463052432
13909,1.3184673516373389
10159,1.3184670211212604
157320,1.3184600291294672
12707,1.3184408263081957
16223,1.3184012462675754
16127,1.318386785288668
100540,1.3183818227197648
26974,1.31836641017256
12022,1.3183580183148085
18262,1.3183394196855325
22822,1.3183335860848802
21788,1.318314579852098
17100,1.3183004196252053
32528,1.318269000829677
13724,1.3182605253473212
14249,1.3182500074678487
16233,1.3182496761396632
42459,1.3182462165817797
16772,1.3181993674611467
21832,1.3181904086537937
18903,1.3181794025966325
10521,1.3181347485337167
152613,1.3181335910464345
159685,1.3180685858267356
21028,1.3180416217361999
20958,1.3179966466060054
18609,1.3179532497602837
16009,1.3179436421643163
20993,1.3179295596342002
13862,1.3179088776595835
26808,1.317908459945865
20539,1.3179022652508603
12938,1.3178551497185402
40278,1.3178063130455888
11913,1.317773583303557
11184,1.3177340467146021
22231,1.3176797756917191
25490,1.3176411433898796
19908,1.317634965339118
15115,1.3176029724297322
15267,1.317552860030636
12371,1.3175396340901582
25785,1.3174411457487207
28524,1.3174223150225697
11701,1.317404363967471
20293,1.3174000683823446
19860,1.317380708229577
19720,1.3173205054221575
20996,1.317314086867058
21054,1.3173043572593317
29050,1.3173030443384162
11506,1.3172985888088593
159207,1.3172894488284022
25821,1.317267779476672
14855,1.3172547774727537
17529,1.3171838437596368
102792,1.3170986750326132
102677,1.3170898935951454
24986,1.3170893050351968
11140,1.3170703782999396
13377,1.3170369711768088
21944,1.3170347978995256
14743,1.316997126272441
13991,1.3169173690802984
102727,1.3169162135261336
156190,1.3169123488404426
16170,1.3169119495336736
10967,1.3168779904490284
35349,1.3168567694652662
20320,1.3168256598354322
17044,1.3168152402293765
22495,1.316801193846839
16211,1.3167664232458125
167479,1.31671808657169
24829,1.3167065974364756
11103,1.3166881841258915
16307,1.316682487944318
31791,1.3166208631688492
14875,1.3165695922036433
11642,1.3165330746565351
18710,1.316512486839148
17041,1.3164904782762419
14072,1.3164538986805745
37290,1.3164160115031658
154931,1.3163895920044708
26383,1.3163759899142686
18956,1.3163611621877858
163596,1.3163348570792346
26299,1.316311065915928
31376,1.316293520600823
38024,1.3162932124036824
155685,1.3162883221561374
18192,1.3162653547824323
26337,1.316239974053873
24984,1.3162191744001999
31111,1.3161617938808052
27411,1.3160968954341423
26747,1.3160943908947262
153181,1.3160817403818932
21838,1.3160769150120475
101393,1.316044479393727
23065,1.3160415604574867
11139,1.3160196381134186
10761,1.3160160673866983
23875,1.3160001256828529
18762,1.3159613572214588
28965,1.315960609192438
12455,1.3159475302188826
19789,1.3159110224624238
18389,1.3159021991034745
31860,1.3158951712952345
15611,1.3158906791230365
158921,1.315828663749209
20208,1.3158149657324876
27779,1.3158109138685985
154153,1.3158099291229006
20981,1.315784070454601
18550,1.315695999549816
15576,1.3156950572110588
102667,1.3156667711359353
21849,1.315638532881431
152758,1.3156363677565008
20654,1.3156188399894189
20745,1.3156124387499954
23257,1.3156059061301046
155591,1.315585706084307
152108,1.3155818151609318
20845,1.3155514949108171
24126,1.315532684346878
17790,1.3155245367316142
158682,1.3154822758355904
101582,1.315468905263142
24368,1.3154540764340958
25850,1.3153789675008132
19688,1.315339361981951
14905,1.3153262125530323
12285,1.3153188256370365
12961,1.315317873030369
14210,1.3153131117957186
13431,1.3152983104535896
20401,1.315290506819983
17483,1.3152555822555652
21386,1.315253635071056
27248,1.315165115359263
12866,1.3151564448963575
166267,1.3151502023568353
21336,1.3151305991808853
18636,1.3151281140965083
18306,1.3150896833224919
31446,1.3150741448212866
10686,1.3150488343260687
22757,1.3150421477838459
14145,1.3150203748515277
25264,1.3150087412837856
13028,1.314997522398781
12956,1.3149920808415536
14454,1.3149455756970496
10878,1.3149195890661656
26074,1.314853493692367
14537,1.3147939916403795
15234,1.314763468424112
34244,1.3147603423944456
24469,1.3147374620196939
26216,1.314728942013333
22132,1.3147245946602275
18244,1.3147208783875493
22478,1.314709221223031
15531,1.3146556766081945
18063,1.3146072471750159
11126,1.3146000480468552
101638,1.314517251207771
27234,1.3145023191650813
23921,1.3144449307526298
23428,1.3144353270544857
24246,1.3144160022413478
23960,1.3143784002997225
26651,1.3143773468600122
157178,1.3143548342122433
16898,1.314320771648683
17468,1.3143093640553807
16902,1.3143024647379522
20214,1.3142792385634499
102327,1.3142766486273452
166913,1.3142296863973093
24349,1.314220849767671
15883,1.3142199750488626
18651,1.3141204304870353
25668,1.314074050010669
24572,1.3140619439030297
17496,1.3140389821941711
25797,1.3139829284360935
27712,1.3139795364124998
39138,1.3139739939878363
166562,1.3139487583275602
21507,1.3139412731000701
27038,1.3139092304823765
29198,1.313758751414972
16558,1.313738140136363
26082,1.3137190667948286
25813,1.3137000090620436
15578,1.3136221165281674
27289,1.3135963238450294
13637,1.3133606957960298
157267,1.3133305104283164
17277,1.3132908830845607
21772,1.3132782496011222
24888,1.313235705320443
152331,1.3132159424795733
11013,1.3132133096056973
26410,1.3131875213422575
23726,1.3131234100905658
10320,1.3130706862514814
21262,1.313036625334892
12206,1.3130227615801588
24657,1.3129975310296045
165512,1.3129796986295637
17655,1.3129768171702463
34669,1.3129580665079665
19706,1.3129475866883034
18353,1.3129432634733724
26691,1.3129409046856857
13306,1.3129068961374217
23108,1.3129043547488237
28891,1.312894885406731
20000,1.3128780510007332
36636,1.3128443214907428
27152,1.312820695513678
27826,1.3128110509812163
15289,1.3128030074457135
13839,1.3127934923959792
19954,1.3127856634127752
165869,1.3127588776405634
21443,1.3127335070054154
17441,1.3126957514512967
19601,1.3126905338340096
26053,1.3126728722754377
29371,1.3126445086451781
26635,1.3126047634099598
14018,1.3126046836148604
19150,1.3125739701949206
152460,1.3125011570027167
30660,1.3124709434261876
18553,1.3124673648440208
26501,1.3124623033599583
29004,1.3124375746215047
156315,1.3124369255263515
15871,1.3124353740171488
18127,1.3124211638978616
18384,1.3124031585910265
10195,1.3124000330406718
16262,1.3123683116216358
20696,1.3123476120821147
14175,1.312326822794119
19221,1.3123216424774524
14070,1.3123120436463351
37671,1.312291669427709
24035,1.312289636096905
21368,1.3122318313229708
100813,1.3122232747151525
102555,1.3121760054728089
18774,1.3121507388658675
21439,1.3121345526321262
24532,1.3121253110049962
10495,1.3121244485130623
153859,1.312088645180206
155784,1.3120822743166325
24414,1.312078716766145
21183,1.312038649343958
15984,1.312003324600595
154929,1.311994350501688
15133,1.311985458519883
19798,1.3119624007447865
155044,1.3119441421443094
13334,1.311937174228383
20319,1.3119366527416692
11787,1.3119258525926256
15712,1.3119033223446865
47756,1.3118580765021137
26989,1.3118499124782954
12683,1.3118085893277491
20640,1.3118046183040666
20724,1.3117948003860902
26050,1.3117910658621954
22732,1.3117868668221198
17646,1.311737963398069
22177,1.311717069831367
14007,1.3117142470451384
26670,1.3117127507358415
24664,1.3117046944897233
23729,1.3116495016905496
42278,1.3116457831321557
38294,1.3116396305136482
23879,1.3116318981954858
153200,1.3115746230456027
36418,1.3115572709955463
21648,1.3115466810704979
23492,1.3115456707529316
100546,1.3115227937839484
16568,1.311491408034744
17026,1.3114901541344306
16179,1.3114900124868525
16300,1.3114523516248549
17339,1.3114111406702524
24314,1.3113886326324362
10327,1.3113688228412113
20662,1.3113480452405926
20382,1.311347923122249
28122,1.3113103652604663
10019,1.3112238028563405
10555,1.3111900665989218
12139,1.3111673676416238
22366,1.31114676460222
152350,1.3111308775186339
21744,1.311071728421254
33631,1.3110586718417638
21357,1.310969483999272
103693,1.3109612088610798
20469,1.3109506470478582
22564,1.3109499172935695
14899,1.3108988394029621
20990,1.31089252564061
33936,1.3108828676184603
27669,1.3108218491330552
15780,1.3108145937148148
10199,1.310809034415532
10858,1.310800641923759
26456,1.3107970565986915
14124,1.3107523801043623
10881,1.3107335524907648
176792,1.3106999807663122
13670,1.3106697084010204
155575,1.310643547717534
10166,1.310627182525123
18535,1.310603881129012
20255,1.3105797022394934
20036,1.3105387853398796
10448,1.3104800901031748
171511,1.31046273790687
17073,1.3104422021414803
31911,1.3104189933531463
16852,1.3104133362963477
20646,1.3103625355989872
11069,1.3103479178471586
18279,1.3103028569409778
152141,1.3102208078004536
41622,1.31021474507563
22675,1.3101933527732754
26784,1.3101755252944158
12116,1.3101352362455878
31042,1.3101242104397954
20237,1.3101220894975683
27950,1.3100906238855956
162733,1.3100893188467686
22750,1.310076172955534
22491,1.3100573064059133
13489,1.3100345445234207
28768,1.3100295841817304
20670,1.310025323712199
22919,1.3099117390220838
28567,1.309880829814281
152103,1.3098806074627427
22300,1.3098644913961277
32688,1.309856764053162
101563,1.309835371568218
20135,1.3097817239679557
29131,1.3097576218627789
18692,1.3097420274685188
10471,1.3097017484775966
17381,1.3096742855047978
22094,1.3096035509772554
38219,1.3094888352900793
17395,1.3094376798771943
12556,1.3094304984946499
26247,1.3094139922809631
26419,1.309384157150778
22882,1.3093839838819188
22968,1.3093774559650522
18284,1.3093743084341998
22238,1.3093642453142575
153203,1.3093424170316519
156107,1.3093423710879173
28842,1.3093114431663422
12114,1.3093057286054786
34437,1.3092763975797461
27532,1.309260198375995
21118,1.309258698511
21128,1.3092324671635824
27381,1.3091992496859213
18161,1.3091737005041633
19862,1.3091599511187515
24004,1.309154055792565
11064,1.309104290657719
12493,1.3090770827548983
23533,1.3090727156350161
100533,1.3090515408479386
16194,1.3090176326569718
25078,1.3090022335862528
16768,1.3089991471248423
10076,1.3089643037278456
11230,1.308948417723342
22047,1.308947013975647
17015,1.3089154081334544
24308,1.308901804943933
20838,1.3088594068655999
22211,1.308856248169647
25130,1.3087922546843693
29000,1.3087737391796483
11680,1.3087510209156534
155359,1.3087323045788237
25952,1.308717462019227
24790,1.3087139654494293
19296,1.308687842545064
12354,1.3086799013832162
22958,1.3085857530377327
20652,1.3085567415683323
26555,1.3085236378791205
23620,1.3084810052202955
15470,1.3084501359820848
23293,1.3083476001050693
24303,1.3083410925262238
158993,1.3083043790493791
25684,1.3082841374087306
23610,1.3082748063582192
18407,1.3082693650694746
18070,1.308261448791087
162571,1.308244712703696
17358,1.308203663185341
31176,1.3081862467644985
20536,1.3081681403065868
25249,1.3080529322359074
25172,1.3079887854179648
17434,1.3079608075034452
25002,1.3079284109748244
23560,1.3079240095794764
16436,1.3079112882214223
12943,1.3078974504316143
22540,1.3078776900445017
30904,1.3078769711865914
18840,1.3078746412296889
23800,1.3078055754222808
12233,1.307802018139046
18347,1.3077615594059173
23094,1.3077397576238068
153831,1.30770495405959
10719,1.307678979025598
11035,1.3076625840012657
12720,1.3076578289630767
24546,1.3076293397416412
20359,1.3076169666893878
30013,1.3076137214149122
12852,1.3074720745012574
15352,1.3074656801764872
20611,1.30746251804033
22576,1.3074564044544459
12857,1.307383981375707
20146,1.3073663076496993
20173,1.3073461147286152
14662,1.3073399960543368
10634,1.3073375375061913
152700,1.3073000294432804
166827,1.3072911086119832
10618,1.307278870212171
12400,1.3072629679808534
17254,1.3072629206964042
23435,1.3071962352663513
19171,1.3071740861306924
13686,1.3071570186715584
28066,1.3070807066692676
154082,1.3070730781307383
11560,1.307037534071032
19965,1.3070208787106639
28934,1.3070059391261484
25906,1.3069970887162095
31525,1.3069546302182549
11920,1.3069360495912954
15530,1.3068937338603612
14623,1.3068861583554523
23072,1.3068828566772435
13437,1.3068804754482204
21319,1.306879705344504
20929,1.3068427647045955
10141,1.306799422054386
21869,1.3067873417144116
42376,1.3066717881077543
11571,1.3066662555471782
21172,1.3066121732925131
17908,1.3066105244618034
16030,1.3065745102613124
21479,1.3065671951694224
53914,1.3065021255401643
20523,1.3064914078856393
21733,1.306489045947701
13251,1.306487003500361
30393,1.306425501117171
10487,1.306405339169077
29251,1.3063792745295175
10899,1.3063621389615383
18258,1.3063593595299703
24056,1.3063172265714362
30855,1.3062946594963114
16652,1.3062210971432793
159368,1.3062036910540917
10385,1.3061922767955128
20360,1.3061914929858387
22207,1.3060810250507915
24774,1.3060350231654447
19909,1.3060285975369441
22176,1.3059807198026254
19247,1.3059339375573298
163055,1.3059338198558692
26184,1.305892324600822
20018,1.305889527857702
10071,1.3058734726027967
16214,1.3058698209857909
19803,1.3058691422389792
23407,1.3058603734898944
10262,1.3058526779831543
10263,1.3058331596397434
29483,1.305832130358173
13233,1.3058092667484298
100054,1.3057680928239863
11835,1.3057414567326084
31562,1.305728730389271
23906,1.3056923978494337
23004,1.3056910001939555
12329,1.3056876370031667
26140,1.3056852339534188
15597,1.3056810846865954
26504,1.3056045668081464
15019,1.3055537718495283
19240,1.3055473659976264
15211,1.3055452410578243
22449,1.3055134271450481
166171,1.3054673751085144
100587,1.3054659260867916
13464,1.3054433728804167
16201,1.3053973502431873
100781,1.3053923187890795
152345,1.3053915801430347
10726,1.305391250006518
25784,1.3053842737128
22091,1.3053237672743472
10192,1.3053180897869288
12088,1.3053174175593525
27579,1.3052706704453338
26907,1.3052628459710383
20932,1.3052523015546973
23098,1.3052291909936296
28417,1.3052199086118346
26509,1.3052075878569376
18477,1.3051851857511592
22573,1.305146281378292
19946,1.305134372617377
19232,1.3051150315967441
13645,1.3050983598477766
14942,1.3050430054117166
27445,1.3050258890317494
24593,1.3049310655651982
158710,1.3049032122969082
20568,1.3048957080513137
20105,1.3048924703093776
24213,1.3048821396596095
19214,1.304857173954104
17332,1.3047811883647047
18899,1.3047684709842893
15779,1.3047272352647976
13521,1.3046731037639303
16503,1.3046691289714836
26369,1.3046653410683258
19502,1.3046106403422277
28218,1.304599384680056
13962,1.3045595942117403
20853,1.3045521111998548
13663,1.3045482661137684
23439,1.3045204171080842
30035,1.3045174579602739
26896,1.3045162782564332
16582,1.304462912749697
171055,1.3043864325662937
154803,1.304381378277649
21952,1.3043643481537353
18200,1.3043598146457884
20138,1.304356443279903
12061,1.3043233222399
12225,1.3042983597389748
23084,1.304217583833181
10554,1.3041923257200787
24453,1.304172567636022
27981,1.3041481134561557
24202,1.3041469864009467
16114,1.3041396198868207
18499,1.304136463014966
18061,1.30413472194844
22457,1.3041215196692004
42778,1.304066747300606
157839,1.3040611577789432
19341,1.3039903600995608
12669,1.3039592568479452
18425,1.3039533420796356
26305,1.3039231344383102
21725,1.3038941478634858
13802,1.3038749459624557
102429,1.3038483311347786
15427,1.3038357785338577
51945,1.3038327484490941
18493,1.3038281385623112
102731,1.303824236080529
14032,1.3038055053087212
10365,1.303796635770322
100062,1.3037959234396952
158479,1.303766923421508
159827,1.3037115423226595
15547,1.3036709529045116
39297,1.3036176940793813
101031,1.3035788608505392
19219,1.303569827539658
11501,1.3035671454774025
152816,1.3035570558292537
21874,1.3035075590762752
30070,1.3034787919218525
17025,1.3034698727251117
16800,1.3034540563502983
26655,1.3034530916948446
100498,1.3033687670366503
27911,1.3033594095949426
25420,1.3033477967144402
15221,1.3033242119280402
21000,1.3033209959371632
12467,1.3033102704381356
23478,1.3032858631747586
14280,1.3032703770709801
32092,1.3032339621367994
13986,1.3032093352083645
17017,1.3032067625858232
11782,1.3031721285417521
100369,1.3031667160936127
24401,1.3031629019322546
39516,1.3031412347357674
16281,1.30311593128306
38678,1.303101583261828
23865,1.3030947722630088
28492,1.3030874530261138
18808,1.30306895234403
19159,1.3029406012400837
25104,1.3029371516568966
11647,1.3029061599076444
26152,1.3028991391435443
28900,1.3028778957837261
21754,1.3028715766995143
22829,1.3028628428465392
18921,1.3028502725647313
25028,1.302821111954281
15536,1.3028054721589875
23092,1.302764543773631
25334,1.302730639620474
23265,1.3027079487139532
25448,1.3027006081531236
18267,1.302699260855792
10342,1.3026988868323084
11493,1.3026840626195735
153198,1.3026650463195002
21435,1.3026480387092456
11130,1.3026421254642473
14866,1.3026333979216753
162550,1.3026149996554683
21475,1.302613124221752
15457,1.3026067974154252
154554,1.3025693283200648
23166,1.302563428318515
13199,1.3025610367315494
31215,1.3025540395981652
16960,1.3025413924905818
29570,1.302538989489548
17213,1.3025253592481263
22475,1.3025037567737836
14146,1.3025034685186452
12469,1.302503206780762
80571,1.3025026977644127
21864,1.3024797401476826
16197,1.3024797121467622
154861,1.3024558191342281
27182,1.3024522593913253
28833,1.3024497189654813
16662,1.302413875192354
25418,1.3024058406980124
21736,1.3023796732733057
15518,1.3023706967770747
27068,1.302349989767635
12873,1.302334645974624
164379,1.3023299668724395
20936,1.3023094021533475
27677,1.3022951523111936
12195,1.3022883621288714
12155,1.3022827392848013
26310,1.3022086055934576
31448,1.3022015525570083
14475,1.3021889230878432
13232,1.3021645849965533
21171,1.3021468777653549
14039,1.302146100458035
27147,1.3021341077589592
21586,1.3021312642601
32946,1.3021267215016943
25247,1.3021258943648941
23834,1.302111064842108
11695,1.3021108516160504
26602,1.3020406571304581
21625,1.3020035158017096
11344,1.302002572627091
15554,1.3019961666454947
25313,1.301978201190604
30965,1.3019733855646025
14959,1.3019351660538563
25543,1.3019235119501182
28194,1.3019139018229482
11262,1.3018997039735476
12290,1.3018965339247284
23152,1.3018916980148907
20794,1.3018159959832967
17206,1.3017948521520928
13030,1.3017575750439563
154299,1.301696000251098
19876,1.301694593935254
15024,1.3016571632721508
18340,1.3016198970005044
13387,1.3015976155765523
23121,1.3015621930099308
13869,1.3015171206538318
22332,1.301504408244698
166297,1.301499328663682
21461,1.3014722265019179
20503,1.3014658312860248
33620,1.3013905182521333
19325,1.3013744104246825
18575,1.301360395228988
26835,1.3013504272550154
16824,1.301348575990849
20492,1.301343510087715
23579,1.3013344243129144
12515,1.3013223807635632
163100,1.3012487435512927
10778,1.301247335254075
20312,1.3012258497708715
154898,1.3011816265996035
18472,1.301142088449488
11959,1.301022868172243
18229,1.3010151369004002
11746,1.3010143572797963
31433,1.3010119902864539
24110,1.300987179244358
155827,1.3009638517067996
13612,1.300963759053625
20608,1.3009503991650448
31871,1.3009454673508436
16889,1.3009331660507346
10673,1.3009031907109596
156597,1.3008817585774084
19654,1.3008506003626006
14478,1.3008383106947219
16612,1.300752684699092
19890,1.3007461141593086
23955,1.3007325618644698
46341,1.300730543283692
13593,1.300719178282435
102374,1.3006690546241086
14173,1.3006594875630881
27031,1.300645077224323
32473,1.3006423139449805
25798,1.300633971472043
29310,1.300625495258809
17094,1.3006160606430464
11879,1.3006147714255145
28684,1.3005633522488038
101437,1.3005195050875071
18777,1.3005143055059076
22329,1.3005021021335585
13542,1.3004963169482793
13692,1.3004812675748219
17493,1.300427007600395
11950,1.300415172978169
152478,1.3003937007331123
27102,1.3003532499138815
15744,1.3003531145149285
19889,1.3003147673177538
24786,1.3002924969642609
13094,1.3002697912570373
16656,1.3002597973513312
28715,1.3002221077304075
100239,1.3002050060195587
19091,1.3001540769351232
22560,1.3001475698240959
12985,1.3001410929776356
14926,1.3001278268348815
30468,1.3001175303595467
26105,1.3001063130062487
19329,1.3001048522045675
25640,1.3001008387515776
27043,1.300069624852481
24447,1.3000331190032843
26893,1.2999981422523759
27464,1.299828548252822
165781,1.299816866049988
36986,1.2998082131522362
49438,1.2996957146003947
13072,1.2996355677210005
16406,1.2996139528552946
10021,1.299568534359332
20573,1.2995222683976069
20756,1.299519477597832
13921,1.2995189541287666
153611,1.2995033013363162
11773,1.2995011217054204
10684,1.2994869524870007
21929,1.2994661209905498
14050,1.299459792096612
12264,1.2994521509305053
25373,1.2994051939246405
10362,1.2994020334433338
23840,1.2993910695607636
18049,1.2993822304503064
21560,1.299377185342531
22974,1.2993604201330506
159562,1.2993221773424246
12893,1.2992857636320174
154883,1.299234927102044
15741,1.2992174566408992
18268,1.2992045279560647
26396,1.2991291640100044
20122,1.2990806376924842
31782,1.2990468599294123
151717,1.299037801889705
22749,1.2990087068715988
20525,1.2990017977369017
12925,1.2990006541666304
15373,1.2989858468332518
14939,1.2989819531249267
25653,1.2989806162463666
19924,1.2989750028877094
21442,1.2989562883075523
17630,1.2989112426031175
14984,1.2989102735938531
13125,1.2988876323032819
28676,1.2988848504895294
12396,1.2988618395086142
15891,1.2988591760896997
12644,1.2987352498455802
177214,1.2987244852988022
10792,1.298719117767652
20024,1.2987142579383129
24284,1.2986971236495535
16349,1.2985980787717808
157694,1.2985682427574115
14414,1.2985497708246152
12485,1.29853308963271
21524,1.2985228362077994
20172,1.298522727580251
22374,1.2984917250257346
12362,1.298474370191393
23510,1.2984617584957103
16936,1.2984595844848594
10485,1.2984562677174418
156909,1.298433136488903
22224,1.2983841537443384
39667,1.2983791464759507
26569,1.2983777860166799
15054,1.29837438624335
12386,1.2983637731009614
152244,1.2983539105281832
17058,1.2983504424740913
101438,1.29834536162841
101827,1.2983124391406473
18487,1.2982881790695577
15032,1.2982833680852213
15452,1.2982529927314144
12011,1.2982475532717832
10983,1.2981984551884578
17923,1.2981625252542652
22328,1.2981611481491007
12770,1.2981534897391276
20826,1.2981515900736984
15843,1.298125258364526
19195,1.2981009451314491
28554,1.298064991172393
23868,1.2980525218131227
27159,1.2980426580682667
10727,1.2980258268300506
25054,1.298024959492157
28435,1.298016328712733
19291,1.2980086388542484
16392,1.2980043738794667
21437,1.2979960111284954
45618,1.2979956410112274
20786,1.297983798454701
12676,1.2979699183861706
11208,1.2979549195453057
25569,1.297951634978779
28109,1.2978949512935027
28404,1.297864022569523
102924,1.2978391982977422
102307,1.2978253254194927
14228,1.2978025364598418
16242,1.297789162170527
30459,1.2977668957487412
13454,1.2977338105743301
155841,1.2977069797479983
22552,1.2976796848329253
17808,1.2976757203273102
153169,1.2976742707571522
52476,1.2976313803663249
158104,1.2976075226051833
27366,1.2975651531749366
162870,1.2975621554036723
20478,1.2975588478371478
21094,1.2975362852254313
27164,1.2975024898297618
102536,1.2974012272919306
24201,1.297385561441293
11189,1.2973807502327568
25019,1.2973468440437794
156179,1.2973336524733259
38208,1.2972309272295366
18866,1.2972289044661358
29776,1.2972018966457173
21377,1.2971399874179965
14453,1.2971146182904012
16237,1.2971073610922224
25921,1.29710082897022
28207,1.2970904159143537
27679,1.2970889130626218
29183,1.2970866704772435
20593,1.2970789899399426
101571,1.2970784774686925
13405,1.297075236579663
25060,1.2970460365962748
10280,1.29704186984501
12262,1.2970371420701379
51082,1.2970307113422914
101577,1.2970186486929782
34554,1.297018327227374
20197,1.2970090851628409
22838,1.2969935232586052
86815,1.2969813235635594
17668,1.296949341514593
166399,1.2968745371628752
17168,1.2968614381693633
10985,1.2968612933203667
162742,1.2967513679500875
22052,1.2967501687387857
13429,1.296749567493162
152355,1.2967240472272603
24242,1.2967122320784807
23022,1.2967012607669057
18603,1.2967000554252095
19680,1.2966597950930412
14702,1.296632368911224
159349,1.2966219733903512
28762,1.2966191952532993
21518,1.2966043954576312
24403,1.296555953934634
18463,1.296555158940483
37211,1.296553603188892
16427,1.2965416631789146
19381,1.2965172888602483
22196,1.296499715393777
164113,1.2964943252087997
11865,1.2964272760257514
24778,1.296416827941471
101053,1.296396853995234
18539,1.2963845752791268
15249,1.2963803583002877
24895,1.2963795612950015
19907,1.2963275551744182
33839,1.296253349041157
10336,1.2962232639692453
153878,1.2962232240096714
12344,1.29622281131
25773,1.2962183754251713
27466,1.2962106294808624
20022,1.2962044746501582
152121,1.2961910781127697
16388,1.296188145772475
20776,1.2961846051181185
164834,1.2961742552125939
12982,1.29614162985843
155398,1.2961140687289527
22636,1.2960005790551625
10720,1.2959515116164444
16523,1.2959109361631205
10620,1.2958833199065685
10975,1.2958775348173404
13543,1.2958636847975267
53588309438,1.295835741963417
19105,1.2957860866670012
10909,1.2957822285427405
15244,1.2957760045779174
15995,1.295772514792431
14045,1.2957502315608864
20199,1.295747004242832
152542,1.2957390132064035
76088,1.2957375281002455
30861,1.2957212696048706
28485,1.2956930325117917
15566,1.295678339829002
24139,1.295668731322185
37417,1.2956684166917942
15760,1.2956634710657395
11195,1.2956306113430387
30587,1.2956115555398224
18783,1.29558019249663
19594,1.2955496812631808
13389,1.2955289874574267
12813,1.2955272402794735
19005,1.2954959412477256
27330,1.2954883925197542
19640,1.2954572135956233
20804,1.2954552111914233
16473,1.2954273187029293
18604,1.2954040188742921
28680,1.2953516674482923
156402,1.295341911171899
10923,1.2953416402151663
18233,1.2953228745436614
22119,1.2953163700022559
17669,1.2953020659092855
18804,1.295273824686937
25742,1.295255658939933
25555,1.2951975930832447
19505,1.2950887190983709
14553,1.2950656190842411
13157,1.2950617612583164
22815,1.2950610153098714
23236,1.2950270808116933
27325,1.2949900392322753
23530,1.2949875518035425
13984,1.2949743302995018
18675,1.2949385147963097
23691,1.2949196868848944
22982,1.2948651791915744
11700,1.2948218454015747
11967,1.2948147263655843
14120,1.2947923654859705
11178,1.2947120996989168
19455,1.2946859510316389
20672,1.294672241843072
15404,1.2946407592429878
23910,1.2946305532135793
154586,1.2946303852130558
21385,1.2946123350896963
12991,1.294605155990955
24299,1.2945717915526256
18069,1.294536696780644
28506,1.2944739687921545
13189,1.2944650275293856
10956,1.294397981380968
10317,1.2943943987730948
19606,1.294386851184462
31390,1.2943815687909317
24082,1.2943186925837145
10271,1.2943157367570046
11935,1.2943136858454212
23317,1.2942730225773338
18479,1.2942725615177737
16105,1.2942605296203709
29564,1.2942455453760453
15708,1.2942401449468293
23300,1.294235206219635
28409,1.2942231973017466
26331,1.2942143438146854
16270,1.2942063793197236
13950,1.2941860033790717
19407,1.2941610049334602
164271,1.2941580466244877
12260,1.2941214736313775
20884,1.2940421347114397
152941,1.294025629094482
155524,1.2939637876127084
44420,1.293961897123401
11242,1.2939606822591625
19637,1.293892584611437
26460,1.2937930146489136
12988,1.293792108916937
33536,1.2937714440801387
25036,1.293769156605183
21704,1.2937441022860556
15549,1.2937257040396173
100554,1.293718457292619
100000,1.2937040778462259
18552,1.2936997275710462
102269,1.2936877763462968
21716,1.293683648068678
24893,1.2936782403171398
32017,1.2936683662928299
166378,1.2936110215151297
22960,1.2935976594588248
29910,1.2935879707292095
28970,1.2935597635002642
22108,1.2935356317006912
18162,1.2935299020322726
49430,1.293508042423964
19176,1.2934152895469953
14889,1.2934112874998982
15207,1.2933815464205065
24919,1.2933442279576057
25570,1.29327948391498
11161,1.2932650911388277
15837,1.293264839135624
13003,1.2932253006957786
17665,1.2932167635665714
20874,1.2931942681023483
165339,1.293105877143096
23741,1.293031839319707
12246,1.293014377548644
19263,1.2930067394585056
24362,1.2929864137509386
12911,1.2929805650817388
100855,1.2929690155020297
10203,1.2929682433473675
16696,1.292951705174955
12217,1.2929395741363163
19963,1.292920837852196
15806,1.2928803519138221
12232,1.292828255207191
11448,1.2928231378797623
25378,1.292790780050204
21899,1.2927858858889267
19783,1.2927695109748687
10013,1.2927653857193304
21260,1.2927565674388442
13488,1.2927429227407352
23690,1.2927250145893783
158535,1.2927055776793528
27030,1.2926783014290717
12452,1.29263363473793
10827,1.2926276526912168
14271,1.292576398930344
26036,1.2925510462481462
13502,1.2925474617415302
29956,1.292516041995392
19691,1.2924731646451457
11833,1.292457607149813
199034,1.2924557358291242
23977,1.292453620215375
170508,1.2924350171871863
29175,1.2924059240176538
11984,1.2923892505701449
23275,1.292351352027842
155310,1.2923279183344831
10366,1.292317757368774
26388,1.2923150857209529
34864,1.292290559941964
152574,1.2922472374124023
25778,1.2921892058307527
21191,1.2921799652369599
22740,1.2921385461541472
15737,1.2921348162076913
40258,1.2921130320714056
10987,1.2920821919950765
22157,1.2920617907229497
10070,1.292047863291439
16680,1.2920270784444527
165009,1.292021726783137
25216,1.2920055106112036
14470,1.2919944928313485
11499,1.2919775823665882
19873,1.2919656735270484
20834,1.2919567679924246
24388,1.2919469281302287
16390,1.2919448664864266
155515,1.2919426750601986
15008,1.2919259831648657
25529,1.2918896295773703
23158,1.2918874111979217
22266,1.2918865588791801
16010,1.291869735023021
18894,1.2918019585429181
12748,1.2917996689756839
23509,1.2917908553043786
24699,1.2917883936297176
24770,1.2917582297848778
18641,1.2917555777838912
14369,1.29172543424551
103576,1.2916892423122635
28106,1.2916723143385764
17869,1.2916452387681692
22673,1.2915846992268631
11892,1.291572947413383
11088,1.291551747989577
152815,1.2915467612047684
21017,1.2915291932661472
27795,1.291523884213139
11672,1.2914288604470152
13739,1.2914261407888745
47100,1.291420410386083
10667,1.2914162724272098
11180,1.2914112902193786
22378,1.2914087766680113
19985,1.2914061062847821
166437,1.2914001412300038
12448,1.2913739215150186
15766,1.2913012577889578
22334,1.29129822666359
18413,1.2912959903835861
13545,1.2912777050898208
24133,1.2912722811931936
20930,1.2912512227240898
11295,1.291251021938739
22880,1.291245977167379
21051,1.2912404972315208
20726,1.2912345136578474
20876,1.2912140557868577
16995,1.2911901790193383
22173,1.2911771011875357
15488,1.291171315387554
26231,1.2911629856473557
26634,1.2911207135994784
25926,1.2910952819864656
15623,1.2910867029244204
11538,1.2910647113831788
16038,1.2910501071037386
11402,1.291048905241472
10905,1.291031750897209
11168,1.2910119629636692
13751,1.2909838057213783
100208,1.2909820168782475
159628,1.2909289536612927
10202,1.290908071030632
34918,1.2908921003096419
19390,1.2908877360444715
14162,1.2908273248017565
21794,1.2908047940112788
23218,1.290765391090515
171956,1.2907580880916352
11511,1.290750067206478
20635,1.290748816032529
18947,1.290727070766157
18570,1.2907162538351171
14762,1.2906811808207141
15187,1.2906144532075245
22135,1.2906092623167567
18121,1.2905590649905267
14431,1.290549705480892
28808,1.2905206693227615
18361,1.2905030098176864
18661,1.2905016259018967
100947,1.2904742211587923
157262,1.290471817569166
22496,1.290432057178
19696,1.2904312157465958
15447,1.2903780729643308
159959,1.2903257283230536
25126,1.2903035661770197
21274,1.2902941586956036
17136,1.2902616402461393
100599,1.290232198346963
152349,1.2902054238152703
158961,1.2901971649386395
18281,1.2901917957045255
11662,1.2901898199726214
14545,1.2901655730195134
10101,1.2901526653851345
15218,1.2901265870842527
17765,1.2901224192589156
21384,1.2900891419492946
19238,1.2900831527295302
16538,1.2900487298228518
23737,1.2900364009165737
20055,1.2899648687373115
26399,1.2899560758673834
101858,1.2899559604285005
14334,1.2899289875210531
17260,1.2899209817719055
17767,1.2899173905753576
18906,1.2899152335312793
21980,1.289912232945479
32854,1.2899023747586795
17893,1.2898890447487337
21903,1.2898808199506984
16337,1.2898807008617388
31505,1.2898079793029333
16419,1.289798905992978
17192,1.2897938250025431
13849,1.2897537684867268
18990,1.289751614307121
155313,1.289709865286321
31275,1.289704123297158
18520,1.2896832639359719
18190,1.2896209949069584
16487,1.289604062910531
31398,1.2895536742355929
10249,1.2895340669625088
101218,1.2895265440464079
25461,1.289498430808549
28864,1.2894849431361128
11742,1.28946436141314
102392,1.2894453350183308
155606,1.2894440022872606
25566,1.2893777128665003
15472,1.2893323070551967
25224,1.2893251169023767
13012,1.2893012004650808
25425,1.2892803605949517
152939,1.2892580715935045
10937,1.289236556792363
101656,1.2892348655027859
156810,1.2892197215824541
24318,1.2892011599060968
22547,1.2891828895219481
21811,1.289178741119501
22159,1.2891613849016885
14479,1.2891389171458139
41134,1.2891284187227927
15268,1.2891135100620559
16713,1.28909633942527
14083,1.2890780067085974
15421,1.2890699049120309
19609,1.2890208252480715
25446,1.2890150546918704
12108,1.289001013123946
16574,1.288988698737132
22694,1.288975020058786
10237,1.2889361333390272
18746,1.288931568172995
19921,1.2889235122098703
31366,1.288882356020862
26282,1.2888706362099271
41002,1.2888627472220113
152579,1.2888527755422272
174546,1.2887622712993387
20512,1.2887395511404145
14416,1.2887299375309853
15455,1.2887233856997813
36932,1.2886797566101267
20427,1.2886700101625963
20069,1.2886599878251233
17613,1.2886181150182492
26910,1.28858858026791
12733,1.2885062462173493
19370,1.2885051406586507
20365,1.2884998702852728
157625,1.2884986967836896
28378,1.2884353779821598
11289,1.2884176563769636
17127,1.2884132845739342
35228,1.2883619100738424
12480,1.2883394925502107
18390,1.2883071743154693
11902,1.2882710796975945
17110,1.2882681501194007
14651,1.2882361037589336
28101,1.2882157283419982
26762,1.2882088579147093
26395,1.2881900576754337
12929,1.2881811324906964
20431,1.288176280830449
14307,1.2881046642803906
11048,1.2880683436567333
24671,1.2880357924353611
20769,1.2879988985281454
24433,1.2879578585034859
19519,1.2879385068172786
10384,1.2879274029375312
22978,1.2879267614983565
30767,1.2879159285595407
25900,1.2879044342981558
21483,1.2879036222808644
11364,1.287874745303775
102592,1.2878620983773506
20037,1.2878602492837237
12066,1.287849636463653
10925,1.2878300787782555
23566,1.287803367004577
21784,1.2877985344062903
12486,1.2877974115043764
26083,1.2877912337256738
18949,1.2877762093992051
19475,1.287775354284681
16766,1.2877466931529633
13713,1.2877264633595336
26411,1.2876959390844813
156206,1.2876935112927261
14472,1.2876750747111987
23335,1.2876280848155064
32269,1.2875940770315424
20683,1.2875852564014358
21764,1.2875685767569827
15051,1.287552829233412
14243,1.2874918826439072
31030,1.2874905764626023
20334,1.2874421524150326
15846,1.2873836826213745
11513,1.287377368697907
13857,1.2873732837598837
20229,1.287371367396787
33744,1.2873693727836446
14400,1.2873352871402046
13528,1.287316319112685
25068,1.2872953713492366
12523,1.2872941577812342
101763,1.2872780910293529
18942,1.2872680158442462
11123,1.2872142517234808
27032,1.2871810568211115
14366,1.287168493213114
12355,1.2870938414743693
10503,1.2870861154369932
27208,1.2870814774881336
29091,1.2870726288518195
29991,1.2870644569176963
37576,1.287062727965716
28560,1.286951438584609
18655,1.2869454958173463
155573,1.2868629719150746
28975,1.286804202697598
30630,1.2868039411370547
15527,1.2867976273983242
14582,1.2867750477879518
18773,1.286748521126992
22802,1.286746207059836
14429,1.2867405360033326
159754,1.2867305917292493
171637,1.286692511094378
18792,1.2866839292493135
23235,1.286643573348466
15475,1.2865896906872245
13067,1.2865890868364382
20081,1.2865612899494998
24478,1.2865566462546754
18345,1.2865374039341964
22346,1.2865221573683667
157077,1.2865215545217066
21534,1.2865214035740329
13084,1.2864837268854115
13913,1.2864461843423374
20310,1.2864202317923998
22255,1.2863805637103065
18699,1.2863499734423827
20391,1.2863157447157607
11856,1.2862774451922363
24624,1.2862650728255958
24480,1.286264576281362
151729,1.286250071182984
18787,1.2862416408863995
10914,1.286233390473637
28985,1.2862095754736786
17684,1.2861960303319078
21885,1.2861812232359853
26556,1.2861701130097691
19702,1.2861118120968813
21940,1.2861108947836841
19834,1.286104287655772
20289,1.2861026686932644
34080,1.286095080282232
14975,1.286066031244409
102016,1.2860623402878935
16327,1.286031869352245
21462,1.2860231540307137
21056,1.28601292835596
18031,1.2860003824075714
19242,1.2859879463362176
12948,1.2859813187359468
12532,1.2859698340765087
48578,1.28593439450081
23326,1.2858644779428305
17016,1.2858541799349108
153484,1.2858540989941984
21941,1.2858391679719199
28731,1.2858076023706846
13629,1.2857804551433736
16166,1.2857783884548002
18093,1.2857597901626978
23223,1.2857570569366796
165316,1.2857468097870695
17570,1.285717666359583
20717,1.2857139340582648
25902,1.2857099072895535
22963,1.2857057765566744
25974,1.2857036364133834
27136,1.285693592766771
20043,1.28566609910223
18600,1.2856546296076148
10512,1.2856028956808234
19756,1.2855953444872397
11169,1.285590355684845
16015,1.2855554127365545
41078,1.2855426448564151
25458,1.2855420096162329
25071,1.2855223629518933
152540,1.2855136714073423
16155,1.2855016666769774
12298,1.2854909057980393
22246,1.285481494800617
159721,1.2854767215596166
19162,1.2854467538456698
35775,1.2854093659217949
19489,1.2854028951227265
28516,1.285345519605711
11249,1.2853354002232977
28346,1.2852934288777509
15036,1.2852809814187045
30446,1.2852642088740895
164145,1.2852593164226906
36002,1.285206814152963
12345,1.2852048198994628
14411,1.2851951012465361
153756,1.2851553759050052
20736,1.2851446501765822
163056,1.2851167742162302
15484,1.2851085236698225
28806,1.2850871156523378
16051,1.2850852509290756
19603,1.2850742397517256
12374,1.2850620934904036
11342,1.285060782352932
23433,1.285014582662459
10850,1.2849875568735842
169911,1.2849588472199167
38977,1.2849321745937312
22679,1.2848844815613054
23582,1.2848789922719952
24659,1.2848705789979638
12109,1.28484681785897
16663,1.2848427129038424
102304,1.28483682838798
24926,1.2848332130590456
155758,1.2848172831291842
32253,1.2848168655546974
27085,1.2847661397532708
156615,1.2847645210416954
17872,1.2847169205566302
24194,1.2846729002032924
36155,1.2846687643812755
33816,1.284661093683126
11149,1.2846033680885764
11774,1.2845776902975161
21651,1.2844991945252102
34686,1.2844966583013082
23320,1.2844945072293559
22345,1.2844830419763038
12786,1.284454379012832
24068,1.2844226017036284
26364,1.2843891991892724
34733,1.284384202586361
162947,1.2843745529452324
21175,1.2843438933774978
13041,1.2843364762353044
27335,1.2843142615674663
163888,1.284309583646907
23037,1.2843059648947703
17564,1.2842331954281623
102689,1.2841656748369186
19871,1.2841510996221521
155284,1.2841447059439552
25734,1.2841413345821469
28973,1.284135990877675
15761,1.2841292117655765
18846,1.2840958571101087
17856,1.2840898628873658
16783,1.2840840522511099
100261,1.2840800276329982
10486,1.2840529502877749
19433,1.2840149389876627
10140,1.2839811359221043
19297,1.2839810786571493
23319,1.283956516849552
30677,1.2839407200348525
12460,1.283899269731294
43848,1.2838944524291507
10482,1.2838718263126
31823,1.283852200908822
19709,1.2838408593581638
17596,1.2838369236782667
23336,1.2837897753916834
22716,1.283785748219792
42571,1.2837824815300851
26487,1.2837238524841754
32226,1.2837128684345898
27312,1.28370124699612
18029,1.2836936067146407
22807,1.283671385739715
14506,1.2836622432484694
12316,1.2836598757323237
12157,1.2836501183818767
20369,1.2836498897911255
19270,1.2836201453501985
19042,1.2835963554461607
157127,1.2835862318652163
24338,1.2835548681127837
14834,1.2835473967305113
20112,1.2835435873222163
18657,1.2835219402937679
22305,1.2834842888715416
19118,1.2834783466527386
14214,1.283445319198544
14104,1.2834429045288498
25962,1.2834377531470909
15381,1.2834333949499113
21162,1.2833714504618123
26743,1.2833702958288453
25085,1.2833687382177992
15157,1.283357653548378
19526,1.2833229177056853
17233,1.2833150111208063
28340,1.2832852631497236
15914,1.2832770148754284
23683,1.2832645504501872
100904,1.2832589307163254
11692,1.2832437743408511
24762,1.2832298690980481
14402,1.2832052074963824
10095,1.283152657054932
59776,1.2831432157451683
23607,1.2831158428176597
13915,1.283100291292424
25561,1.28308210594521
16470,1.283068526835079
18992,1.2830418468733567
17320,1.2830317568394227
164422,1.2830293320077848
24020,1.2830248267298128
15934,1.2830207370825246
14227,1.2830043454520625
152105,1.2829845792170689
11336,1.2829610459985192
154059,1.2829168285662775
19587,1.282897129166056
24882,1.2828902475538746
11905,1.282840903448549
11866,1.2828116902643554
13508,1.2827897292262385
15996,1.2827624000617783
13019,1.2827560753938398
14688,1.282739488264826
23402,1.2827328483086038
22093,1.2826895573648942
17888,1.2826733571829227
12708,1.2826600998441815
11526,1.282659896160881
21876,1.2826466920647752
13276,1.2826346280708265
31721,1.2826300238893236
12517,1.2826279479671476
13308,1.2826109074807235
156848,1.2825994452496874
14446,1.2825956860057537
13512,1.282580636385863
155823,1.2825785347542182
24330,1.2825731181352307
20743,1.2825708696211324
13981,1.2825637555028842
22163,1.2825596401110873
25017,1.2825162806648656
21310,1.282511155482906
18174,1.282499900635973
17863,1.2824646042912566
101200,1.2823963104699938
11473,1.2823960878670029
68570,1.2823865763471518
18496,1.282383003391659
21066,1.2823162812377484
21053,1.2823084982206863
155778,1.2823022503225123
154369,1.282284535045946
29256,1.2822269759015508
16405,1.2822166802750485
25988,1.2822114728225003
12999,1.2822070540851342
158788,1.2822052241008262
10257,1.2821975840570015
23704,1.2821948178019225
14719,1.2821789108395718
22647,1.2821772782015237
16606,1.2821647849941065
23802,1.2821586444775972
24222,1.2821563394485558
11573,1.2821354884120408
11963,1.28211883168488
102603,1.2821074294200208
160247,1.2821012296005512
15282,1.2820919363104164
12734,1.2820842953695664
29122,1.2820360560354667
13567,1.2820160560254072
40931,1.2819850104129922
33190,1.281974191782523
13504,1.281930539049506
25777,1.281916390839457
26559,1.2819150443587657
22590,1.281892420274744
18858,1.2818868240108148
17106,1.2818790762913232
25938,1.281878587183241
153199,1.2818342274461094
11743,1.2818270359625412
23374,1.2818243453926954
42639,1.2817728289591803
13659,1.2817445159820473
28429,1.2817152908743485
26195,1.281671182033818
11153,1.2816476415328077
25358,1.281645990499226
18559,1.2816415699611006
25043,1.2816376712929882
44776,1.2816335011372744
25599,1.2815188040384853
10664,1.2815042237064957
14852,1.281485067927027
157104,1.281471688941013
19435,1.281462898151926
14388,1.2814067394982458
11113,1.281402480209415
20016,1.2814008376289252
12891,1.281349732655509
25825,1.2813334452718104
15796,1.2813242513941707
32368,1.2812666059341138
153910,1.281242978707756
13118,1.2812255558353816
15077,1.281222798482269
18307,1.2812203160091413
22618,1.2812085555599928
12994,1.2812039419210528
101551,1.2811958726896242
13903,1.2811498370652519
20684,1.2811405181548496
25287,1.2811391181573761
13073,1.281137926553047
28123,1.2811239518251345
20653,1.2810630386953736
10943,1.2810156041261254
19595,1.2810019814931426
29748,1.281001400313239
23277,1.2809998141762133
14672,1.2809720982927517
29533,1.280967494558297
20681,1.2809557899989095
14843,1.2809135394086337
20704,1.2808962694731671
14503,1.280891105561291
18610,1.2808558299561674
12123,1.2808542140672643
17396,1.2808353545183377
11509,1.2808257293239864
13858,1.2808186369877788
27913,1.280774603740069
166485,1.2807663062141919
18837,1.280721624069439
16169,1.2807091585925223
25664,1.2806890703324714
20160,1.2806497279254165
17746,1.2806339873450285
34746,1.2806112872477413
16111,1.2805984336184921
27938,1.2805723035231416
153053,1.2805703849940941
28896,1.2805466062159627
35360,1.2804797246955502
15362,1.2804486665325705
24512,1.2804458000934589
19072,1.2804053234672488
29493,1.280402482757944
22324,1.280390607990698
11164,1.2803766561004186
20607,1.2803601215073313
29659,1.2803356701939432
11269,1.2803122316481943
21334,1.280306467003191
18730,1.2802650862656288
10602,1.2802603957097383
11497,1.2802564510844436
19192,1.2802509978687773
25297,1.2801669023122184
27655,1.2801659943654922
159938,1.280156310046975
15251,1.2801409029060153
22544,1.2801149074309688
11663,1.2800909178815778
26084,1.2800900440464102
15061,1.2800552500868367
20843,1.2800428856244628
11215,1.2800395648104839
18859,1.2799973640875404
11225,1.279985441207119
23221,1.2799758212924432
13732,1.2799608054411995
102270,1.2799470569038456
13411,1.2799341141838074
11794,1.2799246996358622
16299,1.2798868949372106
18015,1.2798860883630405
29546,1.279858239139319
26124,1.2798367735894791
19842,1.279825806465508
27446,1.279813534330582
23559,1.2797998389601957
17787,1.2797164998464994
26840,1.2796606764755072
13613,1.2796571395804568
25263,1.2796483687463334
24914,1.2796457485449333
28701,1.279634906687949
21322,1.279615773822357
17544,1.2796036444397272
31722733719,1.2796000575890367
15544,1.2795918665419808
26672,1.2795878038299222
10501,1.279567837996643
24862,1.2795371438500738
26120,1.2795271221247013
24767,1.2794952834900106
24363,1.279492470690987
28944,1.279491399097181
20075,1.2794399647262573
101856,1.2794331930252298
19503,1.2794174100659705
19977,1.2793946656204025
15619,1.2793624289701353
36614,1.2793562526774183
10157,1.2793540861056345
167047,1.2793504676936571
153153,1.2793393657011447
31563,1.279336000729357
13537,1.2793169451880244
20066,1.2793081354322107
20040,1.279285968311966
18204,1.2792782703685786
155237,1.279266366942725
30530,1.2792618574686316
19189,1.279224901122899
23665,1.2792118217123984
23779,1.2792019760159505
12700,1.2792017753398097
15210,1.2791987282643438
21569,1.279195165630625
13442,1.2791949548780297
13227,1.2791836064378426
25142,1.2791753936501529
11483,1.279155965402132
18426,1.279136138854151
19077,1.2791087045758578
11999,1.2790984762457513
27355,1.2790658683456657
10357,1.2790550085521966
13346,1.2790431385346326
14652,1.2789855232998586
19265,1.278956729284624
27928,1.278952617552148
13887,1.2789520382120991
27292,1.2789307484489607
19590,1.2789183915598863
30416,1.2788712325891163
17150,1.2788031947677818
22293,1.2788021633918654
26537,1.2787948298090712
13335,1.2787646001379611
32250,1.2787561972398385
11415,1.2787500998091912
157641,1.2787175003076603
20710,1.2787005184702152
37166,1.2786870942100061
24843,1.2785980507335386
21993,1.2785538992037804
14362,1.278546138433616
12278,1.278538307785636
16101,1.2785283432408188
24156,1.2785229732789227
18747,1.2785162800591634
16855,1.278506219058486
19401,1.278494954901492
13212,1.2784787950603589
22534,1.2784578483208948
21966,1.2784486839995712
14389,1.278447288268214
15641,1.2784157222927368
18985,1.2784090753038813
12250,1.2783588655381042
11498,1.2783564114684625
13223,1.278325074301249
53202877530,1.2782901753532268
13284,1.2782877296276813
15124,1.2782855555141712
17268,1.2782836174693573
12132,1.2782652587771401
22514,1.278257285840144
17345,1.2781858561183361
22160,1.2781530617712835
14986,1.2781338758308527
21081,1.2779783075902003
29391,1.27797281879377
29176,1.2779341087636744
10538,1.2778975470582292
23254,1.2778629911759447
22530,1.2778585750144973
25106,1.277848459657796
25818,1.277767639031531
13228,1.2777476519934845
24780,1.2777074380602322
13693,1.2776768433762589
10999,1.2776618469915213
10268,1.2776061546093376
16319,1.2775926977495617
102170,1.2775874593573493
23366,1.2775596223072039
100726,1.2775589865847514
25243,1.277529351406026
23302,1.2775085903375831
20461,1.2774923672153295
17135,1.2774821577183628
18230,1.2774813249310195
16595,1.2774781414812897
24723,1.27744010015748
28711,1.2774351299487934
25575,1.2774013982886194
156055,1.277362519144032
16943,1.277362276858144
18682,1.27735946141758
16604,1.2773248004686177
25810,1.277295821318629
24145,1.2772827703307266
27303,1.2772783613237768
21099,1.2772610589129774
19182,1.2772470024555749
26818,1.2771942236577134
23348,1.2771641419253086
16377,1.2771584026980842
23958,1.2771523436466912
26741,1.2771259247879698
21891,1.2770954782538748
18868,1.2770931934802252
20331,1.2770794263079113
20321,1.2770740764886168
11989,1.2770496772793716
27217,1.277033210371654
18488,1.2770025731392065
13793,1.2769985184894546
14727,1.276976646539878
29790,1.2769761661452235
16012,1.2769647666544157
28117,1.2769529099796915
17473,1.2769399865630469
24675,1.276928684665619
166292,1.276914724738679
10608,1.2769078286260707
20502,1.2769073110257503
16483,1.276836435530421
23338,1.2767926962746
27469,1.2767902041950425
19332,1.276776442777493
15109,1.27677282288464
18356,1.276723022039635
26008,1.2767063145711164
10628,1.2766708184882711
31329,1.2766556465447898
10759,1.2765883506933013
15520,1.2765813914833706
11609,1.2765682893510724
25740,1.2765123710311235
18304,1.2764761650661753
29085,1.2764624658054804
14868,1.2764322869725702
24074,1.2764243359241378
29789,1.276416975795206
15004,1.2763729713021132
25705,1.2763487814037644
36180,1.2763408329714863
159256,1.2763103253460855
11320,1.27628096867339
154930,1.2762405150689096
166555,1.2761504164350055
22678,1.2761000460317233
13226,1.2760982336038054
16488,1.2760391990151358
157738,1.2760371285952739
26081,1.2760346735661117
29177,1.276030542467124
17383,1.276024606772685
26051,1.276023659803004
17799,1.2760109538814197
14648,1.2759963327324786
18583,1.2759675461368787
23589,1.2759296359318903
11694,1.2759231524057055
17553,1.2759219048687562
19881,1.2759140742008594
14208,1.275869203175434
158488,1.2758602005961597
27800,1.2757952827046384
34987,1.2757928767192515
14198,1.2757654351126502
32093,1.2757490717087114
17911,1.275709364372033
24463,1.275705081382998
13989,1.2756345848333546
24356,1.275592393103272
162846,1.2755430385661672
165509,1.2755384163452839
10867,1.2755234925565602
166553,1.2755138926822485
12496,1.2755136847221444
20755,1.275512881687711
25241,1.275469518197148
18718,1.275448611002958
24500,1.2754209745532932
25182,1.2753979536659172
28488,1.2753798233739317
20885,1.2753287137793767
11525,1.2753057284865854
30447,1.2752840980872633
23378,1.2752685465652138
11362,1.2752510047877619
23673,1.2752334131534364
21061,1.2752332549738679
15131,1.275229449979805
13230,1.2752240228104397
20484,1.2752211112000404
28229,1.2751708144080516
22934,1.2751396265296069
11278,1.2751388160056376
25646,1.2751291701054235
16259,1.2750866097970988
23116,1.275067352919786
24966,1.2750469326454563
12311,1.2750285437577515
12488,1.2750268980162052
22446,1.275019288126012
17290,1.2750088315084804
20603,1.2750048015072941
14822,1.275000817866846
13776,1.2749986368466635
13678,1.2749953876608562
25274,1.2749949184854104
154265,1.2749725073925269
22795,1.2749676035313566
58055,1.274963474555459
20740,1.2749559539002777
12659,1.2749086054641228
36876,1.2748797855901286
11598,1.2748510742368517
12755,1.2748369563657682
18372,1.2748223915145633
13711,1.274764663524733
14924,1.2747467035599136
18696,1.274739704222029
28408,1.2747119119473045
100493,1.2747080828952766
31108,1.2746685813452376
23812,1.2746628452274438
17319,1.2746189530728598
19978,1.2746049634560674
16575,1.2745604814909521
17276,1.2745039321047993
22664,1.2744993092114425
26294,1.274481405871231
20444,1.2744779302321476
28146,1.274469813994494
157087,1.274447131525595
12738,1.2744034255564007
23788,1.2744009294330503
21158,1.2743998982676352
12973,1.2743844846024341
24427,1.2743814349696694
25864,1.2743736562787094
16683,1.2743566611729422
27439,1.2743562209036587
18615,1.2742958329007945
21542,1.274266382460704
166514,1.27426558809524
23083,1.2742419676404293
28700,1.2742211963858523
15449,1.2741936666260019
17540,1.2741864327476262
23197,1.2741856112530252
12325,1.2741762382548087
20511,1.2741712762832775
155532,1.2741705284897131
14181,1.2741590617086682
159278,1.2741493360034366
22203,1.2741432914675348
172989,1.274128415774311
22128,1.2741258434899607
22482,1.2741230006479383
12312,1.2740500486957331
12757,1.274035067518826
43922,1.2739862416243244
29003,1.2739810771007873
16131,1.273963458068131
11722,1.2739447992577029
22877,1.27393420185821
19039,1.273902597258282
13106,1.2739012864127948
13296,1.2739008725049163
25581,1.273874107422022
24249,1.2738564900427625
26096,1.2738527992744348
26076,1.2738393797458605
18153,1.2738232928389632
18719,1.273823007253976
10639,1.273817611333782
17962,1.2738041431728593
24980,1.2737986572209674
30562,1.273781976901944
30183,1.273772493030269
13151,1.2737719627766324
24241,1.2737399674052932
17055,1.2737390894006972
27896,1.2737173707274463
12656,1.2737026317589049
27570,1.273674628063118
15762,1.2736593137109908
24661,1.273639632700909
12359,1.2736310314708754
25290,1.2736293291806362
13111,1.2736130391157596
22242,1.2736075754007947
23271,1.2735965918548549
25482,1.2735883071585163
10913,1.2735599396382926
24515,1.2735534687486723
25923,1.273537416909668
23835,1.273516283879353
20647,1.2735147251154901
27807,1.27347269551367
17101,1.2734515810318485
12063,1.273416155054269
12559,1.2733838723027087
155115,1.2733828493881307
18503,1.2733828431026364
155137,1.273355399177842
26906,1.2733250821098712
20959,1.2733209675819368
14799,1.27331820350059
16619,1.2733179117831108
26544,1.2732935016749318
13350,1.2732519206562782
13674,1.273202188219693
17466,1.2732012777227357
21572,1.2731832212544882
13551,1.2731765733749376
156699,1.2731661046597715
21430,1.2731418355102646
10116,1.2731123374499858
21167,1.273105038999737
21802,1.2730894382095186
32221,1.2730852844331721
15961,1.2730722555593872
19316,1.2730344461066012
15208,1.2729962818118103
17894,1.2729832631378715
14314,1.2729540722596455
102663,1.2729459783388994
16334,1.2729410218945587
22205,1.2729280546541673
11886,1.2728869027161842
174894,1.2728762083741592
164294,1.272875435455552
11949,1.2728477393766942
14626,1.272844456775071
21771,1.2728119758251697
10836,1.2727975920989312
14096,1.2727839396448948
32344,1.272750885117853
22892,1.272742098067957
21144,1.2727198497662087
22092,1.272688072481494
17792,1.2726775777467771
162844,1.2726768284070082
101802,1.2726501774791632
164378,1.2726417222570297
16360,1.2726245271699663
17198,1.2726232151833765
10591,1.2726130252479366
172708,1.2725899638742313
24800,1.2725251187468647
152711,1.2725180711915212
26186,1.2725015743382389
16706,1.2724740424836394
17046,1.2724735693578915
21396,1.2723900090870242
13388,1.2723738652970769
155017,1.27236606551265
14448,1.2723348075869907
11310,1.2723279785304324
14085,1.2722834243840677
21186,1.2722782637033938
17119,1.2722598573087311
11676,1.2722451976308826
22787,1.2722420962018592
29679,1.2722369146526682
17876,1.272224155392481
25754,1.2721780469131445
39497,1.272173801846256
21471,1.2721304137454348
15368,1.2721141645064076
165603,1.272103983199107
21921,1.272055004452337
171913,1.2720416571809974
18447,1.2720293585696782
11256,1.2720182781582716
24419,1.2719841544286674
15686,1.2719548997793673
16759,1.2719348200810425
11017,1.2719276746336372
12878,1.2719123792929115
10172,1.2718839575886314
11790,1.271845978421436
16128,1.2718454188981425
18579,1.2718280404033813
100640,1.2718250955976826
25080,1.2718207968465574
15902,1.2717877402572557
10289,1.2717758869402938
100829,1.2717639605928044
10840,1.2717471693751692
12827,1.271742909822382
27513,1.271683948016737
17990,1.2716576147803018
23628,1.271652063468972
21656,1.2716068314890911
22967,1.2716029074055217
10379,1.271592848233365
17831,1.2715512716879147
20824,1.271534110216392
13811,1.271524278369862
51588,1.2714952905811727
15386,1.2714927599246184
18150,1.2714926446503207
20943,1.2714843790631924
12075,1.2714570939435244
25574,1.2714489690344755
20963,1.2714190361357132
12437,1.2714089399364112
11597,1.27139859685018
12291,1.2713941025574853
34719,1.2713693381581963
13487,1.2713093560728344
160010,1.271309343477235
18074,1.2712519994399278
153009,1.2712387586102378
21002,1.2712221549593898
165696,1.2712074909415672
19478,1.2712062498256531
18555,1.2711774914661496
10239,1.271173704133569
21737,1.271159553694367
22133,1.2711440718786968
27385,1.2711257509696303
16851,1.2711198574468294
12021,1.271105851199705
10546,1.2710757678952993
159732,1.271038389892769
13515,1.2710093551184836
10559,1.2710038241927355
15092,1.2709898166501892
18411,1.2709736654486044
23460,1.2709285984648484
13944,1.2709066422203257
14604,1.2708879841288154
11182,1.2708730515953202
17580,1.2708660697744152
16560,1.2708566457006962
11025,1.270855671255588
43268,1.270844952526064
200216,1.2708436973165966
154619,1.2708426110096247
27946,1.2708234925853326
12601,1.2708211833292349
28150,1.2708175953578866
30454,1.2708143162333354
21778,1.2708116663526183
18145,1.2707955902726382
11930,1.2707826692017328
19017,1.2707622954703044
11612,1.2707601409495868
11413,1.2706924398574035
23262,1.2706765846613415
25143,1.270674247155658
14364,1.2706513301503268
18292,1.2706327517130207
26837,1.2705750290836497
19813,1.2705495581359239
11376,1.2705298465236246
14585,1.2705004814482406
27982,1.2704998129074037
18246,1.2704991619757573
15316,1.270489496810634
101887,1.2704641665023002
13624,1.2704631274577074
27662,1.2704557436335504
24963,1.270445679698651
24750,1.270438402519172
17535,1.2704211918606507
10481,1.2704061126774653
29419,1.2703512303949733
12098,1.2703406264194625
12781,1.270323025382249
12259,1.2703122194077234
18158,1.2703109461948785
13195,1.2703094227669245
27879,1.2702481676963575
14128,1.2702366198716188
12736,1.2702349578116037
15920,1.2701676605301497
12744,1.2701199233077174
24075,1.2701170906909878
27475,1.270088388160366
25572,1.270084212111407
14471,1.2700824120033636
27105,1.270057083829866
11826,1.270035019443589
154696,1.270023303070331
26238,1.2700231938337379
25515,1.2699804237100059
16303,1.2699654131423186
35564,1.2699567562816363
15309,1.2699403045627604
100705,1.269917484527653
156840,1.269912078768581
37191,1.269870531456303
24502,1.2698422276998376
18660,1.2698383704310237
21316,1.2698319152741953
17595,1.2698317005948054
18966,1.2698303955307517
28620,1.269778634795302
157281,1.2697728455631072
17634,1.2697656150404444
157188,1.269764714618943
24955,1.2697602026742978
16764,1.2697320984488645
10679,1.2696909267476237
26817,1.269690055063911
19427,1.2696451816268226
13099,1.269620170101785
19776,1.2695889591752736
27919,1.2695790621578757
25951,1.269546827670996
12330,1.2695160240059473
11575,1.2695131647582814
14885,1.269482981876908
11323,1.269473813647511
21007,1.269451377777738
25937,1.2694508587271172
19357,1.2694187951151277
26686,1.2694177925250052
10454,1.2694121956766047
18972,1.2694014237136733
165608,1.269375956036535
28360,1.2693549035355218
45133,1.2693546579530135
12094,1.269341465721208
158785,1.2693296949127564
22337,1.2693296877659617
22222,1.2692932344384258
20869,1.2692635947786792
12831,1.2692522962357575
18677,1.269243229986746
22726,1.2692390772537825
20747,1.2692202651736222
25479,1.269215259193587
16997,1.2691789973191117
19572,1.269177126378156
100974,1.2691040557863797
23188,1.2690948819032417
14004,1.2690601927393639
160183,1.2690477853954274
12154,1.2690209099024599
12419,1.269017792135956
13684,1.269012982427505
14102,1.2689969182337135
21606,1.2689945302952272
25690,1.268993815272021
29744,1.2689195144520085
13973,1.2688406643690129
20587,1.2688287482071456
22444,1.2688224041028555
33857,1.2688044868948527
15039,1.2687826114718186
16832,1.2687811731770013
18436,1.2687497889991046
48101,1.2687437901987102
10518,1.2687432657045694
22511,1.2687343379372436
27471,1.26868566786879
101102,1.2686827746270888
15204,1.268649020643804
11705,1.2686337189912853
22758,1.2686165383672952
20287,1.2686026172619331
18185,1.2685837781226972
24977,1.2685658028057303
13881,1.2685448360150982
16342,1.2685214980196486
27333,1.2685151455751755
24281,1.2685139059897952
155400,1.2685073160038522
26260,1.268501165956206
102344,1.2684800483462495
11187,1.2684291100951521
24071,1.2684287920617774
17220,1.2683666044170667
15175,1.2683527000841945
18742,1.2683227476142582
11579,1.2683012114132117
11057,1.2682963328157106
11011,1.268283504231363
101957,1.268277839678634
11769,1.268225478135795
30310,1.2682178721875048
14172,1.2681909263801066
15300,1.2681755037724796
158454,1.2681698349729087
40659,1.2681403682336077
14717,1.268092045797363
26647,1.2680880866176183
11660,1.2680619429957343
13743,1.2680429987565114
31311,1.2680324329833166
19186,1.268031041635601
29602,1.268021935203061
11954,1.2680203473546112
11267,1.2680000070161976
10990,1.2679699296819222
25357,1.2679582763110355
22969,1.26795808431698
30669,1.2679553660068517
14540,1.2679367758296005
17227,1.267905842666388
154091,1.267897340303067
14299,1.2678567296673398
20234,1.2678555955380633
26829,1.267853016038234
23040,1.267844146371099
28627,1.2678188683871212
13905,1.2678069809857002
41705,1.2677972568930058
23552,1.2677931518493712
25875,1.2677858056979763
15288,1.267765103763542
21217,1.2677439207739583
18187,1.2677336202264244
29140,1.2677186495732449
20579,1.2676998813267417
14094,1.2676816378470277
13778,1.2676640446511296
26796,1.2676411984888252
15367,1.2675905645392012
25445,1.26758572704699
159358,1.2675257121851888
24979,1.2675072328259103
28313,1.2674695395965758
10721,1.2674681904414093
22591,1.267435528787316
25063,1.2674020647683952
27630,1.267389180072998
15997,1.2673872655238132
14861,1.267324639096708
29450,1.2673204931904127
14016,1.2673087243887449
11739,1.2672268124763586
16844,1.2672128629416333
20882,1.267206186405536
16811,1.2672005826992012
158132,1.267154651168083
11443,1.267117671433463
53614,1.267096586938035
25600,1.2670886563550792
25298,1.2670424709400043
10844,1.267036631337044
10631,1.2670234482221954
153259,1.2670052397943423
16521,1.2669868131099757
14455,1.2669760550996414
18332,1.2669643932648762
30880,1.2669608615076497
17660,1.2669577643949395
21620,1.266899024119344
15845,1.2668844512051203
25045,1.266851074445433
13665,1.2668352826942642
18308,1.2668043628509826
10214,1.2668029062019015
23054,1.2667340804074496
155761,1.2667329315555438
23226,1.266726260349543
14261,1.2667060411334827
12097,1.2666991096262628
17457,1.2666724444563076
19588,1.26667185508506
164127,1.2666678809676852
18213,1.2666631897475344
22655,1.2666548492436667
16084,1.2666532017410153
152866,1.2666463251760958
11245,1.2666337035041721
16134,1.2666112086435368
42325,1.2665916080587536
16185,1.2665803624152554
157036,1.2665691612582268
177088,1.2665633996386703
18821,1.2665376341791994
10117,1.2665349699902273
27067,1.2664909211684485
17427,1.2664784693195388
10232,1.2663932675232157
11834,1.2663816197360525
23844,1.2663809483265345
15372,1.266358368992491
14681,1.266305194309681
19855,1.2662843691808365
16235,1.2662569626548135
20951,1.2662472277837802
10560,1.2662352544440625
19664,1.2662273733139555
24666,1.2662224573467635
13722,1.2662105182940737
27015,1.2661668930527674
34221,1.2661584680956208
21686,1.266116727093921
21635,1.2660800786625004
26524,1.2660657079697222
24408,1.2660630607938732
27114,1.2660492491823703
22781,1.2660364496456664
27711,1.266028703478028
18117,1.266001293923378
17240,1.2659942248998899
19399,1.2659665493167855
27210,1.2659276051281247
20935,1.2659090196487515
23133,1.2658994890832698
20220,1.265884039020043
18155,1.2658703392508852
10360,1.265853984237567
12241,1.2658424972728135
19716,1.2658396212962202
19009,1.2658235201645314
28874,1.2658226589239967
27623,1.2658148281902897
16642,1.2658051534725545
19153,1.2658016003780532
102935,1.2657966957449196
14306,1.2657533821271612
23386,1.265748691404055
24645,1.265738612657033
13390,1.265731733366687
20285,1.2657288489115044
25056,1.2657243322199847
26139,1.2657214637171632
22681,1.2656874327303798
19935,1.265681443413324
28744,1.2656800928368015
17662,1.2656594906736718
17456,1.2656574168177
153605,1.2656467059769756
13557,1.265621430239662
100821,1.2656197780272733
12167,1.2655770359402438
14898,1.2655671066642913
29617,1.2655566128622244
13365,1.265520316467519
19838,1.265505441503737
41749,1.2654945273995126
102768,1.2654919179979864
16956,1.2654840495377297
18709,1.2654635201703763
14559,1.2654367835054927
17821,1.2654362033942181
14147,1.2653912511150416
22809,1.2653854679022218
29088,1.2653718426562928
26627,1.2653615316543547
163217,1.2653533023804955
13878,1.2653458403421405
22687,1.2653379757288055
12841,1.2653298092467558
41337,1.2652849456313833
18916,1.2652714498139386
172560,1.2651999143097852
44589,1.2651438466184861
24168,1.2651048991579756
16118,1.2650998398452447
177843,1.2650905515578494
19059,1.2650647163857
40077666240,1.2650643149888956
16545,1.2650405403103235
23264,1.2650058764230556
18865,1.2649927999574637
166363,1.2649895565234432
11861,1.2649682656989747
19152,1.2649579960714852
15655,1.2649524920897415
18720,1.2649243529580831
18756,1.2649069027813231
100830,1.2649068609829812
12222,1.2649016538342854
164272,1.264890212951499
20464,1.264875587982268
23966,1.2648617851061297
15606,1.2648556672637745
21305,1.2648508012987019
25950,1.2648060609492342
15828,1.264788252932087
11127,1.2647658114923954
11812,1.2647580324043037
27092,1.264754654745453
10647,1.264741808497855
31106,1.2647141026563233
10390,1.2647053563841186
154881,1.2646647490898335
12784,1.2646353409935824
22275,1.264619724131871
22734,1.2646060210731922
32624,1.2645944030773908
13246,1.2645883932954116
24996,1.2645791667974784
20591,1.264565985976886
156430,1.2645373556246542
17780,1.2645372070061363
22007,1.264528831980339
14089,1.2645008045047266
14450,1.2644901098968948
20314,1.2644895457402576
18055,1.2644777104298364
164458,1.2644548774840354
10453,1.264418476863461
15229,1.2643780764806047
10837,1.26432903610332
18665,1.2643202873771147
23733,1.2642854180037788
26265,1.2642632722126734
104282,1.264238669681934
21997,1.2642046728693075
19235,1.264197303991525
16374,1.2641866674584419
27512,1.2641830648067618
10489,1.2641799398970712
41143,1.2641764081696416
155441,1.2641710463827491
26535,1.2641381954159991
20187,1.2641003759315521
25030,1.264044189020421
15257,1.2640108054146255
23675,1.2640013362917373
20376,1.2640009953667943
171403,1.2639880251161324
24409,1.2639762163432526
10658,1.263955442746051
24271,1.2639131863912032
102020,1.263912906048366
19757,1.2638726401928255
153263,1.2638721803569086
13815,1.2638629376245811
10500,1.2638474213811275
31421,1.2638266045522417
11981,1.2638223259981602
12715,1.2638108922631195
10769,1.2638049975487404
18460,1.2637800480815076
11934,1.2637749324248713
166317,1.2637536358849064
24466,1.2637494244799732
11995,1.2636807351337684
29072,1.263644212717229
19641,1.2636258144298436
11145,1.2635820255659818
34133,1.2635767844640098
27811,1.2635347672696635
19174,1.263514202195001
14452,1.263494608287621
157021,1.2634705671130007
28525,1.2634571563942916
20997,1.2634505745761508
16854,1.2634175342053533
18232,1.263407245278014
21906,1.2633777005218596
17791,1.263371958921829
26700,1.2633621067159404
31094,1.263328057749357
28318,1.263299336184716
10764,1.2632970490838082
10652,1.2632790431673826
32090,1.2631928623704813
24191,1.2631811479376804
16820,1.2631063845800843
19937,1.263106009305211
12208,1.2630895885412385
24916,1.2630775187521723
157861,1.2630596558812008
29012,1.2630351624678287
13385,1.2630236861790278
14794,1.2630139350827805
12445,1.2629931237858758
10853,1.262986346562593
26311,1.262974604046756
12356,1.262968904473985
34282,1.2629619767889968
12004,1.2629619532442262
25173,1.2629405014460027
25589,1.2629131935895561
155062,1.262891001933123
11244,1.2628251903559744
101336,1.2627897587252113
30650,1.262769517633096
29535,1.2627637123848685
18005,1.2627416416370156
13756,1.2627288806924684
154814,1.2627158765179587
22474,1.2627108081831098
15807,1.2627040654712478
20056,1.2626933772150903
155772,1.2626601914203608
15562,1.2626451120500934
25370,1.2626433773387065
38333,1.2626229414325054
25052,1.2625645993955397
152117,1.262512774872476
37559,1.2624967455105978
15510,1.2624862165397401
12257,1.262481180693454
27759,1.262459624028015
23592,1.262456128281373
16916,1.2624381212682376
22256,1.2624328099925772
13252,1.2624104125268858
11202,1.2623494864394484
23534,1.2622954148638013
10728,1.2622926848043587
20529,1.2622528842420127
24592,1.2621978140797956
24407,1.2621852299941825
12837,1.2621839947974944
16743,1.2621837386343506
32565,1.2621535157024952
10490,1.2621463250207974
15055,1.262124847392416
28266,1.2621002758635889
154577,1.2620416937703267
28964,1.2620406317912387
10833,1.2620299304494245
30110,1.261988394905446
10523,1.261966261158561
19411,1.2619365947521781
16244,1.2619181007737508
17755,1.2618917262094869
28324,1.2618896923147733
36342,1.261839614140813
20065,1.2618369778135636
40189,1.261827886895208
20272,1.2618256100621228
153483,1.2618250375293187
159031,1.261808676736563
29758,1.2617923751437556
21985,1.2617903732383633
172106,1.261788136499415
11974,1.2617868915422463
17028,1.2617646331671044
19633,1.2617351610275127
12095,1.2617351023461363
163357,1.2617172614440968
17112,1.2616934525084857
24933,1.2616932099655023
13116,1.2616929065441267
22130,1.2616869973856966
31524,1.261684219436052
152278,1.2616422172250579
21087,1.2616157736742248
12289,1.2616131395933736
101436,1.2616030993002672
152354,1.2615613996564405
26737,1.2615506694909715
162962,1.2615390719480983
28555,1.261522770050665
14912,1.2615101616026951
20846,1.261504218059733
18761,1.2614882108941097
14961,1.2614818993813754
15081,1.2614437105618193
34057,1.261416562941589
12050,1.2614146543676572
13517,1.2613999452805467
11966,1.2613935001126515
18681,1.2613730550366236
24111,1.2613729369482618
22883,1.261334047146551
14936,1.261330912025166
15184,1.2612532903887623
21646,1.2612365461169321
43473,1.261213843152334
23666,1.261207124874056
33933,1.2611671406257408
18358,1.2611651415820937
27559,1.2611628620509998
21863,1.2611508690730782
13060,1.2611365012408495
10062,1.2611356071635322
24390,1.2611328862707507
20176,1.2611328764470735
154565,1.2611031550107281
156166,1.2610380228580143
16799,1.2610115820864831
165168,1.2609972331859634
17608,1.260974165048327
10018,1.2609730502913674
102942,1.2609696189796369
18242,1.2608586592467312
19797,1.2608546963021294
19485,1.2608510228468688
18513,1.2608373142911884
15687,1.2608281759085087
14821,1.2608221396283021
18691,1.2608072735706028
15758,1.2608064027093648
18466,1.2607810111437716
11936,1.2607083983277079
16761,1.2607018493529187
22012,1.2606822692390904
20107,1.260614652339173
13618,1.2606139041776463
13897,1.2606134030227214
100643,1.2606017746769187
11572,1.260594607926276
16239,1.2605025364622546
15603,1.2604932659731851
153617,1.2604784919477925
14200,1.2604693408434944
22789,1.2604502345417294
15743,1.2604399075996975
18505,1.2604361606868721
25671,1.2604144426863475
24198,1.2604090283843938
48048,1.2604041752453254
21636,1.2603846019937708
28904,1.2603784787285384
156035,1.2603734543093836
21873,1.2603685253492731
17389,1.2603550479942647
11040,1.2603427818291306
28719,1.260338135591361
18328,1.260312177446403
19973,1.260281157930979
19151,1.2602654683431633
18664,1.2602588482194619
44625,1.2602445249994845
18059,1.2602413476224872
20304,1.260233081712158
28924,1.2602189279911347
25500,1.260195920082108
13310,1.260194589869574
18931,1.2601771630203795
23027,1.2601628584532565
12525,1.2601356192890338
26885,1.2601164113890395
23742,1.2601024026542658
165520,1.2599711346738112
30674,1.2599259142071486
10592,1.2599173281600307
17300,1.2599107651729038
16396,1.2599008322234668
14332,1.2598991027470392
11080,1.2598914174935905
12084,1.2598760700084972
21041,1.259871518542436
18299,1.2598539930671528
27328,1.2598388927580895
15514,1.2598072365619082
17824,1.259795358922475
17905,1.259790579204119
15193,1.2597744151917407
20520,1.2597629965032988
18874,1.2597443254942684
26816,1.2597400999906343
18835,1.2597345478275788
20711,1.259732038158996
20097,1.2597294100802912
24264,1.259724589923965
10136,1.259723983772273
15417,1.259720939221744
10579,1.2597100893340973
17528,1.2596954142745307
13635,1.2596752271585971
157860,1.2596703019458466
22855,1.2596680813227585
100563,1.2596542061418303
11108,1.2596420355076592
20645,1.2596357764045187
27563,1.2596316877450304
10361,1.2596312077798755
102549,1.25962120645435
11020,1.2595913854388738
25744,1.2595792310371667
19815,1.2595778602724084
11382,1.259559093573412
21127,1.259542172106859
11427,1.259541654379126
10803,1.2595341208781172
16917,1.2595178343904818
40279,1.2595163403983356
10835,1.2595109458524913
10176,1.259510537460071
24932,1.2595003162871863
49886,1.2594666691413663
15847,1.2594280403162093
14944,1.2594260249336577
16583,1.2594207881910946
20541,1.259416473957942
21065,1.259414063014823
16919,1.259389743771557
153351,1.2593867425973828
25606,1.259362187642318
28660,1.2593614831115976
18047,1.2593323174637276
18627,1.2593191245347768
22191,1.2593190654607223
16630,1.2593151207601492
154220,1.2592636522884002
11665,1.2592442020404877
14397,1.259232643473798
18126,1.259207750019296
20837,1.2591437832388246
42067,1.2591421308772683
163868,1.25913353218648
12479,1.2591316017082463
25746,1.2591297635890357
22893,1.2591111922011475
14706,1.2590989261453687
156277,1.2590933781602125
21150,1.2590886382153537
18276,1.259082777947391
157418,1.2590524582012699
11167,1.2590245468705759
10052,1.2590228070297682
29301,1.2590196034750205
23444,1.2590069384013973
13414,1.2589671131042073
154269,1.258966628987423
159065,1.2589162906161697
172118,1.2589157831301019
11523,1.2589072858673114
19697,1.258877835072315
26984,1.2588212194370585
21680,1.2588081191217722
18693,1.2588005682777546
38662,1.2587981925876048
22069,1.2587722540339579
19849,1.258764987583541
16620,1.2587522662806343
22016,1.2587393751121534
23139,1.2587259391004175
13695,1.2586942316448286
27429,1.258632466604373
165614,1.258631101888362
16617,1.258622538938107
21623,1.2586022316716845
15444,1.258587749415371
15714,1.258583803818664
154207,1.2585557538465835
23577,1.258533299747678
10378,1.258531732154609
22504,1.2585033415761138
159683,1.258491341991183
13333,1.2584790497848966
101515,1.2584719295375166
15901,1.2584710759321944
152104,1.2584609275580407
20147,1.258451677412825
19484,1.2584155955519047
28235,1.2584136247743645
10074,1.2584121698296136
19258,1.2583976437991802
16514,1.2583842220834915
14666,1.2583821116169391
23095,1.2583416651746797
13827,1.2583405530165253
23266,1.2583331547885166
16385,1.2583304772977926
17854,1.2583257240469028
23021,1.2583164182286795
13654,1.2583049092219363
19857,1.2582943568706442
11939,1.2582930326300856
49582,1.2582871983461112
153490,1.258268865004161
14645,1.2582680864245988
23023,1.258255592913578
25062,1.2582382256590454
25557,1.2582223752564197
10641,1.2582093312658555
18124,1.2582016442937474
11789,1.2581975780629424
18881,1.2581906101065123
23555,1.2581890173682861
15165,1.258146070936542
12180,1.2581329366770702
26166,1.2581300338532502
14466,1.258120197724755
17196,1.2581160543620034
166481,1.2580944070231421
13581,1.2580296395329853
24333,1.257978410409678
23715,1.2579719208993692
10889,1.257959825202589
17092,1.257957455582912
13932,1.2579561272869393
10705,1.2579490822474189
32209,1.2579301161002174
17943,1.257869394858723
13290,1.2578667544381976
25176,1.257864810328022
13774,1.2578506968700753
25364,1.2578418292394082
20244,1.2578254974304708
15140,1.2578117414519512
11727,1.2578005387573206
103453,1.2578003126807524
12889,1.2577941654948357
11684,1.257793781654499
18920,1.2577859986504702
19490,1.2577843926010326
26868,1.2577529643332204
24740,1.2577521625253834
171636,1.2576997284435116
20425,1.2576911272591225
17374,1.2576824500136128
165737,1.2576817401966465
20898,1.257680798994214
31993,1.2576626621778746
27881,1.257655753194074
12959,1.257602702646782
20416,1.2575903030314977
27465,1.2575615994042966
15346,1.2575440444497519
14551,1.2575383474154664
24839,1.257521660257478
26182,1.2574937962311696
28182,1.2574911108939517
22436,1.2574885802741542
13990,1.2574844016257234
32956,1.257477790060474
13353,1.2574739153866832
102430,1.2574709772721022
11957,1.2574631275867105
13994,1.257428170947045
21101,1.2573978991292065
102062,1.2573764206497449
24483,1.2573554829804483
10452,1.2573347415257987
17814,1.2573337762675694
14038,1.2573298386185057
19194,1.2572940611464727
15422,1.257260493505385
14301,1.2572180008881473
101414,1.2572088336666967
14066,1.257206662936084
24410,1.257191816561305
23619,1.257185521516484
24300,1.2571792766603498
10799,1.2571701425653496
24752,1.2571449897762392
26548,1.2571407359953064
22957,1.2571174605091961
27713,1.2571124183794276
21023,1.257102968817089
156857,1.257090242301306
14713,1.2570901314911647
20030,1.2570897671251844
20612,1.2570701338455974
23363,1.2570595008402097
13577,1.2570040494235408
11152,1.256999810552123
162743,1.2569809434083643
20545,1.2569792634248151
23515,1.2569658803303554
23536,1.2569090045407942
11747,1.2569088212794486
13591,1.2569052085360874
23337,1.256889840741799
13797,1.2568870558720717
25102,1.2568706649070431
27416,1.256861175907608
23640,1.2568423309417405
13912,1.2568341785776054
155788,1.2568337683876245
17543,1.2568336892747403
10259,1.2568188868172636
14106,1.2568184762251453
28513,1.2568154084634287
15596,1.2568056207065916
16016,1.2568044606725777
18800,1.2567832792595341
20992,1.2567826845344863
10228,1.2567776928094267
25877,1.2567690471869226
22814,1.2567607886065773
18334,1.2567447505791858
18502,1.2567399733108244
166479,1.2567080178041452
18469,1.2567053613770875
163348,1.2566948623642857
14797,1.2566932536903916
23499,1.2566807780861875
101090,1.256679490217016
12165,1.2566763875071967
155804,1.2566552175608523
159202,1.256645643262317
10795,1.2565746987027608
19642,1.256562317356094
17552,1.2565116251170059
17636,1.256503355165145
25422,1.2564992797544823
10168,1.2564945761299746
24164,1.2564866996563078
25345,1.2564765290826025
10566,1.2564764348776392
14333,1.2564667922948094
20215,1.256432147182948
28938,1.2564137364723007
18075,1.2563840360871894
23648,1.2563792200417383
12076,1.256357780873164
24094,1.2563567580032846
13200,1.2563446512442629
16748,1.2563321256030746
13789,1.2563162158359347
152387,1.2563116102062473
22849,1.2563015252607912
24189,1.2562870876532917
10369,1.2562819120211568
19425,1.2562564288819353
10675,1.2562459427271384
13771,1.2562307421883239
13628,1.2562294485219108
11955,1.2562288565821145
20418,1.2562279927648743
20407,1.2561979960932004
25535,1.256195768711947
14278,1.2561942129982449
11588,1.2561853140959007
20452,1.2561723295665639
101875,1.256146984038667
17241,1.2561247908744266
152420,1.2561243255214525
15241,1.2561199097749378
10428,1.2561060736434189
21474,1.2561055628875475
14761,1.2561030276724132
19951,1.256102281255634
22075,1.2560906320938106
12082,1.2560892981659306
32054,1.256066424198723
152918,1.2560526039104174
25157,1.2560321793524882
12444,1.2560114272337108
22153,1.2559332380570907
13340,1.255923028368092
163891,1.255908032237512
15960,1.2559041309359198
11776,1.2558887220743378
17422,1.2558867161783405
12998,1.2558804338789644
16493,1.25587437390482
24235,1.255824769551931
22162,1.25581720739684
17108,1.2558138109685548
10862,1.2557988977427565
11324,1.255797003182525
29416,1.2557459329998604
20718,1.255729253225147
18136,1.2557025678250864
10314,1.2556947570343853
12249,1.2556728434333244
30519,1.2556540452415488
11004,1.2556532355413954
35477,1.255629043114105
16399,1.2556136838013936
100799,1.255540193104549
25927,1.2555272939254725
14550,1.2555264649888593
154903,1.2555113151766513
10851,1.2554960335247853
100872,1.2554909752247738
18638,1.2554453633010525
12013,1.255394653193692
18744,1.2553743597277545
12723,1.255365975922827
24578,1.2553622232267172
28493,1.255341897535664
20031,1.2553322340959245
30020,1.255315762060718
25363,1.2553128144594854
20774,1.2552495127672898
20077,1.2552326466704165
23067,1.255203145898497
25540,1.25514581825577
27528,1.2551148184197494
12438,1.2551129969958699
172107,1.2551076616469052
18003,1.2550981382344473
19784,1.2550897823688967
23104,1.2550739879799853
17931,1.255054234676597
154800,1.255039561475705
21775,1.2550347085529154
25541,1.255018744878276
171761,1.2550151198211652
13676,1.255009174190158
19032,1.2549836868044253
16241,1.2549699774584455
24211,1.2549381211777548
33657,1.254933529031777
19392,1.2549224710578628
171495,1.2548961505145384
27591,1.2548761726339486
33083,1.254853610396257
13475,1.2548348009298165
11766,1.2547393961310034
17078,1.2547346998687237
157196,1.2547141882745863
14196,1.2547111437969243
12636,1.2547094455959524
25183,1.254681709105597
20178,1.2546764243461883
13539,1.2546754635876007
11839,1.2546726664929904
101682,1.254662577198618
100663,1.254653204971448
20682,1.254652973319166
10164,1.2546496322035117
172667,1.2546446724551048
47457,1.2546333482830816
14017,1.254624060919946
166416,1.254615308241085
19956,1.254598981405239
12724,1.2545964773130722
154281,1.2545625108315606
10772,1.254560418894906
10413,1.2544995710780715
17060,1.254486125094518
20796,1.2544656664859783
22462,1.2544171694336343
11702,1.2544008346207791
152823,1.2543840074838124
10130,1.2543816547702473
17275,1.2543740254711446
102954,1.2543647135383498
26486,1.2543629273163688
18895,1.2543517574020613
11087,1.2543475687044967
10102,1.2543245772654052
13586,1.2543122372190445
22382,1.254275435833595
21006,1.2542596501563894
162992,1.2542265999905327
21759,1.2542203237751866
21020,1.2541932902966053
23482,1.2541881582306342
22140,1.254183820902498
19289,1.2541099428872409
12421,1.2540998227504736
165621,1.2540500696604917
166934,1.2540411929347752
21246,1.254038991064492
18382,1.2539782443898075
13978,1.2539723247355499
11994,1.2539664765885017
25558,1.2539058221706914
15486,1.2538866057573428
12319,1.2538824918840334
22488,1.2538807596666308
156326,1.2538710141689793
53199180469,1.2538481702665667
21945,1.2538302743536052
157508,1.253825486243745
28025,1.253818754386389
19734,1.2538082000723234
20581,1.253744129936174
21240,1.25374334357973
159927,1.2537370967683508
13718,1.2537339128229315
165870,1.2537133772209554
25336,1.2536608480962015
152351,1.2536591068620233
55025,1.2536518319718268
11172,1.2536255367424383
33414,1.2536166492975975
159222,1.2535845513225923
18523,1.2535840807508807
24856,1.2535679658325418
16870,1.253551883776879
34905,1.2535386441987098
27055,1.25352841206028
27254,1.2535204807593143
154977,1.253447120080793
17251,1.25343664174196
29191,1.2534308622632058
10718,1.2534196201096732
14741,1.2534057723068006
22270,1.2533904497354715
23183,1.2533673189214227
157299,1.253357474394662
171387,1.2533564215846855
18123,1.2533424498162946
17880,1.2533366775818073
15689,1.2533034529011893
19898,1.253302896833466
18321,1.253289278719735
18585,1.2532681223280229
152553,1.253253556217832
12922,1.2532411950306392
18654,1.2532361064311848
27047,1.253154108585587
24218,1.2531310122761066
20465,1.2531170276881822
23191,1.2530953996251675
20042,1.2530780598272655
32097,1.2530274251600282
32394,1.252987994307126
100852,1.2529875490870208
152388,1.252902184291075
18545,1.252877110581547
29540,1.2528500903383548
11358,1.2528267665975148
12630,1.2527770504134037
12960,1.2527361794273226
25473,1.2527140173858606
22084,1.2527040708674444
11286,1.2526919953241127
11595,1.252688869589926
24344,1.2526839823325113
23852,1.2526614626877646
31317,1.2526486183656649
11213,1.2526260302381735
25449,1.2526238023369758
27050,1.2526043683384929
196542,1.2525522785620578
12910,1.2525485920169768
19984,1.2525425522627502
19941,1.2525308980491732
20795,1.2525302542543482
15913,1.2525276629126627
13187,1.2525154959400169
24654,1.2525140871542872
18736,1.2524882807773872
21383,1.2524716138502068
17132,1.2524199701813563
11391,1.2524185367574268
22433,1.2524056315972882
20532,1.2524021279715283
14276,1.2523926983312825
23721,1.2523878538031918
29185,1.2523553362137307
23702,1.2523546338587082
29209,1.2523448534929438
154956,1.2523281310719638
21943,1.252318066942167
12203,1.2523052551214666
21994,1.2522572888602037
20770,1.2522480420416076
19994,1.2522428899583748
22894,1.2522350748616653
16577,1.2521894440066237
31269,1.2521653811353906
21777,1.2521039504861229
25849,1.2521019231876505
165061,1.2520768315331527
22632,1.2520590578455597
26090,1.2520420375091466
15095,1.2520401715380183
101918,1.2520362603091046
36037,1.2520331278633763
19486,1.2520262413606207
18886,1.252002430932174
13578,1.2519871299617917
12141,1.2519869113566096
21360,1.2519631491019942
12821,1.2519629379675707
158790,1.2519551636364596
13277,1.2519525860725307
26390,1.2519469781641273
12932,1.2519392350823906
12093,1.2519069167190005
156718,1.2518484383188775
16548,1.2518397244603439
36855,1.2518265359380372
15831,1.251809537126887
10932,1.2517650355843013
14954,1.251759576206251
23811,1.2517547288352624
172447,1.251744771226551
18311,1.251728476168997
11502,1.2516799874592297
15102,1.2516096867000635
14838,1.2516007215249934
10258,1.2515993728604407
20328,1.251564303022939
23340,1.2515415040298192
17739,1.2515395619407934
153832,1.2514904354361256
37455,1.2514665125043407
11216,1.2514605703619872
32236,1.2514569419507615
16401,1.251403154027813
19060,1.2514001675979238
19698,1.2513972125804762
43263,1.2513788140795985
11637,1.2513463249908692
27525,1.2513299286676127
13208,1.2513240818292297
164112,1.2513155469436381
11277,1.251305464729313
25119,1.251263717348728
17481,1.251235872240718
16910,1.2512319659747386
11052,1.2512110936563128
15179,1.2511508186893001
21410,1.2511468431982893
158453,1.251102861860233
20457,1.251086961539838
17916,1.2510631349673662
30625,1.2510178757142427
20099,1.2509870733185557
24188,1.2509808162611984
26482,1.2509634541486656
17864,1.2509628054280677
13725,1.250956182164988
18494,1.2509359211639568
19015,1.2509350687590401
26636,1.250928539582021
13492,1.250909247858428
204378,1.250886323943864
11326,1.2508733037353865
10363,1.2508644641979962
10067,1.2508476038349299
22443,1.25084403455811
102487,1.250835901425063
24648,1.2508346980660878
10936,1.2508289675998696
19999,1.2508120880888978
23527,1.2507915839235102
18030,1.2507833505766734
23443,1.2507784884914184
21208,1.2507678378225027
20969,1.250758472572453
11744,1.2507450726524743
18519,1.2507352699429792
30819,1.2507275606784234
14320,1.2506906680506653
14925,1.250658688522641
23872,1.2506582245467948
20371,1.2506503534313842
19875,1.2506489660515914
26775,1.2506204918630448
20702,1.2505922418451003
22327,1.250558612831633
17069,1.2505460440918932
17918,1.2504970239086448
159149,1.2504782556838396
14428,1.250474084833913
74384,1.2504589086657016
27757,1.2504587276113597
20047,1.2504122708116228
20246,1.2503767721103256
25665,1.2503582258365888
12423,1.2503494344240245
32871,1.2503424655956035
19767,1.2503319336150627
10834,1.2503041924577223
16899,1.2502546830729193
15497,1.2502429089991525
19175,1.25023697131148
21931,1.2502202656248211
24153,1.2502066200590787
29168,1.25019616446651
165679,1.2501865483085677
170730,1.2501804992112722
44079,1.2501626814436109
15605,1.250117352627129
19701,1.2501126316950995
32586,1.2500873702212103
166263,1.2500783340157047
18272,1.250072610758831
16287,1.2500271151948426
28199,1.2500135905923129
101116,1.2500119868736497
16862,1.2499914032945547
20166,1.2499675761938538
27044,1.2499599955235856
13153,1.2499332713766635
101872,1.2499132337773962
21844,1.2498972398337187
27077,1.249887449142768
12705,1.2498546260736223
22906,1.2498477850136929
12103,1.2498330449184862
12403,1.249830898909167
20537,1.2498123151642988
153637,1.2497913139115975
153646,1.249789126854459
21554,1.2497648368484429
28592,1.2497624182524836
20895,1.2497534061477833
18987,1.249742311872884
15158,1.2497131130315808
10625,1.2495975127577417
29411,1.249588490582641
10418,1.24958259802727
22258,1.2495801771399848
29795,1.2495608233746456
12349,1.2495511903235033
21611,1.2495471624265795
12549,1.2495308942332801
14064,1.2495064677807368
13490,1.2494770517288158
23172,1.249475068475181
12143,1.2494641638307116
23415,1.2494639937510517
12189,1.249462776136928
26843,1.2494290474793381
10118,1.2493580266646134
22964,1.2493455022069817
12341,1.2493389757993605
20701,1.2493346655384743
16924,1.249293023092712
22843,1.2492844700020174
15159,1.2492748299535459
20340,1.2492551217379542
11891,1.2492353920956996
11233,1.2491325034556593
163071,1.2491265578351451
26135,1.2491065239550054
10335,1.2491039112045872
23459,1.2490974939172914
12397,1.249083594008746
41708,1.2490488362726706
163731,1.2490306506823317
26437,1.2490207524260553
154485,1.2489855522147906
17065,1.2489594647010474
10916,1.2489519837502383
152784,1.2488670100624042
17288,1.2488549657613064
26170,1.2488501202450533
12299,1.2488398453400944
17273,1.2488053317239414
24181,1.248793593207264
156368,1.248773829812306
23475,1.2487215319411324
155026,1.2487152838931368
20236,1.2486842928692936
38612,1.2486667637213398
12987,1.2486385363966404
12324,1.248617232961481
23011,1.248616069142201
14793,1.2485951985065926
26991,1.2485655473468884
11996,1.2485274182436228
11059,1.248524962608389
17161,1.2484804229302735
11545,1.248479915684945
27314,1.2484699864505266
11492,1.2484627282296983
12314,1.2484609416105215
31894,1.2484528649011208
25995,1.248389439473913
19517,1.2483396094199246
15296,1.248328836933912
24112,1.2483162551583173
10450,1.2482870038781426
101658,1.248258337670303
21537,1.24824422359001
13206,1.2482322733677116
152363,1.2482190025002164
18163,1.248173971655488
22388,1.2481606293961893
13627,1.2481535818761484
154884,1.2481403293353908
20180,1.2481403081047113
12339,1.2481400914022098
13361,1.2481273620586106
28303,1.2481208859198996
21338,1.2481186258610995
15653,1.2481155055796875
162958,1.2480908249228522
152392,1.2480879370702813
21278,1.2480640697329077
15778,1.248063675935262
14966,1.2480467387520395
15144,1.2480277870475316
24590,1.2480263426184373
17941,1.24801896447261
13091,1.2480129356217602
24066,1.2480093566141162
31784,1.2480070630431677
154111,1.2480048165080135
10826,1.2479879052162426
158622,1.2479407627046153
21160,1.2479379886081299
11593,1.2479283997061863
27362,1.2479146454731171
12591,1.247907850587258
16835,1.2478869532832049
10699,1.2478863729410923
13800,1.247882491155136
18957,1.2478824018938313
11174,1.247882333511639
26968,1.2478696700142355
10808,1.2478384029953782
11125,1.247823143638348
101120,1.247803921072192
101335,1.247796339280835
10568,1.2477874107384006
20771,1.2477372122212662
21032,1.247705432283125
13373,1.2477027094629412
158576,1.2476942337928574
19895,1.2476793984627557
14543,1.2476455572013716
30185,1.2476089332600797
37377,1.2475882934342721
27400,1.2475867735422566
156458,1.2475642008251173
17093,1.2475525533183178
101439,1.2475394725951447
101684,1.2475300738654955
23825,1.2475136523349541
159431,1.2474647852760383
17313,1.2474383510257276
24248,1.2474349218043694
18893,1.2474164721540666
11389,1.2473948238684034
153054,1.2473337775733344
14345,1.2473198491724324
23153,1.2472893546853971
13463,1.247251382302097
12399,1.2472504788690693
29038,1.247250086722857
10598,1.2472335541563726
23184,1.2472238550234724
10861,1.2472032858057684
24997,1.2471907035300174
24395,1.2471813842712163
20688,1.247168326485909
24691,1.247166764905861
13933,1.247156984490102
20694,1.2471545595039588
23260,1.2471377407560615
18592,1.247098333650235
10091,1.2470914434433507
27801,1.2470881577156143
22835,1.2470854082049578
18823,1.2470732428962605
27202,1.2470704608984124
22338,1.2470689247448337
16741,1.2470265210481737
12308,1.2470243893409882
16506,1.2470093379321119
166328,1.2469969022762983
20072,1.246992539512127
164189,1.2469682066817906
26217,1.2469460305173408
16883,1.246926749659685
23695,1.2469066540969993
11730,1.24690335126549
11444,1.2468955456539403
101194,1.2468638997549033
24204,1.246856813047486
34520,1.246834116504932
13895,1.246827506826829
13393,1.2468067070908835
22213,1.2468020682656924
101589,1.2467674887124227
174571,1.2467564107318827
20748,1.2467508175993913
19656,1.2467476149863375
20859,1.246747057243649
13427,1.246699218732154
11800,1.246688707102797
13568,1.2466723823325205
16209,1.2466645088457702
20784,1.2466433418384237
24010,1.246632403936196
11667,1.2466211824320472
14319,1.2466125575641127
17021,1.2465475503609509
17581,1.2465454885870204
23608,1.2465419743779773
11703,1.246538626489395
15414,1.2465286489318868
24683,1.246525445767275
10310,1.2465127759911696
28958,1.246512723337963
23761,1.246459407784633
17057,1.2464569629368911
21664,1.2464380640708246
15086,1.246434458508344
39485,1.246395686562633
12459,1.2463937799923646
18231,1.2463780385562089
22434,1.2463713250930417
11387,1.2463304003972666
19360,1.2463303409354576
30637,1.2462205245304052
26314,1.2462121405356803
22522,1.246212034016454
100657,1.2462060091429896
19856,1.2461995241526853
162554,1.246185961908117
25306,1.2461842045693068
11028,1.2461805057268647
16736,1.2461564422089892
17946,1.2461291231985985
101552,1.2461210376285992
10105,1.2461088923526746
17163,1.246108491885445
22102,1.2460994729100083
11281,1.246084575147841
27370,1.2460631027204798
14919,1.2460579759086667
101450,1.2460554708427707
22184,1.2460438850105027
19029,1.246035693019662
102733,1.2460260375138903
21436,1.2460031684060173
100385,1.2459895668663643
18077,1.245988345771302
24804,1.2459819375238286
31963,1.2459719936597944
11214,1.245956227151485
25660,1.245934360481816
14234,1.2459098188753308
11353,1.2459090577508352
44850,1.2459075407857072
23975,1.2458857763875761
154105,1.2458452001242881
20322,1.2458352391468765
14028,1.2458300101545434
16371,1.245745830358294
21631,1.2457302477798629
19353,1.2457263179011246
30721,1.2457187555711
100262,1.2457139474305716
19816,1.2456751423426595
12914,1.245664586787507
100775,1.2456544073114042
154691,1.2456364835067248
100330,1.2456301380762207
13850,1.2455773569021509
20021,1.2455541910324968
12465,1.2455481504517303
19970,1.2455475470929231
22824,1.24549936399882
27667,1.2454945858580098
18810,1.2454848885291696
15886,1.2454424075464061
24076,1.2454396663412381
24320,1.2454045071160855
23046,1.245392960108114
20509,1.2453815653507803
11150,1.2453717711495724
24703,1.2453659935061014
17269,1.2453540334050723
15524,1.245340161376499
24674,1.2452781779450344
17248,1.2452661368463374
10997,1.2452609571566406
21971,1.2452539543864487
22278,1.2452494642255414
27113,1.2452434180590013
20213,1.2452400892786804
26063,1.2452303866345136
13321,1.2452203949659861
22621,1.2451920823885536
23312,1.2451825952164663
11058,1.2451689139343656
17497,1.2451560122123173
16984,1.2451325740262125
11807,1.2451227621315153
24134,1.245112400675199
11171,1.2450864271934101
12977,1.245058600999454
30841,1.2450462687492645
27247,1.2450179097089624
12514,1.2450162144837174
13656,1.2450013725780043
17154,1.2449938406704273
11533,1.2449855154040124
36317,1.2449717272664846
20553,1.2449710508096985
15537,1.2449619913703744
14286,1.2449563804739114
104528,1.244951399317325
50025,1.2449484043454302
17577,1.2449463669222705
157408,1.2449458739020438
18536,1.2449416771278043
45478,1.2449099496939153
14631,1.2449097813136938
18751,1.2448814521524487
10060,1.2448608065030375
14367,1.2448560093679581
19317,1.2448490653987785
12276,1.2448215133758358
11764,1.2447755913058764
23066,1.2447735204807708
20988,1.2447669578270912
12187,1.2447657710333033
165366,1.2447534061151289
17816,1.244742232081466
160222,1.2447394836048258
12366,1.2447238542491563
11155,1.2446727424218886
13904,1.2446556952725396
11521,1.2446490323793153
26976,1.2446406433300932
14747,1.2446359133217335
17338,1.2446092694735549
20751,1.2446086571930595
158452,1.2445249577679305
20480,1.2444850795815388
34523,1.2444821328766345
18144,1.2444713935530438
23437,1.2444652990305276
155663,1.244431647766773
11666,1.2444308441375376
32948,1.244426497968742
27530,1.2444194914531292
10441,1.2444086539344592
11928,1.2443945895496373
20286,1.2443828883158106
18571,1.244339848933906
156245,1.2443165043222226
13519,1.2442971332642105
10510,1.2442966821994794
23344,1.2442774604684994
23877,1.2442422211732909
156411,1.2442298645075258
25319,1.244215304352109
16382,1.2442109611915586
24759,1.2442073915243634
15020,1.2442014872896099
25124,1.244141948659124
29369,1.2441371387056168
25598,1.2441147252922293
28712,1.2440872521147968
24947,1.244081920561113
13146,1.244067783942657
20118,1.2440599728822077
30425,1.2440156084383736
12018,1.2439960497394456
24473,1.2439765723697853
22227,1.2439735220807902
12343,1.2439683963098658
15887,1.2439052510199402
10570,1.243904504104386
19073,1.2438952584987584
12624,1.243885482174996
14235,1.2438391315814419
19717,1.243814209425386
12629,1.2437980839215785
24436,1.2437783013992927
19923,1.2437223653571519
10633,1.2437220286641293
23514,1.2437193566606415
24681,1.2437172039930418
20714,1.2437095070504114
21238,1.2436871848277042
31250,1.2436664607419585
20494,1.2436663428880277
14632,1.2436431819061755
33212,1.243641364589935
21556,1.2436360208529287
23829,1.2436116050434256
19065,1.2435920041610213
10732,1.243574795824293
166322,1.2435511862280602
11185,1.2435349533955904
21088,1.243505417001601
10436,1.2434886545445452
26459,1.2434749281423545
22834,1.243455760715067
22039,1.243452956937127
15361,1.2434266033245667
13239,1.2433902021852734
13403,1.2433894236385339
23408,1.2433823056012254
12919,1.2433661852972173
20309,1.2433496575694494
23784,1.2433469447273884
20637,1.2433454809461908
23893,1.2433270384157242
12069,1.2432938444673038
15310,1.2432781319574322
20157,1.243268505779104
17867,1.243239594520333
23304,1.243234368294033
15194,1.2432271269992132
17245,1.2431418034690533
153994,1.2431271831074941
19833,1.2430876957384758
12796,1.2430834981563534
11136,1.243077135816154
27347,1.2430150727730453
30221,1.2430086196300247
19136,1.242971188736599
23141,1.2429709235633464
12215,1.2429671912817484
22161,1.2429557520561518
19359,1.2429502603584364
25991,1.2429019536907508
23580,1.2428972514453824
15932,1.2428710897493258
42635,1.2428416064286845
19415,1.242840383324361
12337,1.2428391491529442
12240,1.242838201892752
25135,1.242827135234217
13441,1.2427853424735642
25417,1.2427761297486095
18105,1.2427702729463561
11796,1.2427295568331975
162604,1.2427135252115702
30386,1.2427063357759793
14192,1.2427039313131965
17410,1.2426477521863675
19217,1.2426104522558337
11131,1.24260860711558
10246,1.2425896254082678
15430,1.2425246637063294
152786,1.2425020625241787
18611,1.2424651003266756
10374,1.242455353699154
22867,1.2424474677480837
12997,1.2424294493336645
20948,1.2424284196211357
11532,1.2424035712009422
17267,1.2423737966430342
26760,1.2423583382258467
26094,1.2423561696557266
12281,1.2423450616727116
15966,1.2423407247446878
17130,1.242331337454699
11465,1.2423267259122939
22923,1.2422930404652326
15552,1.2422850079209535
10857,1.2422172937941804
19991,1.2421891639811133
159502,1.2421733217415507
153943,1.2421414615736373
11577,1.2421315807370052
22554,1.2421265458407484
19394,1.242124667654068
16681,1.2420777389119508
19099,1.2420555607415527
11805,1.2420130873351782
11018,1.2420043615177558
14824,1.2419820959111918
11271,1.2419532582072874
21467,1.241938372823205
10315,1.241932959352537
26424,1.2419307175830923
33885,1.241891072731278
40260,1.241882724995387
20129,1.241869126498093
157414,1.2418107735387454
18360,1.241761078056294
32503,1.2417326475257533
16989,1.2416586127611964
100210,1.241645847935667
12413,1.2416223465227887
10998,1.2416169631505931
43410,1.2415965259993116
10945,1.2415671245034372
24701,1.2415594146927187
19383,1.24155426687537
17043,1.2415440646396045
158019,1.241493178254718
24539,1.2414882466879817
13872,1.2414871779352363
20459,1.2414562869007368
32736,1.2414523727303683
22871,1.2414455068060453
10952,1.2414138114266091
11741,1.2413962531643066
22792,1.241325713196701
12643,1.2413256297128423
14265,1.241323545997329
20519,1.2413167227817894
19463,1.2413164865183308
19457,1.2413132625988845
156308,1.241276826912619
27398,1.2412541540723254
12244,1.2412308890199968
17637,1.241217118164425
22800,1.2412023429102634
24152,1.2411740754894525
18285,1.241139433670002
15293,1.2411363596311251
21712,1.2411161744578212
10550,1.2411149630166878
102734,1.2411039806528368
55504,1.2410942150095887
22983,1.241080095717438
27106,1.2410707928641664
39272751922,1.241054871396741
11231,1.2410350452714023
18363,1.241014841406097
13126,1.2409981961840986
21504,1.2409561749956823
20781,1.240949314658827
16119,1.2409456398737952
17909,1.2409187514675701
166357,1.240885928857732
159676,1.240883268824868
18834,1.2408800227626866
10122,1.2408386073480615
12652,1.2408291820057444
16826,1.2408252369499868
22762,1.2408220230089109
14100,1.240810793535885
29383,1.240757762085471
11788,1.240729951793293
152577,1.240719451019955
24392,1.2406930365723934
24065,1.240688351030902
22577,1.2406881933881067
19799,1.2406637959906306
18814,1.2406572076672457
12968,1.2406485111530432
45415,1.2406269396623084
20001,1.2406120185937892
10697,1.2406106475996534
174272,1.2405980701792687
21593,1.240575484227905
171364,1.2405634536060275
17614,1.2405340269705587
153652,1.240527815288475
32869,1.240474303026863
10313,1.2404610855934035
15138,1.2404605928394343
11792,1.2404589867889735
21415,1.2404526911209555
12962,1.240433482703932
28262,1.2404045592852224
23180,1.2403094544810653
18591,1.2402837175943753
17707,1.2402461526455328
18721,1.2402386223191575
21881,1.2402251360809773
10253,1.240207986691067
15349,1.2401252782080996
16954,1.2401175087662768
13799,1.2401021234259164
16121,1.2400982729738894
17384,1.240074134167826
17022,1.2400732292682857
17836,1.2400699853928572
34091,1.2400637554879796
154596,1.2400452438079603
12679,1.2400348389251958
19025,1.240018184923421
11356,1.240007342302957
15233,1.2399518887834569
15814,1.2399207098216525
15856,1.2398935600204266
16362,1.2398876657776232
10312,1.239826021045623
14749,1.23982025555166
12463,1.2398176862288273
18640,1.2398164521433825
11165,1.2398093899338418
29216,1.2398027214096194
22693,1.2397705683112523
10087,1.2397495247161654
25031,1.2397426510378924
11628,1.239720839677312
10553,1.2397125350989233
21140,1.2396751236412826
17461,1.2396622937501383
16328,1.2395851874001136
100541,1.2395774388604648
14525,1.2395693138719466
18201,1.2395279871187517
12190,1.2395055983358718
12087,1.2395013700627793
21216,1.2394706861881704
100790,1.2394582884986358
21498,1.2394580110903892
30814,1.2394498652683066
24240,1.2394437172921748
22971,1.2394089055337951
18453,1.2393762853979833
24649,1.2393725900817831
16343,1.2393376860931629
13101,1.2393226594068625
25808,1.2392636633110494
13386,1.2392498005057089
21730,1.2392191549421838
23959,1.2391656075499335
27891,1.2391565670943687
17221,1.2391481464949319
26961,1.2390850369517763
13148,1.2390346765058957
21116,1.2389967955342793
22294,1.2389674956188352
14680,1.2389452084880888
11124,1.2389438487322648
102694,1.2389264461912606
16183,1.2389102863736545
11166,1.238887261941445
12710,1.2388765564882227
16865,1.2388355068412205
12906,1.2388236627149884
22714,1.2388184099529813
31171,1.2388044497283501
15736,1.2387768108259951
28755,1.2387702211874696
24845,1.2387620722818045
21705,1.2387563839924025
15116,1.238716626491594
16509,1.2386866768014668
37680,1.2386856833380036
14180,1.2386842517481471
24442,1.238653286556553
38723486729,1.23863001337044
28672,1.2386070481648945
10567,1.238594477168627
10187,1.2385437691529577
11300,1.2385433243655615
21917,1.2385420961669567
28383,1.2385183799718913
14331,1.23851140157997
12820,1.2384894859564206
20250,1.2384751781028218
23182,1.2384563746882233
23941,1.2384546119783215
15764,1.238444206493255
12953,1.2384401648843264
12379,1.2384394885874868
100495,1.2384390189659058
31890,1.238403155009613
12622,1.238401537714405
21647,1.2383813268942743
26499,1.238328615558232
166326,1.2383283694667608
28354,1.2383048468021889
102347,1.2382898788076877
11002,1.2382551443515555
20956,1.2382496444823536
17651,1.238217750578821
20832,1.2382133072700592
10838,1.2381964938907732
19747,1.2381137700662086
16719,1.238111951338202
12596,1.2381106661054797
11412,1.238098178724844
10920,1.2380876745848253
10121,1.2380869225999789
13765,1.238078374312467
19811,1.2380442614525655
18335,1.238023419086176
27126,1.238014023729195
23240,1.2380121176639394
27583,1.2379328871917394
12030,1.2379210080341452
10661,1.237920672566583
14360,1.2379188378995325
22622,1.23789210986125
163477,1.2378829399150895
11563,1.237872156543886
33497,1.2378643221645504
13697,1.2378309904151332
19305,1.2378281961585103
11771,1.2378188104916714
11818,1.2377997197724573
18679,1.237786774159322
18798,1.2377336687284468
19818,1.2377030234030033
18944,1.2376700047449694
10024,1.2376605116188786
202531,1.2376574280021009
24440,1.237638364034958
19131,1.237608180939788
15696,1.2375797554615144
13264,1.2375783556912998
27904,1.237570981801399
16240,1.237561324804174
16999,1.2375378190581403
11904,1.2374956967759076
13416,1.2374949921172658
21600,1.2374470873967958
23647,1.2374341626553207
16122,1.237431060469482
16600,1.2374265456184523
100988,1.2374024740380176
27918,1.2373991035650156
18251,1.2373878870133397
20438,1.2373424995909592
24418,1.2373396234120861
14763,1.2373136506908202
19521,1.237291868521648
23165,1.2372874713466597
17525,1.2372207259972419
10607,1.2371793685847148
17721,1.2371410146902837
156764,1.2371234885029305
21139,1.2371167239061465
154266,1.237115222598282
13186,1.2371079695225669
10750,1.237094128526427
11158,1.2370631210401164
21649,1.2370442873991945
11222,1.2370375311791533
167220,1.2370363820170076
15945,1.2370305310592864
13298,1.237006534930404
11653,1.2370033866746908
24960,1.2369959148474885
21779,1.236957052282068
159171,1.236955936096707
22756,1.2369521348542571
26783,1.236925736788969
33275,1.236882434149346
11528,1.2368638259494535
159575,1.2368563245082285
27045,1.2368038114206397
12567,1.2368029961006806
17674,1.2368010170105592
30333,1.2367957727986318
15614,1.23679023109872
19133,1.2367844352556738
14712,1.236734760440085
12037,1.2366776926909335
20276,1.2366751917132888
24983,1.236662818537881
22598,1.23666144949786
10054,1.2365281201590117
10643,1.236480362669411
13280,1.2364632725505853
29073,1.2364523921010062
15276,1.2364476862515301
11811,1.2364409831101097
24849,1.2364364802141548
34506,1.2364121288675856
11314,1.2364031086813916
16088,1.236391797408059
10960,1.2363683294387053
13234,1.2363426523383634
155167,1.236271804513892
27160,1.2362429467786888
19824,1.2361663058586172
16147,1.2361178126608494
17371,1.2361115750258371
26324,1.2361039315597335
16428,1.2360634697841133
16610,1.236058694091778
43159,1.236010487986443
18622,1.235976294254316
12275,1.2359732806139108
20933,1.2359690047788194
10479,1.2359352888365358
22546,1.2359245829639687
21703,1.235877726914405
17532,1.2358725246515294
23217,1.2358721354965754
166986,1.2358667165805368
11217,1.2358512210942219
24579,1.2358382870129403
11767,1.2358160488805587
12391,1.2358154681902456
13224,1.235807058176728
39678,1.2358006116287472
10276,1.2357770458871151
16542,1.235763951279739
38013,1.2357543725028166
27569,1.23574116569799
11449,1.2357046675774044
19386,1.2356995220383393
22507,1.2356975423070977
12407,1.235690525951898
157266,1.2356271393084421
13972,1.2356067941485736
18512,1.2355950105055342
11307,1.2355867308655961
21626,1.2355689039779088
153342,1.2355602669689911
19781,1.2355574967585055
22953,1.2355376851188837
23253,1.2355288756899567
16603,1.2355074087094382
23703,1.235490620600685
13836,1.2354797165870544
22078,1.235473750202057
19018,1.2354674527526646
10174,1.235442002609091
100314,1.2354393469445393
20346,1.2353974843541191
14811,1.2353480736288602
11567,1.2353129187131402
18829,1.2353020998975117
166875,1.2352957888971414
16840,1.2352452890156709
18739,1.2352419428823438
10226,1.2352006146328873
22025,1.2351935310666267
16715,1.2351918840082527
155597,1.2351671193285418
156371,1.2351617102822186
24511,1.2351422206454363
42072,1.2351339740747016
10123,1.2351231610673687
155980,1.2351214464587048
11154,1.2351212718262297
18370,1.2350678716376275
27665,1.2350630165811913
23077,1.2350603309063792
159003,1.235055733479286
20758,1.2350518099050776
21458,1.2349749187867143
23491,1.2349660420882607
153771,1.2349472744200454
21539,1.2349255784222872
152537,1.2349223872204027
12859,1.2349065992464288
11031,1.2348850313266584
19710,1.2348789909476134
14144,1.2348062085230378
152681,1.2347927232118512
22890,1.2347638772491893
17940,1.2347527951920236
156363,1.2346997711926688
16927,1.2346988751085357
10590,1.234692012119644
44994,1.2346917149102568
20627,1.2346902824736197
19877,1.2346792883177558
31121,1.234678191502374
100236,1.2346582475258752
10776,1.2346572001591234
12538,1.2346466092759663
17846,1.234627415901282
13660,1.234589356965087
16021,1.2345891872266113
26350,1.2345820160762813
21722,1.2345813395602605
10670,1.2345781018643414
10549,1.234571267420818
20009,1.2345688151711676
13307,1.2345617723315188
22972,1.2345571595724152
15580,1.234527553915516
14374,1.2345052047336755
10974,1.234500507775446
18337,1.234492478713281
25322,1.234473013466424
18377,1.2344645009446695
10733,1.2344545268494789
31833,1.2344507406806124
15560,1.2344418636736558
16935,1.234436307050143
25844,1.2344213182353951
10307,1.2344110690896133
17177,1.2343986806884526
10244,1.2343853597276946
22900,1.2343797476261935
21992,1.2343728624914927
14918,1.234366686139906
30396,1.2343608039245708
40144,1.2343558790539595
16358,1.2343528080642099
13327,1.234344265942004
15946,1.2343365295973392
17459,1.2343364291141654
22244,1.234307229033743
10348,1.23430101516393
17718,1.2342865657512665
158029,1.2342780930181865
17844,1.2342754063419392
11346,1.2342573128539118
16011,1.234185659764245
162969,1.234165819398448
30212,1.2341525052367834
10511,1.2341391622943265
23140,1.2340906942451328
13198,1.234044574214402
10082,1.2340310650961201
20571,1.2340305570499315
163042,1.2340174764216916
15893,1.2340025330452795
12692,1.2339984864322402
20890,1.2339831677054796
11719,1.2339764523975736
24096,1.2339453969115703
25431,1.2339290533868865
13216,1.2338882674228964
19942,1.2338863702323246
27621,1.2338842027065657
17929,1.2338415986686468
20985,1.2338330965010618
19918,1.2338184450597312
23730,1.2338050703875838
24973,1.2337548968778271
11350,1.2337485994821165
16477,1.233747589780708
12410,1.2337401935576293
26949,1.2337370908005074
19034,1.2337368678668506
13636,1.2337067331703817
18712,1.2336732872749019
17991,1.2336694997565585
23405,1.2336473581053775
14071,1.233626239004932
23279,1.2336062337404716
13078,1.2335614508614434
16649,1.2335584567038607
20068,1.233530530190244
18574,1.2335241302336815
46457,1.2335213541972825
12667,1.2334567761189474
22214,1.2333904840148446
12522,1.2333886105333725
166309,1.2333874266012643
14152,1.2333610978432445
21311,1.23335401831853
32829,1.2333084277500954
16637,1.2332803816204874
10714,1.233272922637906
13914,1.2332724258084802
21643,1.2332713062200003
18695,1.2332598800808203
20231,1.2332532078718281
25058,1.2332393499852525
14500,1.2332363258906467
10431,1.2332237976978708
15538,1.2332119469083722
26295,1.2331929270699165
10165,1.2331825563913152
12628,1.2331565350007636
11651,1.233138090517524
53062,1.2331298793424914
18060,1.2331134591480668
163638,1.2330980770965128
11631,1.233096951505504
11012,1.2330963660098087
12375,1.2330476263079162
20151,1.233024710937692
25659,1.2330173326790757
10160,1.2329773425954866
13854,1.2329489286321986
24633,1.232942617442933
25513,1.2329357377526997
23813,1.2329153842510354
26365,1.232899274993296
22485,1.2328749284751226
20061,1.232836261641606
15269,1.2327904381619423
25758,1.2327848689618515
23038,1.2327836682901767
22549,1.2327521742480383
20027,1.2326945668869986
17489,1.2326858333271131
14701,1.2326695745212168
13677,1.232669297143174
20763,1.2326645796541214
19553,1.2326627631362708
15340,1.2326457067636747
10516,1.2326303883949483
101493,1.232620701726512
14024,1.2326000768552805
13221,1.2325825407173747
14342,1.232581032493243
25733,1.232567137341615
17111,1.2325505552374907
21304,1.232516271139777
17561,1.2324824456445547
154692,1.2324507897429315
10084,1.2324499782187888
20983,1.2324212176637013
25082,1.2324024251002206
23568,1.2323808551505449
14510,1.232362752629399
12111,1.2323553373284306
10208,1.232343034761447
12305,1.2323328796387323
12248,1.2323219321524663
12129,1.2322830649848797
20348,1.2322827078932674
18309,1.232262231102388
18212,1.2322526571821124
24053,1.232248236653543
13237,1.232243378319367
26822,1.2322151580940663
21371,1.2322149127513664
20386,1.23219156806195
14602,1.2321764706259977
18738,1.2321707294683404
10573,1.2321617813720327
31636,1.2321573261849035
11740,1.2321467436652844
25803,1.2321409597389676
17138,1.2321323978378282
11388,1.232129158147719
11723,1.2321194061486702
17917,1.2320899547359678
15771,1.232087885351565
19413,1.2320495413830523
19515,1.2320427828474216
22057,1.2320137543726206
31165,1.2319839572650775
23928,1.2319615533482846
21998,1.2319362724686795
15533,1.2319335229719701
13366,1.2319160637358544
21212,1.231912619723584
10994,1.2318820735215776
17678,1.231846124025951
157460,1.2318220194967708
26234,1.2318170230665029
13371,1.2318074071284877
18980,1.2318003584126178
27261,1.231776309637934
17828,1.2317554514727518
25371,1.2317413751127007
33339,1.2317400943623547
22182,1.231718325642301
17509,1.2317180034034452
10611,1.2317153346714351
23946,1.2317073276085138
153805,1.231642281224689
22200,1.2316337259544976
10065,1.231626188035675
20356,1.231625383162889
18329,1.2316244648241241
10373,1.2315671360089857
20411,1.2315431323901196
103668,1.231509395940987
12812,1.2315088151108133
27287,1.2314972368655612
12372,1.231492143415339
15481,1.2314774217545483
16044,1.2314762724426946
16074,1.231474840625373
100294,1.2314563723557934
22535,1.2314547975895493
10907,1.231442269133578
14828,1.2314329212839241
10240,1.2314209174325454
15661,1.2314194916894254
12332,1.231396324775163
42107,1.2313782007262715
20330,1.2313584006104863
18048,1.231347794695568
11990,1.2312931361365325
45512,1.2312709380444855
19322,1.2312555063657293
156717,1.2312342573533126
28398,1.2312252992522688
10025,1.231207320151758
13370,1.2312071342802924
13256,1.2311960015443608
24293,1.2311549156931034
20905,1.2311517482292225
157232,1.2311037772395046
17264,1.231089629603778
11039,1.2310869733142695
13524,1.231082595806835
15160,1.231064174095839
10624,1.231049200742241
26359,1.231028968700438
14825,1.2309943047494631
11450,1.2309809246797154
25842,1.2309623190133525
19002,1.230958501075877
12110,1.2309312640254297
20546,1.2309041387383282
17546,1.2308892683713575
12806,1.23088912775749
154053,1.2308614939764515
155533,1.2308495608303835
22553,1.2308328949916387
25503,1.23081718831722
24462,1.230797316562031
34426,1.2307827386350612
171354,1.2307784193792886
19324,1.230746672381502
26046,1.230739562078546
14250,1.230712644229333
27376,1.2307119620770774
27187,1.2306889962923047
101440,1.2306879160534558
17019,1.2306098908845922
24894,1.2306068312037841
165846,1.2305949593006233
26793,1.2305907934791418
22827,1.2305609160953377
11846,1.230532968894271
12252,1.2305190087934117
37836,1.2305110033385087
31278,1.2304923568508324
10972,1.230483587708907
17953,1.2304737650882283
25852,1.2304620912566184
14484,1.230460856205334
10883,1.2304242743788585
103910,1.2304206642748277
11146,1.2304104152496356
172785,1.230392773158303
13059,1.2303846226011121
11840,1.2303322591305983
17648,1.2303317319714853
21119,1.2303241081813157
15250,1.230306735463193
10702,1.230306213992147
25652,1.2303035486451213
18408,1.2302899790628343
18095,1.230287707703012
154889,1.2302467343503867
12595,1.2301463113228646
18474,1.2301326803047445
38967,1.2301219182781575
10127,1.230097220495742
26856,1.2300898362239094
16867,1.2300176327866756
28698,1.2299854987979022
166434,1.229983839822048
23681,1.2299227731007096
10791,1.229902226571644
31073,1.2298948640054574
23440,1.2298851878425017
18593,1.2298633232208456
16982,1.2298423728707668
27378,1.2297983115764695
16598,1.2297751169967022
19936,1.2297499285827511
15748,1.2297442144866957
167442,1.2297399979791261
13584,1.2297295162547497
17657,1.2297197657000523
10288,1.2297193636255117
22261,1.2297070864163855
13681,1.2297034427871918
14012,1.2297021762788758
19184,1.2296957630413214
12871,1.2296852755161096
10578,1.2296574930442885
12947,1.229638627507176
46529,1.229625778281766
14969,1.2296217293625655
11965,1.2295784076022986
12651,1.2295749175729227
14820,1.2295498168694767
22898,1.2295476202614153
32978,1.2295459387330512
20091,1.229543073146589
17171,1.229522106295016
22195,1.2295208963750555
11047,1.229471362774069
11867,1.2294556985820084
26733,1.229428723092572
100776,1.2294126872143183
24128,1.2293980944636151
10877,1.2293975437351823
18154,1.229397235623323
19670,1.229391822878932
22686,1.2293768912834513
18967,1.2293676699378981
163105,1.2293508786855174
15788,1.2293380758441317
21544,1.2293356516567673
17826,1.2293269952874244
13483,1.2293266976106945
14046,1.2293083931566209
16006,1.2292533681797675
17012,1.2292455765709027
18524,1.229220850613286
27674,1.2292142616376291
23574,1.22920231950456
20126,1.2291857581342165
21300,1.2291747863915978
11735,1.2291605008312956
28729,1.2291495431375152
27529,1.2291375161961475
156207,1.2291347179047478
11973,1.2291001104591146
10788,1.2290824175317225
25609,1.2290816749260796
23655,1.2290733852142144
25129,1.2290589974674118
25817,1.2290290490764297
10359,1.2290103105893662
28325,1.2290034689237073
25833,1.229000883821566
15697,1.2289908748839238
156600,1.2289890939983021
26493,1.228975659659249
26381,1.2289729219003878
25387,1.2289671693527497
25464,1.2289638586913616
16258,1.2289533822757621
12045,1.2289179591120454
13574,1.2289091567667147
23826,1.228896641471867
14268,1.2288811221624705
154893,1.2288230521266748
22961,1.228805160286415
18827,1.2287990674932636
12023,1.2287530522387737
14987,1.2287490975374635
15041,1.228742734588334
20821,1.2287360945937515
10227,1.2287242105080032
10183,1.2287133984452754
19723,1.228700563246928
11261,1.2286949372068536
11309,1.2286940621654563
11162,1.2286878287707104
10188,1.2286774102465439
11581,1.2286706460921533
13026,1.228663970984032
12578,1.2286556058724998
19792,1.2286167779379011
11559,1.2285824695580991
20744,1.228555370365543
26951,1.228549331677556
23462,1.228548626452062
21103,1.2284973590341683
10496,1.228456166191926
158598,1.2284555520126257
18218,1.2284503531687399
102729,1.228423695120004
17710,1.2284205431152857
14710,1.228418240795804
30931,1.2284077032241107
18143,1.2283839779032286
12880,1.2283754885288354
13286,1.2283566280274205
12351,1.2283468220546616
102805,1.2283253709995337
17868,1.2283184076470648
13889,1.2283160082763287
155853,1.2283142326906893
11908,1.2283138989430973
13220,1.2283049982514498
10402,1.2283021738038287
104717,1.2282894608791879
17771,1.22828929915987
22532,1.2282808218015862
24132,1.2282803181266508
10308,1.228279414622501
10663,1.2282669386157457
15512,1.2282610649016703
27229,1.2282526338837325
20216,1.2282449859824236
16779,1.2282256478199203
164377,1.2282023946253127
26353,1.2281914142090031
12427,1.228129062168124
152655,1.2281183924140087
22494,1.2281156737613812
160029,1.2281053136088271
24474,1.2280625358946566
19156,1.2280571944227054
11050,1.2280065864889798
11829,1.2279999995577793
27526,1.2279670238655487
10059,1.227943655074161
20116,1.2279412369396012
15987,1.2279135050918344
28930,1.227869491211164
11837,1.2278505959984194
17915,1.2278364475896604
12577,1.2278213302352199
20420,1.2278032815626492
21502,1.2277848722571287
22365,1.2277838056019175
11459,1.2277705873999811
12017,1.227767818196234
19678,1.2277098437070206
11316,1.2276799841795376
14219,1.2276793602006655
37628,1.2276668731926428
17305,1.227666677449805
15335,1.22765898640021
13472,1.2276191305532864
17373,1.2276145703961636
10537,1.2276080150400923
25316,1.2275952533857901
12741,1.2275932935712859
167248,1.2275920227834485
11809,1.2275852650223118
20921,1.2275647447592082
16173,1.2275447735052731
22935,1.227534956160479
166500,1.2275315338380886
18924,1.2275229213975882
11758,1.2274793452059969
26420,1.2274573422380286
16996,1.227449338651625
13852,1.2274270280299229
20259,1.22741865828564
12067,1.2274054050315004
24455,1.2273935524011168
15882,1.2273870022842106
11041,1.2273843726150895
35906,1.2273824389187853
163478,1.2273572849102992
23749,1.2273367294266342
164010,1.2273188224547678
20557,1.2272990060843763
17125,1.227293255382806
11710,1.2272926931807795
17890,1.2272876959954453
17817,1.2272830169812665
24295,1.227254172459421
16429,1.227219679451373
159723,1.2272117992398592
171937,1.2272093744973753
19933,1.2272076755416932
25362,1.2271579371228343
12860,1.2270847735464454
15119,1.2270233407976763
21619,1.2270000616211691
102503,1.2269995235134667
10651,1.2269961660633961
12972,1.226977903303189
11223,1.2269449967481685
10946,1.226887937914285
162586,1.2268873131989022
11896,1.2268637376915237
20127,1.2268548966940673
14259,1.226853142804922
18180,1.226848414101346
11417,1.226820928243823
17444,1.2268175442153149
13501,1.2268063932054798
11191,1.2267908218618988
12238,1.226790769656012
30270,1.2267844505409629
32872,1.226763099454878
19111,1.2267537136828104
25379,1.2267525555680894
23142,1.226747533101478
13927,1.226746831227965
12778,1.226688463913551
17610,1.2266453231275323
153760,1.2266395209139709
18713,1.2266029124481475
28018,1.2265642427371202
18851,1.226561017653854
26205,1.2265537093350771
18755,1.226549848553007
27374,1.2265443342341196
12239,1.2265373806000142
11674,1.2265195595962375
11481,1.2265176122928978
11627,1.2264996944351996
22320,1.2264944209325788
154092,1.2264711953540053
10414,1.226452280913719
18917,1.2264219956845712
25158,1.2264213331245368
12862,1.226385993914029
153320,1.226382731030358
17059,1.2263826104675313
10786,1.2263818222295362
11266,1.2263422734364315
11726,1.226326555955027
27327,1.2263024891271281
10746,1.2262641443842117
13846,1.2262396323822882
24243,1.226237196508434
14167,1.2262122423389321
17159,1.2262097781405614
22410,1.2262041058028048
12348,1.2261852914020708
13788,1.2261537646791607
22603,1.2261341719804255
27100,1.2261250559816415
153507,1.2261073935661597
26261,1.226101090372469
13236,1.2261010512731314
21346,1.226090398415631
22780,1.2260756152331511
166438,1.2260727445729158
18457,1.2260530085471653
20766,1.2260472249223597
15693,1.226037072403124
10508,1.2260231101366668
11734,1.22598850600362
21872,1.2259709986744391
153245,1.2259639582638022
13397,1.2259580932092544
24331,1.2259274662469595
10621,1.2259106338377999
17584,1.225897850336702
11527,1.2258152433255223
24064,1.2258135467311078
22166,1.2258022146049445
12498,1.2257804048504926
20629,1.2257584435016637
166265,1.2257138107300265
14483,1.2257043533462546
21830,1.2256930346139154
16977,1.2256775919407008
21043,1.225676215790026
155337,1.2256353792736356
33524,1.225599213642782
26290,1.2255975198983629
166581,1.225580742114765
17781,1.2255774978938099
14738,1.2255573369290707
12752,1.2254839957163803
13647,1.2254637302959641
17027,1.2254136158266988
160295,1.2254115057582622
16710,1.2253996301885497
10398,1.225398998840153
19036,1.225360157933433
19982,1.2253557235843517
29350,1.225335080394186
20039,1.2253266306367754
21477,1.2253174696480804
17719,1.2253163814113017
13736,1.2253137181075546
19569,1.2252822149988576
10738,1.2252738297686112
24522,1.2252667067982819
166524,1.2252660446679975
27752,1.225197991151345
11514,1.2251578940397745
155278,1.2251553663867392
10632,1.2251339003833253
12918,1.225111979325382
158885,1.2251104739083494
13817,1.225062640521155
158008,1.225007586198336
17246,1.2250010228874633
101942,1.2249949985019724
10982,1.2249873363622792
21429,1.2249839191019116
16636,1.224975379551205
21690,1.2249513565994696
21351,1.2249360758974475
19901,1.2249291234930764
26834,1.2248882325938175
20863,1.2248731868881118
155003,1.2248678341720538
23662,1.22486290055017
14757,1.2248561486549656
23755,1.2248528749185592
17823,1.2248226833128466
26065,1.2247959911133253
10427,1.2247546092975656
10394,1.2247345281372697
10399,1.2247264714812907
20919,1.2247248776011597
14325,1.2247180704317073
25339,1.2246702144721078
14481,1.2246453632704362
11330,1.2246131465796681
25670,1.2245744734317197
12790,1.2245665534972918
20650,1.2245529225680867
22088,1.224525740112119
10740,1.2245119164183014
27634,1.2244989740680046
16839,1.224489511668394
36638,1.2244797181656826
11656,1.2244458540029122
19239,1.224421503893582
152347,1.2244200926518471
153021,1.2243662891450795
18809,1.224329750228483
21957,1.2243276438039055
100691,1.224273695574432
19216,1.2241871568776814
21301,1.2241691420659508
10869,1.2241472989671227
20925,1.224146238278186
166173,1.2241449056449594
10563,1.2241366938351022
17053,1.2241258411635874
23581,1.224123465149868
17851,1.2241222648634353
29272,1.2241052483086174
17523,1.2241005858052507
19412,1.2240923212016601
22656,1.224046320887182
25113,1.2240434053197644
10296,1.2240187236572835
25256,1.2240083486584994
27081,1.2239998347594834
25925,1.2239971458141694
22373,1.223992084596932
20501,1.2239693656877386
33038,1.2239661475188515
27547,1.2239261012004086
17967,1.2239250364717442
25434,1.223913897874862
10089,1.2238793621897521
16490,1.2238721813942506
21995,1.223847730726659
16269,1.2238476241827319
152356,1.2237513242408533
30805,1.2237094153422812
17424,1.2236942663300245
23583,1.2236772488702292
36737,1.2236376989305
27097,1.2235933338005305
14125,1.2235422037054526
13698,1.2235380039885084
12402,1.223517837639394
19512,1.2235151122239694
155698,1.2235072840423415
11859,1.2234639091091537
14383,1.2234427180784262
157446,1.2234424298917208
22571,1.2234403543619392
10284,1.2234399111226242
11196,1.2234374909715116
23033,1.2234365164781684
10137,1.2234037052229558
11964,1.2233981132678324
20446,1.2233915925122318
15971,1.223381711057872
22785,1.223370521975251
12562,1.2233668592753093
18707,1.223318661572689
19830,1.2233050935865604
156236,1.223302324962103
27693,1.2233006508558688
19271,1.2232943784365002
10404,1.2232530998119138
34073,1.2232005645126576
25343,1.2231801607668982
16816,1.2231766426227957
17385,1.2231714754223169
11512,1.2231211890042744
14077,1.223114793291128
16129,1.2231002013696881
34347,1.2230989911287102
25573,1.2230967190533577
13982,1.223088819834319
10682,1.2230800519611307
18612,1.223062803526017
10236,1.2230409115234395
24537,1.2230396242813586
29909,1.2230349278927024
19115,1.2229928798709178
31867,1.2229902762072233
13497,1.2229868707628455
159188,1.222961672669717
16961,1.2229602003542301
14245,1.2229563765696572
18168,1.2229463483261542
17757,1.2229300692425025
16464,1.2229248290554473
12342,1.2228941606989974
22062,1.2228663577889252
166453,1.2228237409229965
16515,1.2228226000281999
17013,1.2227896219309742
30355,1.2227755660053936
34928,1.222757951007721
27586,1.2227538197821377
10935,1.222753438906992
15651,1.2227380616884678
10782,1.222734333326426
28943,1.2227290652341238
17335,1.222725128588825
10821,1.2227150090479602
15880,1.2226902685094159
26274,1.2226351912390938
18241,1.2226093034561045
19679,1.2225989889619566
11592,1.2225884219375989
25827,1.222583827847981
15338,1.2225837120362488
24253,1.222583173028542
19110,1.222567550139849
18862,1.2225636947325143
10646,1.2225634915879189
15699,1.2225603871939388
13034,1.2225574553530087
10810,1.222497172232625
15093,1.2224707221048452
15930,1.2224620271755706
19631,1.2224520882350869
101706,1.2224317059819174
10010,1.2224252759401013
15835,1.2224183854831574
13293,1.2224143252602695
23571,1.22239082705476
30724,1.2223840643376298
18226,1.2223761331275005
23097,1.222369422811701
12315,1.2223684585892214
153564,1.222367557986259
156882,1.2223467970202238
22897,1.2223434892857958
22648,1.2223376195378146
12092,1.222334906201236
11568,1.2223186544017022
18300,1.2223135785979955
13471,1.2222990134515106
11438,1.2222902114852428
18733,1.2222654021575639
10252,1.2222561088943127
16364,1.2222469416275108
13355,1.2222211753233316
10064,1.2222025976977948
12476,1.2221929846454547
26716,1.2221604257163865
23230,1.2221575740147852
20306,1.2221463876865735
30702,1.2221456864094764
12307,1.2221418578923635
21382,1.2221370340620874
20409,1.2221366991114184
21774,1.2221268057951757
21519,1.222103923805082
26983,1.2220970416259485
10890,1.2220002026415222
15419,1.2219968490130677
43536,1.2219895997099068
12688,1.221978039172478
19544,1.2219650241192377
10421,1.2219601750151585
100945,1.2219362894473407
24172,1.2219180712605173
19447,1.221917890789848
24121,1.2218699389228578
20445,1.2218571208020736
16949,1.2218541013064796
21642,1.2218003877826606
10283,1.2217923749747572
28284,1.2217691230060506
11708,1.2217602593247043
19348,1.2217578667996392
18450,1.2217087813488365
14354,1.2217084123767645
158950,1.2216757929114794
15321,1.2216587591512313
14965,1.2216106451877902
21394,1.2215995150851948
22339,1.2215876364775793
12340,1.2215611026459796
15768,1.2215205706614773
12777,1.2215091802280265
25428,1.22150744564709
13318,1.2214949875517775
164298,1.2214932505418072
151741,1.2214910648953674
12071,1.2214690586886434
17375,1.221373997901958
10756,1.2213738349919359
22442,1.2213670605860378
10989,1.2213657892807936
25460,1.2213232060590573
10412,1.2213205504533737
14202,1.2212961034863834
16054,1.221294049304093
15662,1.2212819596815543
10926,1.2212647938091787
14496,1.2212057259440563
15955,1.2211768102905853
14566,1.2211701463569518
17247,1.2211697991687203
26755,1.2211423873057463
154109,1.22110892742278
174896,1.2210912332505872
154468,1.2210479407978811
16702,1.2210417921429297
11163,1.2210037289859021
39110,1.2209601662505654
15567,1.2209339455220973
157219,1.2209324667007537
11718,1.2209251179989138
11441,1.2209028741572063
15819,1.2208917082925201
12771,1.2208775593317671
101670,1.2208743001263227
10875,1.2208721138875105
10435,1.2208246974101384
12464,1.2208192749034108
15583,1.2208159505244196
100312,1.220801336319592
12146,1.2207422302186064
11138,1.2206947386963156
16426,1.2206921487782647
23316,1.2206730154547851
20130,1.2206707034349336
20400,1.2206642957033007
21851,1.2206637914114329
17986,1.220662965711997
21378,1.2206455703271502
10823,1.2206419239664106
25857,1.220586772209356
102015,1.2204870786686441
33887,1.2204643512596454
10356,1.2204592952350053
17617,1.2204129145064324
19693,1.2203984177219633
22020,1.2203708125765993
159066,1.2203519972562744
19751,1.220331616422503
17858,1.2202812268418426
29671,1.2202799322821831
29605,1.220275056537946
20805,1.2202288144221312
11895,1.2202252495569397
12834,1.2202148962536283
18666,1.220192830563653
11808,1.2201713508513914
28414,1.22016846832013
100491,1.2201299315354048
25677,1.220069986311464
26970,1.220020482528215
11576,1.2200182111130993
11038,1.2200047558214577
14098,1.2200047489989818
11752,1.2199920983925623
27502,1.2199645256015075
10801,1.2199541398128309
31320,1.2199221900012653
10447,1.2199071812020268
32474,1.219899152820352
16199,1.2198740124903105
23659,1.219873978244782
29064,1.2198558026467323
23753,1.2198421840942149
16534,1.2198364476685497
12681,1.219784468007894
17830,1.2197736712780243
10509,1.219722822437379
10358,1.2196511924023508
100075,1.2196434600547004
24373,1.2196391462725662
10241,1.2196297139613308
25122,1.219624842510544
21677,1.2196056426131487
19870,1.219603673946499
13047,1.219579757650478
15062,1.2195772022519384
17283,1.219551828099853
10671,1.219528121654468
159195,1.2195035499327982
56768,1.2195017807994495
21052,1.2194896867073892
23134,1.2194829578233453
13507,1.2194567841451494
19960,1.2194344867838276
13104,1.2194331901213764
18882,1.2194315857849691
24616,1.2194292605284236
11395,1.2193928841806525
17377,1.2193421847803922
10063,1.219332237243781
16654,1.2193248005774113
14116,1.2193244090374522
11855,1.2193103711112736
13250,1.21927727248745
152682,1.219276950648593
10884,1.2192735406725606
10599,1.2192705044249346
12566,1.2192346669312328
102064,1.2191930675070208
14473,1.219191361114321
11570,1.2191883713163445
17289,1.2191686616941086
174628,1.2191609514088086
101662,1.2191576503292052
17020,1.2191463514140493
21819,1.2191350003153154
165318,1.2190884916173574
20680,1.2190560510063275
11857,1.2190490477640983
12842,1.219048786870856
24225,1.2190433281374342
21025,1.219030714895119
18853,1.2190188542256544
18978,1.2189867760358228
10293,1.2189743887121605
16694,1.2189223214125355
16623,1.2189207327679297
26786,1.2189122903609353
16704,1.2189060718782934
22362,1.2188754777311124
19591,1.218844819727125
11599,1.2188418616018866
18220,1.218787623872847
17293,1.2187739815754963
13209,1.2187592303337613
10564,1.2187483837388962
29728,1.2187437857606576
153419,1.2187433502570835
11716,1.2187320371629446
11197,1.2186959277801819
19154,1.2186771289409446
28687,1.2186636702760365
23873,1.2186621322772935
28181,1.2186505421115368
24037,1.218638219470157
11885,1.218626020876781
10577,1.2186160446505925
18998,1.2186037294751495
15979,1.2186021101293716
21063,1.2185997730384674
16650,1.2185992240163666
15499,1.2185914186324225
17855,1.218565198640812
24975,1.2185438081815365
22521,1.2185301133950663
23268,1.2185089369809674
11133,1.2184934074653977
12006,1.218493242397236
21309,1.2184845577696561
25318,1.218446029084722
19617,1.2184060163792194
19246,1.2184051220860888
34728,1.218400205073258
16045,1.2183727566079727
30775,1.218355170317496
22498,1.218342715881899
52515,1.2183120279528803
26841,1.2183105875593778
17166,1.2182311136517132
33858,1.2182197754993236
10346,1.2181785480250185
22284,1.2181621361273094
10387,1.2181421118196432
163855,1.2180950495130378
20601,1.2180928042464811
17521,1.21807917685598
14635,1.2180770594327783
23687,1.2180629291678804
15113,1.2180572151506162
16762,1.2180555417094663
19264,1.2180469223784631
24350,1.218041399177351
42372,1.218040090185062
10432,1.2180397602311905
10409,1.2180101236281051
158541,1.217998385986407
17860,1.2179887766475275
21399,1.2179815518094972
26947,1.2179756335854313
14225,1.217947074195077
17145,1.2179368565662272
22218,1.217922290274161
33415,1.2178793311071692
11308,1.2178641484544859
13422,1.2178384471640933
19980,1.2178344237778596
15195,1.217806294188587
18081,1.2177984418964725
12390,1.2177462960353664
23651,1.2177234243583412
37411,1.2177216904539876
21064,1.217694331309554
153319,1.2176934463081408
16387,1.2176638042339765
11843,1.2176253577189424
155216,1.2176128931736034
164082,1.2175956749759789
17409,1.2175770108450759
25975,1.217568914961143
32336,1.2175657039066756
24404,1.2175589808116583
26470,1.2175058787935211
27034,1.2174598534917036
16939,1.2174558121016812
10344,1.21745261720988
11224,1.217442289046098
20995,1.217414462393371
19326,1.2173957669067705
159872,1.2173513349475433
21303,1.2173426585148124
100820,1.2173399707275743
23451,1.2173159947610657
39843,1.2172700148523194
14099,1.2172325545327107
19205,1.2172183307699305
21082,1.2172019429065688
10505,1.2171817323667269
26087,1.2171745256942925
12840,1.2171118435715627
20896,1.2170726113313965
103285,1.2170716162915933
24732,1.217054547390852
43962,1.2170542814540468
12038,1.2170456706083685
17140,1.217020041980485
22051,1.21699712110292
25447,1.2169903042731411
25992,1.2169580441246846
15959,1.2169406363942719
14393,1.216914687078869
17287,1.2169038384270983
159344,1.2168902493281772
18103,1.2168741359004474
20950,1.216856087772389
15715,1.216854935075424
12764,1.216827446094044
11396,1.2167976193434071
10893,1.2167400781130835
10742,1.2167246522615764
23692,1.2167240124989196
21823,1.2167214794540522
11409,1.2167194081626973
163325,1.216706569430548
18484,1.2166750600703484
21808,1.2166717850315794
10154,1.21666226281978
20669,1.2166543848377855
19097,1.21663731171295
17887,1.2165796282016357
12279,1.2165639358479496
20269,1.2165511132062867
22289,1.2165367049306262
34367,1.2165363327040772
15616,1.216521725725705
17329,1.2164695140286055
24144,1.2164643252769012
21861,1.216462322684625
15754,1.2164579404334064
26698,1.2164548270820041
17413,1.2164449933175667
25289,1.2164357807605335
15612,1.2164336923515078
16877,1.2164047311191046
24371,1.2163892780632022
22798,1.2163870082951411
19690,1.2163685427520428
21093,1.2163050295546807
35818,1.2162888741205438
17939,1.216257041078701
156239,1.2162530017893523
27710,1.2162197040123657
16080,1.2161793192350023
19593,1.2161579251769334
11371,1.216152641244192
21339,1.2161478750117058
19968,1.2160747880380893
13753,1.2160314600592106
22725,1.2160119753463807
10053,1.215996655340301
20548,1.2159736577313172
13344,1.215971693145739
26772,1.2159692182670723
14027,1.2159593552000982
23973,1.2159577920315645
21955,1.215950120521071
25405,1.2159446503070404
23720,1.215942013575766
11298,1.2159226497673628
15286,1.2159179580783874
17514,1.2158846285833533
23633,1.2158557513297155
19047,1.2158525351041631
28438,1.2158285767622878
24009,1.2158250245199789
23358,1.2158180983646059
26080,1.2158180275228223
153752,1.215814216095257
21806,1.2158108696313406
15132,1.21573532400014
19976,1.2157262873580097
28825,1.2157042411350445
16140,1.2156454672771262
153118,1.215638804216334
19143,1.2156056803925517
10703,1.2155940140011396
23474,1.2155711912302767
28443,1.2154882560691591
23880,1.215443464152758
23145,1.215442317753599
11556,1.215433048026502
19996,1.2154206176582891
12712,1.2154070136995825
13634,1.215373338037449
10557,1.21537150482988
21031,1.2153515069776053
11359,1.2153421034256284
38751,1.2153391821538269
163455,1.215335677770037
17942,1.2153176426548982
21282,1.2152986469147493
21667,1.215290014436108
10871,1.215288398865056
20558,1.215268148925175
16938,1.2152401163664588
20248,1.2152344179457069
20891,1.2152098794004642
33667,1.215207348595857
11033,1.215204350681052
22380,1.2151945850384556
21708,1.2151853673775312
23359,1.2151536542071104
27988,1.2151317531699484
27493,1.2151102220823151
12166,1.215066327633007
21200,1.2150450333585794
13056,1.2149084325123292
20493,1.2148528886289702
23817,1.2148353869606743
33337,1.2148205758173964
11026,1.214791475655705
13782,1.214785782054709
33320,1.2147485231650421
100791,1.2147452667241723
11470,1.2147297681755571
13899,1.2147202536128692
22811,1.214709670165424
10108,1.2147031631178202
22920,1.2146817784328292
10892,1.2146625066156662
10678,1.214662066466901
21269,1.2146464441393938
18822,1.2146406302737915
102405,1.214627140853674
20974,1.214598776902027
10470,1.2145878183662098
157907,1.2145706090142263
21213,1.214557108052372
11969,1.2145556668084223
15608,1.2145476693220074
154997,1.2145316627411957
20946,1.2144942601801485
15412,1.2144927092607256
26384,1.2144845940562532
22977,1.214468633992527
24791,1.2144669412296885
12000,1.214464107954063
11878,1.2144617325654052
10211,1.2144257890131152
18937,1.2144165088999517
36345,1.214374648545455
13666,1.214363883432387
15494,1.2143576155350444
21795,1.2143229616730895
20551,1.2143210952255856
13938,1.2143023277307807
11715,1.2142951902651922
25069,1.214268304637743
22034,1.2142675333173363
22519,1.214264552078785
18164,1.2142280526728244
32791,1.2142183476268285
10457,1.2142076262820158
153296,1.2141491050621145
100851,1.2140841331170746
21858,1.2140485483993162
21602,1.2140373537000044
12912,1.2140319728795919
12236,1.2140250612815138
13683,1.213985074378721
23614,1.21394614743187
15329,1.2139444981515917
19397,1.2139301360904744
27094,1.2139220064371503
22192,1.2138572449132177
11552,1.2138570459620528
17997,1.213850127444147
19406,1.2138238490771132
19487,1.2138175939920235
12158,1.2138051809593193
27686,1.2137900108908648
23483,1.2137872335143625
27278,1.213776567829165
23281,1.2137598027906784
28802,1.2137560418798403
11259,1.21368802017084
11117,1.2136713041121319
20211,1.2136704123574054
18480,1.2136549750091463
23969,1.213634244608457
20164,1.2136237039271454
21464,1.2136204291425705
10294,1.213615497307848
30045,1.2136121781460825
16451,1.2135683494266916
23756,1.2135587317286938
18116,1.213520930901766
27029,1.2134473048697163
20050,1.213444188709711
18625,1.2134167619475584
23830,1.2134067365476038
12053,1.2134056626722372
17386,1.213401700668968
17704,1.213399639788308
10701,1.213389227195726
15301,1.2133742769404718
23584,1.2133403474202817
10170,1.2133362172047815
19405,1.2133321236456012
14904,1.2133202492357082
19653,1.2133202103552736
30770,1.2133128678355702
26558,1.2133048400666713
11763,1.2132875352556656
15541,1.2132764759370296
15813,1.2132724632393377
11696,1.2132683744026673
102633,1.2132679579526109
17417,1.2132051360056182
13057,1.2132040534235853
25385,1.2131883109504398
20388,1.2131781205952552
10717,1.2131575157781496
19721,1.2131177965753575
27270,1.2130986957562526
24949,1.2130826300762851
11456,1.2130752362557304
19075,1.2130695265687297
14029,1.2130489800735973
164368,1.2130435642969402
12907,1.2130293121329192
13630,1.2130283578560759
19274,1.2130153014368532
22805,1.2129831411546574
18104,1.2129803127460035
10265,1.2129587013125778
174507,1.2129564133534128
11643,1.2129004433705513
22317,1.2128998690088946
10849,1.2128956541644993
22175,1.212893403159385
15702,1.2128917392885066
12674,1.2128593747851124
24896,1.2128560844598613
12147,1.2128488472015608
28471,1.2128279013721053
12409,1.2128217192725939
13292,1.212815637615429
17387,1.2127947876193343
14767,1.2127775127773712
23393,1.2127757230256073
10669,1.2127501341972593
11983,1.2127094766081485
152419,1.2126951114466125
10422,1.2126845911142417
45752,1.212683862439712
15897,1.2126643242559412
20490,1.2126610989798408
27041,1.212642915454327
14928,1.2126262101842282
11370,1.2126258783165573
12543,1.212616546984663
13245,1.2126025016897364
20338,1.2126002954659394
13823,1.212577077685418
12722,1.212568361823887
163783,1.2125461308957202
10854,1.2125460051396344
23163,1.2125399021596999
15767,1.2125380833189703
12598,1.2125291389985722
24607,1.2125058110577458
14283,1.2124889513386317
12992,1.2124681718706483
17976,1.2124631369978487
32190,1.2124624163327065
12036,1.2124565766694386
17930,1.2124508669969245
17786,1.2124451300352206
20624,1.2124144363748313
15173,1.2124091074853787
20202,1.2123842256726256
33256,1.2123671165634184
18122,1.2123541923433434
21110,1.21235075036589
27317,1.2123338523762586
11816,1.2123298009923587
17638,1.2122820060267812
20531,1.212281398487407
21354,1.212281159894599
18176,1.2122585546250835
22853,1.212243324655615
25215,1.2122127582589168
22980,1.2122046626307017
20840,1.2121993215006466
11282,1.2121839006067223
12791,1.2121784786086687
24416,1.2121601697594142
16050,1.2121591487813055
17090,1.2121554407066524
19119,1.2121413572775552
22193,1.21212824123696
14379,1.2121178051015944
18647,1.2121092041655346
12677,1.2121007728857882
18320,1.2120624204037087
27021,1.2120298071973665
10731,1.2120244430553988
16247,1.2119840390024355
10085,1.2119625015075832
15695,1.2119499240584897
12511,1.2119436398081982
11910,1.211935241040231
12787,1.2119051514638763
22372,1.211888013146821
20689,1.2118826910762608
155712,1.211829796762597
12418,1.2118165778325056
33104,1.2117794406094677
11915,1.2117585054808444
27176,1.2117539904279606
21252,1.2117539874857426
15502,1.2117392893980579
12661,1.2117187296012335
22754,1.2117077326391896
12323,1.2116942512591662
15952,1.211681402251162
11927,1.2116616454702267
11190,1.2116500785055664
19421,1.2116477154386107
19403,1.2116418338775514
26284,1.2116405748618775
11585,1.211623097073065
24005,1.2115838796171898
101888,1.211581873525412
14001,1.211578819257279
156960,1.2115164260167872
19374,1.211513030356913
12694,1.2114983346189656
17513,1.2114729791242678
11110,1.211457788281046
46925,1.211432951884786
24705,1.2114175986579907
16152,1.2113916132789124
21034,1.2113650726904388
12120,1.2113549986325614
16526,1.2113527348089592
27527,1.2113176449300314
27642,1.2112982252291158
103399,1.211279966503004
102332,1.211239245511294
10504,1.2112082567724844
25897,1.2111910975261495
15811,1.211185561989853
19906,1.211131536354779
165341,1.2110304431965153
27344,1.2109888679392193
11610,1.210986985311066
14036,1.2109360162938045
10976,1.210915722174179
22299,1.210893556220935
14686,1.2108772629157998
20455,1.210846985533127
16071,1.210825214475344
156274,1.210824850249619
12655,1.2108217137575663
17716,1.2107598264040937
15105,1.210747473468641
11297,1.2107299391600812
35628,1.210726821789836
14002,1.2107061713535219
16222,1.2106860833477495
163006,1.2106744474322688
27698,1.210671495453033
11854,1.210668982864341
32498,1.2106663034482388
23330,1.2106474764392905
22913,1.2106429781578127
30659,1.210638975227645
27479,1.2106240598559712
19582,1.210618846254301
21207,1.2106091029896866
28723,1.210608893080728
164075,1.2105903099924338
21751,1.210561826913556
17186,1.2105472561247028
23627,1.2105209332361562
14578,1.2104777201561276
102375,1.2104767929128717
15253,1.210471220346998
18052,1.21046997800579
17243,1.2104608179955416
26044,1.2104484675958371
14424,1.2104367084696275
12904,1.2104258984160379
22840,1.2104210649137337
29944,1.2104178839300423
20239,1.2104139343502132
21741,1.2104068904976413
18753,1.2103919865548642
26341,1.2103841806816662
102493,1.2103583869311314
18961,1.2103353042277902
10266,1.2103312290293085
101038,1.2103296064872584
22949,1.210327034816774
18007,1.2103084754495221
12032,1.2102661526766505
10328,1.210233735281538
16008,1.210226749188782
158755,1.2102200023556036
24131,1.2102156023399158
31548,1.210189092911293
166501,1.2101615545358348
12798,1.210155282291492
12782,1.2101003309891072
12580,1.21009372069862
20428,1.2100743948937
11422,1.2100561678688164
159141,1.2100318157407666
163004,1.2100220911207233
17628,1.209987509797606
11055,1.2099813964103139
30132,1.2099743849353872
12530,1.2099668955611347
31901,1.2099392639066726
18109,1.209897709175865
12194,1.2098670591575198
157981,1.2098414707366243
13177,1.2098329668232137
11478,1.2098246979166631
157494,1.2098115148052622
162540,1.2098068373914082
15667,1.2098028451494964
23792,1.2097836699751057
16041,1.2096891675465635
11629,1.2096789650358253
20456,1.209671364386045
12892,1.2096508760823381
11503,1.2096476732971744
17085,1.2095748204091363
20590,1.2095144336783967
10930,1.2094857929302216
14113,1.2094644755900308
10090,1.2094530765173646
13931,1.2094404769227476
18458,1.2093970799461466
22412,1.2093955596346513
12001,1.2093660555856038
100614,1.2093200030295839
18140,1.2093034523835855
16983,1.2092988806580824
13410,1.2092976819929337
22137,1.2092932768052518
10911,1.2092673971342724
20727,1.2092444763745827
26319,1.2092235696665263
12228,1.209220682610915
29022,1.2091969989293396
29397,1.209162190760139
24950,1.209137161214398
14579,1.209130734157906
12981,1.2090909458520591
11917,1.2089881885655542
27301,1.2089647384940387
20730,1.2089294756600157
12861,1.2088816111811735
21241,1.2087736486073313
101251,1.2087443321361389
13737,1.2087393109900415
10269,1.20873745079705
14270,1.2087295115274197
10333,1.2086251335228175
152552,1.2086113198606896
101639,1.2085948172021002
20937,1.2085794191659431
12773,1.2085645537421088
17238,1.2085411894366636
29862,1.2085286226427938
18023,1.2085234476031124
47873,1.20851435681637
17024,1.2085096827413828
13260,1.2084870076209397
14295,1.208469189771035
13633,1.2084578966879238
28669,1.208428474072239
20132,1.2084260476593554
23585,1.2083786644289973
18734,1.2083777011446057
17841,1.2083699147531812
42242,1.208360441033653
16687,1.2083594803310915
13421,1.208341572156272
18784,1.208333632482395
21058,1.2082958865155817
12870,1.2082677311775416
153908,1.2082515443555968
156785,1.2082122653795835
15781,1.208207310402682
13794,1.2081627712605947
16790,1.2081508805308194
10584,1.2080987440908144
19336,1.2080545011652326
15724,1.2080487441623
12176,1.2080381094548989
10278,1.2080157605643878
14359,1.2080144530383488
11318,1.2079847897937661
27860,1.2079776242004272
26031,1.2079773823584319
16402,1.2079311664758525
10473,1.2078858296537258
79206,1.2078661665337753
36173,1.2078659476856413
29690,1.2078577413876348
24326,1.2078350030321823
14456,1.2078327456933462
21592,1.2078180460936854
14197,1.2078178181524857
17973,1.207803841852552
20792,1.2077802520941259
10809,1.2077640164483885
19021,1.207759500276579
31119,1.2077568390955113
11946,1.207735901689857
19663,1.207700752913813
28275,1.2076760003469476
19662,1.2076229087389636
25408,1.2076088184998683
12875,1.2075992573651548
22354,1.2075804327386412
22103,1.207579581306312
13081,1.2075377389152413
102167,1.2075314197524571
87821,1.2075216993306308
10133,1.2074832426490851
20491,1.2074746431403816
16891,1.2074702508706854
154488,1.2074290390961324
24467,1.2073973474918647
21924,1.2073908995840148
22406,1.2073906544034396
18929,1.207351645354872
45384,1.2073299107022024
23682,1.2073274646177714
11294,1.2073117755716383
12130,1.2073091471787485
24544,1.2072880560745443
24429,1.2072557265812363
10870,1.2072406888639649
152381,1.2072275668925898
15048,1.207222847390415
12145,1.207222422411054
11997,1.2072147929744232
155798,1.2072102255063781
152257,1.2071809119685577
22417,1.2071691624874097
15609,1.2071577493755654
17978,1.207156169466039
10768,1.2071473509480088
13448,1.2071055670734785
20442,1.207095588591889
24175,1.20709526888617
23602,1.2070870403565415
17404,1.2070558747018632
11494,1.2070287114293
156317,1.2069892980956847
19786,1.2069878756704373
10443,1.2069875347122796
12976,1.2069792338470273
14294,1.2069789706835934
19677,1.2069036976656387
23670,1.206893708382051
17538,1.206861080471265
16685,1.2068356915949832
12313,1.206832033798397
11836,1.2068289362839535
30300,1.2068232966799035
38657,1.2068103298665573
166246,1.206806375680133
11817,1.2067316351058859
20253,1.2067262870312097
167219,1.2067133708803433
21740,1.2067066845389487
10773,1.2066481133990044
25160,1.206559348953991
100002,1.206557237803719
17592,1.2065323189667816
11850,1.206494887145574
102745,1.2064852431394613
15990,1.2064567959096697
13500,1.2064550411136998
23078,1.2064075710778421
30025,1.206389495882561
10031,1.2063800090544523
103326,1.2063286748530575
10601,1.206312018847671
13721,1.2062978454392992
16711,1.206263005657876
16137,1.2062568889773964
22143,1.2062185812587836
13204,1.2061893264309318
25134,1.2061756694089631
11587,1.2061670548751235
22924,1.2061611499300364
22035,1.206148764207802
24157,1.2061322077508243
10763,1.20612485290701
23650,1.2061231153505418
10574,1.2061137864940832
20836,1.2061073515131502
10488,1.206103276354795
10458,1.206094217073835
22448,1.2060690303204622
13406,1.2060378634169426
27660,1.2060246816230416
25502,1.206014324535768
22508,1.2060111446048185
100697,1.2060043526174358
24938,1.2059834046566869
20473,1.2059828173223308
30917,1.2059668547763795
10582,1.2059607381548756
16975,1.2058902276195391
16559,1.205866758988842
18970,1.2058549754855135
16268,1.2058340209800487
22527,1.2058078291613001
27855,1.2057444108824384
11132,1.2057438767482
11578,1.205740740682112
15318,1.205734335955304
153521,1.2057007665232322
12135,1.2056838525462032
22676,1.2056733972393392
12811,1.2056408861574746
13561,1.2056292960492734
21265,1.2056213607906672
13178,1.205616892559148
24702,1.2055518076071374
14812,1.205527122892304
15816,1.2055195302244064
12957,1.2054660935759616
11027,1.2054649934367625
10762,1.2054493023371937
16589,1.2054349118783267
153444,1.2054335743281221
152771,1.2054217716353948
12027,1.2054204417351395
17312,1.2054081711367506
27211,1.2054003446856825
17066,1.205385648513912
154520,1.205385381907028
17927,1.2053665995022182
12818,1.2053482648065161
23983,1.2053270848225377
19674,1.2053172566580883
26402,1.2053157199182185
35435,1.2053000905209272
18203,1.205298824323252
16909,1.2052628443297817
10895,1.2052600833473095
22515,1.2052509529922193
18981,1.2052493514155307
23561,1.2052310473895216
17519,1.2052263605268456
25096,1.2051927528709603
18184,1.2051748843631946
10011,1.2051606109404176
24208,1.2051457472998004
19245,1.205140415111924
12789,1.2051298689463206
10152,1.2050950249405836
16861,1.205088430714105
26300,1.2050302025279236
21505,1.2050217864516464
33100,1.2050003862971
24370,1.2049756127276023
18836,1.2049491692262913
24908,1.2049351413232718
26667,1.2049271795169874
14058,1.2049156613884398
17114,1.2049138400183725
23622,1.2048838206620909
10781,1.2048687780882426
35133,1.2048471995973682
25533,1.2048418547200843
19257,1.2048305043101186
23540,1.204816967535897
18515,1.2047702867132337
25563,1.2047268150718216
17165,1.2047250146906554
14703,1.2046996966778545
102644,1.2046855664990235
13573,1.2046645625891395
10531,1.2046509522641955
20183,1.2046149733065081
27654,1.204600727200897
22751,1.204599873875991
14963,1.204582657290032
11089,1.2045761248715896
21115,1.2045718081443746
15698,1.2045275624911547
32374,1.2045205613632992
27244,1.2044970906064443
14878,1.2044902765325198
37429,1.2044874114091115
22859,1.2044627662341012
10221,1.2044613852736992
15586,1.2044425075654333
10796,1.2044149314082953
10973,1.2044050117931584
11030,1.2043744816078934
11175,1.2043722497660914
23503,1.2043667020053743
22770,1.2043294678976155
12853,1.2042830472552222
18616,1.2042570200410643
14217,1.2042561302314443
23550,1.2042516936806191
20878,1.2042504585186333
10654,1.2042501980715727
17281,1.2042303637213312
12588,1.2042273532737249
11918,1.2042256888083944
11916,1.2042215646853702
22074,1.2041810686700785
176763,1.204170035001609
15823,1.2041666795559598
18271,1.204134801913457
18367,1.2041073012229992
26658,1.2040870098534122
13874,1.2040662591061377
14302,1.2040632243397207
19046,1.2040335809195186
21717,1.2040146111384864
22574,1.2040041933639323
26921,1.2040013135190055
10193,1.2039673335696177
22671,1.203942836366773
166871,1.2039409736652062
19454,1.203925283418364
12550,1.203901052447475
21934,1.2038869331144466
24238,1.203874372970037
17323,1.2038667388457087
26014,1.2038456187024227
10098,1.203839771499771
10784,1.2038098681133016
13838,1.203762277122614
100492,1.2037430671122529
17460,1.2037215949692222
101962,1.2037196280999045
12393,1.2037079870255134
12650,1.2036257901302647
15799,1.2036201867584633
11062,1.2035894158463538
15798,1.2035788828606269
12186,1.2035010714681862
15237,1.203498762192497
13130,1.203489024853724
13923,1.2034882343893236
13312,1.2034807505265082
21170,1.203468266587104
12175,1.203443765504916
52487,1.2034395052853
20968,1.2034379302228355
25904,1.203422372181046
20337,1.2034074492099076
15172,1.203374858384444
13295,1.2033619969508689
18946,1.2033394235904165
156144,1.2032931931877253
14709,1.2032653551908714
22955,1.2032538016355279
18962,1.2032416771461552
17601,1.2032250964931068
23376,1.2032022577222823
26879,1.2031953154141535
13211,1.2031737513804759
13288,1.2031706270540776
11385,1.2031601253324478
26463,1.2031317522388425
157963,1.2030979737702767
16646,1.2030507863947941
20949,1.2030113587809634
17619,1.203011159463696
23990,1.203008832820887
162622,1.2029887861859196
12974,1.2029880956899746
101435,1.20298237365446
22460,1.2029651013564948
22178,1.2029294279569989
34021,1.2029285137046755
10251,1.2029122721707577
101289,1.2029048219017922
23044,1.202890391381283
22903,1.2028775403528802
23537,1.2028590190966022
23658,1.2028460543242032
13469,1.2028305704596747
11086,1.2028304592988825
18434,1.20282937841548
23042,1.2028282627326368
101206,1.202782491922171
12216,1.2027733655369717
155096,1.202750828222617
14465,1.2027280449283746
23674,1.2027114919309214
17587,1.2027075675752383
24911,1.202700245006299
25638,1.2026946954490203
14008,1.202666276950103
179829,1.2026522051149755
20965,1.2026471740168414
22185,1.202635091957747
27238,1.2025994394140942
170231,1.2025912975106048
10605,1.2025861245676177
16641,1.2025694278365324
14154,1.202546727754093
102221,1.202541507475737
224450,1.2024959526092243
20217,1.2024941840811199
24994,1.2024863164910975
25007,1.2024726200863458
14380,1.2024708785006275
18036,1.2024314472928246
26415,1.202428578751672
26712,1.2024241380250458
10540,1.2023566777666101
158202,1.2023398679125437
14482,1.2023326574435538
14290,1.202236388813656
32094,1.202222772007144
21113,1.202213177318131
24609,1.20220685067927
12169,1.2021851380003217
23824,1.2021726071711134
20241,1.2021569483154788
13477,1.2021453243602953
11841,1.2021334381005253
15012,1.2021325565136234
153511,1.2020513794962542
27309,1.202051138683496
22839,1.2020362149197923
14410,1.20199754118581
24393,1.2019238360971916
12824,1.201901868983342
26567,1.2018967023573761
20623,1.201895708556565
12470,1.201868343964611
11626,1.2018587882009544
17857,1.2018518548838102
16798,1.2018332499658688
22386,1.201804983949594
19953,1.2017852870495933
31088,1.2017822623617653
13016,1.201738325417262
25321,1.201733426227001
16353,1.201732718244749
19782,1.2017125581441
14006,1.2017033448977035
22151,1.2017007919558946
26819,1.2016973650802456
12608,1.2016803535518343
12049,1.2016461167884065
15487,1.2016308735378294
43240,1.20160843993612
10334,1.2015918304873654
167000,1.2015800251891904
21472,1.2015768478610978
11051,1.2015756839976597
164179,1.2015612481985287
24542,1.2015606049239926
24160,1.2015440157661263
11869,1.2015366874083484
154293,1.2015319865518577
12450,1.2015317732415225
23394,1.2015080046170858
16373,1.2014476318359943
14014,1.201438785738898
11129,1.201409865109052
17080,1.2014018540611477
21364,1.2013903087027988
13741,1.2013708974383457
17966,1.2013614416349014
11600,1.201328357719205
13934,1.2013174774293207
10484,1.2013005081897348
14193,1.2012780991612644
36805,1.2012659452769925
40793,1.2012079012750405
16156,1.2011757232719795
22646,1.2011739718706118
10623,1.2011549502575305
21841,1.2011372021915425
23508,1.2011240305048672
29409,1.2011009052051487
20687,1.2011001309041467
21618,1.2010785274702052
15399,1.201076053350054
11831,1.2010752648707246
12424,1.2010493046484456
24450,1.2010470775093125
28671,1.201043114156443
21359,1.2010229975195763
28267,1.2010141243180037
157504,1.2009912724014788
18735,1.2009868280853304
152488,1.200979829502017
10984,1.200979811086853
14941,1.2009795766374305
29817,1.2009518055619424
10604,1.2008790999667027
100544,1.2008576548542789
16093,1.200850098061574
21548,1.200809993276515
16260,1.2007799678933515
19148,1.2007765828858241
15265,1.2007700846538947
13176,1.2007593948684436
23051,1.2007160505621441
22970,1.2007001790281535
13549,1.2006924375782653
10594,1.200685585750376
14806,1.2006379644821195
12159,1.2006204494283161
27064,1.200569311562487
23276,1.2005495409613065
12902,1.2005483715852066
14526,1.2005383593937242
16264,1.2005362748280206
23128,1.200527997183294
10547,1.2005231628143092
26472,1.2004584007164838
156554,1.2004548036340192
163222,1.2004360280755837
10724,1.2004107764331649
158816,1.2004062769051784
18302,1.2003703943873523
24023,1.2003425937144852
30497,1.2002989800064852
17933,1.2002759021101492
21085,1.2002594802911164
13752,1.2002421010356934
12828,1.2002046221240303
19772,1.2001838260528834
12091,1.200180812002719
18119,1.2001753634434957
167151,1.2001505850742504
22517,1.2001469953409352
22453,1.2001354298032076
10897,1.200123657680643
15454,1.200117644755657
26833,1.2000732009182475
21928,1.2000612399615842
171327,1.2000563940185962
14179,1.2000480806562908
10593,1.200006899824297
14808,1.2000065292177065
19577,1.1999964974858692
19108,1.1999850345504621
15539,1.1999669750667732
11945,1.1999632644645204
19040,1.1999606950460666
19866,1.1999417311371439
25766,1.199924127588738
17433,1.1999075263271095
24192,1.199905854191851
24470,1.199879282738879
18000,1.1998476091402297
11507,1.1998450535247331
11037,1.19984311976648
33162,1.1997775162605226
20323,1.1997760961549164
26523,1.1997455318402974
101305,1.1997294275259627
19689,1.199717611557734
10444,1.1996978199622719
19249,1.1996964896869904
21076,1.199684468982132
20504,1.199633554334106
16978,1.1996303417039533
26398,1.199619881339115
22287,1.199610815141906
12005,1.1995999462793048
10341,1.1995986006379464
10231,1.1995970065509325
32206,1.199587163411649
31681,1.1994966398843496
15757,1.1994695350385618
13210,1.1994650533341242
12131,1.199445685590057
10612,1.1994371240027564
13462,1.1994338820355201
11822,1.1994245647346318
11260,1.199418838430743
162845,1.199416406347686
11160,1.1993924614500866
29767,1.1993847862144698
21266,1.1993665320574518
22666,1.1993618916674942
20656,1.1993491522890456
157652,1.199332929583151
14316,1.1993105670074822
23041,1.1992951131273497
27610,1.1992882852656683
156700,1.1992492720902517
15459,1.1992343852289324
10680,1.199200906218298
12247,1.1991991528866848
20048,1.1991972549766419
20175,1.1991762533150065
100272,1.199152157187688
22788,1.1991474273942735
26241,1.1991300175914597
15069,1.1991039078271037
26423,1.1990780555205534
13610,1.1990713607639139
12047,1.1990709956188215
22316,1.1990562812529464
152261,1.1990473708620046
24237,1.1990358632853781
15292,1.1990339430507644
17738,1.1990334123836233
28940,1.1990209805563372
13203,1.198997935424263
17219,1.1989935433119359
17715,1.1989824231168145
19835,1.1989589029532035
16528,1.198955373902005
102407,1.1989475814338568
66390,1.1989463037783086
20153,1.1989280425935536
21782,1.1989246233406348
16986,1.198878411957527
163339,1.1988423710128884
23365,1.1988302373446256
10734,1.1988151182555786
14752,1.1988136442002595
33695,1.1988091313813907
158836,1.1987767028373335
15433,1.1987654324891588
33659,1.1987045147403181
10864,1.1986976364279
11029,1.1986780622104656
33187,1.198666856023256
22584,1.198655610153019
17800,1.1986371236774092
13588,1.1986262824068106
17039,1.1986189157835891
26668,1.1986068422430092
17475,1.1985985607345613
24806,1.1985423080008704
166355,1.1985378740522812
175931,1.1985310277388486
21481,1.1985151782071288
10113,1.1985139981280644
18375,1.1985062840412877
100398,1.198506076784126
21010,1.1985059345044948
16394,1.1985012425554074
100641,1.1984976713160993
157964,1.19847154976843
18255,1.1984239269428396
22743,1.1983879129947501
166329,1.198356958707778
17713,1.19835398681819
12336,1.1983205723805652
18313,1.1983198388943368
21525,1.1982921496867966
101941,1.1982641898155313
166753,1.1982379345675687
16481,1.1982036944509458
26468,1.1982030813633422
101514,1.198170982898078
24942,1.1981411393914614
22377,1.1981185130241152
11714,1.1981081374241431
10704,1.1981012192601428
14895,1.1980931358452362
15703,1.1980793558196738
29698,1.198073929845295
19962,1.1980586770118438
14538,1.1980559691023143
14519,1.198047613967432
162974,1.1980307467677345
16367,1.1980195451528006
155069,1.1980189773785146
103459,1.1979947377974587
15057,1.1979910208713556
18322,1.1979860116213557
14224,1.1979690132421668
26471,1.1979493794266995
194124,1.1979036084184487
18128,1.1978885578067853
16025,1.197880573300404
11952,1.197867335717355
16593,1.1978539711654166
101549,1.1978457497013522
13430,1.1978372389342198
23531,1.197778095189793
25576,1.197772403971218
16236,1.1977542052890828
20735,1.1977134706974888
21610,1.1977132746081542
16003,1.197635157913721
19745,1.1975763984176468
155099,1.197566479028836
18561,1.1975372049985193
178721,1.1975311295563396
15098,1.1974941465896318
15671,1.1974590225359858
11357,1.1974579239733627
19646,1.197435608837903
21372,1.1973251033831878
31216,1.197307191490609
12646,1.1972550763199492
14281,1.1972223227077374
20082,1.1972054402143675
152301,1.197198227542448
13930,1.1971879404015975
11067,1.1971854775893278
16148,1.1971686065371494
22931,1.1971578928560325
16660,1.197138059953741
27201,1.1971282411820479
31143,1.1971188247088338
31120,1.1970972799268702
22440,1.1970923401080622
157517,1.1970879147501134
12309,1.1970791236966354
16150,1.1970646296013046
27664,1.197046289772176
154301,1.1970420248545093
13641,1.1970196333359953
29571,1.1969247601786637
23728,1.1969247211463394
10051,1.1969094089062107
159470,1.1969088822090916
25039,1.1968912768404993
171350,1.1968832114352206
15398,1.1968807344782277
22988,1.1968721408642096
13796,1.196867091667013
13450,1.1968227356347656
13995,1.196800140241622
14163,1.1967983591916243
10789,1.1967964674746818
10637,1.196759828251549
12185,1.196745640942866
13164,1.1967405094183032
20032,1.1967238601391434
34085,1.1966970138079178
32105,1.1966862522046102
16110,1.1966268540125469
24492,1.196609184562425
32328,1.1966033605103399
28654,1.1965919994805596
12301,1.1965757158876904
15465,1.1965656501851285
11669,1.1965634123437998
25743,1.196507668398933
19851,1.196498642673073
21185,1.1964916747517125
17951,1.1964862895395465
18785,1.196468575601411
10745,1.1964510605639418
28863,1.1964253750071905
20500,1.196412587702245
22797,1.196402190803392
24635,1.196359211178068
170932,1.1963584006914503
28296,1.1963443638669222
12461,1.1963416584097002
26363,1.1963144766871878
22265,1.1962957311036904
10755,1.1962937243153695
21897,1.1962687763741406
10665,1.1962620931439867
15620,1.1962588819571978
11462,1.196251541511525
12292,1.1962463203477116
22997,1.196239140268876
19872,1.1962383961414302
103147,1.1962228465061315
28060,1.1962002753547256
16023,1.1961890683557053
22966,1.1961868446429311
14872,1.1961725762996456
13082,1.1961346201458785
15377,1.1961282726790057
154383,1.1960773312113084
16708,1.196068475782699
11646,1.1960325750035372
15738,1.1959822254006471
16104,1.1959723548702461
20362,1.1959666409579777
19275,1.1959088534356717
21801,1.1958942957834968
15701,1.1958776098973765
25049,1.1958578018174377
17501,1.1958206688275275
101683,1.1958104035857013
12631,1.1957968980958336
19748,1.1957707972395746
26199,1.195762990765496
47304,1.1957555707683252
28632,1.1957553910204197
12762,1.195738184638645
14165,1.1957265385390146
12106,1.195700627849706
19827,1.1956912633451262
14117,1.1956582030482878
12134,1.1956565641150083
21628,1.1956231602629155
23109,1.1956135759812556
17218,1.1955879676386922
11206,1.1955765495749684
16081,1.1955170005732871
13594,1.1955136951493706
22040,1.1954938361836671
10846,1.1954888381582913
158391,1.1954407134968108
153733,1.1953795846888977
24555,1.1953704058656924
19632,1.195350269415085
153585,1.1953471694426476
15553,1.1953307775912536
50935,1.1953307418258434
23858,1.1953299696752122
10158,1.1953186782103025
19616,1.1953170113167633
33851,1.1953120577035676
155480,1.1952985023122968
14613,1.1952954495703143
32052,1.1952791415107267
21288,1.1952634139062184
20025,1.1952546748324655
17343,1.1952478093288197
153640,1.1952192872135161
26539,1.1952147944062401
10874,1.1952136166902272
27782,1.1952115897332118
15323,1.195207191482947
153253,1.1952027595484906
16928,1.1951865565907707
20020,1.1951489270322602
15776,1.195124408873929
10630,1.1951173563689772
42766,1.1951152640615237
22641,1.195103291381942
12882,1.1950652996462936
12077,1.1950623636644002
25222,1.1950533282674585
11907,1.1950485324437834
154600,1.195034650491472
11699,1.1950286127075376
12160,1.195022179371426
26122,1.1950122128067373
14894,1.1950098079612965
17711,1.195008326269875
25233,1.1949561593921398
10696,1.1949398620940443
17333,1.1949085325788533
10807,1.1949083378499061
10845,1.194898888309011
100525,1.1948853283777099
23401,1.1948637860425912
21536,1.1948538551943493
15395,1.1948450306812366
26376,1.194813618864532
12360,1.1947894598811715
20161,1.194787820762041
28120,1.1947512147603283
14384,1.194737947495489
16801,1.1946908655810635
10318,1.1946798975719863
25108,1.1946771201394575
13924,1.1946653454422982
10939,1.1946400824034833
25485,1.1945984790463537
20339,1.1945949743777229
15266,1.194557988955899
10066,1.1945541117146832
18781,1.1945443686432096
18175,1.1944946766905897
10758,1.1944605398841082
23081,1.194442685838654
21222,1.1944426678110893
17750,1.1944380519971158
16789,1.1944084687804757
15674,1.1943974928782264
42164,1.1943858927525912
20979,1.1943627778793766
39754,1.1943434166909495
164847,1.1943377464301477
17346,1.1942843072993394
23635,1.1942634736866775
23922,1.1942461604960561
20114,1.1942355918900802
156765,1.1942336532277407
155288,1.19422932748319
10474,1.1942226781552474
156605,1.1942191598277314
12505,1.1942018315675633
17598,1.1942007768320548
19858,1.1941854213814096
12600,1.19417057308019
15900,1.1941630659140199
10794,1.1941524643410453
21627,1.194149122087077
15242,1.1941229219228704
12662,1.194110601973046
13906,1.1940890325001468
18934,1.1940500852355782
12205,1.1940277428695212
11586,1.194005482271754
14619,1.1939766294864165
154776,1.1939630995245407
11858,1.1939363833345211
30987,1.1939183360203351
28597,1.1939154789471802
22315,1.1938468520772658
15972,1.193785001305968
18336,1.1937559629292958
10396,1.193744791476713
18211,1.193741912229294
10978,1.1936680720019417
152481,1.1936030215681797
24161,1.1935627871211552
22856,1.1935540326365168
11010,1.1935486009584135
10144,1.1935185922392528
20867,1.193503765788181
23976,1.193496243838528
164107,1.1934751461444602
20767,1.1934655945116972
24077,1.1934363531433279
12594,1.193431613328174
11253,1.1934074834158075
12518,1.193318744853716
20609,1.193307880298282
18902,1.1932682835691384
17993,1.1932467692013364
14618,1.1932384258813706
11367,1.1931998094930338
19163,1.1931861399249093
24036,1.1931660611989605
15840,1.193120523782635
25869,1.19312010979881
25706,1.1931129073701683
10901,1.193110320494762
20540,1.1930983557482522
17907,1.1930875971204582
29418,1.1930672484843434
26277,1.1930368821093262
19213,1.1930321439914306
27974,1.1930061800465404
16744,1.1930058493671944
28957,1.1930028913391284
10940,1.1929981572694017
10072,1.1929932570637287
10741,1.1929902744570828
12033,1.1929563651875807
153583,1.1929485987021915
11978,1.1929406010364305
10298,1.192938124269449
22657,1.192901102965768
158577,1.1929000902436788
11844,1.1928293714875695
159459,1.1927973164646704
10852,1.1927775861727379
22483,1.1927392542272004
19752,1.1927020588132724
10468,1.1927011985217246
16085,1.1926996887346537
12188,1.1926955072967305
24279,1.1926759336731048
24382,1.1926239817694582
10603,1.1926186452540508
154362,1.1926002562002362
14639,1.1925945439908368
18224,1.1925860740401595
15416,1.1925711367583876
15482,1.1925567961842756
18132,1.1925558644151626
49881,1.1925203065108112
168056,1.1925106184675802
15858,1.1924397001069533
18277,1.1924054520432164
11649,1.1923937168155743
18601,1.192377681460717
100900,1.192367580440867
24491,1.192354336487723
11555,1.1923427239372089
11687,1.1923419931462231
155783,1.192317771413577
12671,1.1923135763153603
10687,1.1923110528598988
11236,1.1923044220823857
21408,1.1922345847155982
14542,1.1922241157107196
11976,1.1922213752192943
29400,1.1922031737019627
26433,1.192180902452329
15505,1.1921805422728746
26805,1.1921750139025071
20335,1.1921314493867425
14615,1.19212792145841
10039,1.1921139741879334
11524,1.1921074942773462
13160,1.1920893975684206
26610,1.1920765640227928
20760,1.192064105063059
16322,1.1920460739760566
19771,1.192041529580253
23243,1.1920347216140588
13100,1.1919658377918536
13142,1.1919092675127934
100463,1.1918966968785931
30128,1.191862115532077
24906,1.1918616432202793
171422,1.1918594356014134
21482,1.1918487675386906
10522,1.191814212098942
16753,1.1917797108850252
11926,1.1917767971095943
18831,1.1917763091270668
19288,1.1917710250329334
17571,1.1917596571742373
12142,1.1917525333392878
14625,1.1917493943263708
14076,1.1917474462409645
10748,1.1917460685225485
17295,1.191738694108296
20589,1.1917135411826338
10879,1.1917036658576294
21030,1.191696291304711
164385,1.19169330696489
18098,1.191687774818233
12119,1.1916862362646354
13491,1.19166700705552
157549,1.1916525726665639
25288,1.1916460758222782
24262,1.1916446352911074
14168,1.1916123588795082
23543,1.1915943915343836
17724,1.1915401531477312
22158,1.1914989364768243
32110,1.1914986489120758
24207,1.1914504155209897
21574,1.1914347611186307
23441,1.1914137962931848
24013,1.1914001871963
22383,1.1913239311591328
24620,1.1912689942934709
30406,1.19126467113974
16970,1.1912498992862524
18939,1.1912398548813157
23124,1.191214687184653
15677,1.1911616759543715
18024,1.1911520585560393
162114,1.1911451742224068
12405,1.191083525900588
100968,1.191083040593291
26230,1.1910665786352412
14597,1.1910331229641158
21379,1.1910145206324088
20277,1.1909887396760332
11228,1.1909325724839785
10635,1.1909275383944882
12540,1.1909038666397513
22280,1.1908767877291917
24251,1.1908667448346644
20221,1.1908215587787205
27651,1.1907987764185388
12979,1.1907797752070444
10571,1.190702968755823
20544,1.190699479137405
21575,1.1906773572829534
11717,1.1906173731395748
22301,1.1906128895033632
21728,1.1906127818594865
20655,1.190607378838678
14771,1.1905866049204756
22541,1.1905732314270647
21389,1.190567158481439
10367,1.1905543376461718
27142,1.1905318851912734
21276,1.1905264109409515
11547,1.1905195665708268
10229,1.1905113422952822
19054,1.190480592568575
155060,1.1904776786871605
15904,1.1903979256056458
24562,1.1903533685023306
36722,1.1903530010456855
25219,1.190341482300093
159357,1.1903367612703648
23195,1.1902741806542847
17778,1.1902581469043527
14363,1.1902413153112397
17074,1.1902401001888052
10685,1.1902379679922843
29474,1.1902217327944213
18236,1.1901956994182292
20818,1.190181239729971
19539,1.1901500400514442
175180,1.1901132747775771
16788,1.1900380597370885
24864,1.1900205568121116
152595,1.1899809674668944
21381,1.1899478614465588
14213,1.1899398955149014
16289,1.1899224268341713
12931,1.189892514338156
100725,1.1898849337696087
14108,1.189880360430445
12127,1.1898481577244493
13343,1.1898389767564004
171416,1.1898268972472994
25453,1.1898127985550813
18182,1.1898116620179882
19167,1.189799060675693
11363,1.1897903107288836
17366,1.1897805666705084
14642,1.1897685908590272
21367,1.1897516208673664
160211,1.1897362665876923
172309,1.1897254356689762
22098,1.189717362149699
101114,1.1896962467838927
27781,1.1896923417598786
156162,1.1896559102650996
20264,1.1896339087963765
153895,1.1896312913921772
20940,1.1896214093413202
19277,1.1895898461204009
20556,1.1895709875714156
16409,1.1895578740490642
24708,1.189535272572636
11015,1.1895280807550077
20078,1.1895260855002823
13865,1.1895258334672019
10575,1.1895126667502223
19456,1.1895063879467622
15881,1.1894731965869694
13875,1.1894621306545439
12213,1.1894556878761753
19913,1.1894485744103835
10766,1.189446158878222
101955,1.1894313856138388
17394,1.1894051442177198
22689,1.1893988929757229
12645,1.1893568127835887
12833,1.1893565987576102
10112,1.1893354633452653
19672,1.1893276327923947
12684,1.189326260864716
19201,1.189284668636292
24174,1.1892636751976176
25305,1.1892277344383901
13408,1.1892265800925574
15402,1.1892091462143213
18016,1.1892052411283711
20204,1.1891765422406884
30353,1.1891578072870974
25421,1.1891570590542477
31435,1.189128798757332
165694,1.189112679835836
174427,1.1890992140797816
10156,1.1890910154299483
12935,1.1890346911103309
11381,1.1890163976699433
13061,1.1890146908415973
28051,1.1890138838392759
26146,1.1889812338581323
22306,1.188979275143685
16072,1.1889777723032906
16770,1.1889615826171336
13087,1.1889596517331311
20262,1.1889506183893728
15727,1.1889379348385372
10321,1.1889153600317832
20225,1.1888755990612834
11750,1.1888748747255728
17498,1.1888428430720237
17378,1.1888190247369752
12219,1.188795228876244
14893,1.1887950562707001
171356,1.188783221563303
18630,1.1887629039984295
13412,1.1887285170581166
10456,1.1887049771224285
11008,1.1887004008654032
10580,1.1886877262145839
21639,1.188668378989702
25623,1.1886447623616552
15307,1.1886365144884063
11536,1.1886350111016784
18975,1.1885838966877675
21375,1.1885782939766347
17432,1.1885361537256467
166308,1.1884920484179116
25212,1.1884781844028955
21401,1.1884751786247119
171347,1.1884649833306322
11159,1.188463681939624
17042,1.188426314266371
11778,1.1884170540167034
16190,1.188403183301513
12284,1.1883653119931963
16915,1.188361185145158
19943,1.188352930489617
165660,1.188347791396777
24640,1.1883437447752294
10506,1.18834277821469
19109,1.1883168662238546
18594,1.1882926167617753
33341,1.188267536345026
17811,1.1882193405674921
13980,1.1882091464103541
23149,1.1881924527952907
24819,1.188172738232928
157538,1.1881633963302964
157651,1.1881531385732262
11874,1.1881445311377055
21531,1.1881376717997034
11156,1.188137534693704
15528,1.1880877673888122
20033,1.18807373944059
157389,1.188059125876491
21029,1.1880022859311747
13085,1.1879601721621182
12073,1.1879438527351907
14955,1.1879248713922625
18737,1.1879132162251616
15220,1.1878775854897696
15503,1.1878460798425565
26475,1.1878349009508438
35432,1.1878272239928316
17597,1.1877670966292269
25037,1.187733839375265
19671,1.187733595010154
46142,1.187701064587536
10882,1.1876809112903786
11237,1.187639697303016
13640,1.1876350716289972
18173,1.1876347880016527
14801,1.187595936693037
28192,1.1875078371005685
24823,1.1874814348493192
30930,1.1874719355062342
18905,1.1874691197460638
24493,1.1874373107857215
22662,1.1874013272695354
12625,1.1873680379267981
157197,1.1873439810456783
100429,1.1873394314264478
16531,1.1873185466667242
23595,1.1873070988879668
13322,1.187294918800408
30902,1.1872883242340802
14784,1.1872413317436539
20856,1.1872244832547123
11804,1.1871957858388347
14009,1.1871938653876335
10446,1.1871696040047541
16602,1.1871465297758899
10859,1.1871455723960163
32501,1.187122825697854
15957,1.1870843355230314
22616,1.1869948752453214
21915,1.1869869212213315
24580,1.1869815135514004
18645,1.1869768447895086
153582,1.18696078282783
15542,1.1869552360986233
18790,1.1868731657412614
25472,1.1868320268683765
30071,1.1867888268022349
21057,1.1867681759131667
25352,1.1867438789688292
28809,1.1866846112864138
25401,1.1866796122111791
11467,1.1866625912999995
43476,1.186659078742188
157443,1.1866544058545627
13749,1.1866021506266837
20642,1.1865647788348057
24378,1.1865595182991069
35950,1.186525912730457
22061,1.1865002964379172
10806,1.1865002302679386
21914,1.186499340511555
12140,1.1864947371656962
13010,1.1864894549171014
24366,1.186486608492533
40514,1.1864802459915078
14988,1.1864733048355411
11397,1.1864602788957834
101398,1.1864599165849303
15970,1.1864570192012067
10765,1.1864532455711758
16876,1.1864512199976835
101657,1.186446464831104
30734,1.186437076974266
17683,1.1864261131980214
24931,1.1864071393186433
18097,1.1864034830609917
153787,1.186396358781534
10243,1.1863668380138623
26315,1.18634789926098
100732,1.186330075961323
24163,1.1863231726341978
11636,1.1862946032128907
20888,1.1862619633832154
12457,1.1862612698359571
20641,1.186251683718319
15523,1.186246918461724
12642,1.1861890252476306
24561,1.18616896102129
20392,1.1861579780514948
29227,1.1861416720857942
22311,1.1860822183127167
18087,1.1860402215869525
16705,1.186039273838343
11761,1.1860230586797527
30765,1.1860208845745648
10739,1.1860088286866277
11023,1.185994885333424
21827,1.1859633740660058
20436,1.1859262676993962
24087,1.1859056349075487
10145,1.1858888508080367
15908,1.185861070551329
22355,1.185849218137165
23999,1.1858382474182187
13074,1.1858338887840323
27473,1.1858134657470896
24397,1.1857942571170483
16930,1.185793909545826
157503,1.1857927938779846
14206,1.1857806974453589
21821,1.1857734567835572
44046,1.1857732889278216
16018,1.1857404361066881
27009,1.1856932422554205
15710,1.1856023419403197
10405,1.1855649969795947
24091,1.1855344094493871
23764,1.185532335354708
19928,1.185513616560533
11157,1.1854918642869698
25496,1.1854237478488006
29672,1.185403277354797
16632,1.1853150273205155
10245,1.1853075380928697
16900,1.1852357015972026
24731,1.185198981777218
11458,1.1851852739160493
43758,1.185183004769221
21073,1.1851670504358793
31545,1.1851669924514208
19023,1.1851456901171495
12014,1.185132853147397
12404,1.1851268664358041
41566,1.1851251332644444
155236,1.185119348325572
21692,1.1850974921926594
10475,1.1850695895494179
22064,1.1850410009714494
16325,1.1850382672408462
30927,1.1850326704385779
11141,1.185014528840636
100306,1.1849939100086542
22794,1.1849786918993195
26079,1.1849390419394836
11299,1.1848424358186989
10012,1.1848267702941964
15981,1.1848248636953247
22055,1.1848076032712067
23030,1.184798175264464
10225,1.1847981243955794
24421,1.1847662528251748
10822,1.1847555693391496
10055,1.1847396631233882
15471,1.1847370318423722
12117,1.1846902977253473
45494,1.1846889981906414
152576,1.184686660220602
17623,1.1846757164622521
14049,1.1846597587847332
20353,1.1846421683783066
20483,1.1846081853092225
11510,1.184583287162063
10397,1.1845714497816369
154112,1.1845422226710993
25009,1.1845415849985357
13444,1.184537862387055
30239,1.1845045256800446
17292,1.184390247068552
11569,1.184366225035002
23563,1.184365569465897
17388,1.1843327312331338
21497,1.1843296395467267
25642,1.184308378655086
24697,1.1843033233141058
10558,1.184279149680895
10820,1.1842687225328867
11845,1.1842582205563834
21719,1.1842184500003616
29691,1.1841802254828273
163340,1.1841620450703383
18996,1.1841444336237517
22199,1.1841062162787965
155172,1.1840723317409592
10416,1.1840495859625222
156404,1.1840396989735487
15299,1.1840394315357827
11243,1.184012701216117
22407,1.1839974674628986
15747,1.1839870164536266
19237,1.1839753261543313
101892,1.1839331358305267
48567,1.183928967880299
13621,1.183901828466261
22538,1.183838104872041
10868,1.1838337665950842
21659,1.1838078433439392
10306,1.1837832167292366
11006,1.1837668981655762
28509,1.183763182660224
31184,1.183650261798165
14156,1.183609996406386
19315,1.1835954445497308
12043,1.1835890690250677
159251,1.1835221397290119
153806,1.1834912036722864
16626,1.1834705382763167
101906,1.183446198057347
155644,1.1834244383520243
10841,1.1834115416009627
13457,1.1834064787565948
20801,1.1833965052324935
23735,1.183335130597905
152430,1.1833338333610064
10502,1.183265363989089
26598,1.183253280037476
26293,1.1832399001765934
23200,1.1832372957793111
38223,1.1832368666316477
12528,1.1831871740768565
10088,1.183179885091379
43194,1.1831762554127339
20543,1.1831578009058423
41420,1.1831438385023476
19746,1.18311553968637
18412,1.183081327231513
23517,1.1830768817252528
20705,1.1830705798991015
13266,1.1830442951218179
24259,1.1830412137254886
18517,1.1829692250440769
10938,1.1828901199184645
20297,1.1828463097449227
102322,1.1828424078708677
25770,1.1827902529928362
24103,1.1826933488553035
19137,1.1826858027734604
25254,1.182683973435566
13122,1.1826596005110352
13918,1.1826550879590416
22728,1.182613423493007
18315,1.1825690050842872
21913,1.18253997941345
30887,1.1824710122627724
23887,1.1824576241377427
13167,1.1824555487479076
13558,1.1824477209162396
39630,1.1824464674923323
13775,1.1824413427115041
35812,1.1824303058144294
14655,1.1823695750959176
19724,1.1823665826560499
12672,1.18234062352064
11724,1.1822785362920512
10287,1.1822528683712963
154962,1.1821563765718164
14176,1.1821177117394184
11583,1.1820106992003785
154597,1.1819656390367779
16078,1.181933167979453
16519,1.1819302063858106
13680,1.1818389534281326
24884,1.1818226644760275
23157,1.1818146823224793
22283,1.181805330395024
10324,1.1817322095742127
13949,1.181718614518518
13833,1.1817184156985006
25983,1.1817040258985043
14857,1.1816574995131859
23525,1.1816388836194647
100828,1.1816133791180436
21665,1.1815874204091192
17988,1.1815695888965694
18021,1.18155175539251
13917,1.1815222752207082
17139,1.1815216405976463
15311,1.1814818270433232
159875,1.1813638188919833
13769,1.1813546225843494
23396,1.1813443151799867
23596,1.1813375279214666
11319,1.181332086724037
158617,1.181302381396807
10282,1.181275186210328
10115,1.1812627640383404
22887,1.1812425520384562
12072,1.181213180746036
18500,1.181207774668307
21411,1.181177996477064
12685,1.1811683699101163
20954,1.1811382308965233
13473,1.181136378298148
21147,1.1810881543656055
15810,1.181031749981964
11795,1.1810136328892564
157253,1.1810072073163325
14870,1.1809715699676764
28884,1.1809529853251766
24591,1.1809356406489862
154599,1.180903544692197
25536,1.1808530273634141
12161,1.1808282581320075
23168,1.1807783282204896
21460,1.1807647292347012
17321,1.1807084448420955
19466,1.1806846615816016
26967,1.1806719420600744
155149,1.1806418554304743
15493,1.1806192121833328
18663,1.180617444002326
21829,1.1806071671908827
153186,1.1806063381216552
12331,1.1805591440392262
153775,1.1805148028747146
14091,1.180501320834099
18481,1.1804915062818357
10429,1.18046118212686
10295,1.1804462133536142
158397,1.1804131149194108
20847,1.1803979378125307
26458,1.1803789778138432
13871,1.1803307877842721
25747,1.1803268579073503
17272,1.1803096702644504
13579,1.1802424118429777
10507,1.1802405772740996
15878,1.1802368480403236
23103,1.1802040462449737
10442,1.1801609688511625
25136,1.1801535053096828
12772,1.180149852107176
23948,1.1801321468511106
11749,1.1800359733176657
101118,1.180009062492672
32251,1.179974735485256
100310,1.1799703164182693
153890,1.179962492193286
14552,1.1799594385914691
12709,1.179958492326961
12489,1.1799275077928053
12590,1.179924981359923
19458,1.1799247841163603
25089,1.1799107979563122
15631,1.179861892511783
29162,1.1798226349491736
13053,1.1798039538046021
22614,1.1798006084912693
21896,1.179781184677409
19138,1.1797721530009058
18331,1.1797187971690624
18631,1.179655577397178
10903,1.1796502699563498
11550,1.1796414381536569
18509,1.179631291014273
19605,1.1795909859891474
16208,1.1795617451875104
21392,1.1795464557250421
28144,1.179520181381033
10146,1.1794940684823318
10900,1.1794882186507234
11053,1.1794774357808242
10270,1.1794579664676086
21459,1.179433242414382
100055,1.1794324527316935
12797,1.179397547445188
27840,1.1793632167222372
23380,1.1793187675893717
15756,1.1793134288475469
21514,1.179296333675586
13530,1.1792646366168884
19400,1.1792633675486852
43862,1.1792344366261343
16875,1.1792243792786272
22021,1.179171648538492
26749,1.1791661603969377
12466,1.17915209412595
26473,1.179151672421497
19451,1.179099712326634
21513,1.1790704078586682
163401,1.1790676292583726
11430,1.1790424490742506
152357,1.1790159834852059
23513,1.1789542051414177
159040,1.1789453649452677
15866,1.178902728296427
10528,1.17885851002949
18973,1.178853607965331
19241,1.178842986044326
13919,1.178794904162472
14803,1.1787693327312443
15577,1.178762938485598
22389,1.178760461913463
26453,1.1787441985785632
16273,1.178700583038707
16459,1.1786822923546043
10467,1.1786524610246003
25389,1.178647520476004
12083,1.178644689415749
20657,1.1786378060776814
101199,1.1786256906511758
14714,1.1786190663840121
19712,1.1786109759146737
14136,1.1786030526882016
166963,1.178592782906144
10149,1.1785916588684924
157835,1.1785749523927815
34713,1.1785659446830166
101603,1.1785513221660675
11445,1.1784776520170588
166919,1.178456515589131
10839,1.1784549142745488
19566,1.1783904374560954
20528,1.1783738124224281
23252,1.1783707395234408
16537,1.1783664451990303
16757,1.1783282703916433
11504,1.1783236124592076
23903,1.1782466316052222
23819,1.178199360692875
28645,1.1781711125085106
11490,1.178126066017113
12776,1.1781201344911076
12531,1.1781156080868482
20158,1.1781142250181844
22096,1.1780936512348505
21013,1.1780742307735845
13910,1.1780693000256575
14258,1.1780631747543648
17562,1.1780068618279587
18439,1.17800029713409
13661,1.1779933516583223
15285,1.1779801138306116
23449,1.1779557320401979
22245,1.1779212101401737
17992,1.1778894032086515
17565,1.1778856676331626
11543,1.1778824903828768
10322,1.1777804009431496
15649,1.177776922156913
15676,1.1777553864809458
15839,1.1777173958746021
12635,1.1777163013471392
15134,1.1777006978831288
13975,1.1776982653471306
18501,1.177666114026792
28010,1.1776426348038325
18799,1.1776304778392914
102601,1.177544245367957
28421,1.1775360690285968
10927,1.1775354848652142
25192,1.177534910273434
13884,1.1775308453110012
23193,1.1775160532181455
10770,1.1774923403379463
22737,1.1774808590681614
152382,1.1774734593963363
101891,1.1774208427057842
15517,1.177419677218593
12481,1.1773888083968358
20423,1.177339257837022
18788,1.1773294049813254
18793,1.1772829021164797
18820,1.1772683505396468
17142,1.1772501157004076
167120,1.1772038050205222
27761,1.1771820330707952
18984,1.1771689429217356
23294,1.177164791930842
11943,1.1771597518441839
153165,1.177151238279829
24423,1.177140011549599
12058,1.1771269392019101
156841,1.1771164807499277
23989,1.177108390050646
11802,1.1770736698609845
20829,1.1770544422910256
14841,1.1770416745463779
11797,1.1770384344177514
15874,1.1770247451490459
15190,1.1769998170181648
100403,1.1769865258612708
16777,1.1769861577838285
20565,1.1769666195672013
26173,1.1769577169156256
27161,1.1769407080470506
10213,1.1769338977916435
16831,1.1769209557128901
28102,1.1769096565174542
24432,1.1769058396281342
22450,1.1768864567587978
27276,1.1768834498198844
11288,1.1768600046640236
11909,1.1768160404152286
23261,1.1768152978509205
12963,1.176707550653966
20577,1.1767052011185104
28526,1.1766907192254266
10179,1.1766878387163227
159102,1.1766013924899377
14469,1.1765788582327859
21098,1.1765693997017557
11992,1.1765113494012827
17188,1.1765036720613449
21253,1.1764859421156835
15075,1.1764673382024136
18325,1.1764582064268487
23323,1.1764520631530693
23245,1.1764082431839096
15926,1.1763772533960837
40231,1.1763637346593931
21972,1.1763472070055316
20383,1.176311958562649
17425,1.1763064582648168
30461,1.1762991944206456
20034,1.1762936121998333
11147,1.1762595288134787
16313,1.1762465331339098
10498,1.176227844081916
26812,1.1762117493966695
17801,1.1761089532639306
12945,1.1760732146275605
11369,1.1759920898866258
11475,1.175978922960259
11268,1.1759507127985438
11862,1.1759262863307562
29119,1.1759158490454846
13261,1.1758525734817133
20035,1.1758077131957265
13958,1.1757885279119122
11060,1.1757799945366882
29924,1.1757220624076512
23416,1.1756914823358915
35961,1.1756700327608818
14063,1.1756511396828484
23187,1.1756135679306987
46024,1.1755737298651059
23395,1.1755605291258848
19625,1.175539996067843
16412,1.17551871040296
16773,1.1755158745522019
21272,1.1755098605832084
14157,1.1754921370129243
25610,1.17542507125269
15390,1.175420851117325
166681,1.1754191051124399
13723,1.175417150863616
33194,1.1754020003074286
13626,1.1754006421739605
14531,1.1753987712829137
29285,1.1753915978295695
14556,1.1753857894156539
16059,1.1753567917613985
11036,1.1753095425217637
31805,1.1753058724832768
102207,1.175295511759834
166047,1.1752914416382723
168491,1.1752719512090624
20955,1.1752703537549412
16454,1.1752522753627066
11066,1.1752444417994525
22056,1.1752417553497507
166379,1.175214198957572
22426,1.1751981204037965
18672,1.1751629997678525
12327,1.1751463239536726
26773,1.175101787059993
22821,1.1750435876375462
22753,1.175037368624159
30449,1.175029877252423
10928,1.1749973375326161
27405,1.1749932412208277
10674,1.1749917548759896
20676,1.1749848000646919
17507,1.1749806010548904
11775,1.1749690152998733
13671,1.1749330554543302
19564,1.1749041058172316
22331,1.1748811610806242
20879,1.1748807963897148
26057,1.1748801093001597
14764,1.174845468362843
158429,1.1747868585603958
18506,1.174744292523652
15001,1.1747422829091116
21990,1.1747125333119117
21840,1.1746616272983155
101803,1.1746473753112778
19448,1.1746305310852565
26450,1.1746153634045222
22253,1.1745692841283213
100911,1.1745507149339451
19651,1.1745226614524293
18459,1.1745022402612553
26107,1.1744713313979795
12934,1.1744709670216535
17586,1.174455859931568
24577,1.1744419995394262
10337,1.1744416322041373
17179,1.174435124920011
18222,1.1744269781969823
14460,1.1744267767949519
11345,1.1744060020471352
10302,1.1744055926449648
19198,1.1742511593111118
12401,1.174245588350969
19839,1.1741884232183917
15154,1.174184417633239
10305,1.174168606002921
21092,1.1741533840056597
12807,1.174124230630733
13792,1.1741103013036793
14704,1.1741076408866977
100339,1.1740941678410586
13762,1.1740839106634409
166548,1.174080643213784
11784,1.1740472045397055
19380,1.174042541974494
10949,1.1739311596343323
43269,1.1739226468837607
25390,1.173915325382112
17081,1.1739107965212028
18817,1.1738957430710386
19733,1.1738589801468788
19338,1.1738544424622461
17178,1.1738480257263129
12510,1.173831074273065
166344,1.1738251627983343
10301,1.1738092104532774
23328,1.1737899056426515
25066,1.173786041099388
16679,1.1737096937517995
17709,1.1736876876704132
26717,1.173679689972449
22318,1.173644626334388
20142,1.173637757952119
26632,1.17362472560495
17505,1.1735653679303324
166402,1.1735431591236893
20517,1.1735063747100936
171400,1.1734784329803163
16285,1.1734709098224525
23028,1.1734610454166834
27571,1.1734562183224357
29466,1.1734336405588026
103020,1.1734277175220165
10233,1.173419752145645
27491,1.1733571201272672
29128,1.173342831339818
100139,1.1733327961701558
12638,1.17326597956448
13443,1.1731817047823625
26666,1.1731792444373692
17174,1.1731697193093154
22660,1.1731516439170218
21862,1.1731222559192083
11991,1.1730583616293067
10700,1.173053292160901
11760,1.1730083051622342
10951,1.1729999828271518
15590,1.1729716011482179
16901,1.1729394510960243
28915,1.1729223976829786
15556,1.1729171691444737
11238,1.1729161002674646
17197,1.1728887181565726
28778,1.1728706194391052
27829,1.1728085019864825
20633,1.1727961823848987
10587,1.1727562815487957
21117,1.1727418752039536
11360,1.1727334405879914
21673,1.1727230055753097
23759,1.17271500959901
10483,1.1726976834881087
16361,1.172689231714118
10779,1.1726627536535141
23053,1.172657025095226
17200,1.172596275561743
16462,1.1725946312368964
12430,1.1725642765419206
24665,1.172560131617406
21738,1.1725480194632518
21785,1.1725449745597722
10411,1.1725442965843937
19298,1.1725156639985852
16178,1.172506097980272
20057,1.1724661468064654
17563,1.1723998117578078
155057,1.1723898408584363
24763,1.1723533050737704
30901,1.1723347266700808
12003,1.172331031925275
13885,1.1723247770892786
15443,1.1721805524356315
20098,1.172166082367602
15773,1.1721652398387712
10110,1.1721588455227177
16513,1.1721583581758495
12754,1.1721287931020654
18971,1.1720804908552944
20329,1.1720626581101437
15027,1.1720350979402063
16821,1.1720176927756343
23793,1.1720167597869902
19346,1.1720165849345943
30666,1.1720157842867218
11924,1.1719439929774076
24234,1.171934053847632
154458,1.1719255180938861
17258,1.171919706077043
10455,1.1719144568175863
16205,1.1718322357227289
10430,1.1718240886505031
23604,1.1718223847431284
28593,1.17177280720435
19389,1.1717651892539598
18239,1.1717086770807996
16206,1.1716825114067213
13009,1.1716279501026972
160166,1.1716222007269639
27685,1.1716018975898264
25114,1.1715185911394965
22150,1.171516071056887
23645,1.1714854824788792
25235,1.1713834290051321
27049,1.1713710169843154
19480,1.1713389813824917
27302,1.1713311390694339
12046,1.1713135450214176
101013,1.1712927334746068
23061,1.1712690474701157
10370,1.171238855096099
100187,1.171237792940694
10595,1.1712276152753556
13374,1.1712103935693126
26167,1.1711772437738126
30151,1.17115648648732
194549,1.17112828673692
100655,1.1711276312503995
15217,1.1711259516310493
166607,1.1711143916303879
14580,1.1710937955032097
27733,1.171048312691716
24215,1.171031069664452
12367,1.170989683159285
18492,1.1709504563128006
14590,1.1709013409771836
10264,1.1708170429619453
14609,1.1708057579651816
16590,1.1708053710110824
20857,1.1708019099857032
21173,1.1708017124968837
14043,1.170783234252615
14073,1.1707821762256776
11315,1.1707663462356566
13364,1.1707461799648953
12218,1.1707420449291803
11635,1.170741695424758
18475,1.170728793303674
11903,1.170714225945647
12805,1.1707137449599698
15279,1.1707081368424788
21630,1.170697582389943
18398,1.1706903908893709
29206,1.170680847671881
100826,1.1706630720929332
19922,1.1706480524683422
153225,1.1706225769845384
16335,1.1706147820430166
25492,1.17054528985733
159348,1.1704793498605979
11759,1.1704719155108143
26675,1.1704681252272848
24646,1.1704498058736175
23698,1.1703604208236564
18139,1.1703478238318004
12121,1.1703408058861309
12641,1.170318128847305
27943,1.170293573066811
18040,1.170267602074243
27427,1.170248854542309
17259,1.170228755018836
12089,1.1701993968601911
13109,1.1701662262010415
27958,1.1701476948768745
24600,1.1701274456824855
10662,1.1701252414972168
16732,1.170054711741351
22881,1.1700525623135032
13940,1.1700484346690938
10931,1.1700210378319862
32456,1.1699103415464425
23578,1.169850224562502
22904,1.1698452797947916
30644,1.1698436023723815
16968,1.169815940671416
15853,1.16981538215833
14558,1.1698018199239022
29569,1.1697901187641295
19665,1.1697686603042539
22490,1.1697488191074243
17051,1.1697238632230265
11390,1.1697192439801143
14053,1.1696894998509586
19780,1.1696723321756997
27902,1.1696560158305556
32628,1.1696189141451752
16971,1.1696064916566882
12924,1.1695468408426826
12373,1.1694653145755445
10533,1.1693899093804094
19694,1.169381766183262
20488,1.169355281370999
21978,1.1693311586813642
14139,1.1693237385344648
16070,1.169306998534514
23000,1.169277152719527
157802,1.169250864677099
26491,1.1692418566974216
22221,1.1691760006227796
152710,1.1691689780099566
27581,1.1691626263356476
14544,1.1691619355301885
19220,1.1691522588339895
23076,1.1691405163994482
12128,1.1690472183162792
32469,1.1690463255682553
151745,1.1690276481521724
24127,1.1689965881947872
27472,1.1689836035761594
10588,1.1689689915421988
23178,1.1688567829358008
11106,1.1688270041087017
20576,1.1687995133025983
13632,1.1687994120771117
14082,1.1687675056754598
23039,1.1687504283168675
18855,1.168726610040919
13423,1.168668062728413
24873,1.1686621126727252
15906,1.1686614766661825
11193,1.1686227833434428
14892,1.1686166107750706
21893,1.168548579972975
20522,1.1685388414905982
16931,1.168509058165635
21898,1.168465034819447
27132,1.1684084232112277
19309,1.168384795512054
172682,1.1683504962968103
26642,1.1683387510275849
100264,1.168302751147557
15825,1.1682964033750847
23447,1.1682181636963735
22512,1.1682075307063506
23228,1.1681998039189432
26916,1.1681254788875457
11239,1.168114893614818
35927,1.1681142124735202
14874,1.168103000725813
12334,1.1680121208503453
13759,1.1680110409325783
17252,1.1679975619851235
15656,1.1679903310617035
19681,1.1679864065688292
10376,1.1679605353886073
29141,1.1678745912130446
10910,1.1678728571421457
24214,1.1678399317953578
22774,1.1678108312455329
11754,1.1678009074198892
15924,1.1677859118381575
26823,1.167761082811064
201864,1.1677362571523784
24647,1.167724683673526
26677,1.1677044628845783
36299,1.1677023950410939
23528,1.1676990033482162
159912,1.1676460949779088
16815,1.1676362652978258
27296,1.1676259480300788
11770,1.1675672274091322
21637,1.1675035059443177
17447,1.1675000701244234
160145,1.1674560544951433
28649,1.1674550801291288
10668,1.1674547821351422
11495,1.1674117115263405
17365,1.1673644245198005
17642,1.1673618552710259
160111,1.1673514614244045
21134,1.1673442923751989
10151,1.1673440922931726
25038,1.1673164833776295
27207,1.1672954962110382
27239,1.1672417502204189
16108,1.1672375579934655
16221,1.167229170752141
19461,1.1672089342909924
24011,1.1671908844956804
13341,1.1671555215603064
13785,1.1671498533631905
159900,1.167145516488954
25527,1.1671379794177128
25508,1.1670699199151118
24084,1.1670667695237327
16912,1.167031447233556
163070,1.1670061741042401
27573,1.166985753804675
17554,1.166876709781454
10150,1.1668528871696549
16878,1.1668228166212726
155066,1.1668107551291873
26196,1.1667752469939006
19597,1.166775225582889
100784,1.1667643018357046
20614,1.1667292309842867
18786,1.166686989081241
28339,1.1666421567938496
17557,1.1666218150885996
20434,1.1666159155812368
10204,1.1665960701335523
21501,1.166591984099011
13696,1.1665735258211751
11518,1.1665632223047926
15753,1.1665279221776306
14737,1.1665095059932173
15212,1.1664716972721416
28083,1.1664715426140646
100579,1.166459935395235
16123,1.1664584455613312
13970,1.1664392273983832
22307,1.1664352440502386
23732,1.166404681308995
25416,1.1663224345473726
18486,1.1663032598000593
29066,1.166300750106439
23122,1.1662940095847656
11056,1.1662724438413015
24901,1.1662693169752272
19550,1.1662608602715012
16310,1.1662223611560407
18688,1.1661949179544258
10793,1.1661229670821114
10207,1.166108729466008
11272,1.1661064753904478
19043,1.1660782210406835
16682,1.1660774636035454
10445,1.1660662975580722
15467,1.1659763105671606
21969,1.1659317843642234
34902,1.1659235152101117
14598,1.1659203665600808
11226,1.165906981756651
25171,1.1659069210797033
166277,1.1658922813993273
23930,1.1658816712527957
31679,1.1658603234251073
25893,1.1658546015445712
13267,1.1658302756003254
23115,1.1658268033131665
23639,1.1657968522980529
12714,1.16578493143224
27215,1.1657379052811816
25544,1.165715509670804
10388,1.1656714017980783
158274,1.1656630658727791
12028,1.1656224662282548
31835,1.1655689308559132
15565,1.165567031334673
16729,1.1655185850255876
157420,1.1655025172721918
32794,1.1655018087704576
21956,1.1654507457710945
14629,1.1654452416503533
15739,1.1654053052978417
14998,1.165355443072244
10426,1.1653300849555492
20994,1.1653286690575855
12501,1.1653039303483506
29701,1.1652645911723083
158709,1.165224577009652
16145,1.165208782891728
28054,1.165097114317725
14241,1.1650816813787035
26969,1.165080889949338
23919,1.1650359041872058
23057,1.1649750258937155
19825,1.1649516913876128
19741,1.16494322333393
16469,1.1649086664773887
23643,1.1648928302361763
13745,1.1648555264946647
19541,1.1648514014760858
153333,1.1648167438102708
13879,1.164792599227894
11960,1.164792060550687
17728,1.1647274888019603
14956,1.1646812568288785
16557,1.1646626302154792
151721,1.1646513501320765
158021,1.164646663294875
27237,1.1646390253918093
18994,1.1646304954172602
10391,1.1646190586561207
10274,1.1646150577256635
25073,1.1645932693319447
10735,1.164581250235612
102021,1.1645795272645914
22168,1.164562204825092
27024,1.1644676622998777
16255,1.1644229412961487
18341,1.1643606692060522
18504,1.1643272683925054
101705,1.1643254949099642
12542,1.1643220749884113
12664,1.16430474531193
21973,1.1643036527365762
22014,1.1643009133696856
159145,1.1642956208749768
156786,1.164272452934153
20005,1.1642469703366212
13435,1.164240755586453
22183,1.1642183158017017
15867,1.1642121778205345
23522,1.1642084390059033
13832,1.1642014253861983
166291,1.1641826679306477
15034,1.1641826078344626
20659,1.1641411766739507
14491,1.1641077659702455
11875,1.1641050845335115
11284,1.1640945088957817
16726,1.1640804340354884
19128,1.164056176943834
10640,1.164044682497001
20527,1.1640268247926828
15917,1.1639691159858276
27997,1.1639537409688596
19379,1.1639059862553067
26329,1.1638322177554867
17317,1.1638206919025516
24687,1.1636805291209815
10173,1.1636091744259236
10659,1.1635856207588147
29567,1.1635298871132957
24789,1.1634437643299165
158467,1.163442374950366
12990,1.1634212841853966
20703,1.1634105924092057
24002,1.16340806979055
11819,1.1633967593875574
13309,1.1633551773834143
21164,1.163326354200424
13786,1.1633060511966082
13541,1.163298003988189
22391,1.1632417549419745
18197,1.1632191647711907
167127,1.1632017254114417
12054,1.163144337491894
24116,1.1630547460356968
17347,1.1629761030330934
18687,1.1629529096299438
11333,1.1629429962878364
21255,1.1629384880586342
14390,1.1629357487802032
23954,1.1628763703467053
28503,1.1628154557877783
18741,1.1628118547001571
27606,1.1627767301654102
15557,1.1626789504866377
32125,1.1626706933185864
154821,1.1626641179576882
10016,1.1626613232126757
11517,1.1626298017791132
11720,1.162610986807312
167122,1.1625922879692874
17772,1.162585503431401
12867,1.162565463425458
25123,1.1625062790054148
11682,1.162497694716755
23477,1.1624937224827032
34115,1.1624806024825807
15508,1.1624613122519403
19804,1.162408560361384
26871,1.1623956554389971
21588,1.1623573669673746
19417,1.1623473127668866
14693,1.1622956400521618
11079,1.162248351909472
20278,1.1621988639841445
20886,1.1621408990902038
34285,1.1621025354191787
10876,1.1620992898798768
10403,1.1620295668105258
22198,1.1619588587644276
19027,1.1618994230890087
10350,1.161866464222329
14951,1.1618244000038538
24735,1.161795066279072
17663,1.1617924009435399
25035,1.1616806153086279
10167,1.1616344798370681
16271,1.1615917554132942
174828,1.1615786354551414
25597,1.1615594391234547
23013,1.1614908217773914
15637,1.161489092447652
12886,1.1614433963091677
26443,1.1614395994989277
22095,1.1614292959523966
160300,1.1613827810795758
26233,1.1613825159150815
12269,1.1613652590005323
12900,1.161360978018468
11411,1.1613542398093915
14524,1.1613452349170692
19251,1.1613187100391509
19123,1.1613039743627702
26920,1.1612815306378066
10191,1.161266817319627
16829,1.1612634048917039
12113,1.161125838195713
26820,1.1611038196774057
13888,1.1610806878575612
41220,1.1610678752498438
28910,1.1610612570414043
24982,1.1610562656652927
18729,1.1610476549775952
18428,1.1610341942949858
25090,1.1609401213914987
20421,1.1609364102199324
20754,1.1609175951589785
29130,1.1609091334702801
16158,1.1608878360108126
17607,1.1608713461121083
26129,1.160775678320782
159498,1.1607732495593244
10451,1.160770478020827
25439,1.1607644533729446
21138,1.1607162921718268
10610,1.1607047222093838
17318,1.1606732745070256
13185,1.1606586539799832
11446,1.160640769647425
15270,1.1605840536913083
24642,1.1605303941836953
15783,1.1605157776645276
15836,1.160500749960503
165672,1.1604950646558787
17266,1.160490602364375
36172,1.1604661228266697
10619,1.1604485101478006
29475,1.1604167367116316
11085,1.160379669315175
156096,1.16037713779496
15423,1.160310873246372
22609,1.1603089618987077
18806,1.1603073422847483
10655,1.1602982973083835
17956,1.1602610281133627
24879,1.160221742360805
100777,1.160218504633482
22813,1.1602114341504879
24122,1.1602081166109375
19552,1.16019548087986
13976,1.1601744104174552
10139,1.1601102611210137
39333,1.160056211623821
11408,1.1600352742084565
16914,1.1600223959990397
154854,1.1600128362720392
159205,1.1599950710358355
15750,1.1599932889645914
17428,1.1599885423387482
26291,1.1599353298968627
24221,1.1599265122629514
19891,1.1598783396402024
22243,1.159864608676535
14464,1.1598548854342288
11204,1.159845629764824
17415,1.159771359944733
39466,1.1597641435753139
20775,1.1597471035301241
23518,1.1596285620429678
23450,1.159588045185401
21745,1.1595681277309604
18115,1.1595253604213691
13213,1.1595064990128408
18342,1.159455761249934
16202,1.1594068542646212
13920,1.1593902804140312
20317,1.159372328210701
18926,1.1593397789450792
17508,1.1593286018537092
17342,1.159275089491013
23111,1.1592627501224306
155484,1.1592410643857765
14588,1.1592226089825444
162841,1.1592174740446601
19812,1.1592089710657276
18556,1.1591998850172038
13425,1.1591386812352633
13526,1.1590498132028584
35626,1.1590386524360365
10178,1.15902594010505
13960,1.1590251061266856
16539,1.1590183357651864
19125,1.1590034196507513
12068,1.1589892957244259
16987,1.1589817844951116
23251,1.158885781762615
154043,1.1588719301859416
11384,1.1588208032628795
13150,1.1587825196992527
152696,1.1587768059845063
12740,1.1587739948434457
17820,1.1587144900881596
102750,1.1587092684230398
18760,1.1587067459615878
14418,1.158616253468981
12678,1.1586162387864383
12008,1.158604645720332
17054,1.1585872207783503
101904,1.1585868930478138
101453,1.1585662002703756
20290,1.1585527267850197
16421,1.1585492355599556
18841,1.1585483275287631
22188,1.1585261332388994
11519,1.1585071699544292
15456,1.15849878007184
26584,1.1584923612939018
11287,1.158377236022475
22594,1.1583755058067522
16591,1.158369959108531
20121,1.1583413711489154
11686,1.1583378611618496
159787,1.1582851898382456
20984,1.1582617936118023
18562,1.158231092242842
19262,1.1582190524346214
23744,1.15818941754278
12200,1.1581731511968638
25966,1.1581621834071951
14851,1.1581391353076076
11077,1.1581312137797786
19940,1.1581241906078874
21296,1.1581133091664342
159614,1.1580728260646702
21456,1.1580462626196304
17304,1.157980659711848
26726,1.1579473153921591
10329,1.1578955176132597
24799,1.157817377076005
15942,1.1578092081793807
21491,1.1578043406977137
26112,1.1577978293792686
24554,1.157691719541043
36548,1.1576613548392571
14480,1.1575620453464825
164110,1.1575603521189837
12769,1.1574720762152009
32851,1.1574149104093725
14129,1.1574055822138956
159206,1.1574021161393806
17173,1.1573873375939696
11893,1.1573720073765041
17754,1.1573465092757138
20620,1.1573067098023815
16565,1.157256737913172
21935,1.1572074932362113
10958,1.1572052370825963
27420,1.1571818620872154
19950,1.157174334628815
14977,1.1571663913260357
152642,1.1571566276378364
21961,1.157110296226494
18294,1.1570998846270424
156376,1.1570800489384259
100933,1.1570724562711547
10073,1.157047493238765
14151,1.1569289506383351
28795,1.1569209955924975
101119,1.1569181878532375
23713,1.1569075659074655
30827,1.1568750336983402
10182,1.1568578852642801
102257,1.1568375090558312
11194,1.156766121237226
45807,1.1567531243895446
19056,1.1567297748944918
23445,1.156715319213045
19607,1.156692375816995
22916,1.1566831361732435
22145,1.156664347564177
17079,1.156650847087501
37787,1.1566414702643815
10180,1.1565895640092996
19914,1.156561614870899
154670,1.1564643560263153
22506,1.1564475014059377
22619,1.1564308006000863
10552,1.156423254062034
22908,1.1564083558655367
16848,1.1563343519297324
12533,1.1563328503193755
18393,1.156320464902886
163715,1.156308376274237
12376,1.156271647804041
10950,1.1562602071066623
20115,1.1562416919333545
26223,1.1562267279711342
10303,1.1561421586511438
19146,1.1561368696603591
11898,1.1560986385993102
45594,1.1560726918733994
18605,1.156070410280534
10347,1.156064567668928
19102,1.1560130091442042
10201,1.1559282887948044
26121,1.155919612251898
18703,1.1558879732866598
24232,1.1558643853760264
155303,1.1558634667280074
10129,1.1557367704315116
23512,1.1557242350209065
11432,1.155719647143454
21244,1.155715563331685
15986,1.1557129605888756
155040,1.1556983701114316
15277,1.1556825028260498
17944,1.1556007832775739
17050,1.1554375646555826
33067,1.1554340481635095
12927,1.1554120164575397
11420,1.1553445104483964
11404,1.1553366351771397
11912,1.155266800630771
16191,1.1552444485324729
30617,1.155238929096045
29822,1.1551676030843439
10783,1.1551524391234549
16880,1.1551521031784882
152449,1.1550847750645057
12478,1.15507971246763
26015,1.155055120049807
19050,1.1550524212285387
12468,1.1550483907118214
163791,1.155044258884547
23125,1.1550236784309291
25008,1.155006546295449
34725,1.1549522516919508
14705,1.1549236616077463
154730,1.1548789625705564
18634,1.1548333188478384
16890,1.154828771639645
18310,1.1547889102309932
23151,1.1547673281392892
19561,1.1547114336241038
14980,1.1546812789313512
102003,1.154668510326395
26169,1.1546170599845744
12412,1.1545335891101602
21413,1.154515990704154
19145,1.1544540906141225
17605,1.1543991698485014
27275,1.154317179760984
24995,1.1543163261188814
11564,1.154304318425213
26597,1.1542887964355304
21755,1.154238277962651
12673,1.1542120127778455
15998,1.154180412795885
17350,1.154115973566209
25335,1.1541116381446541
27477,1.1541058389996595
26718,1.1541034261902885
12333,1.1540891586977462
49724,1.154039918638245
16168,1.1540252090182541
164372,1.154024142979624
20284,1.1540211998402605
15096,1.1539633318710183
20361,1.153948501863147
16868,1.1539356643536947
13383,1.1539135610269975
25732,1.1538742492238165
11652,1.1538237091378907
19579,1.1538029514545958
23925,1.153784407305494
19477,1.153767346180487
23285,1.1537129931065353
14463,1.1537098956256178
30364,1.1536995952711475
31776,1.1536471796452765
17278,1.1536425138872084
153010,1.1536386881759273
28058,1.1535964381982975
23557,1.1535927007479836
13136,1.1535782186115136
11993,1.1535752593970896
25303,1.153538552317368
13611,1.1534990541458268
23984,1.1534467989775683
13867,1.1534340568425665
10042,1.153405838610857
12508,1.1533715862765868
22036,1.153353779602718
162912,1.1532438868450432
10169,1.153237342670762
16449,1.1532070507586298
11887,1.153166245170984
22342,1.1531501320441715
17981,1.1531081240092014
16142,1.1530825474246242
19236,1.153045391596666
10499,1.153044564550643
102352,1.1530372912054294
12597,1.153028220932392
11122,1.1529678472911193
10812,1.1529579430065813
15025,1.1529137842623787
29565,1.1529032046227319
14567,1.1528835972124563
19196,1.1528744199790217
32925,1.152812084535788
23143,1.1527973239407783
23002,1.152709445976935
21321,1.152673070186094
15239,1.152662115982213
28135,1.152646089753494
25593,1.1526394399192008
41563,1.1526279537333193
153807,1.1526246729692007
100140,1.1526206921041915
24693,1.1525695325342222
11688,1.1525328478237746
18357,1.1524943875517606
11623,1.1524929104547197
10068,1.152461657038056
17103,1.152455426894372
10131,1.1524377218753454
25826,1.152388678762957
10749,1.1523728071753419
23009,1.1523576277107244
11352,1.152287022953373
17968,1.152261289147519
17502,1.1522577604428101
18194,1.1522216092078805
20201,1.1522188617329083
16587,1.1522159165947576
11681,1.1522057450252667
23988,1.1521688332832003
13844,1.152120371509593
14040,1.1520611198770199
17733,1.1520351229663781
157059,1.152028692849718
23664,1.1519840507683168
19810,1.151975624146581
15808,1.1519639566109119
19122,1.1519615804010708
10543,1.1519592999033292
17723,1.1519425701753447
15391,1.1519350894278544
17199,1.1519186309434335
22861,1.1518898733961451
16146,1.1518842916386538
11944,1.1518795620875708
11335,1.1518553619448442
14949,1.1518472640547635
22738,1.1518326884542776
19841,1.1516536143018188
153112,1.1516468790723982
26804,1.1516357220316322
23308,1.151594539346049
10747,1.151585225467869
15326,1.1515398105675039
19116,1.1515298562871352
159873,1.151503793907208
10424,1.1514579365791515
20256,1.1514406177839112
25661,1.151434413672245
16019,1.1514304678081242
26730,1.151425955077537
23545,1.1514187294759042
12701,1.1513716531558722
15638,1.151367651325773
12118,1.1513538114443442
11813,1.1513475823041355
19310,1.1513306751617887
32089,1.151283105710755
10609,1.151276541463123
36407,1.151275736883173
169711,1.1512551020097817
20010,1.1512453807348577
152614,1.1512256039005846
23860,1.1511520160579856
25441,1.1511358489120749
20435,1.1511012004834686
14220,1.1510962559542994
18062,1.1510422129802662
17126,1.1510128685366794
14442,1.1509956326703465
19016,1.1509593823453474
21089,1.1509404370663954
15357,1.1509273017298778
23565,1.1509244960078027
15842,1.150905933050891
48534,1.1509015952237378
23171,1.1508924020735043
27225,1.1508487210085936
24939,1.1508388455495915
17559,1.1508352658966559
21546,1.1508151809865526
59318,1.150776189053176
21062,1.1507689880644671
12653,1.1507632769434242
15247,1.1507536211096316
22991,1.150694566950048
16079,1.1506762573434508
13036,1.1506503067326777
14495,1.1506364845862669
13482,1.150600046340298
16941,1.1505846013318621
12079,1.1505609128550944
21349,1.1505341561117575
22277,1.1505185633461306
12051,1.1505071932391389
16000,1.1504685857027726
14232,1.1504617153990857
14142,1.1504592655886858
12951,1.1504454724729776
28512,1.1503960867618492
16518,1.1503920444154914
152643,1.150388393507438
12420,1.1502194836123223
17330,1.1502059096875277
23521,1.1502019799617158
30260,1.1501896656195556
162210,1.1501395007965753
23905,1.1501329201834185
102250,1.1500974348016126
20375,1.1500662229354597
13315,1.1500403938406631
19312,1.150036967314775
19628,1.1500323930242171
10200,1.15001109616592
21001,1.1498994398298408
24405,1.14988054423148
157527,1.1498037717049288
32582,1.1497876892311505
40121,1.1497518072535582
10147,1.1497489344861542
27122,1.149724832072681
12352,1.1496972147331277
15442,1.149689764127952
19327,1.1496825448715402
26072,1.1496521250977731
25238,1.149621882593142
17632,1.1496147251296656
14795,1.1496103212720707
11590,1.1495716208426439
102018,1.1495611216035415
100871,1.1495466322696912
21306,1.1495381508098135
28942,1.1494896947899558
20575,1.1493997777679423
26510,1.1493583767809632
12808,1.1492517066268635
15337,1.149207081352303
17572,1.149177855151638
10693,1.149175755488772
28829,1.149174122689659
16628,1.149059679915557
13323,1.1490482009103475
14766,1.149026987771253
24030,1.1490149958572227
12593,1.149009000613815
21675,1.1489469130728103
32359,1.1489328012003133
13152,1.1489119309328817
25776,1.14890013090905
10797,1.1488676333677603
20471,1.1488474923177436
17998,1.1488044234453774
23307,1.1487639943570307
21727,1.1487549250437246
18265,1.1487359780270836
23902,1.1487327519081532
36799,1.1486871181780467
25872,1.1486773036895415
20666,1.148667846356021
166186,1.148629029757193
20877,1.1485994197042593
18443,1.1485841727987691
16655,1.148510146782045
16064,1.1484969604020516
56231,1.1484916616084457
27572,1.14848315388614
11046,1.1484577265699831
103725,1.1483489113768197
30648,1.1483406135530019
17484,1.1483391770235365
25474,1.1483061817713958
52431,1.1482457596383928
10824,1.148172072568277
159617,1.1480289380429154
31633,1.148028032409098
17834,1.1480086818244057
12697,1.1479680391674767
30441,1.1479592449775837
15350,1.1479144295542587
15342,1.1478456525376834
25407,1.1477987309134197
17089,1.1476849254608676
17576,1.147684431931128
20131,1.1476300563043667
20413,1.1476291030466113
19620,1.1476013217139718
28571,1.147575162655598
11065,1.1474912715135368
14382,1.1474712745825677
11303,1.1474644867758403
28168,1.1474314306751172
13120,1.1473220617622577
166486,1.1472867588791276
17084,1.1472709205192224
20181,1.1472665129611643
15153,1.1472264744652316
42109,1.1471082817782685
20149,1.1470747283541642
24541,1.1470737745397452
52638,1.1470674255347568
23801,1.1470307497160153
20080,1.1470160250412784
28014,1.146969656742858
10614,1.1468964604746
14508,1.1467709386261382
25004,1.1466940576097444
19879,1.14659189490008
158963,1.146572963273232
11091,1.1465488697384731
11379,1.1465458633147385
25295,1.1465383095713217
10017,1.1465375854599347
27565,1.146448898044694
10492,1.1464255826210186
152398,1.1464059303134755
10802,1.1463809297180545
158931,1.146257126500289
20462,1.1462459802389968
17018,1.1462258317421123
10132,1.146219311758566
42738,1.1461862496367277
22630,1.1461676607061722
37756,1.1461289593926645
19863,1.1460701854254274
24764,1.1460524145512039
154300,1.146037235342343
13616,1.14601596218936
13008,1.1459250226316648
15787,1.145864647029679
18911,1.1457173558117513
22876,1.1456406021678356
21242,1.1456298782879872
155002,1.145609439100108
156814,1.1455860769267268
25204,1.145546881408269
15516,1.1455154541942112
22731,1.1454264241466001
20638,1.1453718090420733
10275,1.1453370453116554
18259,1.1453332266878675
16175,1.1453320998615464
17705,1.1452619142393452
13571,1.1452551925808478
13896,1.1450517369247386
23707,1.1450447764570606
17223,1.1450247750359888
10520,1.1449398441422902
23519,1.1449361362552533
154372,1.144915899286368
166451,1.1448684392844826
19536,1.1448449647751318
20917,1.1448144466983619
12350,1.1447663835693287
15751,1.1447331839566612
15734,1.1447242601332959
16578,1.144714344429304
18114,1.1447086328116862
17689,1.1446792601369304
17785,1.1446628354946486
153308,1.144661262601047
13096,1.1445950380812762
101123,1.1445158113306655
18927,1.1444870879960378
24961,1.1443999312852635
16138,1.1442174921762645
17299,1.1441502931202827
152743,1.1441211607881452
19675,1.1440414187574217
14433,1.144032206344506
36481,1.1440169780041787
20054,1.143934724125924
26538,1.143919267445508
19537,1.1438990544680714
22526,1.1438759471599054
23413,1.143868513943569
16963,1.1438664526618125
37540,1.1438655947592697
11551,1.1438573004000019
11148,1.1437884582966809
19393,1.1437284234115044
18589,1.1436774932528757
13193,1.1436593535044528
157505,1.1436528538713906
10539,1.1436409509549175
11348,1.1436175561218203
19740,1.143541603831983
17133,1.143489905661256
16424,1.1434883536904181
18141,1.1434315022908101
12263,1.143343739930707
24365,1.1432573535856718
21353,1.1432249121457723
15018,1.1432237488110015
15076,1.1431436202753817
101043,1.1431142261153353
22031,1.1430618078696066
13027,1.1430037891389722
10534,1.142981880224989
13090,1.1429439630444482
12610,1.1429418900193995
44495,1.1428735458990404
19610,1.1427981066656245
23029,1.1427778616148263
30628,1.1427511922178024
25700,1.142730639360637
20841,1.1426471136077
101801,1.1426443732626104
22557,1.142631357488515
16384,1.142629820520035
26531,1.1426092728351407
18637,1.1425900534048798
20569,1.1425755061056309
12122,1.1425642469825734
22989,1.1425630622516427
19523,1.1424868004849824
24456,1.1424612395084763
16234,1.1424573427758928
15022,1.1424286963944865
23339,1.1424225432139314
27145,1.1424100578437988
23212,1.1423373279758295
20002,1.142332809473659
163136,1.1423095319667627
19285,1.1423020221901539
10690,1.1423013352272047
15028,1.1422289993397923
166983,1.142227022436869
20324,1.142200163850252
19248,1.1420904635297673
11948,1.1420818393899974
26208,1.1420175882528771
103611,1.142010990887808
23485,1.141999034475266
19218,1.1419928788363116
36880,1.1419902321650284
13068,1.1419724725331692
10737,1.141881584704569
15885,1.1418710741533167
17148,1.1418666143926466
24549,1.1418255241431583
23814,1.1418039932700936
14123,1.141801648451748
30434,1.141797218367357
24744,1.1417884073110156
18697,1.141788063513414
17351,1.1417476593247038
22473,1.1417129134667028
12555,1.1416131837126036
22105,1.141582232289584
27594,1.1415741299247144
26757,1.1415044812855843
17479,1.1414691471774525
13372,1.1414530027622811
11801,1.1414356259489746
15428,1.1414112901047373
17695,1.1413863343496997
10677,1.141315762895952
12711,1.141311626750932
39098,1.141288646095809
14339,1.141264016449813
158245,1.1412263757819852
18178,1.1412124417774572
21141,1.1412093000763077
14865,1.141158520603363
12277,1.141107926444504
14248,1.1410925297802035
24736,1.1410715870686403
19303,1.1409582320983893
25559,1.1409486487950322
22567,1.1408639037648638
20908,1.1408190235949112
18206,1.1407896649181721
155169,1.1407518301735295
15688,1.1407349690408128
104518,1.1406944036215987
25841,1.1406730660886992
20203,1.1405941505606187
103011,1.1405905077156204
11617,1.1405900880731765
15389,1.1405774047854174
157193,1.1405597816428925
18958,1.1405529606975418
20811,1.1405496081579563
155388,1.1405244953698996
17164,1.1405134734125675
10209,1.1404793303472518
18566,1.1404573585857638
101105,1.140315351667711
21724,1.140218888193044
24900,1.140159310056293
12845,1.1401551358998379
10626,1.14013050405647
16389,1.140103803021185
36719,1.140102233451591
19410,1.1400879186240274
164835,1.1400513863184794
10979,1.1400457784932858
171493,1.1400292336440765
154713,1.139987188227335
20998,1.1399354907897299
11100,1.1399319186180206
22232,1.139904218361612
162802,1.1398289995316453
19987,1.1398033910895415
15150,1.1398028084913072
10996,1.1397821446100949
11678,1.1397616724760975
25829,1.1395809522386027
14170,1.1395699642343307
26959,1.1395590918166898
18234,1.1395527284133102
101321,1.1395138077368618
23371,1.1395132190577622
16897,1.139495021122262
15563,1.1394831611066205
10780,1.1394556285548625
24918,1.1394249711383608
26981,1.1394065440575343
21650,1.1393919322285773
27575,1.1393357177943133
100243,1.1392385310017428
10171,1.1391554191481859
18240,1.1391372563412088
19885,1.1390991263525836
22298,1.1390903736406321
16478,1.1390180837108956
171438,1.138975159643984
26825,1.138961792028964
18999,1.1389363094274385
13835,1.1388362713315863
21890,1.1387618167323796
23777,1.1386886838484287
153240,1.1386622454664785
14627,1.1386094908268272
101117,1.138549829099215
20366,1.1384974858205559
11484,1.1384905554869869
21868,1.1384864526525136
20585,1.1384833452531828
14432,1.1383821250135149
20922,1.1383029387796728
16357,1.1382739625371512
11109,1.1382284760059795
165652,1.1381909067770997
20355,1.1381742224985547
18558,1.1381700280411609
19915,1.138165197515537
21233,1.1381584742466253
23572,1.1381285201018396
32229,1.138126332090526
15626,1.1380678119066743
23299,1.138043363806876
17935,1.1379918975993697
35712,1.1379875595956361
28030,1.1378385773043516
15854,1.1378315289562186
156653,1.1378279770173645
14298,1.1378216971948265
25116,1.1378206416241279
12443,1.1377883514559475
23538,1.1377540385093436
10600,1.1376987939593837
33152,1.137694240340637
18327,1.1376278533337418
12163,1.1376201647679425
28449,1.1376112206014952
26827,1.1375617901229538
17726,1.1375554314134557
25596,1.137509888399274
24481,1.137497663522843
13214,1.1374961249370603
22962,1.1374928868811298
100142,1.1374739941914533
18084,1.1374146028238235
155528,1.1374078759082833
19354,1.1373955904091688
28368,1.1372471840849894
13446,1.1372325099490066
22830,1.1371606509704477
14182,1.1371336017748166
21958,1.1370830167718926
154052,1.1370417521087623
18940,1.1368877375975888
20232,1.1368514676216812
22432,1.136803107926787
21121,1.1368028483771933
28397,1.1367455821061356
21908,1.1367187941439445
21691,1.1366876671536577
162869,1.136683174065431
20046,1.1366709621789437
28889,1.1364906878968477
21816,1.136467110707076
22272,1.1364297182663308
12802,1.1364243828584244
21120,1.1363859094074438
24150,1.1363847852831002
16027,1.136330135381312
11853,1.1363206247015154
25517,1.136318816689483
33597,1.1363158018837254
16415,1.1363072648156554
153816,1.1363070210271156
29327,1.1362711372686658
160317,1.136261910551041
22439,1.1360620980056992
20924,1.135997275565021
32326,1.1358674315528778
24531,1.1358407702907747
13188,1.1358370674373968
21257,1.1357860026852369
18394,1.135736440760595
20238,1.1357036402772345
50456,1.1355701356415675
44086,1.1354806491700922
17633,1.1354688463772333
21182,1.135455125259527
159728,1.1354505043567242
22858,1.1354112130477192
24514,1.135356265341119
11982,1.1353390245844948
20363,1.1353180082645828
102575,1.135168113856147
12971,1.1351568688263123
22806,1.1351407862334268
20044,1.135062723680363
20415,1.1350551225804963
18090,1.135005336253878
38000,1.1350042564004788
26615,1.1348864213601353
54898,1.1348657905880346
13494,1.1348014519840597
12242,1.1347815438797109
21770,1.1347644275269864
18072,1.1347599498061456
16905,1.1347112317796177
155063,1.1346965991574478
10198,1.1346953128352633
26701,1.134686923108849
11889,1.1346266681293742
15177,1.1345955958964686
165872,1.1345950030094594
13908,1.134587600079037
14781,1.1345872631901235
15953,1.1345793963887736
14084,1.13456573419505
24964,1.1344796438498628
25986,1.134448830679201
10713,1.1344137228913225
25125,1.1343600741363444
12605,1.1343051212277728
22981,1.134285558686815
16380,1.134088379135082
13658,1.1340444706272235
10235,1.13400283589091
228406,1.133991904486843
21566,1.133981205133108
31158,1.1339798185269117
20441,1.133965207367239
19376,1.1339634593323018
28019,1.1339610096604222
154181,1.1339274686501661
21912,1.1339118271641317
23520,1.1338644269493034
21048,1.133817624066835
21551,1.1338108071418036
10449,1.133803748523492
21555,1.1337694728031429
24117,1.1337297648091145
28256,1.1337280335402018
156928,1.133719488550725
20866,1.133681031701684
27304,1.1336201224762046
26554,1.1335869593834045
14621,1.133553094960957
13738,1.1334971349239562
16923,1.1334474045286362
16188,1.1334240655674461
155718,1.133417712666026
18403,1.133340721207387
22129,1.1333316747527369
29432,1.1332591223061599
15643,1.1332274462348795
19714,1.1332241512372265
23087,1.1332017210461087
26118,1.1332012779244252
17906,1.13310384957193
16507,1.1330796306987447
12565,1.133070636453997
20827,1.1330431656038742
11115,1.1329870575599723
22611,1.1329703460544573
15711,1.1329388582861977
164152,1.1328876537663881
37136,1.1328494386874277
18769,1.1328302590501704
10561,1.1328215766722796
12303,1.1327811041576814
100822,1.1327283545212337
12970,1.132721765936301
20677,1.1326689786335624
17650,1.1326367517297553
14869,1.132606999613983
19938,1.1325875883310832
12568,1.1325738718398795
44959,1.1325244557695044
32007,1.1324620336042073
158757,1.1324497751979985
17960,1.1324399164523256
18861,1.1324098642075318
36488,1.132400574198798
28271,1.1323638958839721
19041,1.1323492445073184
21974,1.1322748960930302
17574,1.1322079375355376
19563,1.132202538550552
154506,1.1321180685056536
12519,1.1320983625481387
23506,1.1320980403288987
13880,1.1319935658513363
27166,1.131905066113919
16786,1.1318164316279187
22438,1.1317655771485726
24100,1.1317393572174084
27835,1.131643792388113
11537,1.1315180153583861
163051,1.1315116956860265
26739,1.1314913516518348
16143,1.1314441989290274
18456,1.1312886732000895
27273,1.1312377573530832
15504,1.131230762091522
17322,1.1311732698328594
21022,1.1311084805164002
16607,1.131073914945267
37164,1.130963839081258
18247,1.1309552290193896
25258,1.1309479818661827
27940,1.1308892466813902
12896,1.1308827796141663
20942,1.130861137384654
21918,1.130854374627009
24883,1.1307756590164924
21123,1.130742772272818
174652,1.1307341403581141
21409,1.1307152664418936
28726,1.1306776919372281
15089,1.1304928504096285
17664,1.130435776964353
10586,1.1303582028228563
21042,1.1302869584140605
162599,1.130179730370597
19068,1.1301240032617441
11090,1.1300913663361065
18602,1.1300728396385058
16460,1.1299918818626462
17482,1.1299817500654519
24041,1.129905977202871
157151,1.1298038484736586
100897,1.1297252328630893
24668,1.1297166646198207
25214,1.1296932447543684
25779,1.129621575723017
20111,1.129604931439347
26680,1.1295842117946024
12268,1.1294877952288727
18548,1.1294672132413837
14583,1.1294490453711015
16769,1.1294210908652844
25304,1.129375760825981
22793,1.1293565133887156
24571,1.1293077698593106
16116,1.1290759515092101
14913,1.1290164534926421
20761,1.1289675350915382
19365,1.1289659738724398
16940,1.1289325538543051
16497,1.1288955191251195
24114,1.1288722611283748
21494,1.1288441722170957
19622,1.1287238105185982
156599,1.1286878319677307
16457,1.1286712552733877
14351,1.1286485839946805
24765,1.128629253768047
29927,1.1285691205534307
13547,1.1284760979943493
26109,1.1284265977569343
158345,1.128407015099074
28395,1.1283467143109258
155039,1.1282264053901523
21426,1.1281955660321648
15975,1.1280978148523528
30748,1.1280763035322503
15647,1.1279799850380992
15922,1.1279494020284735
172998,1.1279320827685175
11368,1.1277743466678036
19947,1.1277646327879656
11890,1.1277561749598977
34266,1.1277369142059777
16359,1.1276020175590462
18595,1.1275601875798165
12107,1.1275566514495285
23301,1.127538412098264
20938,1.1274881415184006
166262,1.1274789486743897
14440,1.127474997258321
154478,1.1274474310973264
23771,1.127431131030635
19372,1.1274002161332988
32812,1.1273582333919547
10542,1.1273459396946224
25194,1.1273042421785084
30254,1.1272091976936218
16561,1.1270991672104815
11258,1.1270796986361191
155319,1.1270638321193256
12019,1.1270516206439125
13201,1.1269484310415
19969,1.1268892156642414
158043,1.1268459267473718
101764,1.1266989989928793
15103,1.1266750238642782
34956,1.1266606416926719
23227,1.1266600614270914
36453,1.1266430557417129
21095,1.1266244398881737
19504,1.1265433910261096
18765,1.1265364208978779
21950,1.1264760491574641
18188,1.126451459384797
20071,1.126355970076564
16001,1.1263524459366159
22401,1.1263457870277016
14201,1.1262793731850522
10415,1.1262632473719418
14971,1.1260470758014272
15765,1.1260367340113355
20333,1.125988754787671
22842,1.1259610578244386
27587,1.1259323557918077
24877,1.1258481485078429
15303,1.1258455400584448
19256,1.1258392610404706
19639,1.1257911078534384
29511,1.1257711177422838
156724,1.125769737589327
14509,1.125748429284755
21499,1.1257367566177552
18330,1.1256562130622556
26116,1.125629276635803
19033,1.1255929514138225
15495,1.1255588179351996
15877,1.1255016650238223
32912,1.1254487328380625
22568,1.1254386103414056
23225,1.125431172117216
22973,1.1254289225495078
29995,1.125412526698067
13511,1.1253316755364908
15345,1.125328881421097
28136,1.1253155532626886
10254,1.1252926606743132
16126,1.1252000662555253
27552,1.1250613649585797
26870,1.125008364225983
10423,1.1249151260460226
22303,1.12491439897546
14130,1.1248825216395217
100789,1.1247618964014394
14650,1.124663277240498
11531,1.1246323181729576
11602,1.1246220010106558
23167,1.1246173208718813
29101,1.124601371535104
28590,1.1245229214258772
21148,1.1245141330429809
24650,1.1245030310418385
18802,1.1244863969472705
23511,1.124425897894328
34479,1.1243478841636736
26736,1.1243354573939868
14927,1.1243016261824166
16992,1.1242615441991173
22996,1.1242371097519226
32231,1.124200377355128
158065,1.1238793603455453
23968,1.1238725268028313
10349,1.1238610851001727
17591,1.1238265120834707
166560,1.123820212935717
12099,1.1238090216263537
21580,1.123762195465532
10569,1.123751392863998
167006,1.1236738152988073
16305,1.1235505116987718
101701,1.1235156531277164
26546,1.12348425359441
19983,1.1234119198861485
22252,1.1233303076522507
22414,1.1231412692890057
25083,1.1229760454863391
23951,1.1229645074734178
28664,1.1229433505417483
12527,1.1227901674089134
159312,1.122782828010557
19426,1.1227031470733009
21594,1.1226386714773449
14555,1.122615900953364
31282,1.1224965664572084
39951,1.1224919549302
21146,1.1223476782464743
18455,1.1222258207318205
18869,1.122162351851675
24564,1.122128565468382
27636,1.121988201520462
153509,1.12192523193772
19497,1.1217948603780936
19525,1.1217795499175856
102510,1.1217661422122633
14135,1.1216092018823902
155613,1.1215502374791821
22241,1.1214975316487934
157207,1.1213833979901071
18058,1.1213492161189789
29390,1.1213444604324643
20893,1.1213177513830745
17926,1.1213066102298468
29422,1.1211752434793294
26452,1.121160181803557
12901,1.120916298865026
14819,1.1208657266175863
19518,1.1208307128555683
11591,1.1207804563656054
26710,1.1207784044877231
66425,1.1207256365336233
28933,1.120719318945908
18054,1.1207170773058786
10933,1.1207165018355596
27675,1.1206680105545255
155526,1.1206537831799241
153221,1.1206271875900238
24027,1.1206240065922495
13313,1.1205788063085351
28140,1.1204273390923758
18414,1.1203505160845288
16599,1.1203159571326604
19755,1.1203058974566948
21693,1.1201950584286164
24119,1.1201597649500132
19894,1.1201515405251405
20137,1.1201365361369535
12569,1.1201217495527247
14310,1.1200850253982495
18385,1.120076765174941
10757,1.1199664330032033
21894,1.1199369632876734
12660,1.119875505931796
19071,1.1198198911696835
20003,1.119794605784979
17603,1.1197273363487847
15149,1.1196888469059798
16674,1.1196283110994534
25805,1.1195609494192702
21187,1.1194335757974916
21880,1.1193284250029323
17232,1.1192438515091006
160251,1.119137694606903
17730,1.119107012531683
26618,1.1190899977838082
23866,1.11902019690965
176857,1.1190191152837332
28775,1.1188542412093627
26280,1.1188427169748145
29794,1.118842273868299
31378,1.1188330319229398
20344,1.1188064225693146
102123,1.1187396496837685
10813,1.1187386312332315
19532,1.118615328828629
20555,1.1185986602750773
26436,1.1185203688466179
15197,1.1184165420273595
17685,1.1184023232756892
24459,1.1183138007863838
21713,1.1183068669751708
28225,1.1182414284092204
15571,1.118207283206854
43094,1.1181609628311546
22087,1.1181151146604018
30813,1.1179401400216398
17903,1.1179037521608222
17982,1.1179009388022048
154886,1.1178726988959056
16248,1.117778180364345
23274,1.1177731743693196
16298,1.117648520901995
18860,1.1176467133911998
10380,1.1176387962428345
21298,1.1175281313078556
20903,1.1175204761711939
10352,1.117498763326047
11606,1.1174518441018941
18283,1.1173047606651871
24739,1.1172872156505382
15200,1.117213290796052
14344,1.1168968818739762
12885,1.116891989609838
22954,1.1168887349768326
164387,1.1168535238204886
11452,1.1168342630817956
25619,1.1166884901533722
10825,1.1165374483196966
17891,1.1164015872870376
28606,1.1163375917035796
19202,1.1163099562218914
19939,1.1163044305403302
27852,1.1162854323541274
20424,1.1162166864251466
16283,1.1160621465566283
19472,1.1159039600716736
21552,1.1158698474220579
15690,1.11585502137666
15890,1.115838230457762
19687,1.1157912457244303
22551,1.115643667280906
26020,1.115613488175791
100515,1.1153413824692964
26591,1.1153030282999463
18915,1.1152832121491856
21072,1.1152556365139448
152803,1.1152280730473998
16159,1.1151584295348667
19049,1.1151255012967185
15820,1.1150943544818184
155527,1.1150888021529006
18832,1.1150827028538626
159663,1.1150710095260603
10589,1.1150289709071701
25257,1.1150265718240624
24971,1.1149072725037337
27258,1.1149019362904429
24342,1.1148832462138467
29431,1.114873117349013
15723,1.1148666387068364
19944,1.114787095975159
23736,1.1147575691223552
31034,1.1146283625377245
23809,1.1145483458059717
25469,1.1145275656501064
11830,1.1144468975495296
14690,1.114308616129299
19423,1.1142926015826702
27219,1.114196419228805
166393,1.11419031635752
154934,1.1141760997954513
24014,1.1140145838901694
34444,1.1140041793750393
17222,1.1139343938584612
13544,1.113817839612771
21015,1.113660361673297
166285,1.113567120651655
104141,1.1134168016155916
22148,1.113361913922763
11900,1.1132817012958067
29043,1.113229068726721
13131,1.1131336288981464
29421,1.1130589045019903
34122,1.1130546927521052
25340,1.1129878540500806
26911,1.1129818754455092
24394,1.1129012148136475
45669,1.1127369585621663
10642,1.1127124334635723
160309,1.11258866167944
14846,1.112513562058939
51806,1.112410875285718
16139,1.1123950835873144
22104,1.1123172385485254
21718,1.1121610522903944
12844,1.1121128158146658
20790,1.1120632091687939
16725,1.111874731416654
19226,1.1118630051231841
31617,1.1118222690880815
13999,1.1118213684235552
11274,1.1118001787239356
152508,1.1116898179474914
14256,1.1116453989546098
164207,1.1116230520922294
24993,1.1114637580602111
13642,1.1113157506667781
27271,1.111275066521929
20174,1.1112680295727038
27001,1.1112654335559333
17810,1.11126123557445
12699,1.1111742085511105
15630,1.111145280519023
22945,1.1111001438089436
30528,1.111063394828547
22359,1.1108882448332775
15869,1.1108636135958923
17840,1.1107865011310192
22585,1.110656959733532
10014,1.110611947037519
25350,1.1106059634863894
11877,1.1103875691315774
18979,1.110210862341641
16302,1.1102048833945093
12162,1.110178535264871
16073,1.1099435334005165
30615,1.1099316399524635
19711,1.10992317716594
32164,1.109814146517651
24439,1.1097589205621379
152149,1.1096829504235808
24025,1.1096542915078196
22744,1.109650834235882
15501,1.1096125817342692
25930,1.109588092933845
154672,1.1095876925279495
101676,1.109578313027281
27499,1.1095634493443836
17556,1.1095379293557859
33325,1.1094844563677166
36150,1.1094133292038857
13690,1.1092986636906716
25169,1.1092478393532623
18129,1.109148256417225
27185,1.1090916419879657
11374,1.1089581733281098
12774,1.1088760118132281
26026,1.1087705217399886
14502,1.1087573034842153
22276,1.1087464279174617
17068,1.1086449623776935
12983,1.1086339501537414
35728,1.1085885765631514
14370,1.1085760737628223
157429,1.1085715009914623
18607,1.1085424210486245
20851,1.1082597861871528
19488,1.1082386336687926
32695,1.1082301419293417
28300,1.1082105541416125
28581,1.1079861794858423
13655,1.1079431197474412
21757,1.1077868879075308
21936,1.1077688055102477
15940,1.1076474491438746
156845,1.1076153950134953
13773,1.1076027885170137
22627,1.1075227303318262
152538,1.1074872372258429
159799,1.1074536056288729
22116,1.107305329376375
101379,1.1072779933885155
13622,1.1072384138158202
172320,1.1069604965561841
35638,1.1068789309345337
23700,1.1067860628018544
102746,1.1067146739791418
17435,1.1066531257715977
11953,1.1065822130287406
38897,1.106573345305064
164397,1.1065181349265674
14816,1.1064607423795803
16229,1.1064270126636024
21142,1.1063105088907508
10627,1.1061344554224493
31091,1.10601279207976
26091,1.105960612823035
152260,1.1058843997317669
19254,1.1058139336649855
11199,1.1057929427943376
28847,1.1056595943631768
166320,1.1055208058762016
22869,1.1054809865070139
18383,1.1054041694378458
38032,1.1053313238309868
21060,1.1053099986033876
46882,1.1052799833890998
31532,1.1051849590381726
15014,1.105129039399068
18626,1.1050580090369364
27042,1.104990757012516
11181,1.1046340393777074
23907,1.1045148117162307
40564,1.1044469180904395
20989,1.1044320591736725
32557,1.1043159982854938
170454,1.1042794473760817
23612,1.1041900601646737
152348,1.104120301898194
16231,1.1040381690677927
21226,1.10392012439351
11919,1.103911644719
23754,1.1039076395366756
12810,1.1038622121816553
10606,1.1037647043453156
18923,1.1035252807364022
20476,1.1032072467274672
165703,1.1031764625514893
18794,1.1029557408634327
23680,1.1028820790140066
15205,1.1027129993485907
26477,1.1026728357136077
20803,1.1024324396708232
26942,1.102391245892729
31674,1.1023812673683593
28028,1.1023140370200384
12557,1.1021964071650974
15011,1.1019040962377176
13112,1.1018459244643128
11235,1.1018388295243797
14420,1.1017663294652582
22349,1.1017030489661637
18796,1.1016705591533795
19648,1.1015831731819443
19051,1.1015071878649614
30458,1.101340456088281
165555,1.1013193679131323
15525,1.1012875502612671
10866,1.101253068406144
31850,1.1012036924398476
26694,1.1011938238786207
100415,1.101136045291185
24726,1.1009264252987303
27482,1.1009157135294203
26301,1.1008185233489425
17429,1.1007806671351739
23295,1.1007680360747647
155519,1.1007246333852356
15180,1.1006285206053423
166784,1.1005759706460403
23548,1.1005300018363398
27834,1.1005214601393585
102602,1.1004829904107896
14230,1.100375594295778
19211,1.100145168828496
17825,1.0998749951422575
13297,1.0995667263648896
25886,1.0994958559645676
18146,1.0994679632831452
19728,1.0994626712643645
26936,1.0993143607060116
29446,1.099270346668758
26358,1.0990973869706022
152294,1.0990270680849623
18791,1.0990095283281138
17443,1.0987049137210423
10186,1.098617077098252
40112,1.0985489675541342
11876,1.098438877409371
15775,1.0984289396116418
23613,1.09840807439021
156975,1.0982623683114385
21340,1.0980767042253046
34985,1.0979508044490576
19255,1.097860569856227
18410,1.097730278136751
17495,1.0976722549605489
24934,1.0976306775413758
25523,1.0976230791788841
20128,1.0974405341927713
23127,1.0974039494106353
19738,1.0973971590401586
97353,1.0973879233939243
25244,1.0973404197194665
18418,1.0972105579072688
152857,1.0972095125347667
18960,1.097131527389851
14807,1.097101189249759
19351,1.0970854730608968
23504,1.0970384235559978
17958,1.0970300046388737
19373,1.0969711337154886
25887,1.0969312927397759
25156,1.0968062758188637
30565,1.0967024163909507
152578,1.0966884708867575
19615,1.096584474241289
23979,1.0965743287730954
11654,1.0964328102465106
10433,1.0963623900311747
18131,1.0963250318853117
13075,1.0961803657012588
100706,1.096100657110109
30672,1.0960402538843603
27205,1.0959820112052057
38148,1.0957756466013828
19140,1.0957390283811472
14490,1.0956517418159895
16076,1.095609778786152
163342,1.095574797197749
20311,1.0955233304025154
18088,1.0955042814603106
23379,1.0954600902297924
43161,1.0953304970701707
19069,1.0953059274395849
19187,1.0952762289915805
28678,1.0952700162038718
102686,1.0951864516367595
10477,1.0951422055089177
24335,1.0951119262197966
21867,1.0949550167241995
33478,1.0947528483295867
23056,1.0947315630659897
16947,1.0945410700724385
25625,1.0944486323272744
18349,1.0943799426690741
21541,1.094171498013166
27566,1.094103519627411
16352,1.0940900246628154
17758,1.0939063852559368
13830,1.093862571405458
153102,1.0938597148464604
17167,1.0938411569488367
21332,1.0937946076317024
14458,1.0936789390780417
21836,1.0936064285208265
25643,1.0935939107312718
27203,1.0934031173015932
14989,1.0933236836917377
23389,1.0933214852857795
22343,1.093193356670933
25189,1.0931437253185683
30864,1.0929806933131918
15907,1.0927889942460312
16780,1.0924037706746632
12732,1.0923094768084556
16872,1.0921056021659208
19294,1.0920472598022695
16219,1.091615168173848
21904,1.0915997583794361
15625,1.091572711973821
18288,1.091468821227467
26785,1.0913919005877952
25324,1.091359493709662
23106,1.091305811394292
22909,1.0912593602226115
18639,1.0912231516839415
24828,1.0911551861961184
18748,1.0909349256607577
16527,1.0909120459021315
14891,1.0908692700076799
159325,1.090866216351485
10650,1.0907314786237452
11793,1.0906996614392486
16727,1.0904477794717917
18724,1.0903918756377058
22684,1.0901916893202621
28982,1.0901246444846249
31066,1.0899817002427257
17062,1.0899454711928604
166385,1.0898743333384189
158684,1.0897325325057932
21412,1.0896839840576997
27785,1.0893717505400569
59770,1.0892955922367553
18269,1.0892404244775966
26157,1.0892224096802783
18842,1.0891321723272729
11293,1.0891189066617573
24848,1.0890716686621584
29274,1.0890393799973903
24527,1.0889356019707261
102535,1.0887950327387432
19867,1.088685432316106
24689,1.0883581817999002
11516,1.0883457216355386
22350,1.0882864818517306
154379,1.0882364175981614
26560,1.08822771444383
17752,1.088116287469714
21608,1.0879069703325583
21195,1.0877853926287322
101541,1.0877428578256674
21663,1.0876651405757338
36124,1.0876322955362894
30773,1.087566048538302
29591,1.0874606267941764
15188,1.08741624314906
31757,1.0874130230986183
158915,1.0873447036395458
15804,1.0872978611894453
16375,1.08727109155646
23132,1.087249856352772
23350,1.0871043896597525
14902,1.0868613510795602
23956,1.0868507653906598
22046,1.0867431228323734
24250,1.0865596161858933
18378,1.0863542682842973
25764,1.086255578498704
16745,1.0860893172514836
27839,1.086029977302159
17499,1.0859813712451305
26371,1.0858997825591663
11340,1.085840199680874
18933,1.0858179504188545
26054,1.0857352792860964
15916,1.0856184832893598
20265,1.08542336306182
13688,1.0853437369547212
22286,1.0853130520146967
20872,1.0852362365490207
14668,1.0851925838567291
153588,1.0849859207185972
20437,1.0849167779425113
17379,1.0847953051689279
157136,1.0846715393486683
27300,1.0846016014895363
14756,1.0846014625756393
23073,1.0845156503551816
172453,1.084460444638606
101466,1.0842476974663091
18249,1.0840596985243034
165654,1.0835794622504544
33330,1.083537329423558
164491,1.083503281057272
165671,1.0831405780000674
19179,1.083017387363547
11043,1.0826976218382836
24651,1.082534693353715
28840,1.0821318164077702
45379,1.0820617541364959
20373,1.0819500365001433
26673,1.0818139755116858
26527,1.0817811891671232
44073,1.0814821598939124
19098,1.0806556289059879
24095,1.080616469917143
36942,1.080550114171725
25519,1.0802844535539036
24329,1.0802223011002572
25571,1.0797960936879722
14417,1.0797488182487986
21199,1.0797119249486222
162970,1.0794626646596366
14674,1.0793968064034318
30936,1.079211397238343
24613,1.0791613566697358
10711,1.0789871688271508
26927,1.0788576045094016
165364,1.0788259571944756
100612,1.078746091525302
14449,1.0786403342731812
26505,1.0786282771600324
19414,1.0785967923038815
29187,1.0785349859984676
152830,1.078517141525856
153354,1.0783469260746787
48724,1.0783199807163855
17120,1.0783070142345101
31021,1.0780918211000174
37115,1.0777952353152014
20052,1.0777173385409837
163869,1.0773269596638242
154687,1.0773177396187885
24159,1.077153151868982
30021,1.0769491524192432
22542,1.0769198699266822
29047,1.076714875962588
28880,1.0766775758923677
12616,1.0766477456382049
76834,1.0766121509021658
25347,1.0765052980108238
25834,1.0764823040688072
156462,1.0764510753121597
26442,1.0764406011799934
153222,1.076412716073191
14720,1.0762067627257634
22578,1.07604829256576
23495,1.0759743450092314
15101,1.075879828798479
26016,1.075762443730936
30466,1.0756300527155913
31445,1.0756229131397157
27006,1.0755708013277965
18346,1.0753524600425586
28789,1.0753488305114842
27434,1.0750049536992556
17315,1.0749955897563288
14092,1.074835686921799
156948,1.0746327030117069
17712,1.074255996214377
24217,1.073543639099772
15168,1.0732732175339923
152687,1.0727934379884412
152622,1.0727423164638694
23387,1.0727337766520009
11034,1.0727113921153604
18198,1.0724194131486953
17454,1.0720402790726273
25317,1.0719952895868468
165658,1.071882403476296
103675,1.0715309256395789
25755,1.0715191517885123
45083,1.0714203210479343
23671,1.071337868755369
20712,1.0711442150505113
154106,1.0711311838709108
21194,1.071052273626613
17029,1.071017935881268
33865,1.0707662892079952
11659,1.070715838677448
19652,1.070451621053071
18963,1.0704107716110853
14996,1.0702343751522472
159578,1.0699249232779688
25836,1.0697069141162476
33827,1.0696411289477672
20957,1.0696005912155082
13499,1.0692573421100744
13265,1.0692477231289188
13166,1.0689712289815072
17641,1.0689196632194693
29663,1.0687726612900519
27968,1.0686524063871803
25251,1.0685160525956494
26761,1.0685126241401657
14692,1.0684434638079081
22002,1.0684063900556715
13283,1.068058157706104
10094,1.0676234992001052
10565,1.0675433645500627
44225,1.0673633355274352
25092,1.0671123730299803
30134,1.0670524589335348
10425,1.0669231086149185
168448,1.0667785011518869
13952,1.0667427716533608
17271,1.0663273520218113
26263,1.0662223159894364
100141,1.0661691616603934
11781,1.0661365533490839
15021,1.066131220569591
24383,1.066012586399196
25260,1.065747615766468
21711,1.065225920095552
23214,1.0649889515764754
17262,1.06434571516116
20667,1.064306165911811
19199,1.0642517930805446
11418,1.0642369553052486
16280,1.0641554595814526
18907,1.0635414477373146
19845,1.0632513815763887
56188,1.0631949782019534
158761,1.0628447953372029
19848,1.062484215226135
31752,1.0615626510596572
26086,1.0612952104669389
17832,1.0608628193515934
30643,1.0608000673982543
17048,1.0606667420257057
15716,1.0605449343824744
15534,1.0605292063097678
14853,1.0603731708363304
23210,1.0603064379240064
26865,1.059845960309443
14596,1.0596966914667216
102675,1.0595580464929182
12191,1.0595268377272893
13115,1.0592189883354262
13050,1.0590424753537555
23705,1.0590309882506261
24632,1.0590281421481993
33557,1.0587764388726941
156847,1.058542216034892
22910,1.0583847925442424
11657,1.0581589790758494
45541,1.058073567934684
101672,1.0577958773016622
25862,1.0577574864011825
24197,1.0575472074261987
21038,1.0570644752275955
22899,1.0570320148582169
26374,1.0566310540983461
12670,1.0563679853508363
167396,1.0561770702455326
23998,1.0560931584614581
20152,1.05581341060424
101974,1.0557505112906496
15281,1.0554858358062278
22863,1.0552814110273263
166407,1.055218054832304
16953,1.05503988784154
33166,1.0548944402569864
15336,1.054782549634879
17936,1.0540032678671793
17067,1.0534293484455415
25956,1.0532338534540377
24287,1.053104390597596
20422,1.0528228966815432
17091,1.0527454449641505
23797,1.0525603643477406
19267,1.0524802533013187
12686,1.052405400707266
13048,1.0513259228097864
14788,1.0512310832769087
13013,1.0508321333903807
13357,1.0505152119891212
13024,1.0503724553811444
100656,1.0502355499946114
38755,1.0501313591245856
30470,1.0498757872024815
159742,1.0497673915685355
15850,1.0494886575655498
25532,1.0493210464780938
29478,1.0489039543464151
20102,1.0486634839983453
38405,1.0485983976384654
23458,1.0484738695249909
15888,1.0484115877225084
15182,1.0479578022083211
26781,1.0479276386531715
15793,1.0476690374932924
44697,1.047460750692694
17458,1.0472613135868793
14568,1.04703689949245
20844,1.0465190171563143
19197,1.0461227592152065
23933,1.046045974367708
157726,1.0455580626511767
20999,1.0455168338239218
19796,1.0454840171302335
18997,1.0454250860835537
20249,1.0448792952345265
11491,1.0446839743742915
28800,1.044438625535876
12044,1.0440843227069863
16448,1.0433716326918057
30176,1.0431111538975344
19452,1.0430232442293574
16573,1.04284596509585
23305,1.0421322132084996
11675,1.0419917658298636
23250,1.0416910470033733
19896,1.0414211499726291
15273,1.0406309895546733
13569,1.0403715077210345
11530,1.0403602335147932
90529,1.0401236267679692
11745,1.0397618488971383
160316,1.0397047110098574
15106,1.0393819746682054
13395,1.0393817395270197
102538,1.0392892272662524
20628,1.039220184981709
159762,1.038983697524278
14238,1.03855108155003
10230,1.0385347288540825
22663,1.0381342774918314
31758,1.0381228496598265
21390,1.037908063358143
16695,1.0376898312580785
32539,1.0373497627613621
13936,1.0366875901700379
157432,1.0366184866030483
24490,1.0364928901453279
19549,1.0357773906885048
23434,1.0352383253150739
154304,1.0349660521478117
25750,1.0349357100024692
40155,1.0348712516974532
28020,1.0348306851926588
37065,1.0348190870372727
23804,1.0348157093752293
24818,1.034779417870991
15602,1.0347148057523095
155612,1.0345890403289757
154869,1.034355522579482
25012,1.0340575018323195
10273,1.033840737074593
166275,1.0338292679863121
16397,1.0336762176447714
20605,1.0332981144833069
25853,1.0323057763776726
162445,1.0322434129347522
21473,1.0318044482832198
159326,1.0315069470220022
14069,1.030969789205714
23991,1.0306964744055838
37504,1.0304112215605945
28085,1.0302888558261563
16216,1.0293226739664352
14982,1.029068099455144
26699,1.028808764713794
17423,1.028743587947664
27605,1.0283654343773823
14848,1.0280693390162359
12849,1.0276657171337673
156783,1.0270065538857465
28173,1.0268788782959737
28228,1.0260817521574397
28042,1.025890626675758
221983,1.0253725902700945
19284,1.0252055044366302
38690,1.0249873935187785
13580,1.024248530943535
14770,1.0240206206248332
16633,1.0235951426477476
23621,1.0234680563098617
16733,1.02310339616203
167001,1.022637366648137
22952,1.022210362976551
15496,1.0216849550783984
18028,1.0213364873888657
19905,1.0209736898737733
166823,1.0204040934735823
29484,1.020282469322317
15515,1.0201962058565732
24629,1.0198966954095163
21523,1.0196311359492864
153759,1.019348226140569
156180,1.018114775522733
15278,1.017925158778615
48107,1.0172193046930598
162649,1.0167474146957969
164233,1.0162802417310073
24781,1.0161018702487015
19773,1.0151034729267268
26902,1.0148600324047343
17510,1.0147976727461685
15262,1.0146315190767574
22956,1.0132324822660315
32357,1.0130383887088217
12197,1.012769050946384
14785,1.0123865968751253
19974,1.0110267270973166
18159,1.010798879299131
19989,1.010729146557069
166456,1.01030716255664
18534,1.0093034505430305
22626,1.0078102989235778
219894,1.0066451933819438
33196,1.0061952741421116
162913,1.0059623201348071
23885,1.005961027213437
20695,1.0053010007647274
25860,1.0041957728569502
27002,1.003863281064271
17205,1.00297291070931
11704,1.0028838523555235
22706,1.0026995297970946
40169,1.0025034283267695
11240,1.0016204774433815
10372,1.0007339248312177
19206,1.0007289392235603
26669,1.0006865304764057
13124,1.0004611523632483
14958,1.0002775677579299
12815,1.0002443969101151
17682,0.9994823782306791
13311,0.999380330813335
26370,0.9989074451442158
15628,0.9985085483076523
15645,0.9979202609626717
153347,0.9976018887937524
156053,0.9975080722256933
16246,0.997375922630593
11486,0.9970627109193008
20534,0.9965130116868808
26352,0.9964798167841525
14511,0.9964560315004566
19779,0.9961870604629764
154829,0.996089170029641
11562,0.9960416490893789
14882,0.995845552127647
154246,0.9955073276522766
17337,0.9954291032002016
23333,0.9952333068234235
23900,0.9950461435261104
16627,0.9947474538973173
12745,0.994365509044817
11325,0.994323565372214
21723,0.9941507065321885
15151,0.9940821577119564
13219,0.9939264877056172
19420,0.993869044655338
33623,0.9934335359912266
18264,0.9932541216445444
19979,0.9924467609942044
24050,0.9923557755394422
15933,0.9923082797293701
27406,0.9920043377328066
20515,0.9919473883337229
15007,0.9916934511559939
27979,0.9915478839108912
165668,0.991431553691348
10389,0.9913086883361089
24435,0.9907842679404155
10153,0.9907035095008371
26588,0.9898884601019597
37490,0.9898697881991914
47692,0.9896363683691216
10894,0.9893772977451284
13192,0.9886110678282829
25312,0.9885611011818431
18471,0.9880518602288745
22661,0.9876883746370719
16926,0.9875626845100576
12151,0.9863226246841584
28381,0.9862711026553449
168447,0.9858229351334221
14798,0.9853559455499007
15446,0.9852985784135757
17294,0.9851064228357393
13069,0.9847463148105575
16966,0.9847435856233421
53170881453,0.9845171507421273
33601,0.9843415786651053
12148,0.9843177380102682
13534,0.9838221495837809
14649,0.9835709896718007
29225,0.9830846168960614
21492,0.9816834884869053
16048,0.9812807995996151
18732,0.980361210628284
21318,0.9791119604253767
22874,0.978705671952873
154804,0.9786083926877066
23003,0.978362477354299
25442,0.9782081798721074
16969,0.9781986100872481
13434,0.978030085352482
104738,0.977339713547634
11951,0.9769505272474837
13171,0.9760158838703642
12196,0.9753051408010217
37202,0.9752716446870184
11134,0.9748660648448092
155633,0.974717414086074
41439,0.9742138264279157
22358,0.9741752704845422
10343,0.9741364233365967
35323,0.9739450182914201
15413,0.9731637413109738
21011,0.9728803453655724
42787,0.9728203080556175
12704,0.9723773853114571
28251,0.9723352992620686
16077,0.9718788298929728
100509,0.9718310712477966
23780,0.9717491081274201
15642,0.970949460352525
19048,0.9702813146055597
20087,0.9700795521391028
23113,0.9696943858405775
13540,0.9676915226194591
16263,0.9672082768182807
24443,0.9671623027041737
13399,0.9667331834758555
26281,0.9659384770366892
13241,0.9657713768214409
16431,0.9654330317357992
30249,0.9650006304267098
152621,0.9649567125361678
24710,0.9644364727886092
10125,0.9637686430683328
10407,0.9635406191303967
12258,0.963251864315907
26883,0.9624181030206493
24374,0.9622299418718865
164741,0.9615652287852277
24428,0.9607512402162482
58073,0.9606619734921952
18483,0.9598737261214443
20417,0.9597010911247804
15735,0.9577402317423549
24754,0.9575922260458992
11709,0.9570660418668564
28997,0.9568624704046724
15679,0.9560913032777892
18079,0.9558133276427817
25079,0.9554889118905616
15550,0.9553563082946851
20723,0.9551953728918262
15958,0.9550064416335348
22879,0.9543207080016962
19758,0.9528254511634058
101160,0.9520074662106094
44333,0.9518267572398115
33716,0.9517951048599047
48980,0.9512795219191422
101689,0.9512681660309685
26003,0.9508563625554675
10918,0.9506849129749542
32058,0.9491651067170185
15254,0.9484874517465945
11068,0.9483395778220856
36373,0.9480198532726078
22152,0.9475458085653565
17216,0.9469896712068686
158023,0.9463271079849912
48080,0.9444999280407166
29882,0.9441850167810268
15848,0.9440031897246269
48865,0.9436783517025782
19886,0.9432187062486727
28685,0.9430041930035463
15380,0.9424360455060091
13163,0.9423127569403731
19209,0.9414704673894058
165340,0.9410482400002323
11706,0.9409293615243899
17970,0.9402202133170726
10134,0.9397580929672207
22403,0.9397279531746608
33181,0.9391769399344159
24653,0.938410721919846
50201,0.9383188923509113
22804,0.9382675099438307
43777,0.9378489030234904
25018,0.9377098054992326
52879,0.9372491257352384
48911,0.9343294400135477
22888,0.9341105025166229
22742,0.9330970125787656
13992,0.9322382507639924
35735,0.9317118097606132
15728,0.9308573298728421
43004,0.9305972057782935
22635,0.9301829800652183
22563,0.9288225335831792
18847,0.9274366057227034
11664,0.9272642670778516
18083,0.9266775881384439
19260,0.926315008522533
37798,0.9262922561375828
13170,0.9246777616254956
80190,0.9238349289326904
22548,0.9232666280862281
34923,0.9230481223165202
11022,0.9229877142314449
16479,0.922737812759514
14487,0.9226746830382248
24737,0.9217875704054903
31974,0.921646779026014
16400,0.9215076126156763
11911,0.9208522533339449
12869,0.9201461328909718
152620,0.9197864508821616
20731,0.919004425898888
11207,0.9180409337333879
22729,0.9165304541046955
14783,0.9155968357681005
16346,0.9149205277060755
75822,0.9146506355423305
27561,0.9145517522180623
22607,0.9144743954152178
11393,0.9139498199269106
13516,0.9117848182027838
12725,0.9117147681299599
19468,0.9116693249154687
102590,0.9106012813139408
35994,0.9096250186564163
165511,0.90753423132418
13701,0.9074583548467898
26777,0.9073900740697848
163718,0.9056732575812376
171948,0.9054208092479887
32450,0.9047894432164673
14387,0.9038865613050779
10377,0.9037901276711552
17731,0.9031437635617514
228323,0.9031153113819269
20873,0.9001934976311036
24239,0.8990228628176221
10948,0.8988844864713657
16495,0.8985279636302401
13402,0.8977251637863454
26529,0.8975512174866268
101952,0.8973127242576917
21674,0.8969344627696476
36367,0.8965764745758129
17964,0.8964094708236747
28703,0.8956148683372627
164071,0.8953211301463848
102019,0.8935207427393909
158691,0.8931546223834335
15589,0.8921438165501082
30244,0.8910769978169601
12634,0.886802257038461
24415,0.8866290704779483
22891,0.8849919971546863
10184,0.8830082981011222
20757,0.8827157879428602
13384,0.8794310407496488
29950,0.8783184370509143
17137,0.8781054593324236
13740,0.8765170629046679
47642,0.876032884205518
17693,0.8743072430532061
41933,0.8738812297819827
13033,0.871853334449776
16228,0.8709954228025713
15720,0.8693371834290151
11786,0.8690545565544409
14501,0.8682036871171438
11489,0.867584476106546
15770,0.8666583867059084
14253,0.8656392283886627
78726,0.8654586236828224
11431,0.8651810881736579
11170,0.8628746455963588
10653,0.8624818725812281
11881,0.8611382326275716
15378,0.8605573269141077
17947,0.8598274588789602
54287,0.8585978277204611
42542,0.8584190589538924
154133,0.8578706869451398
17653,0.8562057127159196
21991,0.8546351492065578
18491,0.8544295497292983
28600,0.8538613027689287
18588,0.8516682476429785
33619,0.8437822591055997
160171,0.841983470857681
44461,0.8418527542247788
18440,0.8406017431436381
32211,0.8389910320890015
16144,0.8389357330837541
17884,0.8374593735441532
15448,0.833638107177116
10461,0.83308745258634
102317,0.8330772295957205
21749,0.8326578290929456
28219,0.8326249934139829
13006,0.830538560193024
153252,0.8297107887263934
17701,0.8294778377206391
12876,0.8286666461798093
12105,0.8286383882210759
25838,0.8273143055621994
12952,0.8245955442406017
10462,0.8224204972024073
10672,0.8223411511783778
10513,0.8221000908974246
10597,0.8217011975212682
37966,0.8215035134750209
22525,0.8206700541356198
16699,0.819474880210291
12504,0.8194430745209222
25015,0.8189518106370737
10873,0.8178889983683781
25688,0.8172571379644784
11400,0.817153782301381
22465,0.815495890580226
156915,0.8154363378425451
11210,0.8150203333465387
5905967119,0.8147936336975858
11529,0.8137422074421802
29239,0.8134267483581663
11827,0.8126475887231479
44166,0.8120652336880995
154955,0.8102439768417178
17618,0.8076804983619202
15593,0.8042663207560719
12296,0.8023580182056258
13156,0.8012614318241891
11205,0.8010642343987255
13424,0.7989302018895198
19613,0.7982464703598715
12474,0.7957807420068532
13144,0.7930909375407641
10968,0.7906156740815914
21453,0.7876488184402687
109912,0.7860725257214228
34303,0.7849862714666721
11979,0.784665138834851
21769,0.7836793703736786
158694,0.7834076049075311
15434,0.7827193557753125
11042,0.7825087902741115
96565,0.7821339902698186
100451,0.781918767333317
135016,0.7790253239467781
10811,0.7760661483942071
11472,0.7742157171887113
16903,0.7711997231565584
10497,0.7690722514315285
23616,0.7684437747496312
11332,0.7664069486693642
19949,0.7642141461616975
17626,0.76216687117568
10860,0.7556370856823472
13803,0.7547563627410762
24867,0.7525126158624588
12848,0.7492688928602347
30155,0.7464079902782083
157784,0.7460340014871911
11045,0.7450040529171187
11480,0.7433383724858249
10888,0.7426373105582553
15006,0.7392467891269531
13287,0.7376279195651496
146097,0.7348621717185759
11457,0.7348175447779409
11114,0.7319490938083014
12395,0.7224604424113775
16165,0.7203944666136805
39228,0.7169903679760645
12224,0.7148307223051487
47109,0.7143257884163241
14549,0.7142735520139645
54821,0.7110852526566028
42683,0.710609139400815
11633,0.7094182782713054
42686,0.7084669866869708
205886,0.702200453876646
12986,0.6881435191445028
11634,0.6812530254341995
11001,0.6673104987122044
111287,0.6661630231719862
14847,0.6594495751342103
35832,0.6574984567441942
15909,0.646031659502573
171968,0.6302057588247747
22669,0.6262360077602501
11407,0.5704632753644198
32540,0.5689733570739748
172695,0.5588785783622834
38510,0.5139754365740253
35212,0.5096211502195371
43375,0.5053857567433467
100639,0.4869447328265951
163093,0.40780959277772894
