BANC ID,DimScore
720575941522552823,9.43898498159399
720575941502323435,8.11831555897699
720575941611304937,8.065949458474512
720575941478584938,7.07178006438869
720575941529494660,6.907798268372352
720575941624572042,6.253681760956204
720575941474312800,5.806150402664786
720575941571453342,5.719243841212684
720575941594497575,5.708868871984936
720575941603720377,5.5946263800308875
720575941454037555,5.5238260596369715
720575941466964566,5.504694782753325
720575941569836914,5.498746426882612
720575941489812277,5.479491685579204
720575941393983382,5.421171935937745
720575941428365193,5.419800860311931
720575941574040329,5.379329001423756
720575941516280922,5.374633897371902
720575941679772605,5.3641577621480625
720575941731655979,5.333834358435349
720575941533398659,5.328884013989947
720575941393242628,5.326688961222925
720575941503769650,5.170030009462719
720575941564504832,5.167520797621754
720575941535167320,5.162413912488708
720575941560655731,5.14206091670214
720575941644554184,5.105127869272628
720575941607564909,5.048989179671304
720575941612401510,5.046677752028153
720575941642868385,5.030830191494628
720575941730244651,4.962185385159766
720575941553784455,4.960551510009591
720575941436757804,4.9078410546241855
720575941640775455,4.882777396711065
720575941628231138,4.815642569347178
720575941579450745,4.791717561868524
720575941621460476,4.770097471128591
720575941565477174,4.712932580691652
720575941569808754,4.585227074844481
720575941493928064,4.5555156230266665
720575941537718653,4.5206418624098825
720575941505239717,4.517989446146223
720575941481337679,4.497824765281145
720575941545087493,4.4558808180154825
720575941514456569,4.447916384542125
720575941505033010,4.44456286988676
720575941586648198,4.406024915262898
720575941574730235,4.390491041069041
720575941542529884,4.383242743115254
720575941427901012,4.352864010538601
720575941689930648,4.325376916957877
720575941540462285,4.2993228716885925
720575941628262969,4.2640889539987
720575941581648761,4.248691608429374
720575941461352659,4.236354424895194
720575941636577909,4.233134208002987
720575941614012892,4.228026275697512
720575941566565174,4.184288561946041
720575941663701884,4.1621777698116995
720575941557512307,4.141142071599546
720575941515969123,4.075488579297715
720575941414899345,4.074969741781127
720575941572941051,3.981714349982324
720575941431747086,3.9694077590620385
720575941482058179,3.958920685826739
720575941547426484,3.9584117601475217
720575941688806412,3.948267341108594
720575941592092968,3.9339379415633737
720575941491807463,3.925307662290922
720575941433235744,3.879169939571415
720575941405005168,3.8216399351782417
720575941666925745,3.7677279593689663
720575941513032780,3.7670001277370444
720575941670138033,3.753436299151576
720575941574226024,3.7523323277987672
720575941487560757,3.724365156990532
720575941631020192,3.712523705678797
720575941612982169,3.7016834168464112
720575941453830637,3.6916699417946144
720575941400285475,3.669248142529284
720575941438655506,3.6566211297338933
720575941505242789,3.6547200632759216
720575941499062601,3.6506333112889466
720575941639069471,3.6472246081801303
720575941668914609,3.64057411523627
720575941489274057,3.6301051388794328
720575941564186007,3.6275229594532385
720575941569405342,3.607637326484683
720575941589678078,3.5966496343486907
720575941579208281,3.5924936945232595
720575941502715019,3.589300519311534
720575941559394931,3.5727998004775494
720575941639571317,3.5600924284439586
720575941459216287,3.554285878758771
720575941612233830,3.532632305100431
720575941555196929,3.5196538671444424
720575941507049239,3.5032960855261868
720575941506550693,3.4956121114639394
720575941658910488,3.4895372140454866
720575941592898341,3.4878607523698837
720575941525946724,3.4860132307692555
720575941509737682,3.4794953246940867
720575941505410876,3.469813783062246
720575941515840403,3.450962894965146
720575941480673154,3.4485208460881394
720575941538336381,3.4395547794051753
720575941573417117,3.4362192732858414
720575941514111564,3.4279254821377134
720575941530295013,3.4193976013114593
720575941540257741,3.412741719216015
720575941521188791,3.4031505576861836
720575941557509870,3.3942058267017132
720575941577482585,3.367030879376392
720575941515548515,3.3632873280684383
720575941602114494,3.349479519117838
720575941652319705,3.3493775220557063
720575941603438777,3.3400820433825262
720575941588955703,3.334027555194945
720575941400290851,3.3251594291287345
720575941499077089,3.3132952978936285
720575941591804712,3.306119295348007
720575941542610437,3.2979575375123455
720575941523236171,3.2862303853617916
720575941427067476,3.2859059140395273
720575941482407677,3.2731953029632357
720575941565392482,3.2706347032417837
720575941565091847,3.266090114629326
720575941490679497,3.259170125106181
720575941415707420,3.256789044218761
720575941467453462,3.256734359591008
720575941560268270,3.2544662880860407
720575941483679674,3.2543555685794234
720575941552142727,3.244065414571667
720575941353080624,3.236569195301422
720575941520735411,3.235652657645522
720575941524958118,3.2350033651936916
720575941669801905,3.234751620338516
720575941691031704,3.2299291561059658
720575941452016199,3.2279814059788814
720575941598325148,3.216526732817092
720575941480490882,3.21321385148509
720575941597345692,3.207818192014424
720575941645117304,3.206967453881741
720575941668465319,3.1964317279737715
720575941535166913,3.1893984061626512
720575941452165801,3.1882867740407304
720575941584770014,3.1853321278046476
720575941503527147,3.176045015045525
720575941404813680,3.167489641530825
720575941543173405,3.1642297500539684
720575941439919295,3.163250638591786
720575941563385654,3.1611733011787257
720575941472597051,3.159321562334395
720575941551774526,3.1587705378257205
720575941565694262,3.147558067484956
720575941537511144,3.1301011698687513
720575941691021720,3.122139160334979
720575941626745452,3.1152093325343304
720575941470004445,3.1126307126970163
720575941534800618,3.108602355863534
720575941498434683,3.103038550434587
720575941688242328,3.1016754239499407
720575941417243164,3.097318450660961
720575941475285802,3.093666345853012
720575941498662818,3.093538484516729
720575941611833577,3.091344497128191
720575941701672666,3.086893876643324
720575941556990735,3.0849872334905952
720575941486612034,3.0816610479769873
720575941596218225,3.075984640870097
720575941523447883,3.0595014807776217
720575941552768062,3.0496540885520944
720575941531735269,3.0486702795513905
720575941461222867,3.04401085478639
720575941652493524,3.0439057124291145
720575941499893154,3.0425653567305195
720575941553078938,3.0211413616755913
720575941552584510,3.020861257974345
720575941660948348,3.0175363222790246
720575941680648893,3.009522402082078
720575941581608031,3.006648593049847
720575941528092344,3.0026008050071322
720575941524210763,2.9891934491413488
720575941456851693,2.982973776746101
720575941513116762,2.9823024709950237
720575941510509072,2.9820185621766857
720575941691165848,2.976298466016843
720575941519246296,2.9756256602551123
720575941474880308,2.9719246102313575
720575941607693421,2.9644959657662606
720575941552009727,2.9620262498865992
720575941407469359,2.957193075150689
720575941721640506,2.956832930804533
720575941546634428,2.9541646142386946
720575941608483914,2.94656609329499
720575941611136476,2.944834607987913
720575941630020134,2.939332013449621
720575941575420559,2.9287200731961804
720575941574790664,2.9224647806299577
720575941536326805,2.9218168007173495
720575941477099313,2.9197090330157622
720575941500839147,2.917406610703572
720575941430607753,2.909397507305644
720575941572392201,2.8987411845768225
720575941471932736,2.896644500345059
720575941516780947,2.8942740189935816
720575941639802655,2.892741201370147
720575941689709019,2.890002431255633
720575941452264361,2.8808999604619077
720575941399042851,2.8802399954019435
720575941535724522,2.8781658229048963
720575941626088347,2.8742696515619652
720575941553332708,2.873344548726766
720575941529711288,2.869928645667158
720575941599075008,2.8698678520652114
720575941595376677,2.8689655568704264
720575941688138904,2.8658935688027576
720575941602726078,2.8615593802755095
720575941595908508,2.8607264400252763
720575941442329514,2.859427497990436
720575941569801586,2.8579877665510396
720575941480996226,2.854537808304435
720575941429383521,2.8528504547724736
720575941488656332,2.852453283915406
720575941548641085,2.8488520258722017
720575941561430829,2.8452755251868647
720575941533594394,2.843628070960278
720575941504971287,2.8423064306965986
720575941462378692,2.8398774397465045
720575941514949881,2.8347631187638664
720575941554228481,2.8324689969209387
720575941486700354,2.822527834192517
720575941504602418,2.822236707375032
720575941518795692,2.8199850810532707
720575941498628514,2.818724643286782
720575941486815238,2.8146081486206005
720575941432255959,2.8143187131434577
720575941350482992,2.8126669684803165
720575941593714027,2.8084642849392307
720575941669817009,2.8055941099506185
720575941486694541,2.8020247854915032
720575941430133006,2.79858311659899
720575941630646432,2.7962236418499677
720575941489036494,2.7926892082856427
720575941590941291,2.78468810008171
720575941531996645,2.7840024716018457
720575941537732840,2.782336382882343
720575941608733673,2.7806862789412534
720575941594807921,2.778144900061525
720575941586475998,2.777588101894084
720575941569105658,2.777471730519249
720575941505089340,2.775431571993341
720575941491576039,2.7681885829740907
720575941653841681,2.7648647688261723
720575941643043272,2.764229451988619
720575941503539516,2.762975121768972
720575941604982462,2.76189088300086
720575941408577327,2.760230913084603
720575941564678039,2.7595087915988565
720575941491649255,2.7584490240291064
720575941533919258,2.7566918877474715
720575941641604946,2.752314053160944
720575941623407050,2.746489068398982
720575941503675813,2.744507709769208
720575941513793612,2.744327797979356
720575941470401291,2.7418390023799777
720575941496731042,2.7409038217827377
720575941608387658,2.736245304525474
720575941595204229,2.7312659360764084
720575941588623756,2.7308541961123454
720575941526853378,2.7295920116399475
720575941518261932,2.7271072474790414
720575941452030330,2.726942377699361
720575941632167611,2.725580307737877
720575941533567754,2.725518977975229
720575941436943071,2.724724073118955
720575941720258362,2.718164666245609
720575941550561341,2.7172713161247652
720575941404874352,2.7167432803225497
720575941592612903,2.7152075928237847
720575941469678557,2.714733120014065
720575941505415484,2.714290134320596
720575941431647246,2.713993873356333
720575941634269371,2.7117714687074392
720575941430513289,2.710344017208403
720575941542534236,2.710220481297348
720575941523230539,2.709789812430867
720575941487830069,2.7073377280386817
720575941542733573,2.7053080537877174
720575941501608939,2.7051330099734883
720575941604585662,2.7010340879061014
720575941482713341,2.7008539208268587
720575941409916271,2.69628225622449
720575941540590973,2.6907998206488997
720575941544256873,2.690635365462658
720575941414262417,2.6867563527923357
720575941574399631,2.686027284902133
720575941565185122,2.6750528124736315
720575941490558261,2.673847367440506
720575941533945176,2.6736756425780315
720575941623434604,2.6717005321888183
720575941473825888,2.6702518644379154
720575941612374425,2.6686933108637265
720575941555637331,2.664752018305282
720575941447838996,2.6638993793694477
720575941439565023,2.660565051610047
720575941542676572,2.6578863277605604
720575941468830016,2.6539576859240483
720575941522203895,2.6517629151549267
720575941669726129,2.6485390062297607
720575941493998464,2.64730084112274
720575941567698164,2.6462576679997922
720575941476147998,2.639376922219529
720575941438967247,2.6386896912987967
720575941539325333,2.6374350812652465
720575941614893013,2.6368836961460307
720575941518509495,2.6355936956615094
720575941503562946,2.634617606747027
720575941455929837,2.6322970552143516
720575941505983813,2.6298506362422582
720575941626222218,2.6295210949548453
720575941574021046,2.6279524917806563
720575941596424581,2.6256440155515763
720575941569607282,2.624398290374452
720575941556283876,2.6239202753295774
720575941688133871,2.623524461583714
720575941526954424,2.6222931588088088
720575941686614511,2.621636426146266
720575941526450713,2.619447542435364
720575941575525992,2.6157571259726633
720575941444928170,2.614605936838282
720575941639763999,2.614585170715075
720575941613418716,2.613866719910245
720575941430069641,2.61358342655616
720575941542584837,2.608100086760991
720575941565293063,2.6077067300848804
720575941575725928,2.6077039827464255
720575941518277815,2.603827376009054
720575941588123902,2.603472740704572
720575941515077699,2.6032001749361657
720575941665097203,2.6019765872827985
720575941574973705,2.6017994932441004
720575941732524587,2.6015898494985827
720575941649976049,2.600427221741602
720575941399380515,2.598942945438885
720575941429113775,2.5967687621412376
720575941573266171,2.593288614364373
720575941469716445,2.5930131174280535
720575941486413709,2.5920527571351593
720575941569306874,2.5917313482848106
720575941440350293,2.5870652546325617
720575941566180199,2.5867804863330695
720575941571901000,2.586370499145197
720575941515238234,2.5854282772522783
720575941409214894,2.5838030290967295
720575941475392042,2.5826952195543353
720575941539552717,2.5823658571333685
720575941447935764,2.5796721728181735
720575941535099882,2.5784255110706478
720575941449185373,2.5776748832698613
720575941531974629,2.5776206362345495
720575941574813192,2.5759675833635014
720575941500955115,2.573828070754925
720575941557357732,2.57297721699599
720575941474677825,2.57231641696781
720575941535119809,2.571393085477018
720575941506229889,2.5683609713391564
720575941513713873,2.5671233344261815
720575941586653062,2.5663892868414346
720575941536231105,2.5634041724565395
720575941721638714,2.5610538670047394
720575941508261922,2.5604764172102983
720575941595237157,2.5584443266200934
720575941654376916,2.555506773007922
720575941575484598,2.5551508539481813
720575941542593372,2.5543410040651877
720575941526698596,2.5532378664908104
720575941509927122,2.548089294496506
720575941574706953,2.5451132671598176
720575941623396763,2.5450055593277843
720575941633602501,2.540376711075002
720575941518404974,2.538850664156901
720575941656327504,2.5387647114808436
720575941642305656,2.5378982990495706
720575941586391876,2.5371837986772414
720575941687667574,2.536275144041926
720575941595975793,2.535270087794268
720575941633833403,2.5336976226381824
720575941529911525,2.533274576597769
720575941521282739,2.5257462183468307
720575941571349150,2.525548422565082
720575941486470541,2.5242224099408075
720575941352907824,2.524099333376621
720575941463157904,2.5239243741456763
720575941593505387,2.5229611596242885
720575941546194364,2.5224388944688805
720575941514358675,2.5212658439947973
720575941560343155,2.5192616167054314
720575941651981077,2.5192164500189373
720575941541271325,2.5151716120117142
720575941467235293,2.5150659844685648
720575941634316731,2.514065664755607
720575941554701722,2.5106162836656907
720575941495918665,2.5088402019884475
720575941515872003,2.507291212607637
720575941659821880,2.506637865069229
720575941590576424,2.504476788506184
720575941513990988,2.504215383605759
720575941578730841,2.5037003480666216
720575941442861482,2.503604590793486
720575941441636699,2.4972032541482116
720575941556364196,2.497103342553398
720575941445843476,2.4955416895171547
720575941471805963,2.4937589476735975
720575941625157019,2.493546981717439
720575941655117012,2.4927004804588155
720575941399099427,2.4925521082627884
720575941586099334,2.4923499869457046
720575941631020012,2.4899197325864555
720575941518237656,2.4895967527945406
720575941573385224,2.4843993956808994
720575941558996462,2.4842456663441506
720575941469296861,2.4809579481559556
720575941452322867,2.4801970761414767
720575941660916092,2.4799511622233164
720575941595193558,2.479728224818184
720575941504258839,2.4788663730933522
720575941457206854,2.476710131141434
720575941507724929,2.474798611046733
720575941469757405,2.474621451651238
720575941413153647,2.473827801718082
720575941459415878,2.47207125985689
720575941586425412,2.4669742473382543
720575941551356570,2.4655671984300107
720575941536972018,2.4636357306446506
720575941667381235,2.4621819408551118
720575941450594126,2.4620377403716898
720575941413939740,2.4612086282912498
720575941563064071,2.4604499273636313
720575941611188554,2.4601029326089967
720575941432242958,2.459900155607812
720575941535811562,2.4589115190297015
720575941551193115,2.4587014579338895
720575941542885661,2.4583918792385187
720575941548187681,2.457811667212357
720575941451023482,2.4574419393461695
720575941657683024,2.4568228491360657
720575941578384629,2.4561668709873747
720575941431173473,2.4555294495666367
720575941583917958,2.4520280894420634
720575941569332730,2.4504406716954312
720575941479598210,2.4463005292577935
720575941629128674,2.445736004742844
720575941488347854,2.4447138164678837
720575941556410020,2.442341994684754
720575941483884429,2.4409948868865934
720575941558807411,2.440663354653632
720575941448945757,2.439836810212983
720575941482770173,2.4359524891541877
720575941561393453,2.4353188235983123
720575941516480110,2.4346453936759733
720575941476852254,2.434544538481344
720575941413642268,2.432602831859372
720575941515411603,2.431769396057418
720575941456665581,2.429605184016394
720575941480704954,2.4293883777159837
720575941611457098,2.428690029682127
720575941606542701,2.42778720090928
720575941574878351,2.4273400781226786
720575941564373346,2.4264844081303525
720575941566998631,2.423525066650696
720575941575903321,2.4216862812209605
720575941603785913,2.420891959806184
720575941436012832,2.4200757877126367
720575941526936486,2.4200299896545796
720575941472178752,2.4194776431309872
720575941467559702,2.4192395359753673
720575941533700274,2.416021648083531
720575941478168739,2.4153921926681066
720575941565285730,2.41506929809884
720575941512764515,2.414301322558945
720575941529744869,2.414283192972511
720575941549992564,2.414172941076935
720575941436313888,2.4130976889308378
720575941553551495,2.412776307683456
720575941456070640,2.411012032227898
720575941466399830,2.409224299328169
720575941551414170,2.4065973920167836
720575941529810616,2.4056100433785046
720575941547473268,2.4053155549540945
720575941518536046,2.4032796008755684
720575941533506586,2.4026183268643155
720575941538014194,2.402494830975029
720575941428164233,2.402355126016636
720575941511863250,2.3986091430420746
720575941560435059,2.3985395034978514
720575941607634285,2.396418754470798
720575941405891502,2.396262336266389
720575941473808480,2.3922637398926816
720575941645213048,2.390194186324513
720575941483538618,2.388035688561957
720575941662407992,2.3878933453995863
720575941516601690,2.3870656706322735
720575941537504744,2.386788903524214
720575941540269693,2.3859475998684796
720575941440350549,2.3853206389366313
720575941610664621,2.3834393220399597
720575941515040067,2.3810427061369075
720575941428762249,2.3807585718254414
720575941480951235,2.3791918415282445
720575941449075293,2.37562695009516
720575941515620195,2.37490365652113
720575941665587187,2.3743939773336225
720575941596408197,2.3742821220137134
720575941548374305,2.374130995017548
720575941524212324,2.3720468982976497
720575941523220555,2.371201443211089
720575941431211951,2.371107114822983
720575941574442235,2.3704160428694476
720575941450721146,2.369985214375742
720575941498493307,2.3685276945122347
720575941599105728,2.3669537726382126
720575941579626577,2.3668626055898434
720575941504482117,2.3661601880183047
720575941475381307,2.365796094701529
720575941565716578,2.3647545259958993
720575941667251699,2.364233767582597
720575941562771624,2.363702523252867
720575941458953375,2.362321219832481
720575941498971977,2.361071466589923
720575941510361298,2.359039455671321
720575941588503948,2.358863743220819
720575941536003314,2.358399093226616
720575941597457564,2.358174489506706
720575941566336822,2.355190641751067
720575941690998680,2.3543247171918313
720575941524746573,2.3539432619210587
720575941482027203,2.352913429716436
720575941556870884,2.349905765759708
720575941430182063,2.3495428905226294
720575941662495356,2.3477084456157815
720575941668315379,2.3441116605736436
720575941533807082,2.3434380960416945
720575941555710547,2.341585850703994
720575941700293082,2.3408618298303723
720575941482040515,2.340572719251938
720575941496667264,2.3405398280605727
720575941507751447,2.339792845873139
720575941401761315,2.338729315812299
720575941437425964,2.338366830493821
720575941554879642,2.3378664426565496
720575941560549491,2.3373615715978957
720575941536048321,2.3364179444683644
720575941573370696,2.336299619692636
720575941614291987,2.3327648586405307
720575941515918426,2.332494666911623
720575941598584768,2.331414325693774
720575941539034005,2.3308388487225153
720575941350473008,2.3308084940859466
720575941498465147,2.329881954166269
720575941461333648,2.3294377953795
720575941586479070,2.328673032039495
720575941564402023,2.3277709240277122
720575941626193563,2.327689669097163
720575941516800147,2.3226010323414736
720575941435493164,2.3218238054196427
720575941403865456,2.3217371138063894
720575941630026210,2.3210316285726402
720575941468982795,2.3191902074923756
720575941573846941,2.316234077831771
720575941515579747,2.3153472134305666
720575941572286217,2.315285125127508
720575941658944336,2.3140330932941855
720575941536923624,2.3116350587630428
720575941545033916,2.311613077483099
720575941653816081,2.311210931687844
720575941527922598,2.3095244308048564
720575941451867719,2.308047186321302
720575941687349878,2.3078628179711558
720575941439205205,2.3067752272104127
720575941564206087,2.3067414281681233
720575941391252886,2.3038725571870176
720575941414292625,2.3037587359228895
720575941524167755,2.2991109898852766
720575941551942655,2.297836859907754
720575941507208005,2.297349703893145
720575941441232575,2.297109266352518
720575941650640913,2.2949027988438058
720575941552634174,2.2926810922493095
720575941689866136,2.2919303819963925
720575941439740895,2.2913551320059167
720575941642129528,2.2892439373917908
720575941524179531,2.288629810159616
720575941540535069,2.2873955105738544
720575941703189210,2.2870609937227475
720575941514447097,2.2866895431799823
720575941482970310,2.285721189846031
720575941469370688,2.2841782758666307
720575941454975539,2.283601605685657
720575941487850960,2.2833884051874453
720575941459423888,2.282101701340448
720575941625868746,2.281070151950102
720575941483668989,2.281035943472015
720575941489195724,2.280705475333439
720575941490694453,2.280205438746529
720575941671658407,2.278646834521077
720575941614483475,2.2781280653004683
720575941591299468,2.2773889413780086
720575941472329568,2.27675865522183
720575941522117707,2.2762003474253674
720575941573117341,2.273959546526285
720575941560162798,2.2723456104648223
720575941535097578,2.270583657298944
720575941508147746,2.2704488873187407
720575941652113429,2.2702565170703406
720575941610611558,2.2693253213437052
720575941414277265,2.2685845372679525
720575941454569523,2.268087308087194
720575941474665514,2.268067179880893
720575941554533786,2.2669391938863037
720575941577519961,2.2657405511751647
720575941658621976,2.265455325550539
720575941437333804,2.264927629969711
720575941411178411,2.2642917943527805
720575941438049621,2.263678847434482
720575941644912504,2.2635231063507635
720575941482957766,2.263521173096776
720575941645370312,2.263283248382334
720575941486680717,2.263131361963633
720575941407397294,2.2631253635819686
720575941477180446,2.262683679038844
720575941552002815,2.261922642016168
720575941593516907,2.2610851571643122
720575941409048235,2.2600194933035302
720575941595955569,2.2596275323875497
720575941603750585,2.2583227941336927
720575941482021059,2.255754324121117
720575941466965725,2.253449824843566
720575941574563848,2.2529800725746774
720575941614309139,2.250599279358712
720575941626299530,2.2472578769235128
720575941577622105,2.247160835755734
720575941488809676,2.246524621286748
720575941436005408,2.2462408447487445
720575941523093239,2.245990379289026
720575941450592078,2.245898299901021
720575941390722710,2.2458662535447442
720575941553768705,2.2455487029646055
720575941561419053,2.2439460068991677
720575941503444162,2.2422971847026507
720575941546366132,2.241640304505037
720575941584464991,2.240103474676338
720575941492331440,2.239430060893052
720575941488498892,2.2362991425046936
720575941564135314,2.236251286101742
720575941652085745,2.234073650169093
720575941475380027,2.2325587658975095
720575941576507737,2.231784523697206
720575941633567419,2.2302076451323796
720575941477308212,2.228712949895954
720575941560692648,2.228480435201341
720575941563843175,2.2283935664594274
720575941444927402,2.2254134845392195
720575941546970292,2.2198087453419513
720575941516217091,2.219069491671871
720575941408617519,2.2176625148210465
720575941540166941,2.2169370827155688
720575941430007544,2.2165117330124016
720575941453869619,2.216309017491076
720575941511282642,2.216308572793028
720575941601787894,2.215071519395172
720575941475795306,2.2145939334418614
720575941687929051,2.212768231180619
720575941616539093,2.2094998145977622
720575941554109668,2.206658806575757
720575941435950734,2.206094299571699
720575941626967865,2.2046491302883164
720575941448922717,2.2033765435380763
720575941519264216,2.2018603089745765
720575941405747247,2.2011964291876773
720575941526646786,2.200298118046112
720575941390627222,2.2002142657885604
720575941645239752,2.199952615175205
720575941408444587,2.1998050863546594
720575941652995033,2.19912854751424
720575941447874126,2.1984883085511675
720575941534911832,2.1982599265596563
720575941451926906,2.197958495532082
720575941441857727,2.1969581666493387
720575941477003825,2.19690127260276
720575941477593665,2.195657664443719
720575941541930781,2.195399242586654
720575941639329397,2.1937708650110004
720575941568724980,2.1927167490995423
720575941623284332,2.192365303710867
720575941542475100,2.192293888797262
720575941602753782,2.1917927956196404
720575941580266065,2.1915389375418552
720575941454260275,2.1902387018068623
720575941450075463,2.1884824084107293
720575941546387388,2.18690989429881
720575941574684061,2.1865287411450796
720575941539792220,2.185378766436118
720575941615297945,2.183212901835183
720575941686310895,2.181492909912021
720575941466194454,2.181291775428728
720575941595083734,2.1810236144366657
720575941505978497,2.180204344462754
720575941504201125,2.1777061427884403
720575941687421302,2.1776449092711854
720575941624187900,2.175470306539766
720575941574533128,2.1748891109008492
720575941659223888,2.17467271099265
720575941605018814,2.174086014622307
720575941477158686,2.1740435776742038
720575941596205425,2.1736402268059174
720575941427670356,2.17345751314677
720575941508484993,2.1724811714982413
720575941352898608,2.171994781196694
720575941474467377,2.17114950537197
720575941575975350,2.1711479724441296
720575941558189171,2.1710380289203064
720575941557492974,2.1707560863252313
720575941575985241,2.170704212879539
720575941592644054,2.1694773717463236
720575941504331607,2.1694250628104172
720575941667207601,2.168022607287281
720575941552860499,2.164248767119143
720575941438398252,2.1634186899234136
720575941431077039,2.1633361744240855
720575941576254134,2.1629275517680893
720575941666985905,2.1602274826446006
720575941632799392,2.159594393324098
720575941598357404,2.1592155403616773
720575941589353284,2.1589997804995287
720575941604343737,2.158636051387453
720575941511473996,2.1563336746679767
720575941722108218,2.1547482181940354
720575941513184003,2.1546976627999452
720575941603190006,2.1532940581609497
720575941690343576,2.1512209517197545
720575941477713770,2.1504342979297575
720575941444791722,2.1501601928831757
720575941534852440,2.1469205463537
720575941490535600,2.1468712029302197
720575941560428147,2.146348103973594
720575941471926080,2.1457540226405682
720575941649178389,2.1457217202430487
720575941514023523,2.144297028864881
720575941626530442,2.1433529474790944
720575941529824440,2.14151543831979
720575941460902157,2.1410615187108664
720575941530964355,2.1396797843895063
720575941550196797,2.1385710250497443
720575941449266554,2.137964143515899
720575941520182707,2.1354423579020585
720575941431038305,2.1349657390282344
720575941592925992,2.1348499569081456
720575941596627569,2.1346374367208054
720575941585245150,2.133619106755539
720575941450378333,2.133179924369673
720575941449728949,2.1329621276030593
720575941400910115,2.13288288436863
720575941495864905,2.130976032800141
720575941495055486,2.130642995697979
720575941465737814,2.130245072937824
720575941523790925,2.1290866523625733
720575941644023160,2.1290460594731786
720575941543108956,2.1289030926530814
720575941609437613,2.128847283323311
720575941528091524,2.128629927318324
720575941644085330,2.1285964690297066
720575941627754041,2.1281075800810276
720575941516185955,2.12776961650991
720575941412565615,2.1273475646906093
720575941689741208,2.1266243683312376
720575941595712448,2.1261165905998616
720575941480501890,2.125764003051697
720575941534852545,2.1249184450371317
720575941515746051,2.1247756141463308
720575941438500370,2.1234773309192496
720575941723926586,2.1234196455271013
720575941645321672,2.1213684114883313
720575941535118826,2.1213619866113405
720575941595615783,2.1212159014868837
720575941521090231,2.121176026394866
720575941458782704,2.121113647463053
720575941527484441,2.120281656920575
720575941476378164,2.11885310108966
720575941555628836,2.1187275363251823
720575941642516385,2.1184451938886486
720575941462516624,2.1174479060491715
720575941663480188,2.115521758932887
720575941585859718,2.1143300202911286
720575941478279136,2.114090906034453
720575941572091387,2.113624005344956
720575941593507179,2.1093128208917915
720575941654978777,2.1089846531254213
720575941447389277,2.1079659784133664
720575941645075617,2.1077835531134173
720575941645076385,2.107406666501923
720575941515591523,2.1071903849821525
720575941538256355,2.1062152299522103
720575941561409581,2.103281789822748
720575941662394936,2.103101899506819
720575941662345528,2.102991866309507
720575941554694372,2.102545014993695
720575941552004351,2.1022567631398563
720575941490071605,2.102176650075055
720575941642657697,2.1021386477735473
720575941518526643,2.100660716351241
720575941413871388,2.1001701415049965
720575941524513892,2.0998724525474333
720575941671947687,2.0994221841008582
720575941565008384,2.0992447411325474
720575941429566895,2.0981927542434167
720575941511272401,2.0980584223520915
720575941531180261,2.09672474020393
720575941595808039,2.0943818434934736
720575941401772067,2.093222293076678
720575941558882163,2.092435619911034
720575941498001993,2.090786936694316
720575941688560367,2.0890000727329285
720575941455233517,2.0885671657497134
720575941616572629,2.08799661948046
720575941552574599,2.087708209055317
720575941519020471,2.08705933126907
720575941565211239,2.087000428137505
720575941503529522,2.0869507627444492
720575941553264211,2.0869253338834794
720575941493947006,2.085345690898683
720575941411332719,2.085137696776764
720575941523368779,2.083478406291319
720575941510907468,2.080358488791088
720575941548075912,2.079660074652881
720575941526693709,2.0790060397194656
720575941448968029,2.076928867119025
720575941568546418,2.0767464492404892
720575941571871241,2.0767448150983756
720575941456643053,2.076540707947678
720575941625088364,2.0757934534887603
720575941461688004,2.0756084236297454
720575941573315656,2.0752439524551023
720575941579266169,2.0751259938124402
720575941431205880,2.074502410843742
720575941430366734,2.073056054809771
720575941544710149,2.0727202520452885
720575941491109070,2.0724942648807474
720575941408530735,2.071969213130725
720575941605020350,2.0714745786291586
720575941460254163,2.070281403487599
720575941491344588,2.0701825920745955
720575941702164954,2.0691078868919757
720575941458932294,2.0683523282320984
720575941456678637,2.067637576219176
720575941391756548,2.0660983212981385
720575941512888529,2.063933608815518
720575941733215019,2.063793414157606
720575941559931407,2.0632151669938006
720575941503566530,2.0631042712650287
720575941410052975,2.0625849654144646
720575941691002520,2.0619495017537433
720575941507443841,2.061442725428506
720575941525802084,2.0609674143437933
720575941454124781,2.0602427907413783
720575941619633791,2.058823020678774
720575941439207253,2.058297561403689
720575941642832504,2.058275466926128
720575941545086088,2.05797405198362
720575941559556211,2.056124942836441
720575941633206944,2.055551187821792
720575941572671995,2.0553815770128074
720575941576978933,2.054762876536117
720575941553550471,2.05454106231719
720575941575655311,2.053576685333318
720575941458468819,2.0526832851664634
720575941663518844,2.051840029776287
720575941551637146,2.0498746571501663
720575941519439214,2.0493996220806525
720575941539407090,2.0484386908486485
720575941539071893,2.048071584999497
720575941549897844,2.047017139283955
720575941568946938,2.046858591966737
720575941564125586,2.0457704183161787
720575941650747669,2.045133693702805
720575941436037152,2.0434677293462693
720575941408338862,2.0431928823282854
720575941483684861,2.04285230563494
720575941603884790,2.042444794879825
720575941550649599,2.042048043729358
720575941495711099,2.041394568341761
720575941473694762,2.041305354589919
720575941611959725,2.0412797022257614
720575941554043931,2.0410173786794847
720575941482994630,2.0399303651026033
720575941532427754,2.039662514088089
720575941477201002,2.038622797295611
720575941579783157,2.0381872733999766
720575941390623382,2.038117384028922
720575941477626986,2.0366352271793566
720575941589993726,2.0362762897953686
720575941480480963,2.036222830039662
720575941551313435,2.0326523107240475
720575941571847069,2.031323311118622
720575941537612515,2.0306773492554715
720575941474478366,2.030656900164812
720575941508439762,2.030528129383546
720575941478281440,2.026340659697728
720575941439143954,2.0263358861993503
720575941523111415,2.026151409464787
720575941513772179,2.025530264623409
720575941555226369,2.0253305859416315
720575941538048242,2.0236777079259207
720575941524478795,2.022694873862312
720575941591307916,2.022357701868226
720575941392736004,2.022249507945348
720575941506164037,2.021928803674147
720575941513837971,2.0214308409049937
720575941391252630,2.0199507359040116
720575941481764282,2.0194003347237954
720575941555486547,2.018864847089551
720575941506994466,2.018261996966726
720575941586457822,2.017536357324578
720575941551070207,2.0168251946472355
720575941568356090,2.0152524129033123
720575941637734175,2.0148969597268027
720575941401766435,2.014614992356025
720575941523079415,2.013795791850161
720575941611961517,2.0124772876811288
720575941579859189,2.0107197396618814
720575941578154577,2.0098561070692145
720575941509044496,2.0089571173020895
720575941554261249,2.008126683815212
720575941535458024,2.0076101769830323
720575941550700605,2.007197731474253
720575941598689728,2.0068199664951485
720575941458142879,2.006721912216397
720575941573081339,2.0063343581720092
720575941553509348,2.0060533529450164
720575941469796416,2.0052374073353025
720575941569539486,2.004778861796164
720575941476367937,2.003614856022471
720575941457562694,2.0024206214384757
720575941439550271,2.0018735532258094
720575941575418767,2.0015339329414674
720575941531334373,2.000828205680851
720575941585922182,2.000733870517548
720575941483515389,1.9989913402541466
720575941507278149,1.9979436170381784
720575941592591911,1.997065037485789
720575941592282582,1.9962482033349591
720575941514057283,1.9947193705014563
720575941486548230,1.9944097124590192
720575941586441284,1.9943130519633678
720575941478183843,1.9938154079900021
720575941499193161,1.9928387135569252
720575941588956484,1.9925102186851773
720575941593802373,1.9924602154424833
720575941524232292,1.991218482835708
720575941480527234,1.9911614618668443
720575941592025740,1.990860591184723
720575941405899438,1.99078181213266
720575941614432409,1.9899734020390454
720575941538255587,1.9893723624415942
720575941539694428,1.9881244519396122
720575941523099127,1.987644636457805
720575941532753893,1.9874700514381975
720575941549009663,1.987141866216189
720575941524988747,1.986420618557929
720575941512515907,1.9862553724349306
720575941498046537,1.9861850187857262
720575941525682253,1.9838258813169254
720575941440375381,1.98376068481021
720575941662648120,1.9828823344044306
720575941424975956,1.9828779616830845
720575941475791210,1.9827923669941576
720575941579802613,1.9825454525033477
720575941632873669,1.982034675754114
720575941525186818,1.981081228814925
720575941514952697,1.9801527749634122
720575941567130738,1.9791857517909277
720575941515934810,1.9787892644281813
720575941458019487,1.9783521609361425
720575941488772300,1.9781279985032263
720575941507241495,1.9776578712313837
720575941606687341,1.9757323449226805
720575941536508186,1.9757035490814265
720575941527644600,1.9753075221422347
720575941471182455,1.9738253780828185
720575941688512524,1.973123385418442
720575941447737166,1.9730660010861587
720575941502213515,1.9722482739328624
720575941495775431,1.9722029725896109
720575941545120361,1.9716149507780611
720575941564275602,1.971391730488898
720575941455787245,1.9712789797618424
720575941550794751,1.970549680330483
720575941499467915,1.9686030783673565
720575941555178753,1.9683894578096732
720575941611988141,1.967690804909947
720575941520156339,1.9666478153353515
720575941499034786,1.9666461843278042
720575941450587982,1.965505261114139
720575941577080657,1.9653398672368136
720575941484356861,1.9651243860968706
720575941688652662,1.9638793824807395
720575941490712777,1.9634839511594542
720575941539243669,1.9621647947809606
720575941526729828,1.9604994477064241
720575941644058706,1.9600016941657032
720575941596600709,1.959893796393327
720575941353301552,1.9598168367551616
720575941564418560,1.9596527460621802
720575941564649216,1.95781388276827
720575941533123777,1.9563409985510751
720575941476632385,1.9551446584420007
720575941609625674,1.9549093389198158
720575941543093021,1.9544984722803658
720575941439536475,1.9539373762582073
720575941519224280,1.9536273616378532
720575941595938161,1.9534140993801725
720575941559950863,1.9527146257113799
720575941480513154,1.951928075214028
720575941492017790,1.9510691695031799
720575941414353436,1.9508391512825944
720575941437387026,1.9503870819655196
720575941494164864,1.9498658944626275
720575941560063982,1.9492216759757417
720575941523220299,1.9492136672750586
720575941526849357,1.9484243635312128
720575941508453761,1.9480872075750981
720575941603894774,1.9476711368674215
720575941688250998,1.947219721725472
720575941415224348,1.9468143101895403
720575941536772378,1.9463422356756088
720575941491085518,1.9461002431553336
720575941458500563,1.945969612871455
720575941614266899,1.9457895176891313
720575941540256973,1.9453989368191194
720575941496697472,1.944436877626038
720575941639332981,1.9426125652390525
720575941568199726,1.9420272546754864
720575941449547101,1.9413637462891375
720575941459040415,1.9405245892020746
720575941611254858,1.9400514646513447
720575941573215995,1.9396598168356645
720575941569592690,1.9394731626948791
720575941573516296,1.9392917177585614
720575941601731769,1.9386986604158662
720575941448026388,1.9384900581026836
720575941480138976,1.9382297871440366
720575941483478970,1.9365722432991257
720575941565455511,1.936545722876521
720575941554837412,1.936297721709951
720575941472742752,1.9358547533034869
720575941518405998,1.9353993217400365
720575941596596357,1.9352466611985564
720575941474518814,1.9343683767230224
720575941507894366,1.9338019412378442
720575941555254244,1.9330821733203465
720575941523079671,1.9327767733243666
720575941575421583,1.9319292128214767
720575941689458840,1.9317529575628525
720575941523115511,1.9298521923952727
720575941668297203,1.928415866676899
720575941668397735,1.9267007260269677
720575941577595125,1.9262826493460057
720575941489207605,1.9256328975234434
720575941625958299,1.9256099319105338
720575941571565307,1.9233445815841579
720575941525960217,1.9216248039339887
720575941408464299,1.9184923989645128
720575941623441290,1.917774502668583
720575941529827557,1.9174752680202887
720575941431105161,1.917299357877978
720575941519434350,1.9162529423920809
720575941540277885,1.916238546445108
720575941519462766,1.916100923426688
720575941521454003,1.9160582801563149
720575941490107598,1.9156153547100039
720575941544483252,1.9139233159167588
720575941552519937,1.9134702360670424
720575941593148011,1.9115501643142807
720575941524094285,1.9111903050858463
720575941555384868,1.9106148392676539
720575941392812548,1.9091982500150864
720575941432809870,1.9091790412329486
720575941526713188,1.9088596506395947
720575941579762933,1.9081502615885075
720575941476398897,1.9070933314307217
720575941440999119,1.9069819947061253
720575941561414034,1.9064834372724748
720575941583315846,1.9054155218073707
720575941545483369,1.9051152701597254
720575941445677332,1.9049403948477597
720575941403816304,1.9046315252030699
720575941444829354,1.9040701961415845
720575941451956090,1.9038426956881251
720575941642569633,1.9033567040781023
720575941564218631,1.9033051524173827
720575941532480229,1.902963026040373
720575941411838612,1.9022428898247252
720575941593520747,1.9019872316431967
720575941652278033,1.9016692918993676
720575941454037811,1.9014535591309283
720575941450721102,1.9008851851060766
720575941555116772,1.900201811417114
720575941565152007,1.9001916450593932
720575941590837246,1.89943952203104
720575941535910849,1.8988285800949156
720575941514944761,1.89858616274839
720575941619899263,1.8970931162860551
720575941611136614,1.8969260517207258
720575941474373169,1.8968919450078652
720575941691007896,1.8963643142422677
720575941638360181,1.8953885582750907
720575941579820533,1.8937949545651247
720575941722212666,1.8934584136518993
720575941573761801,1.8914250159532358
720575941626033516,1.8911012236153946
720575941570031092,1.8895461074043411
720575941642303944,1.8894591555457423
720575941496156489,1.8894265179179288
720575941558861839,1.8886061181376297
720575941474355242,1.8882333220592729
720575941653577745,1.8878192036020318
720575941411709073,1.8872555597781666
720575941482956998,1.8868881836448301
720575941689669083,1.8865321714117165
720575941611038794,1.8863635617682477
720575941600513577,1.886027361927089
720575941587969079,1.885314287037736
720575941519457902,1.8849921664744265
720575941680133053,1.8843770633211299
720575941513096012,1.8836781909267728
720575941505231781,1.8828964268664254
720575941542462300,1.8805060271717438
720575941545270664,1.880439011833958
720575941542265605,1.8803942077081852
720575941642369125,1.8801916179452731
720575941553540487,1.8797770362516495
720575941555228161,1.8791556123333266
720575941512600140,1.8790487931921638
720575941574754569,1.8785245135548498
720575941612278630,1.8778159954085893
720575941486587714,1.8766853536182324
720575941475751018,1.8738344504740787
720575941644268626,1.8732460239174145
720575941401962787,1.8721230034963987
720575941545915836,1.8713714955133385
720575941553516167,1.870917379449069
720575941690778331,1.870609332587237
720575941412890223,1.8701359038176901
720575941663497084,1.8689083167917986
720575941431066287,1.8685108668221921
720575941561426834,1.8675732242084824
720575941491337932,1.8672006462386246
720575941507476353,1.8658180417854768
720575941492457086,1.865266823216218
720575941651596561,1.8649858017899532
720575941504308503,1.864737228400609
720575941431369943,1.8643972672181441
720575941661314616,1.8632565965168182
720575941409044907,1.862674562933201
720575941431078793,1.8626214955752032
720575941436032800,1.8615934893164774
720575941541832733,1.861113797736477
720575941482233027,1.8608346776101998
720575941465080342,1.8598185550928032
720575941614314515,1.8596762800754418
720575941568894202,1.8593883047371083
720575941401375011,1.859175686673396
720575941460228752,1.8588939769256398
720575941518945459,1.8574150230473765
720575941540219517,1.8570853447207631
720575941402088304,1.8569845923776283
720575941703155162,1.8569685179135242
720575941525897316,1.856779574452336
720575941412626799,1.8560299134433151
720575941533343619,1.8559616021927945
720575941688644315,1.855211634300147
720575941667247025,1.8551039281840873
720575941550165054,1.854776974856137
720575941438669653,1.8542145245471953
720575941652194777,1.8524968610351262
720575941434383758,1.8524545156266885
720575941390604438,1.8518097756651404
720575941479263683,1.8513378815618289
720575941686985199,1.8511873827256604
720575941535028146,1.8509313642899607
720575941586429918,1.8505663839403093
720575941614842069,1.848895420566904
720575941490687689,1.8488061622778753
720575941530876291,1.8485381271197827
720575941519289304,1.8481259508246484
720575941438381631,1.8480329917723408
720575941547159732,1.8479602103504678
720575941503549931,1.8478813706119417
720575941652253169,1.8473801148603985
720575941611745043,1.8472493398229732
720575941531488971,1.846417235735299
720575941506736956,1.8456480073456965
720575941515684099,1.8450457329054577
720575941504435394,1.8435428116348376
720575941401795107,1.84339188052213
720575941538126066,1.843353417748229
720575941520363511,1.8432792891801135
720575941508293666,1.842659699839924
720575941541903133,1.8421603933885864
720575941473970747,1.8411195752502965
720575941615272601,1.8402261689571875
720575941507209541,1.838915208384498
720575941721157690,1.8387137374823304
720575941628710694,1.8383175129912486
720575941572434334,1.837798744127739
720575941526981913,1.8376882639298269
720575941543434172,1.837656405811188
720575941505102917,1.8368206273698315
720575941624981962,1.8358771703168764
720575941720479034,1.8355042681270675
720575941478186147,1.8353504849694788
720575941512782947,1.8346436101537773
720575941503597116,1.8345636251596982
720575941494172544,1.8331777727385055
720575941431929441,1.8328184004102015
720575941504526386,1.832734845304902
720575941652566769,1.831933793566544
720575941479280352,1.8317850364743562
720575941471932992,1.8309461385261232
720575941501250647,1.8307697434959367
720575941490590924,1.8294372931274496
720575941528849848,1.8277922187100388
720575941441216191,1.8265282834300376
720575941568355066,1.8264241351570911
720575941573488392,1.82524490137312
720575941624133628,1.8251361977812959
720575941537641955,1.8251290232373316
720575941401783587,1.8251075969596007
720575941461648580,1.8245490498016874
720575941538087829,1.8227313212260396
720575941509352976,1.82174493664431
720575941458373587,1.821601448160067
720575941477340212,1.8213352843199342
720575941548493857,1.8210584536476406
720575941688630134,1.8209306600401824
720575941559176942,1.8208444662260879
720575941567199790,1.820582694888824
720575941625232778,1.8200824668612128
720575941497902715,1.8186489445818028
720575941494994558,1.8171080953224068
720575941626007195,1.8163979407230413
720575941429401559,1.8161980709907333
720575941436891359,1.8157104821508474
720575941643574392,1.8155955508364587
720575941538209229,1.8154134373345845
720575941390883478,1.8139442274793176
720575941644283986,1.813806404967903
720575941477392926,1.8132792727175413
720575941536364949,1.8114651230383088
720575941427934548,1.8112571101569925
720575941474495537,1.8112061783821505
720575941542876957,1.8104922842593587
720575941611043402,1.8098594780050865
720575941498494331,1.8087595114353259
720575941637686389,1.8086880383054142
720575941437220370,1.8074697864659364
720575941481407427,1.8070178227960625
720575941521273779,1.8068433504469716
720575941512837452,1.8062725448495534
720575941596085105,1.806013298229875
720575941431208184,1.8057320373271493
720575941414326929,1.8054291121291144
720575941589746756,1.8052059745750295
720575941478752362,1.8051636191657752
720575941460274116,1.8051004562277495
720575941652036373,1.804924477237013
720575941403959920,1.8044304431412823
720575941584463711,1.8042089210184855
720575941629378028,1.8037936280328914
720575941558305060,1.803313565254905
720575941489083596,1.8023173401557688
720575941532477874,1.802276791190593
720575941392752132,1.8008856630000107
720575941475788906,1.8008352224120798
720575941403875952,1.8006215066723834
720575941536518170,1.800466796470099
720575941480157263,1.8000285200564
720575941620230527,1.7998897908705769
720575941721635130,1.7997631999516315
720575941584969950,1.7997469898634189
720575941495377280,1.7997268621290903
720575941492529278,1.7988973132325616
720575941537542376,1.7987796525198545
720575941690171355,1.7979752132406874
720575941525782349,1.7961691791586032
720575941565186658,1.796146032237
720575941477958563,1.795579337328693
720575941495589499,1.7954972611008015
720575941481043130,1.7950792390003651
720575941447862804,1.7947637608903
720575941515341402,1.7944959865057228
720575941557362596,1.7939917273871517
720575941518535603,1.7939279875010696
720575941470033117,1.7935633337831653
720575941571702536,1.7935259634461946
720575941656124752,1.7916715832886039
720575941595290149,1.7916581518422725
720575941447861524,1.7912361115681326
720575941537847272,1.7908210318046367
720575941592910376,1.790671745564058
720575941688239478,1.7898018390728305
720575941469070199,1.7893694124733832
720575941557541102,1.7879420214176118
720575941565361198,1.7877763391225256
720575941468769803,1.78675874410592
720575941529800632,1.7852977883599224
720575941623356810,1.7852134490674363
720575941475825467,1.784767915405124
720575941569364986,1.7844382171991997
720575941551053823,1.7841599650792561
720575941503601202,1.7838114671355692
720575941687950555,1.7829281670025736
720575941574195963,1.7821917929242133
720575941505941633,1.7821473132792631
720575941530862467,1.7815371764804333
720575941625603995,1.7812534275176661
720575941581666655,1.7812526440783563
720575941501848626,1.7794442006606086
720575941626041196,1.7792176497332384
720575941544975804,1.7786006535705223
720575941630960876,1.7782014811038906
720575941507409502,1.7779453318951144
720575941688496908,1.7775621886907944
720575941670568871,1.777503850315001
720575941628626146,1.7774877864534315
720575941533782360,1.7773193082669474
720575941573560840,1.776391486291338
720575941537879538,1.7759395630764105
720575941595182629,1.775564783727109
720575941522739275,1.7747014265448828
720575941564833938,1.7727904746342444
720575941574183675,1.7726632846776254
720575941524522340,1.7725671674460077
720575941569586546,1.772399509764689
720575941602751934,1.772335385827213
720575941480780451,1.7720656177974474
720575941527020569,1.771234200002793
720575941623945980,1.7709127417629937
720575941474117216,1.7703104360292323
720575941642837842,1.7702737005110765
720575941526676045,1.7698934151285854
720575941593057064,1.7689567061533613
720575941431022689,1.7687150670466263
720575941687961307,1.7675882308247806
720575941502859351,1.7668786022251315
720575941441245119,1.7649161188494527
720575941447655956,1.7648426687435186
720575941629706790,1.7636832019528064
720575941594754599,1.7631356588550957
720575941567692532,1.7627413835050763
720575941468049015,1.7627192892150925
720575941465773398,1.7615468470959936
720575941431075169,1.7614082237801645
720575941440622171,1.761231119862748
720575941518443959,1.7605788399283389
720575941476250164,1.7604067609195237
720575941668520881,1.7602509455411193
720575941456644589,1.7591501708388126
720575941526740836,1.7587855011765048
720575941568305658,1.7577827666053165
720575941600910889,1.7576763106244735
720575941547718461,1.757634048369332
720575941525828708,1.7575942418383887
720575941590435070,1.7575866863494671
720575941463134477,1.7574751926688654
720575941595887772,1.7573524409339847
720575941598693824,1.7570254128365699
720575941544264041,1.756819610042622
720575941653578769,1.7561078119867042
720575941615255193,1.7556063284417893
720575941506476382,1.754601922756392
720575941517695660,1.7538485814215514
720575941536512744,1.7536939171673607
720575941642681761,1.7535774293157151
720575941626053740,1.753368276373478
720575941477736066,1.7529415869066598
720575941402129008,1.7521716825470697
720575941498475131,1.7517413577902352
720575941526538061,1.751247272039173
720575941555206913,1.7509297151696568
720575941545418501,1.748161899816692
720575941490688201,1.7481350739011925
720575941540121373,1.747909385685615
720575941513768780,1.747299980970135
720575941450039477,1.7471836782806154
720575941479605122,1.746859023652575
720575941532469221,1.7466287071250797
720575941630650784,1.746017567441892
720575941516037475,1.7454532289810476
720575941574013085,1.7435100556680743
720575941495963079,1.7432166373034381
720575941548665480,1.7429705570101628
720575941411192235,1.7426506218109172
720575941623124426,1.7425628482855573
720575941565301550,1.7418222305701159
720575941593843589,1.7413280299424354
720575941402049904,1.7404564457235991
720575941651642645,1.7390118669854138
720575941611374313,1.7386108471250565
720575941425044052,1.738489667238327
720575941479876003,1.7382537657991188
720575941433003278,1.7377938870183869
720575941565146722,1.7375060144140437
720575941437971541,1.7371359876161356
720575941571933256,1.7362182124650274
720575941654687188,1.7354595159400192
720575941526946562,1.7345476012733183
720575941567187962,1.733824221135761
720575941414300561,1.7332239102811617
720575941504763842,1.7301856160464355
720575941514096787,1.729978251352382
720575941632582075,1.7287463971661392
720575941554937572,1.7281055711529372
720575941507870242,1.7266116642714675
720575941624131068,1.7263011035240565
720575941731571243,1.7258015397923856
720575941519664856,1.7253445479847522
720575941427658836,1.7231688276646133
720575941496676295,1.722882388212255
720575941492197808,1.7222680281660683
720575941629386732,1.7208888300340124
720575941411830164,1.7198072006767946
720575941515726691,1.7194379739228975
720575941496348489,1.7191707658111375
720575941479434720,1.718510282136669
720575941651213553,1.7184379782336305
720575941532393706,1.7181970100906114
720575941526261092,1.7178532943771831
720575941414476180,1.717237434902073
720575941505955969,1.717127758278127
720575941516155308,1.71677627057942
720575941564155904,1.7164901505972538
720575941574024808,1.7159109546688764
720575941658919760,1.7158729167902806
720575941458263024,1.7154651644892003
720575941644131489,1.7144652392180124
720575941449187450,1.7138542793530969
720575941557280420,1.7138325648199766
720575941471910208,1.7133856789209903
720575941608881129,1.7129413805035636
720575941509353744,1.7123898089150194
720575941447378013,1.7123008997385247
720575941559022381,1.7107445314947787
720575941544541364,1.7104487370792203
720575941555504467,1.7103998037403119
720575941512787532,1.7103144400820793
720575941399300387,1.7093767707733498
720575941554856019,1.7088602412910265
720575941514415875,1.7088354626176283
720575941537833085,1.7086859875134832
720575941632561339,1.7083364491943107
720575941595517735,1.707459816552883
720575941461742035,1.706854331612404
720575941565477527,1.706745896273517
720575941551713415,1.7061608810881987
720575941651139349,1.7057338065306136
720575941563135586,1.7053695291517685
720575941477947778,1.7052066213385342
720575941542843677,1.7050775883749567
720575941458404307,1.7045846696670985
720575941477927298,1.703651007115028
720575941667380979,1.7032687140899596
720575941465788246,1.702940568894963
720575941686869743,1.702392408941999
720575941441623899,1.7022907509321623
720575941458448083,1.7020558573731477
720575941446894612,1.7014416890995354
720575941653562385,1.7013292019082082
720575941528460966,1.7012523580375627
720575941480255200,1.7010331574610407
720575941605086061,1.7002965890226813
720575941596032295,1.7002359185757772
720575941486504966,1.699880408464092
720575941539325821,1.699244229888511
720575941637882143,1.699027754026089
720575941589023300,1.6981888057454402
720575941625993371,1.6979129191344353
720575941609298662,1.697322197354898
720575941587113527,1.6965144335379059
720575941430899297,1.6956140760970426
720575941481470883,1.6946854254812251
720575941430058671,1.694665904437824
720575941578112757,1.6945188198503354
720575941498727035,1.6944352071323578
720575941436712767,1.694152510536831
720575941642160466,1.694140714343768
720575941662508600,1.6933692639572937
720575941553045275,1.6928451469133516
720575941502033547,1.692657764973679
720575941455744496,1.6921903641094802
720575941569358842,1.6918152578358887
720575941561352493,1.6917769113175323
720575941441278399,1.6907779361063495
720575941440607323,1.6906682739029841
720575941551093639,1.6905229985173815
720575941502252523,1.6897238846695264
720575941581684601,1.6888173043968757
720575941606629485,1.6871860730718438
720575941479970528,1.687005832307015
720575941412004756,1.6864741552071598
720575941488256976,1.6856502429109959
720575941526934553,1.6855924715258315
720575941477145393,1.685218934834257
720575941468776971,1.6845255982960998
720575941588059390,1.68390095857169
720575941614316819,1.683673989913103
720575941493320880,1.6831185955570673
720575941502012811,1.6827990313832428
720575941566309174,1.682594594142519
720575941688582518,1.6823641979237252
720575941562430983,1.682172970233776
720575941625300682,1.6820121129839658
720575941592901416,1.6815439387302231
720575941535958209,1.6809318230678714
720575941572465566,1.6807572394761467
720575941662349112,1.6807172462053195
720575941430530830,1.6806774623505338
720575941629729062,1.6804050205440384
720575941611834854,1.6799497633744278
720575941577049681,1.6797122270767613
720575941640422943,1.6793869985055827
720575941493949310,1.6788003366385584
720575941464993046,1.6781374541992873
720575941473892704,1.6752286314932026
720575941492458622,1.6752111412223538
720575941527856294,1.6749824652437515
720575941447093429,1.674896908742548
720575941456679149,1.6744844623283432
720575941627163449,1.6732025538264024
720575941480693187,1.672226846608627
720575941414253457,1.6718171445611294
720575941572397982,1.6717544652462728
720575941645312200,1.671695797380108
720575941501182551,1.6714343566913323
720575941526489732,1.6713902545610655
720575941654993625,1.6709304719465992
720575941554803620,1.670871748277767
720575941536513050,1.6706118189616777
720575941426706772,1.6704359839469891
720575941477693408,1.6703891208245125
720575941519462510,1.670146659346814
720575941539067541,1.669579385494773
720575941556186852,1.6691309959290068
720575941625941147,1.6687195496337173
720575941527011353,1.6680773196809475
720575941562026496,1.667165623863218
720575941436976658,1.6669039027155803
720575941403824752,1.6666916583374873
720575941491602407,1.6660450869709393
720575941589853950,1.6652820269780768
720575941503702871,1.6650904246510287
720575941460973581,1.664370665982565
720575941615259289,1.6629507224349815
720575941527210680,1.6617360752276484
720575941557268004,1.6603716120892813
720575941609419878,1.6601819961850048
720575941487814352,1.6595675973121862
720575941431930465,1.6595351280124886
720575941507442305,1.659504381927705
720575941663484540,1.6589205721725033
720575941574046056,1.6589204352482416
720575941586901316,1.6588833236779021
720575941565498007,1.6584928254731512
720575941529820600,1.6578298789563384
720575941574534031,1.6577751315856375
720575941569424372,1.6575329837998267
720575941552602686,1.6575248567213778
720575941596602048,1.6569965813521406
720575941483099590,1.6562115766262726
720575941583879007,1.6561178829126888
720575941445351444,1.652164182543963
720575941496697216,1.6521396291044435
720575941585376222,1.6506969523121329
720575941438968155,1.6506529300683888
720575941561553810,1.6505052888111762
720575941551991295,1.6500134248082752
720575941438465298,1.6496329996832404
720575941350374960,1.6494698065739777
720575941512899427,1.6489240899871649
720575941527283366,1.6487620930004168
720575941394131094,1.6473262039968681
720575941431767471,1.6466113448103787
720575941639294581,1.6464590531222294
720575941408634671,1.646041287075691
720575941431159255,1.6460117098553035
720575941519234008,1.6456720452530436
720575941508205185,1.6450219741814618
720575941610949962,1.6446174856142504
720575941449740213,1.644247597622896
720575941545479868,1.6442301636497239
720575941464777814,1.6434201972844082
720575941448124692,1.643397496324988
720575941548601716,1.6432855543170102
720575941494160256,1.642913856250691
720575941608970217,1.6428864044141305
720575941480476358,1.6420368644724697
720575941516874094,1.6414378494526471
720575941583916422,1.6412361032149487
720575941506971452,1.6411030722493467
720575941610928870,1.6408584892336076
720575941518468279,1.6405769487389956
720575941400480803,1.6399136217568393
720575941546791969,1.6386268127388925
720575941461253587,1.6383412276422398
720575941556144100,1.638123699219169
720575941478184099,1.6379548554107628
720575941441244607,1.6378934953354647
720575941506644028,1.6374456619829436
720575941603895542,1.6370516890318796
720575941574731272,1.6369363982475251
720575941438141919,1.6367937478274324
720575941687923951,1.6366334485519698
720575941471347808,1.6365838878340135
720575941533105586,1.636436637270773
720575941640075551,1.635912070136419
720575941537477352,1.6347556471587117
720575941598492457,1.6344325613356168
720575941520388855,1.6338383672521393
720575941433030414,1.6332749888449354
720575941545854132,1.633133203099088
720575941490249166,1.6329650253160386
720575941554427987,1.6327491474359652
720575941509165185,1.632733796815928
720575941549753150,1.632556123877646
720575941653995481,1.632082837615253
720575941456262559,1.632040218889203
720575941617882751,1.6310317572409705
720575941508492417,1.6306997214545784
720575941685049071,1.6306006104641244
720575941625112940,1.6295182494599572
720575941492471678,1.6294594245314111
720575941563013015,1.6294417899399274
720575941569712030,1.6289098965178979
720575941687599478,1.6287381342775926
720575941536580634,1.6282127936630142
720575941606579309,1.6265598267978463
720575941688574360,1.626485578716892
720575941649765141,1.6259431609297221
720575941507062807,1.6259180071061763
720575941636525685,1.6258881466196047
720575941632862917,1.6257885059996586
720575941562061568,1.625337842427038
720575941644291154,1.624862878731614
720575941480942499,1.6243859741833881
720575941653831185,1.6243047348702346
720575941448626101,1.6230262783249896
720575941542350597,1.6229014812927458
720575941567010930,1.6224510846850666
720575941629906924,1.6208018355454912
720575941560266152,1.6204376165316703
720575941551610778,1.6196464302420341
720575941407485870,1.6196049091948934
720575941604501182,1.619115746523415
720575941478195265,1.6188599614355101
720575941574230267,1.6183227310091868
720575941507344478,1.617990360246731
720575941576589928,1.617868610351855
720575941413600401,1.6176237832719835
720575941567094318,1.6173091366823675
720575941604048830,1.617124995389525
720575941588981572,1.6165088621751034
720575941628377314,1.6160373599927274
720575941465760598,1.6141656250802885
720575941518431159,1.6139065564490718
720575941535975873,1.6136977138694901
720575941633108640,1.6136667906572721
720575941536070170,1.6135603778732397
720575941452211834,1.613134038699502
720575941562338823,1.6125549974913782
720575941438713179,1.6125252305915585
720575941481892035,1.6119767771775075
720575941583758726,1.611448274769978
720575941593737585,1.6112696836661318
720575941474529310,1.610650033679249
720575941539355517,1.6094686324052805
720575941489123047,1.6090987022395948
720575941579187321,1.6090700599244452
720575941575860569,1.6087736649205486
720575941560069102,1.6087614581916976
720575941416742172,1.6079394640298859
720575941547930228,1.6072879193540062
720575941632059372,1.6072475218474616
720575941526691609,1.606303487087989
720575941526720100,1.6060712044897303
720575941512596812,1.6052733742620533
720575941431469304,1.6050336174936195
720575941561927680,1.6049592444480014
720575941452251699,1.6046561404049304
720575941480457926,1.6042131187958948
720575941470236023,1.6038180695204225
720575941686486767,1.6037330861299024
720575941639348341,1.6029266420220947
720575941531245259,1.6028440643803972
720575941569369338,1.6025499028337244
720575941494991047,1.6019439266051747
720575941565146210,1.6018526776539295
720575941562040320,1.6016754022803348
720575941572264201,1.6009826989592928
720575941645073057,1.600140385377867
720575941571671709,1.5997140297813994
720575941686963439,1.599492840391667
720575941453538473,1.5994911902190403
720575941644756168,1.599266459557844
720575941562537314,1.599248966763338
720575941495309696,1.5989686752346555
720575941474447134,1.5989210361264754
720575941515917667,1.598865442771198
720575941524227940,1.5985949823165602
720575941504090162,1.5983610418478327
720575941572338760,1.5983525739522269
720575941569909106,1.598294487115638
720575941546668988,1.5978039816667522
720575941616199637,1.5976205164465598
720575941649412885,1.5974622557224651
720575941428340728,1.5973807379346456
720575941436698943,1.597307110410488
720575941574186491,1.597024408620151
720575941610213478,1.5969107646731284
720575941488395726,1.596834337962949
720575941499737250,1.596596892910927
720575941462469008,1.596429392653644
720575941528600523,1.596302508809576
720575941479117698,1.5953359248089818
720575941486423874,1.594309219924729
720575941554796033,1.5942948149579765
720575941488244169,1.5939799216679669
720575941733201451,1.5927096712818263
720575941645097121,1.5924852891124646
720575941684802287,1.5920366740729281
720575941684824815,1.5917991622074135
720575941514924122,1.591675646483701
720575941493328048,1.591644906904322
720575941482028483,1.5914463385380144
720575941630831008,1.5900081619262587
720575941722096186,1.5899356915446228
720575941452185513,1.5899191190845041
720575941617767893,1.5893845192091376
720575941602984638,1.588388927824063
720575941589747012,1.5881691562470923
720575941450934350,1.5880759128892252
720575941593715569,1.5879521899268387
720575941593229425,1.5874267729938811
720575941475358779,1.5861364236831914
720575941440529493,1.5861182773263593
720575941438919724,1.5858529091255695
720575941464839446,1.585136639991178
720575941504390213,1.5849529611853572
720575941556498660,1.58489832994657
720575941435787052,1.5847943974439858
720575941438900821,1.5838595719724609
720575941630660000,1.583524769847572
720575941536140993,1.583191130299414
720575941530861699,1.583135525569819
720575941409050795,1.5821186384084234
720575941539757660,1.5820141592536603
720575941550896383,1.5818893827437777
720575941468805341,1.581651601352758
720575941406487726,1.5815620824394567
720575941590130174,1.5806912520135092
720575941479863491,1.580112213827774
720575941651861269,1.57938076397422
720575941536797466,1.5792532323831923
720575941480217824,1.5792384333497753
720575941471732599,1.5791272943889048
720575941431184559,1.579113487483502
720575941471235680,1.5787456629943903
720575941652433393,1.5785770706415239
720575941517814188,1.5783733703105693
720575941658941008,1.5781450074448256
720575941610927846,1.578042755980069
720575941722168890,1.5777621454212212
720575941497822075,1.5776185149472994
720575941390279940,1.577347294931259
720575941477623008,1.576756932437816
720575941390360836,1.5767488916784043
720575941654220561,1.5766748413165723
720575941584898182,1.5763414291145785
720575941661428280,1.576109330466738
720575941595856540,1.5755035224365441
720575941430486030,1.575060284603471
720575941659762744,1.5747839200581824
720575941458477011,1.5747077022433131
720575941475341610,1.5743158560346744
720575941611039306,1.5743102386504737
720575941525827586,1.5742203478137982
720575941636735861,1.573720357128223
720575941468776157,1.572401533293743
720575941531504357,1.5722311754728606
720575941612779740,1.5717937743885653
720575941505893761,1.5717571157671126
720575941542475356,1.571182336694133
720575941565492375,1.57088990618361
720575941687975643,1.5704196783512885
720575941579572561,1.5703871152778652
720575941435430542,1.5703710600211973
720575941521062391,1.5698636894837559
720575941542421340,1.569346780359976
720575941495190142,1.5692086270412293
720575941491618023,1.5691222479315736
720575941476635713,1.56903040591183
720575941429044655,1.568990477892274
720575941563967847,1.5684582087657104
720575941501040363,1.5684541598626798
720575941472561979,1.5683097877515482
720575941531270347,1.5676601735028588
720575941529814968,1.5675405853296387
720575941612340909,1.5670198710457126
720575941631876037,1.5668547214241662
720575941477326900,1.5667725350630284
720575941537490813,1.5666693952873874
720575941453487529,1.5659162107641234
720575941407457839,1.5656583215915931
720575941573083656,1.565599548315781
720575941507062341,1.5653603057453418
720575941612050022,1.565311404588081
720575941572851087,1.5650073427372335
720575941542454876,1.564927905752853
720575941521059255,1.5647119749488103
720575941441893823,1.5645846473814213
720575941564576663,1.5643906103624685
720575941470474763,1.564321431878608
720575941503507435,1.5642310634947558
720575941512541763,1.5633080636710979
720575941730557227,1.5632510302331792
720575941623031242,1.5631506152450474
720575941557349796,1.563144256208855
720575941524218724,1.5630754810984735
720575941413523604,1.5627456051862747
720575941503527403,1.5617875797183112
720575941440543323,1.5617581508944454
720575941481179066,1.5613995438618034
720575941474630186,1.5610480996577993
720575941503193916,1.5609933564396945
720575941553008897,1.5607041988808423
720575941565393927,1.5605095317411177
720575941537485032,1.5604928110787686
720575941517679532,1.5601987842948417
720575941539828828,1.5593554073826355
720575941507410526,1.559321385992061
720575941482535366,1.5586799945446963
720575941525304486,1.5582644970475907
720575941528320952,1.5580627831187877
720575941602974649,1.5578247321331635
720575941572463518,1.5577585001309289
720575941413262481,1.5576632880587116
720575941507238469,1.5572137754625963
720575941653259025,1.5570728178728275
720575941532488170,1.5558329757519864
720575941532483050,1.555616599452542
720575941603506622,1.555353980963016
720575941507434775,1.5550614515500807
720575941595170341,1.554978046669704
720575941513942106,1.5549624174986891
720575941642906529,1.5548262848065093
720575941690790619,1.5541032943838515
720575941560433011,1.5538174112029257
720575941554888676,1.5537350508717225
720575941549451553,1.5536150678041625
720575941538995186,1.5535673716638116
720575941573657672,1.5534112891885574
720575941411344043,1.552844884502964
720575941554037019,1.552130689743209
720575941513136593,1.5519312003478267
720575941586442462,1.5518231574867558
720575941444933546,1.5517622946590497
720575941630950331,1.5511478238823315
720575941555502419,1.550963690987325
720575941471844215,1.5508425683731315
720575941680101053,1.5498878881268858
720575941481742671,1.54972520555037
720575941567398906,1.5492675354831975
720575941595605029,1.548828018826748
720575941515074883,1.548581879605534
720575941654362836,1.5485319516882485
720575941545469832,1.5472855148333116
720575941590866430,1.5471868712449
720575941498788258,1.5471654319062862
720575941585233118,1.5466212859627773
720575941531445477,1.5465547288828125
720575941595866048,1.5464579565279095
720575941580809593,1.5459744563033582
720575941505541154,1.5458695111361254
720575941478494338,1.5455964806433724
720575941513981433,1.5455303638496447
720575941663433340,1.5451648057547305
720575941466408982,1.5450895335735337
720575941502561218,1.5449474938468126
720575941480226272,1.5448952709355737
720575941643002962,1.5443492281019373
720575941515615843,1.5441829804678355
720575941571514619,1.5436935257244497
720575941503456491,1.5435757925186901
720575941503461867,1.54345104191806
720575941690780123,1.5434053259741602
720575941503531058,1.543180552823179
720575941480759971,1.5431622560844884
720575941561210024,1.5428523013656013
720575941507077655,1.5424082290479724
720575941625029484,1.5423226570788657
720575941409225902,1.5420299146281615
720575941583637726,1.5415080073000569
720575941577605109,1.540686651182002
720575941611181670,1.540184297303079
720575941404619888,1.5392739492568923
720575941431756503,1.5384707748998918
720575941567124724,1.5381171540062055
720575941477951618,1.5377539713707584
720575941473491040,1.537680555944036
720575941516654552,1.5374754223411435
720575941623347594,1.5366316649776022
720575941603845817,1.5359174085782539
720575941595590951,1.5358446581276042
720575941461784260,1.5353362456649509
720575941588369662,1.5345172595571386
720575941544490676,1.5343605744235187
720575941505257893,1.5340101036265097
720575941472554336,1.5325396253050583
720575941561204626,1.5324706138425541
720575941574933661,1.5323250668947743
720575941526462596,1.5320449823150426
720575941591213196,1.5318251715086542
720575941538927602,1.531115126065087
720575941496919168,1.5307616086803202
720575941662536316,1.5304472169984789
720575941573857545,1.530309994057241
720575941454882611,1.5301284097226704
720575941604992702,1.53001038010729
720575941557220900,1.5299676404820903
720575941624749706,1.5299660433159423
720575941555214593,1.5295382262819561
720575941492283312,1.5286821212748034
720575941616557781,1.5283958601468595
720575941579753849,1.5273837866251685
720575941552999707,1.5268281891124602
720575941475991345,1.526648804299865
720575941516023699,1.5265782895804376
720575941558163182,1.5259600713578922
720575941576942417,1.52583277504378
720575941658941264,1.5253108213741131
720575941485358733,1.5253075153315534
720575941526865830,1.5248522075681008
720575941426612564,1.5247543884785968
720575941549015668,1.5241498983265482
720575941563183016,1.5239072439454941
720575941483544250,1.5237200494236216
720575941548225928,1.523169570452699
720575941492364414,1.5231253300994343
720575941655876632,1.5229179239817194
720575941455666413,1.5224122126401611
720575941504505925,1.5221007827823385
720575941680066749,1.521869492256058
720575941457181766,1.5214382288365236
720575941638255477,1.5207838656228105
720575941431073417,1.520510320229581
720575941437508181,1.520309575666333
720575941528056964,1.5201328696420788
720575941510462480,1.51958852121968
720575941626447754,1.5194524312876154
720575941477342001,1.5193676837749033
720575941658595352,1.5191049787714292
720575941535331338,1.519004797527027
720575941429552815,1.518822189349778
720575941610909101,1.518506150050985
720575941572713886,1.5180114249280947
720575941514638179,1.5178199918341049
720575941577667921,1.5177895996119355
720575941594268455,1.5176861076657953
720575941447042741,1.517634543174318
720575941466431766,1.5174100945872784
720575941583222623,1.5172364406278582
720575941657165592,1.5170202748815163
720575941511336402,1.5169971706734506
720575941478585450,1.5165315773474393
720575941626801190,1.5157910267786339
720575941535032769,1.5156361624738481
720575941611815142,1.5155118402730046
720575941508471824,1.5154352031149525
720575941560418931,1.5149668346166438
720575941626175643,1.51477084973804
720575941508580562,1.5144976323658181
720575941432284119,1.514105192537038
720575941557318927,1.5140737039015522
720575941447818772,1.513826103498083
720575941538100117,1.5137776494749913
720575941533578177,1.5137508778464117
720575941624941258,1.5133425195748773
720575941546593468,1.513048387223552
720575941471888704,1.5129405596727765
720575941407499055,1.5127753883056299
720575941584448390,1.512704200171351
720575941519241176,1.5126959215342228
720575941671012263,1.51239194100306
720575941411829140,1.5123470400984866
720575941515922778,1.512304843063285
720575941432998158,1.512056966172031
720575941494981246,1.5114232897086353
720575941662483068,1.511375129119373
720575941531475941,1.5113081454874067
720575941572345672,1.5112125755254082
720575941504396567,1.510500675925991
720575941594858198,1.5104407823607993
720575941524748877,1.510322036984125
720575941438968923,1.5099723602760236
720575941438729919,1.50988095659239
720575941447408733,1.509811778470773
720575941580685689,1.5089547487174215
720575941461654980,1.5083508448758776
720575941506249532,1.508208070442691
720575941531918565,1.5081371705688176
720575941480559746,1.5075542404480604
720575941575864921,1.5074901690471996
720575941507249221,1.5071752868476072
720575941500964183,1.5068717829574516
720575941504065259,1.5064963767838573
720575941691308952,1.5059460339151018
720575941499397003,1.5059361579334138
720575941602466745,1.5050690761866141
720575941520179639,1.5046540366176047
720575941560998003,1.5042745961412993
720575941649932785,1.503249668730783
720575941498640546,1.503166401760878
720575941452755271,1.5031523974645893
720575941473826912,1.5031374870267789
720575941521274551,1.5018960953939635
720575941624536828,1.5018693497117734
720575941544721844,1.5016062655871545
720575941545408904,1.5015511908493693
720575941558515492,1.5013782770751343
720575941612058982,1.5012771541967742
720575941514903642,1.5010570626258442
720575941579793909,1.5009464747324148
720575941577529177,1.500621560262702
720575941462485904,1.5002183079589178
720575941518405230,1.5000555542366083
720575941579772661,1.4999477131559638
720575941611342438,1.4998672119266876
720575941490412853,1.4996993974817088
720575941518133464,1.4995757381013528
720575941575414671,1.499395762490787
720575941641581650,1.499211327685441
720575941653788633,1.4990803853184411
720575941654974169,1.4988318218686927
720575941482115526,1.4984606117440586
720575941592555045,1.498026681330469
720575941667326707,1.4979430456402607
720575941597911849,1.4978850210431502
720575941528109222,1.4978480128530676
720575941572455326,1.497787446114634
720575941463655437,1.4976677679015984
720575941410035627,1.4974522036370328
720575941474409521,1.497447682805607
720575941546667452,1.4971833611483127
720575941636363637,1.4971343659000211
720575941505224498,1.4970992240414864
720575941518534579,1.4970837543175126
720575941529903077,1.4964194842413183
720575941626052810,1.4963537350431897
720575941490463541,1.4961256957128735
720575941409918831,1.495929613927894
720575941477928834,1.4958102457774571
720575941438449708,1.495722176157563
720575941554177927,1.495077577564485
720575941516782227,1.4948629944113156
720575941581672569,1.4947542748011542
720575941528213158,1.4944864019408748
720575941629973986,1.4943780364374903
720575941437607509,1.4934721307167593
720575941576992245,1.4933724000419066
720575941554198555,1.4930477807327378
720575941720470842,1.4926651307002594
720575941450568014,1.4924797510054784
720575941559854318,1.492404964521222
720575941624812540,1.4922987855237435
720575941566927610,1.4920081524897177
720575941526955266,1.491923578061092
720575941591505515,1.4914503501113294
720575941593847921,1.4914044883880453
720575941450564430,1.491257702345342
720575941668827825,1.490829091505001
720575941601348086,1.490820114291481
720575941508688257,1.4907053684760498
720575941519514478,1.4906032005638254
720575941618895231,1.4904966153843457
720575941662695992,1.490156533154047
720575941411670929,1.4901131468436823
720575941404041072,1.4900531068433183
720575941512526403,1.4899234071021028
720575941411580783,1.4899067069967538
720575941411216043,1.489771773538899
720575941503624242,1.4897520108118594
720575941529852901,1.4897512600879856
720575941561776173,1.4896481786988207
720575941665486067,1.4894167245623564
720575941462746893,1.489357794205558
720575941605602669,1.4891313777953257
720575941524192587,1.4885064971512498
720575941449417082,1.4884036188526868
720575941558795044,1.4882177389275006
720575941628237625,1.487900287513291
720575941459454704,1.4875029598493297
720575941623338139,1.4872527818548966
720575941569736606,1.486842422274929
720575941639363871,1.4868340701743554
720575941586951390,1.486709899682976
720575941589589502,1.4864491171713454
720575941644047698,1.4863124716270273
720575941665230067,1.4862275557553928
720575941455784688,1.4858997558912277
720575941553504391,1.4854689368018266
720575941626282634,1.4851371420807689
720575941638266399,1.4848965976416615
720575941447813198,1.4847942875267945
720575941630964962,1.484472595770741
720575941687006703,1.4844483738619048
720575941500564363,1.4844316697052249
720575941611546899,1.4841969241985806
720575941439563583,1.484184854691215
720575941433082382,1.4839665669357358
720575941572075677,1.4839438321953267
720575941702171610,1.4833979675973137
720575941642625953,1.4833604386030352
720575941554167524,1.483227266740953
720575941575800153,1.4831558149870154
720575941631691680,1.4830434679527271
720575941633092512,1.4826301631364696
720575941588550028,1.4825812061670955
720575941573996136,1.4825636239791997
720575941626302858,1.482256700597576
720575941687886831,1.4822070463509527
720575941525142182,1.4821463716569083
720575941515995052,1.4820522742528752
720575941571419643,1.4820155425451649
720575941548546696,1.4819604006725786
720575941567114866,1.481919181163403
720575941480901827,1.4817466571770674
720575941504493637,1.4811374783397142
720575941502004107,1.48094051363681
720575941508507602,1.480154165340189
720575941487186896,1.4801153294465836
720575941532543576,1.4797354276896966
720575941612311981,1.479368390628338
720575941404724848,1.4785720181502542
720575941510064594,1.4785053356817628
720575941535182563,1.478458885342188
720575941661233976,1.478357184635463
720575941478713962,1.4781566584643475
720575941513043555,1.4781146793297468
720575941485371021,1.4779478323931676
720575941512518211,1.4779260930696236
720575941690874331,1.477559727537859
720575941552998657,1.477525231420821
720575941541590301,1.47745041821385
720575941469775069,1.4774341083239153
720575941593291377,1.4772959467044058
720575941536778389,1.477284094753531
720575941595084071,1.4771454119110203
720575941513808716,1.4767873543041898
720575941530832003,1.476737541770883
720575941507745826,1.4766631851136347
720575941458953412,1.4762786298067587
720575941645365960,1.476267650789114
720575941615262873,1.4760774279585755
720575941652873684,1.4758692621781138
720575941645372792,1.4756770582033771
720575941573657416,1.4756089274327149
720575941534746856,1.4751036304381167
720575941445302804,1.474866645177007
720575941730332715,1.4741229314620419
720575941554435667,1.4738961910653983
720575941411456427,1.4738538572955149
720575941519459950,1.473679757771941
720575941429361249,1.4735962628985428
720575941569555570,1.4735764207432163
720575941489320757,1.4735020513419699
720575941567062260,1.47347024625801
720575941438778815,1.4730346507840473
720575941564671744,1.4729887594272388
720575941390684310,1.47277740179713
720575941662645304,1.4722604901498038
720575941518435182,1.4716950586653745
720575941497853769,1.471690365364362
720575941587284535,1.47168608514935
720575941441243839,1.4716005541420665
720575941471439627,1.4713128175300234
720575941405473327,1.4709195489206022
720575941492328167,1.4706883564963327
720575941512516163,1.4706071450486689
720575941623476618,1.4705250199004132
720575941554354259,1.47043779975757
720575941525888100,1.4700832324108188
720575941530192843,1.4699664865410953
720575941553384090,1.4698071145271927
720575941563548160,1.4695717266386337
720575941539816061,1.4695314257240213
720575941547384097,1.4694718917041611
720575941613469916,1.4683049859449075
720575941624205564,1.4680865164547665
720575941539923741,1.467863951108317
720575941459002271,1.467837707187222
720575941525719554,1.4676414929286052
720575941557326116,1.4676091106759765
720575941415606556,1.4675632430570944
720575941531438723,1.4671285074290852
720575941588633740,1.4670803218469646
720575941553314714,1.4668972547754835
720575941546208692,1.4666052987338136
720575941452194867,1.4654233818492841
720575941571547912,1.4652652947219453
720575941586402014,1.4651785680212224
720575941611846630,1.4650195696715094
720575941571171067,1.4648809830456682
720575941498862242,1.4645690703692704
720575941459099844,1.4644072856191188
720575941554952858,1.4638838722215695
720575941499708745,1.4637373189415237
720575941576087222,1.463736262215045
720575941588632204,1.4632040584415311
720575941452152233,1.4631477075285704
720575941524113764,1.4630680820528426
720575941663102520,1.462934004641901
720575941527973508,1.4627019707509876
720575941566196278,1.4626814685415492
720575941543962629,1.4626336329969991
720575941490416181,1.4625933168276912
720575941460298707,1.4625660742924014
720575941431105417,1.4623768166416797
720575941559874831,1.4622517372553538
720575941503592613,1.4621863646297528
720575941464252246,1.462171990557374
720575941480714626,1.4621264934862317
720575941564062727,1.4618631945556382
720575941571498248,1.461778909515305
720575941667159473,1.4614830895284174
720575941526677348,1.460982569710971
720575941642546849,1.4609112711481997
720575941484394125,1.4608781613688522
720575941482478778,1.4607399535927053
720575941488207305,1.460267209418171
720575941562327047,1.459889815962733
720575941630081574,1.459684433013897
720575941447822158,1.4595645169085285
720575941668738471,1.45944969428781
720575941436638240,1.4594495529309193
720575941535617770,1.459237876975203
720575941668521137,1.4591795457790808
720575941551948543,1.4586273646016155
720575941586414404,1.458355061618974
720575941611083338,1.4583448983023173
720575941611878573,1.4582716961863342
720575941592172758,1.4580347915760337
720575941543812869,1.4580315868741307
720575941544706996,1.4577462801817234
720575941582293369,1.457399654977219
720575941572234761,1.4573590133672973
720575941568791028,1.4570284096672776
720575941414424977,1.45685833353493
720575941702148570,1.4565902842282092
720575941403537776,1.4563457016788774
720575941597899049,1.4559333006834112
720575941446819348,1.4555346706287424
720575941537717629,1.4553908822640762
720575941490860464,1.4551740455634377
720575941476036894,1.4551493114586571
720575941633124549,1.4550679479867235
720575941651501585,1.4547810951763924
720575941411554671,1.4547719044667764
720575941568404218,1.4547654522595437
720575941537850600,1.4543378977766128
720575941470111863,1.4543014384355737
720575941569777054,1.454274557906774
720575941562358023,1.453995302828392
720575941437603669,1.4537064266949733
720575941592623911,1.453628720986745
720575941614920917,1.4535454145853215
720575941390326532,1.4527561263907318
720575941549781566,1.4527397497677417
720575941703384026,1.4527118416977327
720575941505936001,1.4526322968216352
720575941618655615,1.4523925504724426
720575941518835116,1.4519749908836197
720575941688499212,1.4517540710413115
720575941652897236,1.4514483625237653
720575941504575301,1.4513648837860365
720575941442329770,1.4513509218064065
720575941412623215,1.4513476415688533
720575941516536430,1.4512415460273482
720575941653952217,1.4509615115600316
720575941625940891,1.4507037961670186
720575941528899019,1.4505036314224298
720575941470377995,1.450428398609552
720575941732586539,1.4503400416328471
720575941413890076,1.4503220229223193
720575941654976985,1.4501916112484161
720575941595897024,1.4500790230803378
720575941535262179,1.4500422287117554
720575941532441317,1.4499897633561312
720575941540066333,1.448496061217822
720575941477849730,1.4484647575057803
720575941552359303,1.4484095111608528
720575941435846418,1.4483725723432601
720575941400788771,1.44829685698732
720575941563161512,1.448191129494883
720575941652545521,1.4480843141357729
720575941572815247,1.4480605429857367
720575941438690834,1.447944912436013
720575941405855918,1.447458286814384
720575941505992471,1.4472147603525982
720575941515060035,1.4470081401856683
720575941534118322,1.4470010078806526
720575941524651522,1.4467954758053054
720575941428490889,1.4465590945368174
720575941431019105,1.4461223146214206
720575941612417043,1.4460380909531563
720575941450811470,1.4459037741269993
720575941691254680,1.4456838877525329
720575941575680601,1.4451593044786066
720575941503517234,1.4449418434180252
720575941534091698,1.444619561249141
720575941645316040,1.4446186344040337
720575941588619148,1.4443229688650774
720575941574946299,1.4440100644721439
720575941415484956,1.443879164241957
720575941408322990,1.443150991370793
720575941541170780,1.4425892531364437
720575941393486230,1.442572910503781
720575941543300381,1.4422407164711792
720575941559277171,1.442111944482803
720575941514041923,1.4421050430557878
720575941549632830,1.4410851352507288
720575941478387306,1.4409013033637135
720575941502262411,1.4407870374099487
720575941559205933,1.440509151674269
720575941579766773,1.4404929704792795
720575941513798097,1.4403066827985602
720575941578344437,1.439884822631591
720575941629647654,1.4398498379716327
720575941656148560,1.4392335018604476
720575941539951997,1.4391338990001084
720575941533250753,1.438967354314693
720575941514758755,1.4389264364108063
720575941465729878,1.4385773310956749
720575941555487827,1.4385426953594451
720575941525343234,1.4384361505024537
720575941569755550,1.438146104078173
720575941451713402,1.438092514748382
720575941413951260,1.4380890522212149
720575941552163583,1.43807970616988
720575941639508853,1.4377990851662996
720575941650753297,1.4372284934726058
720575941545094536,1.4368518097050595
720575941642554273,1.436772173433876
720575941474816308,1.436764404262557
720575941606544493,1.4366377042098144
720575941611258076,1.4365946602996067
720575941450215261,1.4365513475212566
720575941548170120,1.436265092396892
720575941686965999,1.4360669237653476
720575941503228610,1.4359936323710532
720575941658075728,1.4358608669666189
720575941703186394,1.4355115644757495
720575941532971242,1.4354156637088944
720575941468592395,1.4353219329299156
720575941599034560,1.435247811783589
720575941625193610,1.4349801681578576
720575941555575332,1.4344808938437625
720575941455940336,1.4344552440055003
720575941441927887,1.4343259364003562
720575941558607396,1.4343173710270316
720575941554764196,1.4342784828393063
720575941591761704,1.434212027315461
720575941621586172,1.434068718979055
720575941433058318,1.433909873899869
720575941574229243,1.4338828419102188
720575941482975174,1.4337307323461057
720575941430952801,1.4336749606846582
720575941588629758,1.4336383193431268
720575941518419123,1.4335106462152867
720575941498634402,1.4334965191377325
720575941508259874,1.4333557011187628
720575941703189466,1.433078732606983
720575941438670015,1.4330385696621426
720575941623218172,1.432978482536196
720575941595779484,1.4326534962894197
720575941428440495,1.4324287518644165
720575941492413054,1.4319755580387183
720575941521256115,1.431914935036238
720575941438401324,1.4319061264496178
720575941528562635,1.4317561508689627
720575941569916148,1.4317000511274833
720575941546689825,1.431676949537949
720575941533780762,1.4316648552195366
720575941623388827,1.4315375219863355
720575941503663154,1.4309857533501726
720575941562483042,1.4306918663618229
720575941521340087,1.4306360547045085
720575941630974651,1.430598957270205
720575941526680909,1.430009296324631
720575941574838280,1.4292717913566066
720575941569814130,1.4291318960932868
720575941543893353,1.429121532646583
720575941465046550,1.4289721074333503
720575941431539849,1.4289376792807733
720575941461216467,1.4288695463247134
720575941439552091,1.428811312393523
720575941442078811,1.4286760761552362
720575941548886900,1.4285957651335743
720575941534893912,1.4282283617282503
720575941471627639,1.4281055580656599
720575941689109878,1.427845572246155
720575941619888767,1.4274095083303415
720575941613245593,1.427272131267624
720575941461092036,1.4271365350710823
720575941439169042,1.427076627089741
720575941470933824,1.426990216270712
720575941575683161,1.4268945581515833
720575941638366837,1.4267275485075905
720575941473310267,1.4266371874474078
720575941596240241,1.4265476457179778
720575941546811425,1.4264887447116799
720575941578319185,1.4264124129640643
720575941458608083,1.4262739464029226
720575941411178095,1.4262210440070135
720575941558381860,1.4259511924123998
720575941461240019,1.425516496985957
720575941650821141,1.4254856964810885
720575941486968326,1.4254654561000581
720575941393489814,1.4251837991624658
720575941554615553,1.4251190765691089
720575941577660241,1.4248087197041712
720575941615001813,1.4244957629434918
720575941559978797,1.4244477207717883
720575941463652877,1.4242793322768055
720575941562399495,1.4242682851080508
720575941533541720,1.4239572595237826
720575941537703144,1.423884383127048
720575941413809692,1.4238288927101066
720575941525827684,1.423577475501488
720575941575082678,1.423508348851835
720575941554015003,1.423424914846499
720575941477996195,1.4232699086521006
720575941448093972,1.4230127966706358
720575941575682998,1.4229003844751085
720575941609479526,1.4228052528586674
720575941597661376,1.4226470099561455
720575941599407552,1.4225561527153214
720575941489679049,1.4220346687697247
720575941539037170,1.4219333899736935
720575941519225560,1.421474154565194
720575941652917972,1.4214595569875392
720575941576590184,1.421189050207973
720575941669799601,1.4209016257313833
720575941624461564,1.4207899845719687
720575941625170314,1.420645231789991
720575941483327485,1.420393197943567
720575941609416934,1.4201731490621374
720575941479474818,1.419789671541817
720575941545489413,1.4196789711748932
720575941624649371,1.4196458337826539
720575941657558296,1.4193813030422997
720575941645259128,1.4191116126321661
720575941723152698,1.4189674729888406
720575941565188706,1.4189657278409753
720575941529139844,1.4189556693396366
720575941511038796,1.4188868332428448
720575941589844535,1.4188601168316883
720575941597533993,1.4187565539630136
720575941552582791,1.4184795232635334
720575941447591246,1.4183673398229126
720575941691673240,1.418350833000833
720575941461407955,1.4183484460404772
720575941532410243,1.418329451169984
720575941438957659,1.4180563839163187
720575941529789880,1.4179685307764385
720575941502273419,1.4179058963641789
720575941568835834,1.4178929573591137
720575941549474877,1.4178574078933952
720575941390724246,1.4174426528549053
720575941498730146,1.4169010541973612
720575941574161147,1.416095077965097
720575941502642994,1.41599713040221
720575941564410112,1.4158181840579924
720575941440616795,1.4156834045036757
720575941487488821,1.415599592677015
720575941488756711,1.4155799549023476
720575941476181278,1.415312692531432
720575941451350138,1.4153055178248604
720575941517783212,1.4152475663502209
720575941410088559,1.4147875627635804
720575941558599972,1.4143950128578544
720575941592159958,1.4142341206034106
720575941583630558,1.4141960188289648
720575941432046945,1.4141189074948013
720575941591448972,1.4137224375448807
720575941564111202,1.4135532229837238
720575941549399039,1.4132594456769643
720575941583112582,1.4132265521060046
720575941412577903,1.4132024660273663
720575941475456827,1.4131739299031008
720575941688470540,1.4131339364262165
720575941628617186,1.4130560865509425
720575941577042769,1.41289050198982
720575941495266247,1.4125037100007265
720575941447805460,1.4124550144062349
720575941460714180,1.4123129081430221
720575941652151569,1.4121282825204138
720575941498832763,1.4120989755702635
720575941571997085,1.4120317494220604
720575941626772006,1.4119257358842496
720575941468788235,1.4119255074973618
720575941630921413,1.4119241481755211
720575941481131906,1.4116118005518
720575941573620744,1.4115289290348088
720575941519993527,1.4112925003927155
720575941502510315,1.4112107323289715
720575941627576377,1.4111148117683074
720575941518476211,1.4110939194666028
720575941649214997,1.4110634835651361
720575941548078216,1.4110217247554024
720575941523190859,1.4109488273957442
720575941451925114,1.4106390486970148
720575941452260659,1.410499003609755
720575941567090932,1.4104378642876345
720575941512518723,1.4104051153363375
720575941513278457,1.4103081730119857
720575941687468812,1.4102547117658788
720575941563139240,1.4102087971399757
720575941474928193,1.4101679840902628
720575941477013825,1.4100746417015215
720575941595757724,1.4100661691563399
720575941624859338,1.4099284379326866
720575941722041402,1.4098407984406327
720575941572871567,1.4097545719446087
720575941571708424,1.4096559037380936
720575941481103523,1.4095326380061879
720575941609413862,1.409067182864668
720575941687566710,1.4088387225320327
720575941511201868,1.4088275603201221
720575941566918388,1.408547499888105
720575941539582669,1.4083585013805315
720575941539767900,1.407931304384495
720575941468683997,1.4078233386587438
720575941427646548,1.4076445811868818
720575941601313782,1.4074590186635199
720575941526686797,1.4072861292943093
720575941615534489,1.4072447881189714
720575941457935263,1.4071796465087447
720575941436679200,1.4070496619842061
720575941474562334,1.40700690242878
720575941551502490,1.4066998669082422
720575941499166281,1.4065704151942158
720575941460757715,1.4065118747243563
720575941720498234,1.4064253637460058
720575941471768843,1.4063369200255849
720575941540545884,1.4063211051734086
720575941625387321,1.4063128859068204
720575941645255880,1.406301408477003
720575941569613470,1.4060654745698744
720575941449187194,1.4060196037155666
720575941558611501,1.4059239915385555
720575941493508551,1.4058458655102102
720575941502510059,1.405646076255921
720575941572797597,1.4053380471011707
720575941592589349,1.4052996258715063
720575941571863709,1.4051856564624186
720575941551632794,1.405124925668102
720575941595515941,1.404894690154157
720575941539248509,1.4048687065966665
720575941641495634,1.4046479291741387
720575941623126474,1.4046340530815367
720575941474506270,1.4046037176913466
720575941722762042,1.4045853398189105
720575941598633769,1.4045558450233346
720575941447805716,1.4044636267349109
720575941551115775,1.4044411614101926
720575941626118252,1.4041239963340648
720575941642639560,1.4039747342671012
720575941502832215,1.403925856137038
720575941537719165,1.4038435242263971
720575941536906389,1.4038175981570187
720575941512405315,1.4035955312537671
720575941408492335,1.4035696694451
720575941405820975,1.4031946338173147
720575941430029449,1.4030339854159877
720575941499333003,1.4028560855892207
720575941650798609,1.4025620756696886
720575941481381117,1.4023815981556627
720575941732549163,1.4023742792031328
720575941450569294,1.4023278919721918
720575941511407057,1.4022303256265867
720575941539809997,1.4020773102015205
720575941645095585,1.4020332988537512
720575941595849116,1.4020203398510682
720575941483358717,1.4018862992404206
720575941477522794,1.4018279913671847
720575941656230992,1.4015839720222083
720575941539226866,1.4014938253512106
720575941569826810,1.401445871587104
720575941596050112,1.4012652676147577
720575941501807191,1.4012558465417095
720575941617078399,1.4012225477891957
720575941519484014,1.4010751931452456
720575941505921665,1.4010467509783104
720575941553120795,1.4008382531442682
720575941607589229,1.4008160013965008
720575941668926129,1.4008092905029013
720575941563201687,1.4007588209804414
720575941700563930,1.4004988919424262
720575941662983224,1.400240278676194
720575941593438321,1.4001813938027934
720575941438206431,1.399760982354274
720575941480925891,1.3994191295218357
720575941571515131,1.399305607729536
720575941540726045,1.3991906696121161
720575941459850707,1.3991591107154289
720575941535016370,1.3985611622822858
720575941461205392,1.3984777819025578
720575941593919365,1.3982925299410582
720575941572172553,1.3981851505784353
720575941489125351,1.3981549313014345
720575941610577884,1.3980249630181216
720575941515663363,1.3980064890613129
720575941533990488,1.3977216819434337
720575941502541291,1.3976683669604109
720575941568553586,1.3976645008731676
720575941634017723,1.3969652225069702
720575941595101809,1.3968873592808144
720575941524021860,1.3967952277260078
720575941468845632,1.3966683006536262
720575941447849236,1.3964703326052599
720575941471297911,1.3961105839818875
720575941551057543,1.396090533376937
720575941460225168,1.396047684353499
720575941503767127,1.395818833382156
720575941565168942,1.3957293061323923
720575941652987860,1.3957163364922778
720575941554554266,1.395217478746348
720575941498470267,1.3951521363836252
720575941463843597,1.395091819349585
720575941425381716,1.3950381991486775
720575941611791590,1.3949995075781545
720575941560298285,1.3949796148945897
720575941669591217,1.3945591709158627
720575941624450506,1.3945078082612943
720575941571600904,1.3944169944447995
720575941438746303,1.3944051787474812
720575941533791514,1.3942920996773112
720575941509461776,1.3940644546398642
720575941486868432,1.3936630902208742
720575941531283403,1.393586795896289
720575941456176799,1.3929209000777434
720575941630658018,1.3926767491189995
720575941572438174,1.3926226279433083
720575941477919618,1.3924813741558015
720575941609432237,1.3920554327711914
720575941561655341,1.3920117313036167
720575941656332112,1.3918957450325031
720575941523114487,1.3918286467855543
720575941476541236,1.3917172998214584
720575941449638493,1.3917024374842115
720575941503579954,1.3915611921586735
720575941662037816,1.3913343253829396
720575941428975608,1.3910886676329453
720575941472143914,1.3909158285027654
720575941558698285,1.390887678529755
720575941688189935,1.390879860436843
720575941461833924,1.390679273843627
720575941458770928,1.3906774095146675
720575941617250431,1.3905972497548607
720575941514931546,1.3905738208561027
720575941578484057,1.3904734817677211
720575941630984674,1.3903393482406157
720575941568540274,1.390197213217537
720575941564715264,1.3901475773458238
720575941496273633,1.3901284540988188
720575941407451695,1.3901112685123906
720575941637800309,1.3899783922510223
720575941408456110,1.3898684843269162
720575941435835410,1.3897434932119785
720575941513282041,1.3896607148889264
720575941475396155,1.38965005362494
720575941519464046,1.3894938128995238
720575941497278587,1.389364752151566
720575941681032125,1.3891872752556575
720575941441633883,1.3891217507932079
720575941604343225,1.388948778820537
720575941574010038,1.3888493974040785
720575941506261157,1.388669826583698
720575941475768938,1.388615120306342
720575941507338018,1.3883470777083622
720575941480941251,1.3882672151817066
720575941651867669,1.3881687791805883
720575941671438247,1.388076530877153
720575941512836817,1.3879054357585263
720575941481036797,1.3877838899941684
720575941610597340,1.3876850574729631
720575941509412880,1.3876839585208314
720575941504472645,1.3876501932310341
720575941446830356,1.3875413651638875
720575941447026708,1.3873772943328464
720575941586627462,1.387338862083381
720575941459886150,1.386842065377038
720575941477743646,1.3867255699361103
720575941554220571,1.386614364865786
720575941639506207,1.386407157879232
720575941565516695,1.3863649863375782
720575941579073913,1.3862157690874792
720575941431401569,1.3861782514434795
720575941667205553,1.3861114083498836
720575941438943439,1.3859955211575357
720575941519463278,1.3859349777185825
720575941624639434,1.3858687302907864
720575941482065862,1.3857199523104693
720575941461140749,1.3856553212083673
720575941605515966,1.3848561683606724
720575941605509054,1.3848304391297894
720575941511138124,1.384605218520588
720575941623193340,1.3844723562933403
720575941428505993,1.384370693293868
720575941642966629,1.3843480188494006
720575941512342595,1.3842949435917558
720575941414779284,1.3842829925244315
720575941614906387,1.3842454231129746
720575941553418724,1.3840919709958084
720575941568738036,1.3837346312607015
720575941553480327,1.3836471148370346
720575941634206651,1.3835265861433539
720575941393196950,1.3834424208229956
720575941520284407,1.3833970316261628
720575941503131371,1.383117001722088
720575941511228370,1.3830675115672162
720575941604946797,1.3830213365596689
720575941623147978,1.3828911731784161
720575941480587394,1.3828400873628517
720575941593968773,1.3828175104881535
720575941501806786,1.3826285112989958
720575941491055820,1.382486614411365
720575941447294045,1.382461976553752
720575941564792071,1.3821336238514774
720575941605013950,1.3820635154203411
720575941447884820,1.38186554156588
720575941413724188,1.3818034470152225
720575941575664729,1.381657842967054
720575941513264377,1.3816219720137897
720575941447921940,1.3815241640694607
720575941529892837,1.3814768247267895
720575941547184957,1.3814549849418378
720575941614385817,1.3814505331364393
720575941504218949,1.3814484198290704
720575941592511527,1.3813937284821314
720575941514024657,1.3813086264676966
720575941489685961,1.3811217676524676
720575941432775310,1.3809643454287588
720575941520078071,1.3809504282796643
720575941542482780,1.3808784581760565
720575941485190352,1.3808191843156488
720575941430081550,1.3808028413464069
720575941486783238,1.3807188894449158
720575941602800569,1.3807030049897147
720575941583042399,1.3806973025462568
720575941476978993,1.3806697532753605
720575941533531402,1.3806175921110604
720575941481946563,1.3804117295431368
720575941558406701,1.3803647470553244
720575941591748648,1.3802879040150215
720575941452291123,1.3800843894826005
720575941464921110,1.3799307998046753
720575941629968166,1.3796972861430263
720575941546391740,1.3795370980868877
720575941488734665,1.3794451987435996
720575941548340104,1.379419743740689
720575941543659625,1.3793586358344894
720575941407456303,1.379083102005678
720575941461347027,1.3789905800710238
720575941487917776,1.3789518901784554
720575941640145439,1.3789184482794565
720575941459097503,1.3788996924995653
720575941533291713,1.3788858034006133
720575941610099433,1.3788651837155768
720575941610351337,1.3786663584753527
720575941458961860,1.3786001733883673
720575941553058587,1.3785539444496249
720575941586697438,1.3784468823204603
720575941563760552,1.3783802020065818
720575941687408623,1.3783283563696482
720575941552570247,1.3779309893564997
720575941444890794,1.3777056489563286
720575941550668031,1.3773411835817275
720575941457631472,1.3772779212660504
720575941536708323,1.3770748891646456
720575941495998843,1.3769662233105602
720575941474471729,1.3769127228897486
720575941538128626,1.3768592066956773
720575941680154045,1.376855900959935
720575941391789060,1.3767943866246288
720575941536281586,1.376666427041848
720575941581673337,1.3765674419750917
720575941586647686,1.3765483485897188
720575941481946307,1.376507271525279
720575941552650375,1.3765009843322686
720575941476477492,1.3757877703373842
720575941637927711,1.3756664074161293
720575941535907521,1.3755921862692146
720575941636535413,1.3755121981181933
720575941459883846,1.3754145940077704
720575941400757795,1.3753376896848648
720575941561659181,1.3753246509432309
720575941628867042,1.375191466670855
720575941553551239,1.375170518941281
720575941507220062,1.3750224680773553
720575941519658862,1.3747112703578799
720575941514645850,1.3746209873429285
720575941558985005,1.3745453031810233
720575941537821821,1.3745243987740519
720575941506912828,1.3744550164401703
720575941593491563,1.3744173092665675
720575941638380661,1.3742169666691697
720575941504381463,1.3741541969267077
720575941458464723,1.3741493671171927
720575941572153865,1.3740479870562645
720575941567089908,1.3739348670596379
720575941495131079,1.3739279088519287
720575941591827752,1.3737424087958314
720575941518434227,1.373660848991919
720575941431884558,1.3735528955672862
720575941659665232,1.3732301485510499
720575941624873724,1.373068381287337
720575941572120136,1.37301251883628
720575941406015918,1.3728263905297604
720575941689867416,1.3726422585654312
720575941628544057,1.372453561321198
720575941642470264,1.3724446895312705
720575941525150630,1.3722870767285704
720575941573776797,1.3721515777119195
720575941657989712,1.3720217119667444
720575941612251868,1.371863032896417
720575941572348232,1.371820309099644
720575941535211747,1.371476742649122
720575941649928177,1.3713008033193725
720575941653538065,1.3712674296210017
720575941534986418,1.371103121871588
720575941565350702,1.3708075370260497
720575941433595406,1.3708043402818815
720575941519259608,1.3707662457545433
720575941436862527,1.3707163820300758
720575941469868765,1.3704966277818997
720575941462087364,1.3704230284187502
720575941521011127,1.3703252839183553
720575941453079209,1.3702544579790565
720575941528044164,1.370250948837024
720575941615507925,1.3701564747274793
720575941477647328,1.3699036888595826
720575941507205143,1.3698768583948915
720575941469033536,1.369861439719079
720575941651838449,1.3698088680457985
720575941494182526,1.3696948078670694
720575941553476250,1.3695536903033392
720575941625193354,1.36949524405524
720575941430128521,1.3694709778908005
720575941567110900,1.369102130623878
720575941524677378,1.368933922730858
720575941615409817,1.368887478755142
720575941461674436,1.3688288932356976
720575941439567327,1.3687927977110623
720575941485889858,1.3687557102852168
720575941543397737,1.368717857986733
720575941626863654,1.3683793765691308
720575941515375171,1.3683560560664603
720575941652739796,1.368339844408959
720575941667258801,1.3682929368015264
720575941431717039,1.3682698038667656
720575941458780742,1.3682168926696623
720575941414490516,1.368123221572387
720575941540205949,1.3680917642773829
720575941548376865,1.3678797138506475
720575941470584128,1.3677038740950018
720575941451857991,1.3674616558892843
720575941415476252,1.367413050519685
720575941475572539,1.367328715019592
720575941474459707,1.367300781553348
720575941429324641,1.3672557443667492
720575941566876726,1.367240058505817
720575941602226366,1.3672168020674653
720575941641490258,1.3672062046812679
720575941610029642,1.3671846952335414
720575941513354499,1.3668497065067529
720575941515934554,1.3667032037823483
720575941533994418,1.366648741938467
720575941689892760,1.3662278576735625
720575941563019415,1.3662243086951469
720575941444962474,1.3660596084835925
720575941554834084,1.365923905435606
720575941430950497,1.3658881423729046
720575941562409479,1.3656244183862458
720575941546513001,1.3655024101309612
720575941700592858,1.3652552473411677
720575941558279972,1.3651905732661134
720575941454837043,1.365034852687297
720575941573267784,1.364982412250086
720575941411829396,1.3649357274014464
720575941548169608,1.3648464674987726
720575941654384596,1.364179041975673
720575941545068988,1.3639116772102744
720575941447718734,1.3636798675093682
720575941433044750,1.3636745713696783
720575941513795148,1.3636208137874413
720575941630128069,1.363454764033664
720575941579219321,1.363452426950111
720575941645055393,1.3633878421863694
720575941526037273,1.3633436045416403
720575941623078602,1.363313490006455
720575941512451907,1.3632447722154761
720575941550687805,1.3632224505050317
720575941568685044,1.3632073138382796
720575941496803234,1.3630814518236734
720575941575696217,1.362899176833886
720575941687691638,1.3627557211101675
720575941515697155,1.3627511565857404
720575941408363950,1.362677495984671
720575941655750356,1.362647473627163
720575941353177392,1.3624300617083331
720575941579841013,1.3623191957074603
720575941462402317,1.3621830497817051
720575941540138781,1.362149332635754
720575941649856497,1.3621265175242918
720575941504759612,1.3620597209423833
720575941486684226,1.362012931552319
720575941678583229,1.3618770874413806
720575941574669725,1.3615548131000976
720575941494975102,1.360902184972435
720575941472146218,1.3608648044932492
720575941507065111,1.3608481036533853
720575941579149401,1.3607816063573845
720575941592628950,1.3606723826959477
720575941439633983,1.3606134581806124
720575941661127992,1.3604818921981616
720575941516158124,1.3604341730435712
720575941440963925,1.360409732201055
720575941625877962,1.3603691054891613
720575941610767718,1.3601636986994632
720575941475116830,1.3600996774815766
720575941733201963,1.3600489799403501
720575941456678893,1.360048566281128
720575941584708486,1.3598895728427935
720575941456137375,1.3598882710964122
720575941593607126,1.359689506270254
720575941486776642,1.3592424748196608
720575941583173510,1.3591476329724617
720575941486451085,1.3589549172227733
720575941626753318,1.3589343184573446
720575941573658184,1.3587567887111118
720575941528976004,1.3586559995898428
720575941477419828,1.3585036229575724
720575941609423021,1.3583081724269341
720575941563391383,1.3581845474997067
720575941589657598,1.3581269336277768
720575941564139527,1.3581202020138932
720575941454922291,1.358017892635527
720575941526857316,1.3579081226926186
720575941460106963,1.3578905617815558
720575941461969107,1.3577322017261704
720575941575519336,1.3574840807887236
720575941481979075,1.3573852901852994
720575941535151898,1.3573266254031762
720575941431378313,1.3571766567265733
720575941476104753,1.3571675498344005
720575941471546176,1.3570270566095963
720575941593929174,1.3569724302364983
720575941592445291,1.3569387819528311
720575941471135863,1.3568934039827654
720575941609226157,1.3568566278590077
720575941392278678,1.3567962379788487
720575941494151552,1.3567871275806938
720575941547177076,1.356663730993101
720575941571691165,1.3565880426498147
720575941488404430,1.356429942094359
720575941537766632,1.3564250844827672
720575941565863175,1.3563795531305634
720575941549936957,1.3563526224869653
720575941458794822,1.356236602455901
720575941486692493,1.3562003070337614
720575941702814682,1.356187529251461
720575941562014208,1.3559968661941364
720575941568697844,1.3559725940638703
720575941563335478,1.3558382892799
720575941563218944,1.3556037939444465
720575941631436524,1.3555457292745279
720575941408417454,1.355425489744527
720575941558733101,1.3552276838400252
720575941515922169,1.3551961317057528
720575941511262930,1.3551729095086271
720575941538033394,1.355078614937471
720575941504860978,1.3548266587076985
720575941505767970,1.354700005346318
720575941731588395,1.3546677359239507
720575941400698403,1.3545246458526217
720575941452273971,1.3544835987359187
720575941545123589,1.3544076341981413
720575941598469276,1.354353729709011
720575941432101390,1.3543207301158586
720575941622232828,1.354316399512682
720575941576660840,1.3541699092203288
720575941516906350,1.354121043762558
720575941549788961,1.3540853190875588
720575941438585644,1.3540423991005817
720575941562339079,1.353960247356608
720575941638367605,1.3538756164153407
720575941636471413,1.353872145283568
720575941480799395,1.3537208026740037
720575941573255581,1.353707420646154
720575941573370952,1.353562757809248
720575941491274697,1.3533492939384422
720575941618730879,1.3533484536860496
720575941480105039,1.3533420572048167
720575941428370825,1.3533005573514203
720575941598642729,1.3532998932857396
720575941537912291,1.3532186206876708
720575941680033213,1.352964942666966
720575941475773290,1.3528124384761777
720575941731044139,1.3527300974054728
720575941578442741,1.3526835100276628
720575941644797266,1.3525178599762622
720575941563991862,1.352508792781201
720575941539448781,1.3525007005528482
720575941460703245,1.3524672329989655
720575941592388971,1.3524308601854214
720575941446992565,1.3523053701767616
720575941461393040,1.3521845389524065
720575941533258689,1.3519947320857175
720575941440280767,1.3519438279247304
720575941730011947,1.351730381208338
720575941654367444,1.3516917845015903
720575941561359917,1.3516872271881515
720575941478732451,1.3516736458560883
720575941526417540,1.3515182628717084
720575941633571259,1.3513573859636607
720575941408515119,1.3512415289908977
720575941457292016,1.3512386124406541
720575941469314781,1.3512033049573107
720575941436052768,1.3510976492242752
720575941591064716,1.3509676523067604
720575941559301491,1.3508485921693478
720575941534080600,1.3506232577552546
720575941701807834,1.350442621853702
720575941552566663,1.3504392069020317
720575941526935718,1.3504011984663775
720575941431795927,1.350387587343611
720575941448798133,1.3503232509026881
720575941491293415,1.350131217194695
720575941642558881,1.3501178107168315
720575941589816318,1.3500223315684696
720575941503526891,1.3498640409489557
720575941572669342,1.3497100913492663
720575941415587100,1.349672757974967
720575941490382540,1.3496111440593443
720575941561395757,1.349476168480183
720575941574230523,1.3493512049150538
720575941482680061,1.3491897441904295
720575941488232137,1.349188716047631
720575941472090922,1.3491625526519686
720575941537865165,1.348961385040829
720575941603791350,1.3488885657536598
720575941512840953,1.3488831298471675
720575941479168451,1.3486424444215126
720575941592225831,1.3486133122215571
720575941640424223,1.3483446402754415
720575941480440262,1.348270858717321
720575941492003559,1.3482373174938285
720575941474802497,1.348130520979923
720575941553430355,1.3481225377076158
720575941457127494,1.3481002667462545
720575941504147435,1.3479690645366795
720575941562192429,1.347663998626668
720575941657607960,1.3472932087727247
720575941530853507,1.347234614825833
720575941513273593,1.3470374007514843
720575941601022710,1.3470067296555808
720575941496967040,1.3469886276157477
720575941436391698,1.346894398558414
720575941569505394,1.3467991208354444
720575941652159449,1.3467519492782474
720575941449604942,1.3467282140619128
720575941434224526,1.3467034268497449
720575941525796098,1.346684857931747
720575941480494466,1.3466481258679184
720575941442379178,1.3465177060208886
720575941630894523,1.3463658841535846
720575941408509867,1.3462283258270666
720575941503461436,1.346223335174855
720575941549829182,1.346131024616931
720575941474426929,1.3460621949565552
720575941644772178,1.3459976049992994
720575941405833263,1.3459781630495637
720575941597565632,1.345929041212235
720575941478474114,1.3457442119182634
720575941490651337,1.3457310583525175
720575941480550018,1.3456153737316976
720575941492684208,1.3455744455607186
720575941572186875,1.3455253360549229
720575941526676301,1.3455034225336442
720575941567108910,1.3454958251296159
720575941518435767,1.345443178723038
720575941626281866,1.3454074784536303
720575941659678264,1.3453375518480435
720575941523163467,1.3453290950071544
720575941448996957,1.345192971945024
720575941639651957,1.345157904731214
720575941516069625,1.3451005987007196
720575941565526679,1.3449270155514126
720575941578497369,1.3448667447611622
720575941472147242,1.344755739196694
720575941459479696,1.344734180076077
720575941657879576,1.344710796169553
720575941529212619,1.3447004691445998
720575941437564757,1.344286961622353
720575941585004127,1.3442297200781193
720575941586408670,1.344065786264012
720575941451320910,1.3440080770273608
720575941512453443,1.3435080157311214
720575941407413807,1.3434018507592422
720575941601188537,1.343353255728205
720575941433415200,1.3431434335625512
720575941607560557,1.3430969545521585
720575941450532777,1.3430847902139242
720575941650731025,1.3429912100164862
720575941483787405,1.342962714658688
720575941503503410,1.3428975626991841
720575941524412185,1.3427712477401763
720575941530837891,1.3427629999225699
720575941583122527,1.3425936951368018
720575941477615584,1.3423576582168566
720575941539366093,1.3422632984910148
720575941588004676,1.3420423424830736
720575941597150364,1.3420417711691126
720575941505754497,1.3419468025628476
720575941450573481,1.341904621783303
720575941659397456,1.3417632634692456
720575941524189540,1.3416768034434163
720575941491761895,1.3415284679181048
720575941505421602,1.3415227535480914
720575941571896477,1.3413702720645237
720575941591061246,1.3413660221706971
720575941535932170,1.3411450992781364
720575941581653113,1.3411307663728156
720575941435997984,1.341068456936065
720575941533864986,1.3408384391188577
720575941612617881,1.3406553240496992
720575941495697531,1.3405493887289137
720575941643577445,1.3404174274406528
720575941551937598,1.340153520653941
720575941535125994,1.3401326508621978
720575941534996161,1.3401231559432532
720575941504452146,1.3400847025169182
720575941459151556,1.3400757920503301
720575941573543069,1.339831584886467
720575941453919539,1.3397608234841727
720575941626059628,1.3397253926990371
720575941491065653,1.3396759142768389
720575941557351844,1.3395104789665406
720575941595544197,1.3394127587957925
720575941613770259,1.3392798559059558
720575941459114451,1.3391845061316072
720575941567162868,1.3391343898000572
720575941616284629,1.3389338310959333
720575941631665634,1.3388272641408399
720575941500995467,1.3385936688079738
720575941607889261,1.3383497987953172
720575941660893308,1.338337157104459
720575941534222770,1.3383178264804831
720575941505819009,1.3382666586855692
720575941563014407,1.3382303303374252
720575941508749858,1.3381625782892812
720575941449756597,1.3381100356558904
720575941628607202,1.3380473744743495
720575941540179741,1.3379978685724736
720575941449527477,1.337936366098257
720575941689199323,1.3379275637602097
720575941611065418,1.3378694806937552
720575941544272489,1.3376958858092016
720575941532495704,1.3376096700263647
720575941451871559,1.3374063897754065
720575941502868823,1.3371880933098577
720575941471250784,1.3371596443209424
720575941510493200,1.3370618495106266
720575941502197643,1.337037746728725
720575941662450044,1.336970904336676
720575941461237459,1.3368957808791253
720575941498286242,1.3367913316912485
720575941508375390,1.3366332427589194
720575941652746196,1.3366150421158483
720575941491992807,1.3364742009454067
720575941565117959,1.3361818513629449
720575941516677113,1.3357581427179561
720575941685707788,1.3355769559066644
720575941448063764,1.335119579571476
720575941589353540,1.3350794374495412
720575941477668320,1.335017900969373
720575941536932501,1.334847208304884
720575941431083183,1.3346272114775908
720575941525217892,1.3344866433558724
720575941489342005,1.3344814430208378
720575941577663825,1.3343616522649908
720575941516503000,1.3342943895465533
720575941438469676,1.3340488697811193
720575941578734069,1.334045427835296
720575941459912262,1.3340104355587572
720575941468905995,1.3339601082102293
720575941505369509,1.333890744704727
720575941535258802,1.333876206724149
720575941415609116,1.3337838764993337
720575941657988688,1.333630162248229
720575941629713958,1.3336017223157741
720575941501635927,1.3334374121625407
720575941688135064,1.3334281873668143
720575941641522514,1.3334188017102824
720575941399414563,1.3334148789858262
720575941454037485,1.33320862099235
720575941642568353,1.3329747820131301
720575941437158956,1.3329541797618452
720575941487812304,1.332906862493315
720575941536226058,1.3328542409378423
720575941524278553,1.332851190546149
720575941519273944,1.3328446066960324
720575941480553602,1.3328255806642255
720575941559309171,1.3327687719198835
720575941478470735,1.3327455697249648
720575941465476886,1.3326357925632464
720575941595664165,1.332590857761731
720575941590551592,1.332509211914255
720575941438534879,1.3324997288627851
720575941552203930,1.3324263443056932
720575941687913199,1.3323923207974089
720575941530093752,1.3322739450320484
720575941530482661,1.3322045707958885
720575941519438958,1.332149266138686
720575941583608286,1.3320938200998715
720575941595952241,1.3320824436375065
720575941553479140,1.3320423162576351
720575941549269565,1.33199003684872
720575941593654917,1.331917076301502
720575941574657032,1.3316947053277852
720575941526695757,1.3316024068735932
720575941539529597,1.3315615857406167
720575941652059353,1.3314928142919689
720575941536301205,1.331400234170347
720575941514080835,1.331364886373164
720575941642249592,1.331306151108522
720575941487967689,1.330956529356219
720575941537479400,1.3309402351570785
720575941588978500,1.3308701572256272
720575941581725305,1.3305029911112505
720575941437543509,1.3304365342880065
720575941547158196,1.3303787920772943
720575941447735828,1.3303518929146199
720575941503420581,1.330327644885359
720575941608946921,1.3302918648554023
720575941571659016,1.3301577907482154
720575941484029446,1.330068256575653
720575941516665304,1.3300116412153768
720575941467350237,1.3299547098403195
720575941569599602,1.3299188776990205
720575941430035119,1.329855305507556
720575941608283978,1.3297770932390107
720575941444862378,1.329728044984844
720575941552229887,1.3297225225915148
720575941656277072,1.3296992326072883
720575941486681808,1.3296596958929812
720575941512496716,1.329658934856793
720575941472748384,1.329633867141131
720575941599063232,1.3295982196570684
720575941594975783,1.329557643492777
720575941524176971,1.32955748728725
720575941470533131,1.3294451924843946
720575941466022422,1.329394828848802
720575941526723609,1.3293169233963251
720575941483803458,1.3292992560572285
720575941504849714,1.329160243612758
720575941476376372,1.3291350311144075
720575941588545335,1.3290703406866362
720575941587267895,1.3289476006432448
720575941552907838,1.3289191708628931
720575941628661542,1.3288402755823319
720575941543636741,1.3287237699067065
720575941549290495,1.3286171152528325
720575941479026883,1.3284135821270178
720575941569571186,1.3283436817695078
720575941519396974,1.3283095046813012
720575941485288144,1.3282084476927831
720575941591832360,1.3279764087110921
720575941456849901,1.3279041353571683
720575941526467204,1.3276394582707967
720575941517770412,1.3275664096691933
720575941436769759,1.3275360049167686
720575941652751572,1.327485058835371
720575941411210667,1.3274608579445053
720575941456024304,1.3273361651487443
720575941552793939,1.327311105584957
720575941657931088,1.3272591160118898
720575941482018755,1.327177675244024
720575941513004643,1.327176816135341
720575941491012809,1.3270731856477376
720575941575844185,1.3269104327028336
720575941598960028,1.3269090366114633
720575941535457256,1.3267756623253515
720575941450546857,1.3266087480970408
720575941442351786,1.3266060331021803
720575941610069094,1.326559878254347
720575941408353454,1.326519061412699
720575941413917724,1.3264336566619659
720575941613532892,1.326280739149455
720575941632594592,1.3261888041197256
720575941559370285,1.326093625311033
720575941656100176,1.3260814235945266
720575941537583336,1.3260638483233986
720575941575744655,1.3260043682326976
720575941461794829,1.3259898185593937
720575941503467429,1.3258468753215453
720575941447596366,1.3258370536837636
720575941546446697,1.3257826407507245
720575941562682624,1.325672226954806
720575941518537582,1.3255430326002025
720575941551598746,1.3254578364934875
720575941523216715,1.3252270749243868
720575941552863489,1.325203525164087
720575941604728766,1.3251994357200783
720575941679016893,1.3251849649601648
720575941599450921,1.3251748696195822
720575941469721053,1.3251140708393399
720575941642597064,1.325101746121752
720575941533798938,1.325040882646026
720575941641502546,1.3250171279506349
720575941436870367,1.3250026983841552
720575941413977116,1.3248910296277148
720575941488531662,1.3248853995708465
720575941640505375,1.3248656138427006
720575941641574994,1.3248541378251009
720575941554049307,1.3248225432980651
720575941491097550,1.3248103725135414
720575941516850542,1.3248100789017083
720575941549951549,1.3246611978823462
720575941514064716,1.3246374027811287
720575941487732432,1.324625458606303
720575941450027101,1.3245720320856216
720575941437611093,1.3245334453571804
720575941429515735,1.3244333218435334
720575941537510386,1.3243050424096448
720575941496684672,1.3242228011881783
720575941574591133,1.324201652952306
720575941475085633,1.3241814249753958
720575941401456931,1.324151519206836
720575941610577628,1.3238367780539837
720575941457930655,1.3237135524844166
720575941478393935,1.3237119674545288
720575941561977088,1.3236222700241556
720575941538106517,1.3236212021765126
720575941517661356,1.3236156963086498
720575941610874598,1.323551543248093
720575941642158930,1.3235328982300665
720575941461253075,1.3234293372370267
720575941572453790,1.3233477919918664
720575941411740817,1.3231425263046617
720575941433063694,1.3231121995046307
720575941645242312,1.3231020322282288
720575941470003677,1.32308486183849
720575941390663574,1.3228981621823237
720575941668758449,1.3227300348346542
720575941592598309,1.3226604026399682
720575941573269755,1.3226280824803989
720575941622802428,1.3226058301172718
720575941631945452,1.3224918125265843
720575941638038559,1.3221923126336967
720575941439191637,1.3221264402726003
720575941572013981,1.3221171077532172
720575941507834640,1.322113065015537
720575941485450562,1.3219918018220598
720575941642157650,1.3216419473956178
720575941642623176,1.3215465540573719
720575941476041265,1.3214651198706995
720575941467560982,1.3214299995094045
720575941474589489,1.3213877285770332
720575941603767993,1.3213441168786357
720575941484086534,1.3213028751297802
720575941490717390,1.3211084295314617
720575941572471454,1.3210331320473874
720575941553617124,1.3210166964479797
720575941555369217,1.3209686098216957
720575941458979524,1.3209453724787659
720575941601092537,1.3208414135349937
720575941561392173,1.320557533128355
720575941493946238,1.3205063939561972
720575941579598161,1.3200726086253938
720575941548476276,1.31995655218955
720575941469712605,1.3198546223327015
720575941534733800,1.3198102740052127
720575941524060749,1.3196729312277626
720575941552031231,1.3195407550576488
720575941525902157,1.3195180181583117
720575941480232160,1.319502464042976
720575941524073293,1.3194465091573073
720575941597835817,1.319412429285632
720575941511014988,1.3192533195848974
720575941504558661,1.3188805806793547
720575941459594640,1.3187225730162697
720575941531577829,1.3186033291650077
720575941511599314,1.3185798511461426
720575941667254259,1.3185054749560117
720575941642664865,1.3182669732014995
720575941518533043,1.3181841782195352
720575941585558238,1.3179771413586152
720575941480782755,1.3178789232230754
720575941491082702,1.317868385325514
720575941608900585,1.3178534427030648
720575941551598234,1.3176819699546876
720575941630661536,1.3174672348597654
720575941516527726,1.317359444410211
720575941556297811,1.3173199516657668
720575941516779923,1.3172643914639792
720575941532412138,1.3172629292985998
720575941562059176,1.3171794349501493
720575941452054835,1.3171655521538859
720575941663489660,1.317067302680942
720575941592593191,1.3170459777299843
720575941471931712,1.3170404236484403
720575941474398513,1.3170324675063119
720575941652845041,1.3169451684519184
720575941662391352,1.3168755399906418
720575941644353656,1.316863305457843
720575941476539700,1.3168534931573896
720575941560632744,1.3166890232784554
720575941625916362,1.3166759668325747
720575941626256266,1.316663399033753
720575941504235095,1.3165521851650441
720575941650178289,1.3164896519745353
720575941626898726,1.3164829872101216
720575941515618147,1.316453508009669
720575941687698550,1.3164179344735252
720575941562056872,1.3164104297384869
720575941617470079,1.316386258131448
720575941637958687,1.3163855076438127
720575941563622759,1.316135959598636
720575941456216991,1.3161322204627703
720575941628554466,1.3160886184572433
720575941645100664,1.3160131143476315
720575941700611290,1.3159194843963373
720575941595302183,1.315839062865909
720575941616577493,1.315681221161105
720575941521588043,1.3155102115689608
720575941476380468,1.31549184664163
720575941644138401,1.3154737420843619
720575941450101319,1.3154653615163956
720575941461086989,1.3154453902055498
720575941479167456,1.315310245794513
720575941468914496,1.31527216609238
720575941574540040,1.3152026898437006
720575941504563781,1.3151681912893594
720575941451841863,1.3151104321968436
720575941685691375,1.315013577539082
720575941411758740,1.3148921318276685
720575941536297109,1.3147777211791958
720575941471139191,1.3147669564769
720575941686858735,1.3146909871507753
720575941581772153,1.3146797507082002
720575941525182630,1.314642020595703
720575941479084227,1.3145288567248639
720575941445311658,1.3144334315824804
720575941639588127,1.3143967558123235
720575941654960601,1.3143510225005373
720575941593409064,1.3141568600982918
720575941431357359,1.3139058190802646
720575941645444808,1.313743552113118
720575941461076493,1.3136127838551583
720575941612643174,1.3135319586489993
720575941489748169,1.3134932091571838
720575941449543758,1.3134925386037735
720575941460235152,1.313387385019298
720575941496630400,1.313267238381571
720575941543585129,1.3132362955953738
720575941528356043,1.3132248745880322
720575941610059238,1.3132230031282945
720575941459103391,1.313204716813767
720575941408661934,1.3131862979443514
720575941490075081,1.3131633390832482
720575941407410094,1.313049762175316
720575941574640136,1.3129820245904384
720575941439018075,1.3129708998372842
720575941552788819,1.31278977536021
720575941468329847,1.3127444770463659
720575941439136719,1.3127194079113482
720575941426854228,1.312599860558924
720575941686853871,1.3125683205912868
720575941441245631,1.3123831168498996
720575941569574046,1.3123674835920536
720575941447808334,1.3123372012367394
720575941624816124,1.3123225264575922
720575941489014247,1.3123210185904615
720575941508359634,1.3121025275571734
720575941549840702,1.312063051684577
720575941515064922,1.311879117416133
720575941610953446,1.3118419714419105
720575941553342106,1.3117109231762323
720575941642638792,1.3116566530197682
720575941479034563,1.31164403292588
720575941543569257,1.3116339536646637
720575941563935030,1.311501299627274
720575941559310125,1.3113697255225818
720575941440441173,1.311325830059758
720575941562155176,1.3109825061925668
720575941477345076,1.310975840709301
720575941582278777,1.3108612691753068
720575941504447813,1.3108071827718606
720575941523999746,1.310750630935176
720575941504703938,1.310655898076696
720575941507811422,1.3106146675089492
720575941561391506,1.3105680050459076
720575941468218589,1.3105077237807494
720575941631971525,1.3105057171176255
720575941539720540,1.3104982539682564
720575941534881368,1.3104767044449535
720575941542886173,1.3104150902165725
720575941626040428,1.3104096290172624
720575941459562640,1.310351254771938
720575941491972327,1.310325255878337
720575941510208722,1.309972810690563
720575941636531573,1.3099189013604118
720575941561308818,1.3098328150713892
720575941573616891,1.309795821656208
720575941461664452,1.3097525700039871
720575941493443015,1.3097133865813024
720575941587023671,1.3097091962257175
720575941439120591,1.3096980437662094
720575941535231832,1.3096781047288562
720575941478103203,1.3095533604068976
720575941500908171,1.3095496169483996
720575941533190337,1.3092561111487737
720575941550051873,1.3092174000776369
720575941532487256,1.3092159319508283
720575941645236936,1.3090982015484116
720575941426616148,1.3087637194869333
720575941538218216,1.3087028213884895
720575941623634122,1.3086900625487592
720575941475745642,1.3086862832676747
720575941447338845,1.3086669857556084
720575941456035568,1.3086207789132545
720575941428247800,1.3084960671942734
720575941559349619,1.3084336922345094
720575941566859002,1.3083724202701494
720575941404900464,1.3083346876032145
720575941564134242,1.3081788572641895
720575941564818688,1.3080839343657618
720575941416830748,1.3079465183245387
720575941505777246,1.3078534931824146
720575941688519692,1.3078027956511944
720575941562053032,1.3075140347305518
720575941559391859,1.3074225175063006
720575941662017660,1.3074020399757262
720575941539051669,1.3072745293493415
720575941561387565,1.3072513851840315
720575941629872422,1.3068616061697669
720575941511281618,1.3068209562734958
720575941543398505,1.3068014551285383
720575941612611993,1.306788110341982
720575941594848726,1.3067853622792889
720575941518856302,1.3067663200771578
720575941550913791,1.3066786130216088
720575941489738185,1.3065907032232922
720575941516140204,1.306493123085177
720575941564493831,1.3064192410995341
720575941563551656,1.3062157096924183
720575941534036312,1.306085441381144
720575941504361239,1.3060847060814764
720575941534721729,1.3059595306495033
720575941474331451,1.3059046646160475
720575941574452623,1.3056463915825085
720575941533354469,1.3056050932597973
720575941498640802,1.3055343041463459
720575941529775307,1.3054034680366793
720575941577019729,1.305335509375441
720575941536706753,1.3052830304036769
720575941489344309,1.3052098824297031
720575941633210565,1.3052088292272686
720575941538881778,1.3049581802820625
720575941655506644,1.304799090802173
720575941526404996,1.304742739072137
720575941551570586,1.30466275158673
720575941561352749,1.304610778647043
720575941428310100,1.3045898754443923
720575941447887636,1.3044672198878668
720575941479887267,1.3042201120535155
720575941506152005,1.304078581528684
720575941627053350,1.303851602347696
720575941627484454,1.3038233592571533
720575941608391498,1.3037571250697682
720575941542664284,1.3037005922273446
720575941431196920,1.3036898711962246
720575941547337140,1.3036804149946823
720575941575965273,1.3036767656122608
720575941557496691,1.3036126612456784
720575941534751208,1.3034924211202594
720575941431101615,1.3034859189420231
720575941466397462,1.3034233577678296
720575941594006891,1.3034002377484533
720575941452760647,1.303390977654391
720575941552529665,1.3033787409176956
720575941535419418,1.3033754569981124
720575941564279399,1.303257970170396
720575941545195656,1.303206005615631
720575941459554960,1.302944320282236
720575941553669092,1.3029388805632414
720575941576862545,1.3028994534870888
720575941508560082,1.3028709127471858
720575941565122614,1.3028457999829572
720575941494733767,1.3028286554914101
720575941520133367,1.3028132497663496
720575941645285576,1.3027650128115655
720575941535140362,1.3027241105689928
720575941449288314,1.3026422261775015
720575941505987713,1.3025327776719375
720575941538888061,1.3024830366337705
720575941577426265,1.3024549114080481
720575941659696184,1.3024493084065707
720575941628708646,1.3024340214785834
720575941681685693,1.3023614786353503
720575941533734426,1.3023287800663461
720575941519179480,1.3022045893313299
720575941518794668,1.3021652607948946
720575941616329685,1.3021180229006288
720575941525261222,1.3020491275374366
720575941439454783,1.301955187804859
720575941503667109,1.3019303657115857
720575941488278480,1.3018975592556228
720575941525922148,1.301837498066163
720575941478843872,1.3017637185440476
720575941432771470,1.301571099221302
720575941492446078,1.3014057496475506
720575941515638675,1.3013367665661497
720575941562349319,1.3013028140496776
720575941477293620,1.3012990677630663
720575941472114474,1.3010613405676144
720575941570513652,1.301052693560064
720575941488143824,1.3010111339897914
720575941560434035,1.3009247022850827
720575941435725100,1.3009134440423396
720575941438712923,1.3008555563898974
720575941504683570,1.3006894430222475
720575941687875035,1.3006307802617971
720575941625794186,1.3005534437535258
720575941553451236,1.3005151948538638
720575941532854501,1.300506880361616
720575941503710807,1.3004777570445447
720575941503658661,1.3004610893664383
720575941576983285,1.300401331310999
720575941495899465,1.3003883613745195
720575941468960576,1.300371301537061
720575941633187488,1.3003532372256301
720575941576979701,1.3003062346873178
720575941535955137,1.3002862911371686
720575941496356577,1.3002198052321197
720575941574694409,1.3002068298544698
720575941604241337,1.3000937661513532
720575941450561358,1.300064745911684
720575941408639535,1.30005858032506
720575941547336253,1.3000140736810766
720575941553008385,1.3000124169531142
720575941553786503,1.2999635025582503
720575941523066615,1.2999394169220315
720575941488337614,1.2998719489013386
720575941516100954,1.2998251657609052
720575941459312966,1.2997634161546885
720575941534024426,1.2997615456830458
720575941470195723,1.2996984571247434
720575941537925106,1.2995673223828208
720575941521111223,1.299467647845207
720575941519234520,1.2993825598272233
720575941506272802,1.299248761840702
720575941452456361,1.2992371889285925
720575941590822696,1.2991619734592548
720575941440581979,1.2991549316081674
720575941432147982,1.2991432085455579
720575941507336517,1.2991269617710781
720575941439063503,1.299105704722144
720575941552444807,1.2990827419277868
720575941549683006,1.2990470771967713
720575941492588976,1.2989640023683886
720575941437520607,1.298888475769861
720575941610917037,1.2988748982270897
720575941536301288,1.2987384711750787
720575941515702362,1.2987056179297696
720575941623332507,1.298675067844276
720575941624764268,1.298653245611465
720575941516229475,1.298629304045688
720575941485638150,1.298594287106192
720575941566431286,1.2985614812135642
720575941593631013,1.2985247661768504
720575941474945345,1.2984524576670584
720575941515614563,1.298414692637377
720575941481045155,1.298331025734315
720575941468589835,1.2982677784642378
720575941631952837,1.2981331352708567
720575941527196185,1.298115695812529
720575941529290628,1.2981155911795232
720575941661300792,1.2978944459626671
720575941504621506,1.2978086907715058
720575941413252241,1.2977119331118518
720575941432051214,1.2975666527603356
720575941530867075,1.2973933480950008
720575941543658428,1.2973902898154177
720575941590317352,1.297373629874567
720575941500919275,1.2972641356693555
720575941452738119,1.2972489719328082
720575941590870379,1.2972410617878978
720575941499006433,1.2971241921143462
720575941546363169,1.2971044136517558
720575941691311512,1.2967931662241705
720575941459559824,1.2967336117303725
720575941603720633,1.2967293679552245
720575941433194254,1.2967126008033683
720575941610393065,1.2967092528031938
720575941468384631,1.2966592447818694
720575941515934042,1.2966387199536085
720575941479729059,1.296278276899427
720575941533515139,1.2962778423269508
720575941532494424,1.2962244510153027
720575941543620028,1.2960492259830902
720575941519974104,1.2959795078918745
720575941530045624,1.2959508052870368
720575941593533803,1.2958398310798547
720575941494960254,1.2957954803480576
720575941631642860,1.2955919936885436
720575941592267478,1.2955568117320708
720575941477289780,1.295548523819973
720575941458900164,1.2953959817248142
720575941564530327,1.2953689800381953
720575941437428821,1.2953543540646268
720575941630970348,1.295279513212119
720575941571900488,1.2952661923071902
720575941412445332,1.295260400042783
720575941536301973,1.2952004414646565
720575941521503819,1.2951656023756517
720575941546216628,1.2951402081668661
720575941503509227,1.2951047105958713
720575941536519194,1.2950364947187714
720575941535539226,1.2950316969230122
720575941594160421,1.29499600635157
720575941591264652,1.2948791615299935
720575941526946050,1.2948663095521589
720575941578736629,1.2948574314740597
720575941616031189,1.2948048695104524
720575941568339706,1.2947068359846339
720575941645114785,1.2946448858138808
720575941689803227,1.2945444241564428
720575941678521021,1.294468761125238
720575941623972251,1.2944280177176595
720575941615528661,1.2944018294240514
720575941579195769,1.2943529052671918
720575941542477916,1.2943377144670205
720575941535241409,1.294329908704229
720575941486846416,1.2942645473746073
720575941516624600,1.2942530207513516
720575941556352420,1.2941491371335736
720575941482767869,1.294135890424372
720575941516616664,1.294101746720722
720575941564417024,1.294077709458866
720575941655569625,1.2940361631120736
720575941564623506,1.2939465702319362
720575941472113706,1.293846839963532
720575941510276562,1.293646278562881
720575941586627294,1.2936443788398835
720575941495495547,1.29359377803488
720575941537162010,1.2935851817592796
720575941486845648,1.2935357268815713
720575941408535343,1.2934849884963502
720575941621629692,1.2934732416256112
720575941505379493,1.2934305967053894
720575941560413043,1.2933868067101797
720575941502574315,1.2931878235518595
720575941549002868,1.293096111564316
720575941640900965,1.2930828129150116
720575941543812893,1.2930744107075325
720575941496284489,1.2930030453699464
720575941577039697,1.2929791600525902
720575941652880084,1.2929077281103547
720575941501994891,1.292882763050099
720575941475351611,1.2928585109250927
720575941564422290,1.29283485620998
720575941581663865,1.2928083936712615
720575941617069695,1.2927746602619705
720575941552761939,1.2927473776690828
720575941480421283,1.292746513805172
720575941540690717,1.292721113741008
720575941507048215,1.2927200907194534
720575941554765732,1.2926966015161603
720575941557576563,1.2926890036811725
720575941405843118,1.292674647743355
720575941459925318,1.2926681134371563
720575941502605963,1.2926640742033735
720575941432743054,1.2926369117469119
720575941589590782,1.2925875855943059
720575941573361334,1.2925814770966735
720575941488506318,1.292546010905718
720575941456373151,1.2924979728419403
720575941592428907,1.292375258620856
720575941552008959,1.2923587207026277
720575941585396358,1.2922244536373897
720575941505568069,1.2921847947650729
720575941433466126,1.2921804101883272
720575941492350590,1.292139080072963
720575941531484619,1.2920721836142641
720575941638321269,1.2919683068137227
720575941579768565,1.2919395247295424
720575941472867424,1.2917704207907936
720575941652841940,1.2916908092883659
720575941628010553,1.2915400486215287
720575941540030749,1.2915318602328192
720575941592328741,1.291511964012962
720575941590752396,1.2913035200318619
720575941595697285,1.2913034209088603
720575941688628342,1.2912282065765341
720575941449835898,1.291190624837427
720575941440714959,1.2911631626648108
720575941580623225,1.2911170548305797
720575941461223312,1.291043514911684
720575941573233403,1.2910073136397369
720575941494021760,1.290664800651244
720575941441894351,1.2905853471648538
720575941639520543,1.2905728001361436
720575941526954498,1.2905497142099949
720575941578888949,1.2905492777310086
720575941548447521,1.2903863382830545
720575941668688039,1.290335172557651
720575941472739168,1.2902958346554267
720575941609346534,1.2902951371688824
720575941639376245,1.290161164056495
720575941591753256,1.29002877462169
720575941480138882,1.289745667071859
720575941573290166,1.2895937176807237
720575941549461537,1.2895714519976138
720575941593798870,1.289555180070648
720575941578692697,1.289541930576707
720575941441615963,1.2895390179800854
720575941505592354,1.2895357301774433
720575941451729274,1.2894889405100032
720575941410062703,1.2894689667486383
720575941510475536,1.2894116134034779
720575941495636608,1.2893147987303795
720575941430120289,1.2893101310134285
720575941537878397,1.289303411482273
720575941428550537,1.2892053844502511
720575941565467287,1.2891131568765655
720575941616402133,1.2891107493724683
720575941506295461,1.2891092669330169
720575941602872054,1.288908871520382
720575941555222785,1.288859077143107
720575941470254400,1.2888291300975998
720575941603880182,1.2888037524931508
720575941590871550,1.2887996998369284
720575941513210371,1.288770909599756
720575941427621204,1.2887611137540305
720575941537845885,1.2886646539012256
720575941431806990,1.2886423769523456
720575941534946024,1.2886221805440954
720575941447834190,1.2885886470026426
720575941476032542,1.2885588679654942
720575941650822161,1.2885530896441448
720575941480096591,1.288377458351683
720575941489698249,1.2882902645437253
720575941670445479,1.2882189756651266
720575941560597775,1.2882182068046357
720575941539982797,1.2882005425150755
720575941474482737,1.2881632215299519
720575941525783373,1.2881534877724272
720575941390725270,1.2880549275769921
720575941530874755,1.2880080922707693
720575941639469343,1.2879671244873572
720575941481021181,1.2879488865822804
720575941652547601,1.2878648873241012
720575941490628839,1.287721335208337
720575941667123121,1.2877149123827374
720575941665539827,1.28770768701442
720575941537448061,1.2876811962601988
720575941501757323,1.2876268719947097
720575941574022248,1.2875757330264472
720575941392418710,1.287537517033687
720575941503680087,1.2875173715435075
720575941555674340,1.2874548890258586
720575941524965913,1.2874427933035506
720575941545372296,1.2874226961856683
720575941630936251,1.2873930259570021
720575941567030516,1.2873565259776716
720575941560410739,1.287290598955013
720575941526324226,1.2872829515600401
720575941489316149,1.2871897545244508
720575941545143688,1.2870263837109097
720575941456208031,1.2870005032859115
720575941687601782,1.2869374082867935
720575941653640465,1.2868866696279808
720575941617289855,1.2868558239118777
720575941568298746,1.2868422651238904
720575941429342817,1.2867796354553154
720575941483775298,1.2867292142018534
720575941442928042,1.28661149811881
720575941406488494,1.2865087194067841
720575941441065919,1.2865023963372872
720575941557337764,1.2862905529710076
720575941455714541,1.286109957099466
720575941628591330,1.2860728883863324
720575941577100625,1.286011424931803
720575941630131909,1.2859515572771207
720575941440620123,1.2858314963492414
720575941668481779,1.2858071453271915
720575941563345576,1.2857810445069093
720575941562979479,1.2857539421077862
720575941596430213,1.2857372226544395
720575941652590609,1.2856420762806189
720575941543316329,1.2855470540637444
720575941679017405,1.285537975663618
720575941552017663,1.2854777822117045
720575941533201857,1.2853299879844515
720575941433230368,1.285294021895094
720575941474745396,1.285158377172592
720575941505542946,1.2851439348914857
720575941411668847,1.2851216757484265
720575941511408849,1.2851039172466066
720575941539172501,1.285071544594208
720575941543635461,1.2849155466471869
720575941469043831,1.2849151315080343
720575941512938339,1.2848904210163676
720575941555393537,1.2848876842580716
720575941485217744,1.2848546151566893
720575941436005650,1.2846817020298795
720575941633779387,1.2846369529236201
720575941541544028,1.2846231677476048
720575941551480831,1.2845037373574983
720575941612425190,1.2844236883399955
720575941507446401,1.2844164246527934
720575941722031674,1.2843611914900017
720575941681678525,1.28431558924537
720575941655496148,1.2842198430468321
720575941557948068,1.2841553566514443
720575941656372304,1.2840821075931688
720575941573338294,1.284073071663694
720575941563563879,1.2838363311444023
720575941614309395,1.2837682896246654
720575941603759801,1.2836011956550244
720575941533288129,1.2835627314689548
720575941551589274,1.2835442706586233
720575941450362037,1.2835124480322992
720575941488156361,1.2834137337314697
720575941495736448,1.2834106683895758
720575941491626727,1.283383061996505
720575941594856662,1.283375773489031
720575941527845798,1.283372863395211
720575941440928975,1.2833063485059324
720575941507255621,1.2832939104516587
720575941508299554,1.2832916493703488
720575941547159476,1.283246583110185
720575941543635205,1.2829935176356833
720575941507758103,1.282984999377456
720575941458635475,1.2828754666571882
720575941474126944,1.2828729540427548
720575941447399005,1.2828473577067654
720575941475342122,1.2828443260331142
720575941549165823,1.2828412539135816
720575941524020226,1.2828126438962164
720575941546436713,1.2827950288433323
720575941497723298,1.2827878578461973
720575941622226428,1.2827574817074299
720575941452122163,1.2827457534282414
720575941519866840,1.2826570328144873
720575941464272982,1.2825566297299733
720575941544710405,1.2824616828018844
720575941432709262,1.2824520898305019
720575941516761516,1.2824247856501518
720575941661416060,1.282294743847246
720575941618008447,1.2822100148236286
720575941529825464,1.2822074761806952
720575941458362835,1.2821579585749732
720575941665441523,1.2821355286512655
720575941533094081,1.2821334495881163
720575941632722875,1.2820844027233353
720575941656205904,1.2820620792345538
720575941552590910,1.2820232579961983
720575941595761445,1.2819417985405088
720575941473429290,1.2819377280857402
720575941495133127,1.281876980523407
720575941501705522,1.2818706721542057
720575941492284286,1.2818468343055134
720575941689789848,1.2818442568131505
720575941474476830,1.2817980189961957
720575941566204470,1.2816086903528237
720575941525267110,1.2814849218091442
720575941687911663,1.281477650008675
720575941544954556,1.28147179448721
720575941542442076,1.281374645343306
720575941536601576,1.2813278433075972
720575941633557179,1.2813074770960495
720575941555526436,1.2813063898976067
720575941566913786,1.281273037542656
720575941435778834,1.2811240478119112
720575941590014775,1.2810950593074004
720575941525803853,1.2810837215304616
720575941564432786,1.2810786338671682
720575941480554370,1.2810230795123279
720575941590342440,1.2810182266394285
720575941524021069,1.2810149473901071
720575941496858953,1.2809678353858236
720575941458969414,1.2809138938420208
720575941480391366,1.2807031354881226
720575941563678720,1.2806255119498753
720575941439203925,1.280606560799156
720575941567123444,1.2805356688361191
720575941441974479,1.280457700948841
720575941457223494,1.2803873846857314
720575941555458852,1.280340993793368
720575941667257009,1.2802172244271193
720575941687586060,1.2801762412176003
720575941488548302,1.2799803307905955
720575941612489369,1.2799231074581048
720575941516590552,1.2799004769680706
720575941667400179,1.2798244944203707
720575941603732921,1.2798154693568065
720575941563334912,1.2797809115233347
720575941642530504,1.279718623990968
720575941609426918,1.2796430662228462
720575941689977496,1.2795910135176918
720575941489377737,1.279436490749261
720575941483764621,1.2794339131248895
720575941451922810,1.279399742114925
720575941570304926,1.279347036548811
720575941720592698,1.279280228306134
720575941536204826,1.2792134786066105
720575941553506020,1.279180204968727
720575941559954703,1.2791662987707682
720575941429444823,1.279124127430531
720575941629134050,1.2790442476638524
720575941430160120,1.2790326003357808
720575941585234910,1.2790175338954015
720575941597558428,1.2790015173519558
720575941624915402,1.2790001446910935
720575941638407199,1.2788767945006485
720575941586427972,1.2787790104133065
720575941572620446,1.2786431226219643
720575941495343047,1.2785679197752546
720575941516146092,1.2785217932980555
720575941595453317,1.2784551632220549
720575941505929506,1.2783827979523072
720575941530869891,1.2783427983281936
720575941464187734,1.278149024037255
720575941593486806,1.2781271625027888
720575941525263014,1.2780576587991772
720575941409031595,1.278031039392735
720575941468221149,1.2780145701213739
720575941435838226,1.2779477940247896
720575941438613215,1.2779434103320964
720575941534902616,1.2778787920111887
720575941614433945,1.277846227768832
720575941477812131,1.2777841923311524
720575941503524914,1.2777283968629538
720575941505620770,1.2776600751337186
720575941496165499,1.2776555402986964
720575941461875908,1.2774902368552707
720575941562045952,1.2771865459850138
720575941431066543,1.2770888997860415
720575941495147719,1.277047865353273
720575941535048458,1.2770346645983075
720575941505102396,1.2769540249114435
720575941632675771,1.2769368111166925
720575941630080038,1.2769155994315755
720575941540205181,1.2769008058775448
720575941512880643,1.27683937622263
720575941572817551,1.2767740108771326
720575941428975864,1.2767202906449793
720575941480556162,1.2767175637249217
720575941592911144,1.2766317660766333
720575941409978223,1.276545052939694
720575941480832186,1.276491028254666
720575941592758891,1.276364505532143
720575941513953939,1.2763590145058799
720575941504121394,1.2763428525853755
720575941579879157,1.276322247632331
720575941438261845,1.2763107406115526
720575941603905014,1.276184112307366
720575941515017306,1.2761732531978673
720575941628221497,1.2761570931248507
720575941431160279,1.2760583543495776
720575941563978294,1.2760325758731164
720575941439445823,1.2759922780624235
720575941576941045,1.2759273407829834
720575941529799608,1.275893266349568
720575941516905838,1.2758832422844055
720575941573590267,1.275772536018422
720575941496011719,1.2756937349508553
720575941504328791,1.2754339820257454
720575941507228545,1.2753519093001078
720575941430796536,1.275329876799448
720575941565385006,1.2752127660862407
720575941439622111,1.275139879451743
720575941526406532,1.2751165688175217
720575941563866536,1.2751015220180633
720575941645076897,1.2749441472845326
720575941491613671,1.2748532213708874
720575941438410514,1.274765847334517
720575941668463347,1.2747153202051487
720575941684706543,1.2746882408434097
720575941723160122,1.2745595202160687
720575941399010595,1.2745449790234915
720575941412307345,1.2745299052729562
720575941507243589,1.2745077323486351
720575941518416238,1.2744778050248244
720575941436750911,1.274422342545385
720575941611603475,1.27408908786568
720575941599049152,1.274033454291402
720575941537603197,1.274011905940256
720575941562404008,1.2739701593686272
720575941537857256,1.2739064044172677
720575941652057305,1.2738893391140844
720575941572285449,1.2737586623734496
720575941404748144,1.2736883504863026
720575941526432388,1.2736490153236977
720575941652716305,1.2734993458669717
720575941558704164,1.2733938241393594
720575941631060972,1.2732858520057004
720575941518560366,1.2732128922591988
720575941562594194,1.2732031665712495
720575941470575479,1.2731969214107108
720575941501802434,1.2731725132775957
720575941449617230,1.2731583455688524
720575941494164608,1.273103212813767
720575941508255266,1.273041119074962
720575941459285700,1.2729404765641033
720575941566132119,1.2729327575024536
720575941518446702,1.272840144554463
720575941562512018,1.2725836933908685
720575941506628225,1.2723846299633554
720575941464698646,1.2723456772507822
720575941557974287,1.2723381671620815
720575941571524872,1.2722563364778061
720575941457932703,1.2722008205872575
720575941610223974,1.2721494826798425
720575941405863854,1.2720968845592566
720575941609446630,1.2720458387781537
720575941466401622,1.2719629071566734
720575941678584253,1.271791455350267
720575941548965492,1.2717515349922452
720575941424973396,1.2717469255522065
720575941558531117,1.2716830778588377
720575941472571451,1.271681669920025
720575941535771058,1.2715966674923485
720575941543045149,1.2715478578573225
720575941490833072,1.2714797094243424
720575941450620494,1.2713563957885214
720575941581641311,1.2713551520627497
720575941532187626,1.2712774471831016
720575941526693220,1.2712772011827573
720575941453195945,1.271233586471573
720575941649926129,1.2710852507345098
720575941517695148,1.2710474539812788
720575941473818720,1.270931277840696
720575941516766574,1.2709227537725085
720575941537110554,1.2709202444822225
720575941526690841,1.2708404754762936
720575941524185419,1.2708281003307584
720575941574548219,1.2707831323116456
720575941617170047,1.2707566364891014
720575941589194494,1.2706536881239774
720575941629121004,1.270636253244586
720575941489308213,1.2705440580603804
720575941537591245,1.2704983739537044
720575941449938013,1.2703986485730534
720575941610817709,1.2703963793289055
720575941503508018,1.27036135919886
720575941586381534,1.2703093115370556
720575941505988165,1.2702908519399254
720575941630971372,1.2702902211777345
720575941533316874,1.2702054312024003
720575941449893959,1.2701585570464393
720575941524962585,1.2701448016571024
720575941438418476,1.2700638034481648
720575941573751305,1.2699797240187096
720575941471319904,1.269913498448396
720575941592527143,1.26976637124466
720575941592242646,1.269760953959674
720575941435780114,1.2697585351331382
720575941572872079,1.2697439299889453
720575941438700479,1.2696410352097163
720575941570128498,1.269627480838826
720575941623411611,1.2695852358500306
720575941588091204,1.2694839508431035
720575941409939055,1.2694220607899485
720575941596748933,1.2693954986870184
720575941552621118,1.2693557006970393
720575941687952859,1.2693390470019121
720575941463144336,1.269308408097447
720575941407793455,1.269291524920483
720575941466737494,1.2692202514786792
720575941591683212,1.26918013939819
720575941437157676,1.2691160601389526
720575941451921274,1.2690997676395679
720575941433061646,1.2690426922231415
720575941545219464,1.268935075435704
720575941511503058,1.268906767629597
720575941565515671,1.268842088380917
720575941503499755,1.2687471231690859
720575941521741239,1.2686185706379103
720575941537796989,1.2685993997917548
720575941537583331,1.2685596204838767
720575941702076634,1.2684947617913915
720575941540215501,1.2684387550323566
720575941605057901,1.2683858317312746
720575941447052469,1.268308542942358
720575941668742567,1.2682976297553934
720575941601209590,1.268075880977926
720575941544720133,1.268059754912339
720575941537007602,1.2680350402297316
720575941601223158,1.2679272170030997
720575941587190583,1.2679180711943059
720575941600902841,1.267902235566953
720575941470799223,1.2678940911112697
720575941438471212,1.2678589860264204
720575941430016905,1.26752895272146
720575941566170422,1.2674083362514428
720575941495128446,1.2673461595910145
720575941553311386,1.267335650320119
720575941625972123,1.2673029209110747
720575941404711792,1.2671889186530834
720575941594303527,1.2671685952423009
720575941515223555,1.2671012931170416
720575941504247575,1.2670632674094455
720575941505393980,1.2669972300464647
720575941547017660,1.2669920938290256
720575941456052976,1.266987849831714
720575941590250536,1.2669590553599994
720575941450393013,1.2669274815106897
720575941650814737,1.2668808166076175
720575941576927057,1.2668334319394492
720575941526666317,1.2668116376397363
720575941555222273,1.266806514219193
720575941659653712,1.266726085756992
720575941565453719,1.2666403465745841
720575941534942440,1.2665979314710416
720575941507538561,1.2665258350861188
720575941472297787,1.2665043748424758
720575941597855273,1.2664642216321251
720575941480524162,1.2663561075848617
720575941557352686,1.2663004933090134
720575941550932991,1.266287987707921
720575941439017423,1.2662763248273274
720575941443853482,1.2662494707009333
720575941574675869,1.266214163036102
720575941545488901,1.2662123345805074
720575941617281151,1.2662000107678502
720575941501837506,1.2661403923285668
720575941630556320,1.2661353020738886
720575941520337655,1.266059704500227
720575941545440392,1.2660447794403287
720575941587362103,1.2660225356639976
720575941412778897,1.2659761973575132
720575941562403079,1.2659128125392196
720575941535118314,1.2658863999014383
720575941572424264,1.2658470320270487
720575941614290073,1.2658361180140492
720575941457628912,1.2658234329699225
720575941494963582,1.2657986176488183
720575941496663936,1.2657307523438583
720575941477553376,1.2656935941227072
720575941490804656,1.265690277717428
720575941611989165,1.2656891425160315
720575941557388708,1.2656650467338406
720575941523985410,1.2656417019065473
720575941566133558,1.265625404818542
720575941549701182,1.2655896187829725
720575941576223592,1.2655895816114056
720575941542325253,1.265579411670026
720575941513355610,1.2655530005909914
720575941650693905,1.265551698905576
720575941595972465,1.2654356780682172
720575941458203859,1.2653929452058423
720575941685783564,1.2653299365238067
720575941477662001,1.2653293157888905
720575941603896254,1.265182386966927
720575941729980203,1.265118648959929
720575941639303285,1.2650476917044102
720575941474806068,1.264950064338933
720575941526876838,1.2649400263741968
720575941506261538,1.2649033035581083
720575941505949825,1.2648777765674133
720575941461393296,1.2647931559768
720575941516099500,1.264725175981822
720575941572437662,1.264721268696291
720575941574549000,1.2646929134573366
720575941491354828,1.2646272426541303
720575941513087564,1.264098306044795
720575941523062007,1.2640604417724672
720575941732537387,1.2640418722600373
720575941546829601,1.2639917601587702
720575941568390138,1.2639804349768926
720575941665418483,1.263968815774992
720575941659414096,1.2639657254392866
720575941479129283,1.263965437574552
720575941522782967,1.2639214432905812
720575941606676845,1.263878458491284
720575941542514268,1.2638701445832494
720575941428193199,1.263852315811432
720575941558995471,1.2638208519820633
720575941492697264,1.2637735653583086
720575941662348344,1.2636833461978314
720575941477430833,1.2636608479372538
720575941545273861,1.263638338333965
720575941518341815,1.26362942767527
720575941555938899,1.2635880397268033
720575941435308686,1.2634009901731165
720575941599321385,1.263326045917456
720575941411866027,1.2632977409871555
720575941557473572,1.2632444046275864
720575941540263805,1.263212227930896
720575941485406274,1.2632065303299846
720575941454912051,1.263142833872838
720575941540247501,1.263114643603493
720575941651536113,1.2631116546224321
720575941467215069,1.2630720724222555
720575941471064331,1.2630702106203564
720575941475963697,1.262998417773605
720575941477955491,1.262994909298258
720575941586432068,1.2628268019612594
720575941589967159,1.2627079300588915
720575941468766429,1.2626930851242946
720575941545486524,1.262672126079327
720575941502628695,1.2625586719864343
720575941428430767,1.262538236545867
720575941568302330,1.262517870558994
720575941469045824,1.2624132747171641
720575941481985475,1.2623823007601225
720575941610537692,1.2623559906440742
720575941477443358,1.2621932978653767
720575941457219398,1.2621829161111786
720575941625342777,1.2621617284052689
720575941497832777,1.2621478823354548
720575941536390130,1.2621414542665808
720575941557943155,1.2621321670879548
720575941460087251,1.2621244262000935
720575941468312695,1.262028935864606
720575941570203124,1.262022560415803
720575941533802266,1.2619846199115445
720575941520333047,1.2619166612297437
720575941574704649,1.2618692148898372
720575941574184699,1.2617484324616646
720575941623439754,1.2617164315635157
720575941490856880,1.2617116320796413
720575941576958197,1.2616663299451276
720575941583637214,1.2616340246296172
720575941607587181,1.2616003420026278
720575941432162145,1.261568174056606
720575941575362447,1.2615355781005007
720575941568708398,1.2615345035627923
720575941561289517,1.2615073178525475
720575941563318070,1.2614587072042178
720575941501786930,1.2614338821483762
720575941583208582,1.261377590195742
720575941526723940,1.2613298140565918
720575941537872253,1.2612988967275878
720575941496013767,1.2612417766323658
720575941730016811,1.2612287522227978
720575941585922694,1.261093330109597
720575941533946456,1.2610414368841563
720575941471160183,1.2608957221456583
720575941451941498,1.2608780299968905
720575941601266678,1.2608625685542203
720575941668619431,1.260810725210092
720575941574671517,1.2607854464671522
720575941626973990,1.2607253223535537
720575941573188278,1.2607150651168395
720575941451814215,1.2607133130657169
720575941563670023,1.2607105889883476
720575941549063167,1.2606585942268183
720575941526429060,1.2606295052453718
720575941401814307,1.2606198890021267
720575941579876085,1.2604388701421656
720575941542797829,1.2604379167564583
720575941474985793,1.2604177824911993
720575941468610059,1.260397327923509
720575941436019232,1.2603956944025476
720575941456660717,1.2603754490674821
720575941657721624,1.2602644080565077
720575941433546528,1.2601994396337066
720575941659661624,1.2601045154479518
720575941439011279,1.2598924248545975
720575941689397656,1.2598834643024863
720575941557516782,1.259880017771626
720575941587396151,1.2598580264626584
720575941559969295,1.2598300165050769
720575941569601650,1.2597611811170313
720575941555458387,1.2597426082093426
720575941550577780,1.2597146706166262
720575941403942768,1.2596996686949493
720575941625957019,1.2595841755058914
720575941624831228,1.2595752858576206
720575941439620415,1.2595474727363343
720575941544688308,1.2594626684059347
720575941409796975,1.2594492216018076
720575941505872965,1.2593345433357266
720575941479563650,1.2592995250746712
720575941645203576,1.2592226561669022
720575941414258065,1.2591697224766003
720575941562287202,1.2591538812670513
720575941687786870,1.259087997079291
720575941503507947,1.2589606537846676
720575941531288267,1.2589592427831986
720575941482969030,1.258953674183094
720575941530298315,1.2588101447894986
720575941476555329,1.2587911747791773
720575941516768472,1.2587799182156056
720575941614850517,1.2587277245913568
720575941626243722,1.2587153048362252
720575941449929309,1.2586685000715798
720575941480566095,1.2586388035095
720575941503596197,1.258590830685907
720575941479188960,1.2584109983619278
720575941461227152,1.2583721290496355
720575941563466152,1.258372057936924
720575941492421758,1.2582790834674278
720575941469040503,1.2582571219363081
720575941531464677,1.2581117845607221
720575941685621004,1.2580886674681153
720575941478396778,1.2579019922456305
720575941494330750,1.2578869498133805
720575941593683051,1.2578299572260117
720575941523071223,1.2577234510401294
720575941410073711,1.2575907291295343
720575941536499226,1.2575736661830246
720575941533345034,1.2575033748268358
720575941616580053,1.2574894689077876
720575941537638627,1.2573949026810163
720575941462261188,1.2573584517417506
720575941532349362,1.2572837865865696
720575941473755946,1.2570374882267952
720575941433384480,1.2570193361539712
720575941475696746,1.2570146037826808
720575941580671097,1.2569454985861448
720575941577436761,1.2567877946887012
720575941480987066,1.2567545892713978
720575941610871782,1.256716605108084
720575941645238728,1.2566930234636418
720575941482212605,1.2566567553397703
720575941578492761,1.2566371721624705
720575941468799499,1.2566111682522292
720575941531428581,1.2566070508982656
720575941414330001,1.25657946900749
720575941456340895,1.2565742147675916
720575941594225191,1.2565701423043254
720575941439151378,1.2563957278865838
720575941435581740,1.2563749996351805
720575941498989897,1.2563488766173172
720575941449875893,1.2561467711068872
720575941556195300,1.2561195746760474
720575941536309141,1.256041060513033
720575941496299593,1.2559569315798296
720575941555525971,1.2559445248398768
720575941504157675,1.255935293782464
720575941623385755,1.2559138992298877
720575941461494483,1.2558676881920092
720575941557612915,1.255815376661224
720575941500845035,1.255785036171818
720575941501675826,1.25577741453459
720575941449358970,1.2557749462862504
720575941595958385,1.2557038149931878
720575941563938358,1.2556635194548695
720575941504810290,1.2556034896672916
720575941482019523,1.2555127952327272
720575941520087223,1.255398890885454
720575941555504723,1.2552954125199385
720575941511390673,1.2552743053473063
720575941574652317,1.255159744312322
720575941481008323,1.2551321693657624
720575941524196683,1.2549358574567977
720575941434457998,1.2548474917439238
720575941473867616,1.2548020003040425
720575941472826976,1.254673357916902
720575941500263842,1.2545685608193387
720575941512505411,1.2545655117384982
720575941489089255,1.254483959963446
720575941608429386,1.254438051205045
720575941631837856,1.2543657857560917
720575941643474789,1.254354552193189
720575941500930955,1.2543333319318855
720575941628349990,1.2541415158222777
720575941515989082,1.2541041836502826
720575941557207076,1.2540512384765892
720575941478444879,1.2539269203540395
720575941503644581,1.2539173172580715
720575941447048117,1.253913476685785
720575941558153261,1.253764676591661
720575941663484028,1.2537228033944834
720575941392605590,1.2536390674684827
720575941575595112,1.2536274532199139
720575941532915429,1.2535647565261085
720575941609411245,1.2533437192794443
720575941496288073,1.2532157479929926
720575941575419401,1.2531794058098003
720575941522790475,1.253075478156493
720575941537631181,1.2529661201477449
720575941527231746,1.2529166294768188
720575941479901058,1.2529085851114938
720575941433060622,1.2528843449809524
720575941611059274,1.2528569083207026
720575941464073558,1.2528448675632895
720575941616556245,1.252787126703428
720575941609482413,1.2527134763811125
720575941477415473,1.2527000443500214
720575941456244127,1.2526533263160005
720575941722210362,1.2526510570281357
720575941529748427,1.252574321073446
720575941570830408,1.2525477111745933
720575941594311025,1.2525346856028552
720575941451335246,1.2524599549406505
720575941537487592,1.2524165921181922
720575941458107039,1.2524130183551878
720575941512827345,1.2523979181258345
720575941565376046,1.252395437225174
720575941476214833,1.2523630166344752
720575941507568709,1.2523406630031475
720575941601298617,1.2523196938884182
720575941576680949,1.252259741854258
720575941569356794,1.2522512854199874
720575941470291319,1.2522155650016602
720575941660282168,1.2521369551175863
720575941546687009,1.2521042393600648
720575941460195780,1.2520503654723905
720575941655504084,1.251948903179232
720575941468357239,1.2518814906902542
720575941561334061,1.251844787382196
720575941484125702,1.2517985703740144
720575941636455029,1.2517444364238577
720575941656978256,1.2515873374952349
720575941455180525,1.2514546592128108
720575941518351543,1.2514097205121064
720575941494925182,1.2513899062659675
720575941535862506,1.2513728669641193
720575941432183566,1.2513446134036688
720575941470865216,1.2513282361103297
720575941443946154,1.2512969129691682
720575941512498252,1.2512669090165154
720575941525792002,1.2512449758269475
720575941486524678,1.2511950670260714
720575941501969714,1.2511780955555458
720575941438651071,1.2511547278396682
720575941561409682,1.251133973834031
720575941651815445,1.2511261887280596
720575941474552372,1.251081753348573
720575941594333991,1.2510804494958938
720575941469024064,1.2510521219422068
720575941530751363,1.250975564793392
720575941608538954,1.2509737244841361
720575941524064077,1.2509498535415335
720575941583665630,1.2508763667553975
720575941429194633,1.2508726545714601
720575941516302329,1.250842519765481
720575941492249776,1.2507740447149647
720575941609429350,1.2506296740193343
720575941533348739,1.25061488323113
720575941529815992,1.2505312723669357
720575941610618982,1.2505268385630515
720575941498958409,1.2505012137382907
720575941572433822,1.2504466350714003
720575941404981360,1.2503978233317559
720575941494149248,1.250384735953908
720575941564421015,1.2503668761956128
720575941611688681,1.2503636615566718
720575941514535244,1.2503167310782868
720575941519246552,1.2502407415375376
720575941437249836,1.2502173378136703
720575941545281928,1.2501812949370938
720575941456588013,1.2501517524199224
720575941449983581,1.2501510312112432
720575941537141786,1.2500575072716962
720575941447973140,1.2500007983240053
720575941527110840,1.2499432296092394
720575941429526743,1.2499046470688444
720575941480809146,1.2498505159524105
720575941483266246,1.2498401133925157
720575941515152195,1.2497675157212906
720575941570676552,1.2497627683624943
720575941652536593,1.2497097140599318
720575941501043179,1.2497041905119841
720575941687572492,1.2494765955225284
720575941475985201,1.2494674674569128
720575941588661388,1.2494288704596002
720575941473987168,1.2494148262220284
720575941617190527,1.2493634495098724
720575941527833016,1.2492398734701957
720575941576954357,1.2491961191717071
720575941438773548,1.2491458077618556
720575941565324846,1.249140472763642
720575941513297401,1.2491354472965805
720575941440354389,1.2490619567188292
720575941658936144,1.2490616568392066
720575941614889941,1.249021084383426
720575941533119242,1.2489611565313392
720575941554566042,1.2488903799899211
720575941469063031,1.2488689635785724
720575941572082953,1.2487817601914817
720575941489662921,1.2487551613720775
720575941428223480,1.2486987689257423
720575941560433267,1.2486951318974366
720575941562021544,1.2486729301981236
720575941591499627,1.2486483906867232
720575941474980417,1.248586857714046
720575941516777107,1.2485167551764014
720575941536196757,1.248448599143787
720575941579889653,1.2484043735645156
720575941643086162,1.2483816512812795
720575941527843768,1.2481526916049483
720575941579616081,1.2481211300398556
720575941445707284,1.2479862998277735
720575941493701246,1.2478908284050731
720575941488559564,1.2478484546988786
720575941496638592,1.2477586708275303
720575941572673950,1.2477286209744534
720575941430250377,1.2476269805310891
720575941595832732,1.2475924332956407
720575941558648109,1.2475479732419426
720575941444828842,1.247540854690946
720575941703350746,1.2475075061271492
720575941620273535,1.2474861300281652
720575941659400984,1.2474075801154625
720575941642560161,1.2473583482998056
720575941455579885,1.247319245031542
720575941350396464,1.2472555542999968
720575941458892740,1.2472160290193586
720575941445211156,1.2472086112921132
720575941578339061,1.247106706925411
720575941685775116,1.2470800054963436
720575941545080252,1.247074031952673
720575941652038421,1.2470643180973733
720575941623154634,1.2470072283149785
720575941478631786,1.2469350406759654
720575941474491697,1.2469172366851478
720575941589986359,1.246909471285615
720575941612286428,1.246874725494463
720575941519117491,1.246818027025053
720575941505478690,1.246735322724023
720575941409904495,1.2467331378648672
720575941687586316,1.2467314265677125
720575941491136718,1.2467186643929369
720575941535110890,1.2465551041698781
720575941592998769,1.2465544962109638
720575941527220920,1.2464993329563592
720575941572719006,1.2464166238640102
720575941627973433,1.2463922321804974
720575941590898027,1.2463304261883272
720575941402032240,1.2463037838479762
720575941478289376,1.2462777969546492
720575941484265981,1.24627208418212
720575941478980226,1.2462594856535005
720575941628630054,1.2462401416000788
720575941459562128,1.24622698673933
720575941544212412,1.2461872692695841
720575941536203034,1.2461228295894133
720575941528401611,1.246071570720348
720575941471925056,1.2460329323616082
720575941548246920,1.2459033384266383
720575941471138935,1.2458579869525468
720575941632198560,1.2458479945363257
720575941602323897,1.245834356356994
720575941428654255,1.2458155765449632
720575941623284362,1.2458155192705342
720575941520367095,1.2457700018688744
720575941490096334,1.2456984335039123
720575941595529861,1.2456426858784346
720575941630933947,1.2456399297432408
720575941603899070,1.2456144776572518
720575941483452346,1.2456103685382296
720575941608317037,1.2455661169498142
720575941564682135,1.2455336075178707
720575941436378898,1.2454694991988642
720575941459113683,1.2454384927426891
720575941486128269,1.245352831999651
720575941472130315,1.245318924403445
720575941456041712,1.2453004220561519
720575941550971783,1.245282958323269
720575941609673802,1.2452219470218502
720575941545234356,1.2450983947317253
720575941479354498,1.245019875698463
720575941652078869,1.2449396041354512
720575941438445330,1.2448339728298607
720575941514658906,1.2448293885109118
720575941446655252,1.244794830702138
720575941535323058,1.2447555685039224
720575941574224379,1.2447431448139428
720575941732541739,1.2447359290094424
720575941638556703,1.244588291779951
720575941610536924,1.244475449864869
720575941447423837,1.2444711039294964
720575941651847189,1.244451007182085
720575941691012248,1.2444474735834217
720575941442385834,1.2444409417554536
720575941612039142,1.2443924465568803
720575941534843073,1.2443228334463556
720575941480570242,1.2443223931959655
720575941539075314,1.2443107384155152
720575941513411930,1.2442501654009197
720575941583186566,1.2442353184772321
720575941481012989,1.2442295539679775
720575941460885005,1.244159947530128
720575941411715985,1.2441542737050946
720575941561743872,1.2441265209522137
720575941399595555,1.2440980681946754
720575941470380043,1.2440860654413146
720575941547048052,1.2440762232624123
720575941588006212,1.2440549480877925
720575941434870560,1.2440066342764236
720575941628730150,1.2439476644578367
720575941503528171,1.2439125775037165
720575941499725986,1.2438829027557436
720575941521069751,1.2438818124252364
720575941504365847,1.2438719179166504
720575941536530458,1.243802495068466
720575941499494306,1.243742880702782
720575941574984201,1.2437108156950043
720575941571730077,1.2436955727546044
720575941574768392,1.2436559347546423
720575941556199652,1.2436534418964256
720575941434720910,1.2435871342417464
720575941495964615,1.2435629178344225
720575941523052279,1.243543967519194
720575941615300249,1.2435344876877306
720575941400688419,1.2434745697351886
720575941613437916,1.2434463400619264
720575941471916864,1.2433215526351231
720575941535331082,1.243190584974914
720575941449758389,1.2431261406424554
720575941475609194,1.243116020528516
720575941544606388,1.2430435384411154
720575941552477697,1.2430420823045676
720575941611234662,1.2430055435407303
720575941508298786,1.2429978171455716
720575941458395347,1.2429472474493222
720575941431072137,1.2429341346742486
720575941457153094,1.2429131558345727
720575941479889315,1.2427598482046887
720575941478385743,1.2426581270170822
720575941413914652,1.2425089796702053
720575941563169704,1.2424661495785723
720575941596229253,1.2424217754620215
720575941463704077,1.2422936887014484
720575941485135426,1.2422289642367508
720575941497211042,1.2421514991547924
720575941548507425,1.2420844535407871
720575941435429676,1.24205018017182
720575941462423952,1.2420096459914967
720575941560090862,1.2418715538767091
720575941565486855,1.241852138252373
720575941557413284,1.2417872773741077
720575941474819380,1.2417365227944919
720575941643148901,1.2415360568079323
720575941565003062,1.2415321806473127
720575941524010340,1.2414602659230103
720575941629338860,1.2413850100154715
720575941649039637,1.2413152084592436
720575941593742449,1.2412600547699595
720575941591762984,1.241215762312908
720575941559170030,1.2411678066978507
720575941533989976,1.2411574419996172
720575941513356122,1.2411101585287145
720575941638551327,1.2410839770884146
720575941533786906,1.241021548040764
720575941562467682,1.2409618537789653
720575941470384907,1.2409514955817196
720575941586445534,1.240924333916193
720575941576562792,1.240915839188634
720575941532334424,1.2409004227513973
720575941498657954,1.2408845175399603
720575941574672029,1.2408769607841783
720575941410113451,1.2407835771495415
720575941456653293,1.2406440303234407
720575941525445145,1.2406221186490998
720575941649885937,1.2406200371224205
720575941405815343,1.240591548957062
720575941584891782,1.2405521943683215
720575941480529282,1.2404436264813095
720575941502158059,1.2403532010765284
720575941550676029,1.240349581984784
720575941431996174,1.2403172711694395
720575941549166079,1.2402948324425787
720575941655882776,1.2402854502377962
720575941559092462,1.2402649365780252
720575941351919408,1.2402357403319475
720575941449660509,1.2401390622129995
720575941540466381,1.2401352363528928
720575941628601058,1.2400967190008947
720575941565099623,1.2400389550548385
720575941549984289,1.2400192591697343
720575941447799118,1.2399124326974333
720575941459705503,1.2398857392522924
720575941393489302,1.2397983987977397
720575941489388236,1.2397373784900592
720575941352743472,1.239721232600101
720575941637721205,1.2396989929589088
720575941562899607,1.2396660421922618
720575941576954961,1.239649836463343
720575941524078925,1.239620620908809
720575941575824217,1.2395495605200377
720575941537933042,1.2395168111870316
720575941443863978,1.2394754751835275
720575941485321424,1.2394230300764915
720575941428495535,1.2393757613184075
720575941478527311,1.2392870715840831
720575941599459881,1.2392539646330107
720575941472847712,1.2391068135769312
720575941571959880,1.2390487017022602
720575941435340430,1.2390032111467868
720575941580883065,1.238770821677357
720575941475799658,1.2386089570687593
720575941598660288,1.238518201621316
720575941523755778,1.238481786915734
720575941544706053,1.2384451683190003
720575941434878496,1.2383692734140266
720575941588919863,1.2383036594286436
720575941573346230,1.2382370096528215
720575941450628218,1.2382328827766567
720575941492419504,1.2382088480574802
720575941626235530,1.2381739328350128
720575941491903152,1.23810575135461
720575941654036185,1.2378293584510247
720575941559281679,1.2378190956093063
720575941583378271,1.2378044471050622
720575941491584743,1.2377962847512967
720575941564101383,1.2377364519554455
720575941638266229,1.2375813190603544
720575941540253389,1.2375744914638092
720575941549329663,1.237562292850505
720575941516770670,1.2375506371159946
720575941477345332,1.2375480333393263
720575941562036743,1.2375152970882721
720575941571519483,1.2374815227676172
720575941553517796,1.2374262426162388
720575941554025499,1.237410681218308
720575941498493819,1.2374090279770527
720575941532476248,1.237396926038604
720575941512470339,1.2372798389518165
720575941545286792,1.2372702066113874
720575941393722006,1.2371954359161796
720575941690766555,1.237116963478132
720575941489792206,1.2371043858593107
720575941484390978,1.2370662842052842
720575941703161306,1.2370359285054513
720575941477879426,1.2370034875781435
720575941671417511,1.2368877180532523
720575941536504602,1.2368243152326992
720575941565503127,1.236794123132371
720575941595779264,1.2367754922159575
720575941633542075,1.2367475136619774
720575941526527876,1.236740448944867
720575941449741237,1.236722966346762
720575941510621968,1.2366612536103685
720575941449255290,1.2366480718606192
720575941700504794,1.236644387002764
720575941428132856,1.2366046837456222
720575941505685854,1.2365789612666802
720575941605021293,1.2365660663672622
720575941493327024,1.2365641844489272
720575941481059258,1.2364834120181665
720575941480490114,1.2364583824489745
720575941514096531,1.236408157008228
720575941569639326,1.2363381873477939
720575941505457954,1.236180871088707
720575941512808780,1.2361448248692373
720575941586375390,1.2360778996983262
720575941639350389,1.2360409909188208
720575941633163707,1.236019868658055
720575941564097031,1.2359938783404283
720575941452429690,1.2358728413489795
720575941594417777,1.2358459975057143
720575941547175092,1.2357656349275723
720575941517484142,1.2356778446853576
720575941499424395,1.2356562158147535
720575941466521622,1.2356400111043393
720575941559946478,1.23563423613783
720575941546999740,1.2355896768712855
720575941532458730,1.2355108781493325
720575941448919901,1.2354607138565497
720575941531252939,1.2354548710453974
720575941411902100,1.2354318100061974
720575941517796780,1.235352462050473
720575941415020572,1.2352983036494716
720575941564723456,1.235288471883558
720575941553413018,1.2352534889867128
720575941644060242,1.2352430072006657
720575941572774543,1.2352331702097925
720575941469052535,1.2352046561543704
720575941475008577,1.2351305468565454
720575941430975329,1.235126293732231
720575941507657488,1.235108757854677
720575941623372699,1.2351060746962894
720575941602711737,1.2350772381081938
720575941535086424,1.2350696591487045
720575941458941892,1.2350603829952924
720575941505059397,1.2349470440189318
720575941687929071,1.2349406079049734
720575941469657408,1.2349008208159067
720575941525291853,1.234855951243225
720575941514065043,1.234830487028718
720575941689777627,1.234658498253532
720575941459522192,1.2346217572188214
720575941447863316,1.2345986480061997
720575941526704484,1.2345783318053765
720575941432722574,1.2345558886661436
720575941474474270,1.2344914656263102
720575941461957587,1.234453547694261
720575941518388919,1.2344361813277784
720575941441245375,1.2343925091918433
720575941566181174,1.2343624309942804
720575941478583887,1.2343029219218362
720575941730009643,1.2343011426097996
720575941572273417,1.234244595667548
720575941548897652,1.2341620789875587
720575941625866139,1.234154952788225
720575941547275144,1.2341510784293952
720575941390313988,1.2340650770875652
720575941652738516,1.2340171475829882
720575941608942569,1.2339919161152326
720575941633195205,1.2339627911339879
720575941592467749,1.2339476990435427
720575941474265374,1.2336800720054752
720575941527334244,1.2336330822790322
720575941498438523,1.2336323812346783
720575941535001010,1.2336146818272966
720575941603878646,1.2335448672803677
720575941537687757,1.2335038971024785
720575941542796549,1.233464090769136
720575941623301628,1.2334599842513654
720575941441596507,1.2334593026243068
720575941651500561,1.2334157775068295
720575941562055080,1.233404653260764
720575941499447691,1.2333861113871984
720575941612500889,1.2333700891820594
720575941511186508,1.233320179169292
720575941454969395,1.2332342020315739
720575941461119245,1.233213009117008
720575941486575878,1.2331296745177556
720575941500995051,1.2330711485926316
720575941495662971,1.233016602640556
720575941536937621,1.2329239277186415
720575941508198690,1.2328603754756033
720575941574724361,1.2326788087545315
720575941433073166,1.2326317843401502
720575941438745179,1.232587190599937
720575941498480251,1.2325532816163847
720575941350354224,1.2325501935284795
720575941391792388,1.2324859586249157
720575941592931368,1.2324780135472013
720575941527745702,1.2324644995458673
720575941611963309,1.2323135571033406
720575941543684357,1.2322980016763956
720575941556839204,1.2322506088149208
720575941407795118,1.2322256281987811
720575941610332636,1.2322172754016933
720575941597383068,1.2322017503072886
720575941474396702,1.2321957290708379
720575941574748681,1.2321790770788419
720575941482311366,1.2320677599119956
720575941436032544,1.2319073631394224
720575941461178067,1.231825440726814
720575941460902413,1.2317053091138217
720575941658933584,1.2316834809831967
720575941650824209,1.2316528360720727
720575941619962239,1.2316390910542727
720575941628690214,1.2316227015363408
720575941586428382,1.2315825786304904
720575941513177091,1.2315797031878222
720575941507943440,1.23157950168222
720575941542372613,1.2315738908557146
720575941478488143,1.2315374074130758
720575941630970604,1.2315196025434487
720575941720432186,1.2315010198969456
720575941579817205,1.2314948289550824
720575941642472865,1.231488551612273
720575941458353363,1.2314626089306662
720575941670572465,1.2314061980685291
720575941601153270,1.231358735414438
720575941593110385,1.2312898230137783
720575941518410094,1.2312816300407075
720575941540246909,1.2312633753551443
720575941628153913,1.2312630171363734
720575941499076987,1.231247406645255
720575941730006571,1.2312103986421565
720575941478399055,1.2311039377139745
720575941483849869,1.23100142428478
720575941552279102,1.2309051577079526
720575941469720029,1.2308825020960519
720575941642371704,1.2308009567065141
720575941505744197,1.2307523447293058
720575941590273064,1.230617822672153
720575941401753635,1.2305873039912032
720575941461698500,1.230572095836142
720575941441960795,1.2305384818806133
720575941586476510,1.2305110883126442
720575941435983136,1.230452985463965
720575941563253814,1.2301759150337912
720575941412795759,1.2301586580782429
720575941457147718,1.2301544217662805
720575941494972798,1.2301503549217054
720575941546749473,1.230118717849438
720575941539721308,1.2300847939948933
720575941430321166,1.22999384679863
720575941507955269,1.2299051462518953
720575941478092963,1.2298730359704044
720575941586431812,1.2298665434740135
720575941487877328,1.2298442768950402
720575941503689303,1.229822165865494
720575941464768790,1.229775579737566
720575941539715164,1.2297430333959638
720575941437191212,1.2296846163337762
720575941479171267,1.2295916163742633
720575941479284960,1.2295379894252507
720575941516873838,1.2295255462549346
720575941449942877,1.2294201495118093
720575941586127750,1.2294054561696581
720575941551588506,1.229355809736886
720575941691009688,1.22932143604041
720575941612367789,1.229284857157222
720575941477316404,1.2291331232102902
720575941453936365,1.229086657159358
720575941533747434,1.229036822051885
720575941456314271,1.229019044024911
720575941488845287,1.228949151018879
720575941604998590,1.2289406854369882
720575941533045592,1.2289080523406068
720575941594630001,1.2288954839613404
720575941573515785,1.228771561852706
720575941425134420,1.2287616678697704
720575941691258776,1.2286952118588976
720575941643502200,1.2286875540363145
720575941411472555,1.228637937093676
720575941476969521,1.2285817385619413
720575941439209935,1.2285751687209112
720575941533679898,1.2285609347449638
720575941428274313,1.2285169720179994
720575941573981288,1.2284689183596802
720575941631840965,1.2284533954188896
720575941400967459,1.228406901322645
720575941505493026,1.228184928741484
720575941628426978,1.2281580588158008
720575941450728314,1.2281137142425744
720575941450096455,1.228053385671548
720575941653521169,1.2280236823086639
720575941503483330,1.2279852338622332
720575941538257635,1.2279391206025148
720575941549283839,1.2278451677456428
720575941556296019,1.2278358600019086
720575941595768476,1.2278079046106398
720575941488740044,1.2277917459512384
720575941526696804,1.2277613233061053
720575941563828487,1.2277561650857718
720575941459591568,1.2277220563891884
720575941665603059,1.227701577038006
720575941558735405,1.2276411698827145
720575941514629955,1.2275874703075655
720575941555503187,1.2274879533982723
720575941632311227,1.2274325566708528
720575941688517388,1.2273571551832796
720575941550548340,1.2273325815709262
720575941435653164,1.227322475122742
720575941652863956,1.227262402276713
720575941556235940,1.2272425811388108
720575941526721869,1.2272293313407365
720575941527162905,1.22712117872807
720575941605016941,1.2271089871447627
720575941515972698,1.2270879707910334
720575941639889781,1.2270831611464408
720575941733143339,1.2270493444502613
720575941645403000,1.2269932041745444
720575941452032122,1.2269249177906576
720575941511104844,1.226874421546036
720575941700629722,1.2268253528133661
720575941438822235,1.226785628712776
720575941503633829,1.226598976489317
720575941609747430,1.22659807343037
720575941450360757,1.2265877041013493
720575941537784189,1.2265765643448892
720575941623908298,1.2265699613367933
720575941547341684,1.226541687765353
720575941447305053,1.226503831220106
720575941558973455,1.2264985088946407
720575941582282873,1.2264873700917625
720575941530471096,1.2264062356195549
720575941561376813,1.226349239580511
720575941500465547,1.2263440412605446
720575941523526146,1.226329034089336
720575941558552591,1.2263215169309019
720575941498482043,1.2262942145222329
720575941458924870,1.226286805037608
720575941561304978,1.2262494995531614
720575941459870278,1.226239886379381
720575941547294013,1.2262110584666925
720575941661456952,1.2260711307195213
720575941651851797,1.2258105246393727
720575941536208789,1.2258056802878758
720575941729950507,1.2256658364576178
720575941608378698,1.2256626515918687
720575941460701965,1.2256595143383227
720575941476037406,1.2256350422835702
720575941409016235,1.2255810356699832
720575941545340296,1.2255057628285735
720575941689154828,1.2255036630763545
720575941559958543,1.22542026507581
720575941625968539,1.2254092813293167
720575941505558085,1.2253900889501
720575941464163926,1.2253796666013292
720575941671416231,1.225343626636949
720575941484124934,1.2253431818465212
720575941488553422,1.2253254916000762
720575941488269257,1.225282028745891
720575941483554189,1.2252775886538452
720575941503534140,1.225196822044907
720575941515653475,1.2251487771553444
720575941574014134,1.2251254758690755
720575941485316493,1.2250603212192948
720575941451654727,1.2250019919343336
720575941496830370,1.2249787899970408
720575941476981569,1.2248284883761111
720575941640840991,1.2247113001645318
720575941549478945,1.2246590612301305
720575941411441323,1.224616443148004
720575941537777533,1.2245932421771017
720575941411180203,1.2245683873920914
720575941553583844,1.2245443648409655
720575941451322702,1.2245419413537333
720575941649233173,1.224399471984627
720575941476080177,1.2243316732722354
720575941518512238,1.2243222255296131
720575941431407575,1.2242999476827765
720575941431927393,1.2242939288959531
720575941720467514,1.2242828957831084
720575941529004420,1.2242570577875709
720575941632897733,1.2242521351000226
720575941459906630,1.2241267944034886
720575941491649511,1.2241142448200852
720575941720495162,1.2241100060503631
720575941407510702,1.2240988458053093
720575941564152583,1.2240786911877801
720575941552351745,1.2240640423975966
720575941508572626,1.2240126503416155
720575941454042605,1.2239760702903313
720575941505143868,1.2239419922517258
720575941523983618,1.2239082835135664
720575941581721977,1.223877288339311
720575941458717424,1.2238633388557034
720575941498819234,1.2237796795330915
720575941402468899,1.2237576159669417
720575941628704994,1.2237276196615827
720575941613270425,1.223715020547659
720575941505491746,1.2236531638380117
720575941521031927,1.2235365842523662
720575941478074592,1.2235070472715235
720575941508354770,1.22347639505609
720575941576014774,1.2234733627309304
720575941505101125,1.2233671762943261
720575941486785346,1.2233533642602732
720575941572659870,1.2233068316383706
720575941592154582,1.223303895908958
720575941565100551,1.2232500850225674
720575941436296992,1.2232097132043869
720575941608287818,1.2231834734443752
720575941527529497,1.2231818837502384
720575941598907072,1.2231630599654812
720575941623108298,1.2230569512241622
720575941470786368,1.2229837459429662
720575941626065772,1.2229721168508498
720575941543825413,1.2229587524244503
720575941642302840,1.2229063898245953
720575941612114140,1.2228422655793638
720575941534726376,1.2228393707866998
720575941657679128,1.2228348730148524
720575941604967789,1.2228235480905656
720575941485037378,1.2227656659189252
720575941641473874,1.2227473901153023
720575941534528600,1.222739792653239
720575941533191105,1.2226487373679256
720575941687869915,1.222634502894189
720575941501874738,1.2225739540002056
720575941542458204,1.222556427160547
720575941488512462,1.2225312381160867
720575941408441262,1.2225190295547206
720575941438841919,1.2224734814419216
720575941534146994,1.2224386130491995
720575941410120107,1.2224238872972153
720575941687933403,1.2223997964330515
720575941430142089,1.2223693489305894
720575941459354512,1.2223677774006565
720575941444536746,1.2223590849746355
720575941611086410,1.2223516357479673
720575941474832436,1.2222278960719137
720575941602224574,1.2221563522012084
720575941720629050,1.2221523499435762
720575941588183620,1.2221210915236316
720575941573100027,1.2220857455476961
720575941508287266,1.222055390835338
720575941431025327,1.222036528304056
720575941392667286,1.2220344797065936
720575941507838480,1.221969954864827
720575941471648631,1.2218851837107898
720575941573474230,1.2218142332331299
720575941586479838,1.2217538467948643
720575941489677001,1.2216285719709403
720575941480052960,1.2216281492214989
720575941625896091,1.2215694183735741
720575941576080822,1.2215220579474637
720575941553011739,1.2215176496795268
720575941502534635,1.2214875339760396
720575941478429802,1.2213692099838507
720575941499750818,1.221325017967471
720575941450625607,1.221315478895343
720575941497322880,1.2212853381738564
720575941667036081,1.2211741058076846
720575941688651382,1.2211130280170477
720575941574809339,1.2210835763783148
720575941534583786,1.220999617708005
720575941547505288,1.220861411482243
720575941642285256,1.220796134502822
720575941491334348,1.2207777171824155
720575941593522283,1.2207733887614662
720575941686473996,1.2207297137946653
720575941655534804,1.220723081740487
720575941616532437,1.2207222105795512
720575941603750329,1.2207092120235874
720575941507077399,1.2206950968699652
720575941612593069,1.2206726308797973
720575941458778182,1.2206636643695075
720575941438938175,1.2206469880337427
720575941532457347,1.2206263314864905
720575941547225405,1.2206167563337582
720575941534999896,1.2206026232151734
720575941430386446,1.2205204974661623
720575941490813872,1.2204961738139353
720575941644799826,1.220463413832338
720575941520584631,1.2204502472854344
720575941474435889,1.2203910322286344
720575941547393825,1.2203729802956622
720575941441701467,1.2203120398664815
720575941613256211,1.2203092209534827
720575941544676532,1.2202894246562226
720575941474566708,1.2202513048416852
720575941582077049,1.2201765583744286
720575941524415513,1.2201676122488703
720575941652567793,1.2201494850020396
720575941470752576,1.220089881205195
720575941449282426,1.2200892677102264
720575941631028962,1.2199998893842818
720575941652815857,1.2199834066629014
720575941518756524,1.2199534135329684
720575941532463589,1.219712669600113
720575941477894686,1.219640033018649
720575941561870592,1.2195870027749165
720575941485405250,1.2195647555973084
720575941461628560,1.219537742288264
720575941560216079,1.2194396805201684
720575941588018942,1.219435432156667
720575941540968397,1.2193605224091675
720575941553670791,1.2193474312527728
720575941501135191,1.2193327676113588
720575941703146458,1.2192828380151444
720575941626500746,1.2192733964643523
720575941507777552,1.219266337032713
720575941413872924,1.21924595544475
720575941480917187,1.2191707542341808
720575941505889409,1.219130867090911
720575941611082826,1.2190170297004792
720575941481122690,1.2189932732620066
720575941550948231,1.2189872477242096
720575941414326161,1.2189281292257532
720575941571325512,1.2188727435057083
720575941572118281,1.218869091124618
720575941533911578,1.2188375362165067
720575941552603966,1.218795442772657
720575941659328592,1.2187277666750305
720575941535103978,1.2187211399709572
720575941563943015,1.218576253251258
720575941533864458,1.2184659616850904
720575941510611922,1.2184637337082362
720575941689385624,1.2183753790650123
720575941504652482,1.2183747411346044
720575941477395050,1.2183706449771967
720575941449911879,1.2183127210684448
720575941496346953,1.2182785340870084
720575941470084317,1.2182578538232454
720575941617642965,1.218201967764684
720575941642365816,1.21810213335554
720575941614894037,1.2180839589312176
720575941402059632,1.2179608754252014
720575941496959817,1.2179128430699862
720575941597149376,1.2179072652884184
720575941604082361,1.2178718506509982
720575941652652305,1.2178252406655903
720575941435993888,1.2178070240704644
720575941460050643,1.2177528131661115
720575941411527057,1.2177485034826914
720575941476752180,1.2177430414635486
720575941462497680,1.217650173425319
720575941624812187,1.2176381204492392
720575941572945039,1.2175643671754466
720575941449769653,1.2172931787628165
720575941543647420,1.217254628537873
720575941440213695,1.2172395189359546
720575941625963419,1.2172245829905184
720575941414484372,1.2171999343275626
720575941492318128,1.2171405341062649
720575941436195884,1.217127039891296
720575941462590608,1.2170732426612345
720575941625095067,1.2170498692598597
720575941404452720,1.2170476404155073
720575941572707471,1.2170364704837882
720575941474543931,1.2170255524371463
720575941550878087,1.2169761565451598
720575941570823752,1.2169428409153196
720575941468683485,1.2169384521878897
720575941530815363,1.2169082266309426
720575941472595003,1.2168788153673253
720575941437466130,1.2168679040487398
720575941489053415,1.2168373894427378
720575941502780759,1.2168141728837583
720575941591151500,1.2168050796975005
720575941449475406,1.2167474719360356
720575941471112567,1.2167286143137075
720575941508266786,1.216727975978285
720575941530829955,1.2166965670722802
720575941521508939,1.2166443360695323
720575941499483531,1.2166222218558715
720575941457112479,1.2165223399450156
720575941613168915,1.2164002114903316
720575941500983019,1.216368203927974
720575941493320368,1.2163647506782387
720575941478523983,1.2163469624227223
720575941553996627,1.2162893338694016
720575941633911227,1.2162309016242163
720575941438575327,1.2161397843858324
720575941629396716,1.2161360250473126
720575941626223242,1.2161195772046471
720575941482518970,1.2160946191378283
720575941559335027,1.2160723078514681
720575941504674754,1.216021221787294
720575941458447571,1.2160028867491919
720575941429379937,1.2159858812115336
720575941524369945,1.215981855774694
720575941558325796,1.215974358465118
720575941536248306,1.215928326190086
720575941534459930,1.2159054687934212
720575941630010338,1.215893898634175
720575941441051343,1.2158868603552133
720575941618366079,1.21577648803023
720575941471907904,1.2156577076101638
720575941600523305,1.2156379122616952
720575941568727796,1.2155584116426383
720575941489038311,1.2154900085413745
720575941687896047,1.2153628830099594
720575941505610263,1.2153313830250485
720575941490285006,1.2153073409390693
720575941488173001,1.2152685751184171
720575941555201025,1.2151046228380467
720575941549133823,1.2150577274548995
720575941532433842,1.2150194054137051
720575941662498940,1.2150124070865476
720575941478405738,1.2149691176458914
720575941652552433,1.2149102132793304
720575941525730818,1.214906812314202
720575941551514686,1.2148951759002555
720575941663099516,1.2148929480158384
720575941575360911,1.2148710359865933
720575941522776567,1.21485686635933
720575941474640682,1.2148410133260092
720575941482015683,1.214778378824819
720575941518500019,1.2147697364605428
720575941642476961,1.2147239133778316
720575941498489723,1.2145928233710965
720575941575581785,1.2145201674713533
720575941671437223,1.214482150194051
720575941532194282,1.2144311822159801
720575941474437681,1.2143611475280935
720575941410025071,1.2143348689850242
720575941631676642,1.2143299017701081
720575941671081639,1.2142279372027616
720575941485422221,1.214204854928739
720575941652324825,1.2141522954858366
720575941507255365,1.2141503941273288
720575941455311085,1.2141125311040857
720575941567684340,1.2140912628684086
720575941687965814,1.2140811171813677
720575941611918765,1.2139135471999511
720575941436259602,1.2138738212073872
720575941557243919,1.2137201059000964
720575941450541390,1.2136648021547392
720575941575865433,1.2136513881605724
720575941464790294,1.2136202189599468
720575941516572632,1.2135961708533136
720575941430755721,1.2134980706503729
720575941474605364,1.2134645212732753
720575941405826095,1.2134535562838384
720575941486581766,1.2134066634316651
720575941492467070,1.2133937184509633
720575941581685113,1.213350140250863
720575941477446762,1.213314601282024
720575941533862682,1.21329398442465
720575941507050263,1.2132610400127348
720575941684876527,1.2132071024385167
720575941451829063,1.2131835858542321
720575941429423969,1.2131236441513724
720575941561775784,1.2130308270517576
720575941539054541,1.2130197202169941
720575941515892314,1.2130155231292745
720575941530466488,1.2129321245411404
720575941491601383,1.2128810091189777
720575941467216093,1.2128254645555965
720575941543651004,1.2128158471626678
720575941468320631,1.2128062683110845
720575941602315454,1.212743069673445
720575941579780597,1.2126993974773814
720575941575062024,1.2126806201222677
720575941518359735,1.2126249110613512
720575941483529914,1.2126128370838358
720575941573469960,1.212610092553455
720575941532422322,1.2126008403672583
720575941563084690,1.2125528586849341
720575941561390637,1.2125054354918159
720575941479189187,1.2125007008918247
720575941581683039,1.2123634889281885
720575941665495539,1.2123282554715211
720575941496949410,1.212312371584865
720575941644392786,1.2122185114739181
720575941408421291,1.212153786024137
720575941685747212,1.2121531580448768
720575941577669457,1.2120793703039985
720575941513795660,1.2120697618555634
720575941569471390,1.212003151879268
720575941595782556,1.2119759505760626
720575941668446385,1.2119557845296485
720575941515577667,1.2118759406589548
720575941557475054,1.2118637008397983
720575941508285474,1.211850571209003
720575941552001791,1.2118040391600151
720575941516271450,1.2117785465788193
720575941506357854,1.2117783684994063
720575941551357723,1.2117668497429375
720575941507258914,1.2117558084749405
720575941550685063,1.2117279929559122
720575941516404067,1.2117194953081292
720575941476130097,1.2116988774135276
720575941492429182,1.2116960303761837
720575941580641913,1.211668922320282
720575941498583675,1.2116424883045942
720575941537971861,1.2116410039931467
720575941447918414,1.2116026046861652
720575941652546033,1.211590107527223
720575941456897005,1.211393496702097
720575941431877217,1.2113506643734766
720575941545362281,1.211344023321723
720575941513154563,1.2112982152418066
720575941533221825,1.2112643963672591
720575941468862583,1.2112508058107452
720575941645269704,1.2112344318623935
720575941612044518,1.2112300435576693
720575941556292947,1.2111459314392798
720575941563483816,1.2110721871530834
720575941588072516,1.211060298431987
720575941551443610,1.2110277898798083
720575941488006197,1.211014808242207
720575941447719758,1.2109697301172189
720575941489407692,1.2109618899458956
720575941667143601,1.2109325989180566
720575941429512151,1.210924987594132
720575941513157123,1.2108901665473737
720575941491410382,1.2108563779580497
720575941599444777,1.210814753991769
720575941471915584,1.21071052233307
720575941591285388,1.210654601829472
720575941399201827,1.2106353763866946
720575941468725259,1.2105599952110302
720575941526668109,1.2105058584954922
720575941477573344,1.210330654392468
720575941465484566,1.2102915420479787
720575941653710297,1.210283576134587
720575941435418656,1.210270721004617
720575941466447126,1.2102588527552347
720575941680166333,1.2102386991115759
720575941522127691,1.2101880785825303
720575941467252189,1.210166982914229
720575941390193156,1.21014250755145
720575941571957661,1.210126481463287
720575941684766703,1.2101256967985903
720575941557538419,1.2101050852696482
720575941612197734,1.2101004720570798
720575941612321382,1.2100823348071224
720575941597512640,1.2100236255512165
720575941667370739,1.2100092713119714
720575941574140169,1.209999384774378
720575941576934645,1.209988993404839
720575941690784731,1.2099022529118042
720575941688674200,1.2097616368415023
720575941651618545,1.2097432661134957
720575941545473928,1.209731018757998
720575941514608995,1.209712769711324
720575941477616864,1.2096088699552352
720575941608273226,1.2096073568715338
720575941527171000,1.2095910635028748
720575941614289683,1.2094658627405948
720575941619873407,1.2094431918877862
720575941488475598,1.2093821354476446
720575941547044980,1.2092790389196837
720575941476980785,1.2091986912417956
720575941526355844,1.209149616051083
720575941640957029,1.2091490765498933
720575941486700098,1.2091488015763696
720575941407360559,1.2091266891630552
720575941498979145,1.2091238289115003
720575941575883865,1.2091095382139339
720575941504424517,1.2090952016253882
720575941467204829,1.20906117417909
720575941652315865,1.2089997688601333
720575941475766122,1.2089350999053823
720575941498493563,1.2089304173794055
720575941458790726,1.2089177592976623
720575941608817897,1.2088997342946062
720575941550148724,1.2088557452270579
720575941632875461,1.2086620328880961
720575941480094799,1.2086538371587399
720575941563316022,1.208620695999956
720575941613412316,1.2085384806758426
720575941555232484,1.208509699349188
720575941554877924,1.2084948239524316
720575941504394775,1.2084731667438318
720575941549156980,1.208448319143203
720575941581637215,1.2083698627639052
720575941506237500,1.2083665882101304
720575941572415646,1.20833859989726
720575941438462482,1.20823463135737
720575941611418442,1.208216618553592
720575941461139981,1.208184254694012
720575941528001958,1.208042814069099
720575941489677769,1.2079747507773633
720575941611278825,1.2079280254773521
720575941574151163,1.2078723121898458
720575941499200585,1.2078259805214333
720575941543092060,1.2077934158282775
720575941478547791,1.2077866251193246
720575941478105763,1.2077764192576723
720575941568521210,1.2077176507628242
720575941548515105,1.2077053626993712
720575941494155648,1.2075998472195228
720575941493018032,1.2075756991758697
720575941478581839,1.2075438129704053
720575941539044082,1.2074439042425058
720575941557625971,1.2074238272963607
720575941563983670,1.2073846458486854
720575941548506657,1.2073621922059659
720575941552496641,1.2072908810117586
720575941480446918,1.2072751625077913
720575941526892198,1.207161508166198
720575941564085255,1.207138897429773
720575941583644382,1.2069774260572401
720575941516237817,1.206958885648913
720575941540138525,1.206953147503967
720575941537697149,1.20694596099683
720575941594332711,1.2069193369966456
720575941350393904,1.2069097133726934
720575941576551528,1.206865638983462
720575941457797360,1.2068465123972292
720575941564153234,1.2067752471696254
720575941537411560,1.2067442871154042
720575941595940465,1.206684663034069
720575941642634696,1.2066778782889824
720575941475772266,1.2066576938213067
720575941515924826,1.206653486572543
720575941541839389,1.206572028314745
720575941612636313,1.2065519137797849
720575941680340157,1.2063131318606768
720575941652034521,1.2063079032481325
720575941679006653,1.2062715902123307
720575941609371053,1.2062212613928969
720575941513242202,1.2062100338732917
720575941626611513,1.2062039142873833
720575941624207868,1.2061433132990809
720575941550909951,1.2061158133014194
720575941552726407,1.2060353423899743
720575941593604054,1.2060056498516432
720575941553585124,1.2059722391353702
720575941447363677,1.205930364399872
720575941457686000,1.205917959794985
720575941541473628,1.2058286332007697
720575941506220348,1.2058218215055136
720575941536371442,1.205793709042368
720575941503657893,1.205777819569831
720575941630349094,1.2056637798922136
720575941543739653,1.2056461593245034
720575941428982264,1.2056385567061612
720575941722194234,1.2055826657131545
720575941352987696,1.2055215959183283
720575941523099383,1.2054962054856029
720575941531522789,1.2054791067908934
720575941461359248,1.2054266112641008
720575941628692706,1.205423162707743
720575941566924135,1.205409797683824
720575941480396998,1.205367956678033
720575941593188465,1.2053161847055418
720575941494161024,1.205269295807035
720575941605174462,1.205238133990428
720575941626264202,1.205219331920683
720575941410007663,1.2052086582036594
720575941569479930,1.205190178631789
720575941542426204,1.205158840521857
720575941527149496,1.2051539891669911
720575941663500924,1.2051097402948079
720575941533819162,1.2050352035888494
720575941491648999,1.2049299757881995
720575941611420134,1.2049220808680534
720575941534600680,1.2048048980188697
720575941533175489,1.2048022570861476
720575941547763060,1.2047146058555078
720575941508370642,1.204621419483411
720575941474394673,1.2045524319778849
720575941549394687,1.2045245613820437
720575941472138026,1.2045117343791663
720575941474813748,1.2044473043919552
720575941583296902,1.204400161043028
720575941439050703,1.204388823497864
720575941601218294,1.2043277224052127
720575941566954228,1.2042958146715081
720575941496696263,1.2042850972012726
720575941503539287,1.204220813016785
720575941489759177,1.2041738969121631
720575941542440796,1.2041619044086083
720575941513804691,1.2041600164888882
720575941521095095,1.2041520780952986
720575941431191032,1.2041482950641638
720575941528575435,1.204128972671798
720575941569373178,1.2040632012746835
720575941493199042,1.2040084454511137
720575941549839166,1.2038978979188153
720575941593836933,1.2038720881363796
720575941521101495,1.2038565958506386
720575941578803025,1.2038515344860103
720575941522130763,1.2038489945834512
720575941450597966,1.2038445851732087
720575941497014946,1.2037580993621695
720575941569687710,1.2037464936887334
720575941514623587,1.20370402225387
720575941569707422,1.20370271815445
720575941551996159,1.2037018640653627
720575941474705473,1.2036650244662626
720575941595142102,1.2036633970513257
720575941497827041,1.203652475832137
720575941547317940,1.2036388411661902
720575941521472691,1.2036146730678823
720575941592559397,1.2036076425310946
720575941614737877,1.2036036354620296
720575941470854720,1.2035852142533654
720575941414026524,1.2035743863107815
720575941468268151,1.203498517748179
720575941440092383,1.203449334079593
720575941658902040,1.20339597447758
720575941488585168,1.2033237267393753
720575941456231327,1.2033173364156093
720575941583361887,1.203274017162621
720575941631828165,1.2031825441600892
720575941485035074,1.203164493862704
720575941496677760,1.2031503295336188
720575941640923237,1.2030609834682906
720575941481934022,1.203024463759635
720575941436996882,1.203007893896166
720575941515619939,1.2030062145161557
720575941592816854,1.2029496791819132
720575941498960546,1.2029469615560304
720575941589857790,1.2029164537918347
720575941552630078,1.2029024644770323
720575941475557681,1.202884571974039
720575941592514341,1.2028824132018252
720575941609192877,1.2028593107841363
720575941574185467,1.2028002181842
720575941722043706,1.202788310805008
720575941569652638,1.2027801872593886
720575941513720979,1.202744106185618
720575941512339779,1.20269978267664
720575941436850143,1.2026691366400517
720575941543106652,1.2026247702480743
720575941560405875,1.2025727401397082
720575941454037997,1.202571070293316
720575941495966919,1.202554255864038
720575941548856637,1.2025521219841577
720575941478109859,1.202534579038127
720575941498803874,1.2025196329182257
720575941446823188,1.2024896039212551
720575941527273316,1.2024352975346417
720575941722116666,1.20241730389933
720575941603916222,1.2024008004372961
720575941689874072,1.2023431089489731
720575941514952953,1.2023397354503988
720575941452766023,1.2022568840972379
720575941512475971,1.2022267236133302
720575941536381426,1.2021844699447604
720575941457203782,1.2021592493942395
720575941501027819,1.2021114937098667
720575941667164081,1.2020813758634494
720575941492360679,1.202069931420396
720575941459093459,1.202045134763503
720575941524170315,1.2020136041232712
720575941499770530,1.2019968368723775
720575941537991907,1.2019662569417588
720575941586999518,1.2019508683876736
720575941511891665,1.2018947070566282
720575941404752752,1.2017816287828635
720575941614273043,1.201765728249288
720575941460943059,1.2016655001953682
720575941520255223,1.2016545956510938
720575941411209131,1.2016450709233866
720575941649866261,1.201572208043738
720575941442300586,1.2015264042694331
720575941588615052,1.2015252597797466
720575941474598964,1.2014372427181372
720575941499762082,1.2014342403380758
720575941439213653,1.2013102906881958
720575941627999033,1.201296916923638
720575941472103978,1.2012963406170374
720575941630748859,1.201224487894193
720575941537684707,1.2012011481390579
720575941610088522,1.201178683924961
720575941580074485,1.2011578759633803
720575941559017252,1.201115352000525
720575941548655496,1.2011040297283107
720575941655860504,1.201099945147734
720575941572407710,1.201085060014856
720575941471829568,1.200995568106403
720575941465477910,1.200932210866328
720575941440899023,1.2009267413018316
720575941535066339,1.2008614703164362
720575941483830338,1.2008568020603438
720575941490465484,1.200758208798228
720575941569717150,1.2007160856667127
720575941438964059,1.200662239946917
720575941483828154,1.2006554963164324
720575941631875525,1.200651200351911
720575941640982629,1.2005642764403877
720575941668848817,1.2005456209293857
720575941533704067,1.2004207200779773
720575941472368224,1.200362118839311
720575941665521907,1.2003559445401581
720575941488811468,1.2002930725481573
720575941556338916,1.2002774654293684
720575941533768474,1.2002492012480557
720575941410021231,1.2002367935394433
720575941546303156,1.2002356701359977
720575941578497113,1.2002138743496265
720575941558330148,1.2000520107152648
720575941410037419,1.1999632688171247
720575941562942103,1.199936500695088
720575941567004404,1.199882563403301
720575941621725692,1.1998582026900773
720575941553311642,1.1998269566342654
720575941408514219,1.199777628665232
720575941592508523,1.1997133827089155
720575941616403925,1.1997108484889853
720575941609410406,1.199707983642516
720575941533902106,1.1995883290853282
720575941391803140,1.1995863559319393
720575941586381892,1.1995760952025065
720575941441879231,1.1995743812116648
720575941530455224,1.1995699444412595
720575941610830253,1.1995092391276574
720575941583506142,1.1995059275861828
720575941561349421,1.1994690069110818
720575941534040754,1.1994353410174354
720575941413990172,1.1994339175038458
720575941590314536,1.199424587360925
720575941611969453,1.1993549991952959
720575941513118201,1.1991607027664897
720575941401778211,1.1991512189960907
720575941472554043,1.1990939790686765
720575941555742035,1.1990478953368136
720575941623069386,1.1989753108835541
720575941538984597,1.1989725909808464
720575941430266505,1.1989309878602101
720575941504921906,1.1988475595050758
720575941593519211,1.198759291412386
720575941620053375,1.1987060887516103
720575941644032357,1.1986468860913224
720575941572192777,1.198641861407345
720575941493311920,1.198638788221516
720575941516903022,1.1986188848076926
720575941614878421,1.198616545984245
720575941474259754,1.1985705075529611
720575941523966820,1.1985637071858848
720575941496852642,1.1984431885869042
720575941599326505,1.198418978316533
720575941610883046,1.1983125023075374
720575941687696758,1.1982949278770616
720575941604155638,1.1982196116931099
720575941576368744,1.1982054165945901
720575941506355294,1.198200152329101
720575941523884034,1.1981777228203778
720575941552358657,1.1981666549926926
720575941504679106,1.1980678997549774
720575941459550864,1.1979858964237926
720575941450080071,1.1979593287265777
720575941505225266,1.1979496556367775
720575941580119541,1.1978242879560668
720575941536291816,1.1978181826327476
720575941650706449,1.1976902694069076
720575941438483730,1.1976714919858071
720575941405862574,1.1976631610748114
720575941563172776,1.1976573500000836
720575941467562518,1.1976115781302417
720575941531468773,1.1976054546635706
720575941601224121,1.1975898699387844
720575941589986615,1.1975761800937632
720575941624328444,1.1975477998229183
720575941588095300,1.1974259040630582
720575941623307628,1.1974197956065293
720575941496314697,1.1973729180430204
720575941492153214,1.1973351126428993
720575941603927742,1.1972981378976764
720575941574979229,1.1972820321704518
720575941729958699,1.1971657674643348
720575941468496093,1.197127433167273
720575941625372985,1.1970901677131323
720575941530168267,1.1970686066533494
720575941621878268,1.1970372268195342
720575941441906779,1.1970192114968905
720575941612326675,1.1969734420177556
720575941513419619,1.1969605654043955
720575941521456203,1.1967694631960863
720575941503985495,1.196765148224866
720575941546063752,1.1967153344162105
720575941633109664,1.1966954667681902
720575941575753910,1.1966073932612526
720575941658415896,1.1965571394447334
720575941602811577,1.1965131080645335
720575941537705677,1.1965076206242844
720575941468720139,1.1964979419183626
720575941585289950,1.1964168079671254
720575941501996683,1.1963991352408323
720575941430108809,1.1963982749833264
720575941667371507,1.1963868246079457
720575941491875047,1.1963346469424339
720575941563160488,1.19631027369336
720575941408568238,1.196293224976381
720575941430507022,1.1962572513672634
720575941518523246,1.1962558568563404
720575941451720263,1.1962230672309644
720575941408508078,1.1962108291722677
720575941667159985,1.1961768019283208
720575941546494313,1.1961162657323186
720575941685711116,1.1960284534083159
720575941458805488,1.1959992964813628
720575941402058608,1.1959541029578356
720575941722224186,1.1959377474425394
720575941454898739,1.195915891754283
720575941518439347,1.1959038871873762
720575941390688150,1.1958042043842574
720575941505487138,1.1957831775223116
720575941507863056,1.1957769021160483
720575941459028895,1.1956727590628051
720575941413902620,1.1956630078309798
720575941605399742,1.195655023051714
720575941490699061,1.1955563683449688
720575941518951091,1.1955483326962304
720575941549448225,1.1954076333934738
720575941507958085,1.1953742885466612
720575941541423708,1.1953653268137283
720575941533661978,1.1953345375303157
720575941511072844,1.1952916411669012
720575941559331443,1.1952866186380038
720575941644774305,1.195223759537597
720575941431656718,1.1952161777423045
720575941447872532,1.1951805907621658
720575941583678942,1.1951483576688882
720575941447521373,1.1951166000330573
720575941536402930,1.1951147805917168
720575941564059399,1.195093842928489
720575941587269175,1.1950836045912785
720575941562215469,1.1950809016823563
720575941429327063,1.1949891201757161
720575941394069654,1.194978835614575
720575941512779084,1.1949524065619814
720575941525280678,1.1949435266628334
720575941534069938,1.1949180847848695
720575941513870329,1.1948833396697458
720575941562134829,1.1948799845866298
720575941572466590,1.1948583418675498
720575941566744935,1.1948139958510227
720575941614877397,1.1947911280774606
720575941516129452,1.1947525928254759
720575941496222945,1.1947149317357486
720575941611992493,1.1947033755967864
720575941493766855,1.194665567347646
720575941524280857,1.1946614454872129
720575941440352853,1.194561866702131
720575941527078681,1.1945360733001207
720575941684992751,1.1945347909905566
720575941501047787,1.1944504102342404
720575941689715931,1.194428929288205
720575941466433814,1.1944227260418354
720575941413255569,1.1944205451433785
720575941600519977,1.1943941356339367
720575941597293724,1.194370029328434
720575941472078122,1.1943585275462698
720575941586451166,1.1942786992743364
720575941689371288,1.1941992066969658
720575941546203572,1.1941178912024408
720575941558893806,1.1940815283165351
720575941630493600,1.19400297031201
720575941555461377,1.1939764675118612
720575941542806277,1.1939727725080087
720575941489819081,1.1939559676216753
720575941537501160,1.1939328119589792
720575941608840937,1.193929664367888
720575941688671606,1.1938677821812471
720575941518593134,1.193858696482806
720575941619883135,1.1938382319155114
720575941479177440,1.1938242140671604
720575941490412748,1.1938183890952105
720575941437893461,1.1937851941190165
720575941402279971,1.1937687146603067
720575941632890821,1.1937665089039609
720575941700494042,1.1937653655866491
720575941469024576,1.193751547151043
720575941505708604,1.193734591815308
720575941651755797,1.1937014877597554
720575941559458675,1.1936974177711532
720575941631315616,1.1936494752850302
720575941468966208,1.1935688846261012
720575941687834331,1.193498189330804
720575941428311380,1.193431640146701
720575941478390607,1.1934045426347732
720575941489037031,1.193395322415978
720575941723386170,1.193395274524879
720575941554714532,1.1933903744712187
720575941538276835,1.19338709586483
720575941414897041,1.1933660235589156
720575941568022266,1.1933654188323954
720575941558564653,1.1933601710123114
720575941545400508,1.1933396745634814
720575941563206400,1.1933329595407098
720575941437607253,1.1933059316975212
720575941430535438,1.193285540690225
720575941573499464,1.1932814487266212
720575941391871748,1.1932242755261993
720575941477380382,1.1932100321577601
720575941490414389,1.193076502629098
720575941488675276,1.1929609356648951
720575941453992685,1.192956459381691
720575941595536005,1.1929104160573532
720575941483771714,1.1929041058695407
720575941518204888,1.1928020170542903
720575941453855027,1.192780817152535
720575941553046043,1.192758233058344
720575941686043254,1.19273989109356
720575941623060938,1.1927231312499906
720575941448018196,1.192719620296244
720575941565476247,1.1927017905557948
720575941551947263,1.1925909005368602
720575941658841112,1.1925650676404953
720575941572111261,1.1925208730068226
720575941536510440,1.1924998537356668
720575941450552489,1.1924817193453767
720575941687927259,1.1924255247501963
720575941434874912,1.1922710887058037
720575941429545647,1.1922505502155094
720575941438848479,1.1922473281183532
720575941469066615,1.1922446885826479
720575941551389979,1.1922085628068415
720575941519971507,1.1921957234860745
720575941547307837,1.1921934571983779
720575941687599990,1.192142757712385
720575941523074295,1.192114953946276
720575941479543776,1.1921118062858285
720575941630677152,1.1920758011542198
720575941600109353,1.192013679899368
720575941519451758,1.1920072353492206
720575941652614129,1.1919663145520958
720575941498984521,1.191916477354569
720575941600878377,1.191878521877424
720575941628601126,1.1918548807448857
720575941517764824,1.1917834948827222
720575941516414979,1.1917477011028483
720575941526701412,1.1916966045758368
720575941524378649,1.1916893275084681
720575941428277752,1.1916569009217766
720575941536591080,1.191569222350828
720575941445166100,1.191555543190401
720575941678519997,1.1915386547818658
720575941571427323,1.1915117955602974
720575941573415945,1.1914607125068857
720575941608899305,1.1914589068966253
720575941473933664,1.1914444796886727
720575941655733972,1.1914115408585007
720575941558661165,1.1914034143086423
720575941623347099,1.1913995803019033
720575941562394887,1.1913739216464827
720575941438634002,1.1913585435027432
720575941520284919,1.1913213141793082
720575941431075503,1.1912694066052736
720575941438959707,1.1912406115115868
720575941572773115,1.1911860202727005
720575941731524907,1.1911672484865394
720575941431580686,1.1911615790922472
720575941438440236,1.1911502163095085
720575941608991050,1.1911469597229762
720575941649267733,1.1910723590483687
720575941565251374,1.1910062627734699
720575941531197387,1.1909655256915856
720575941504533810,1.1909586139804367
720575941689318040,1.1908611615835085
720575941476187969,1.190760320762972
720575941451737927,1.1906946409368881
720575941439321173,1.1905151853197184
720575941513371738,1.1904362616184765
720575941611937709,1.1904206949126945
720575941475988529,1.1903315073954188
720575941456093936,1.1902911693477523
720575941437933074,1.1902876210995346
720575941732549675,1.1902745739785794
720575941614011868,1.1901640522528134
720575941628190502,1.1901357455853205
720575941595152677,1.1900826344844417
720575941560631464,1.1900616933293122
720575941431097737,1.1900252192349519
720575941496426695,1.1900210232705797
720575941488732876,1.1900179218483586
720575941602343870,1.189977272389961
720575941561206952,1.1899614494060047
720575941688497676,1.1898846843066602
720575941611529133,1.1898816371053813
720575941575681718,1.1898297445429984
720575941590309416,1.1898006747967103
720575941474420027,1.1897946381365767
720575941592536939,1.1897676804119175
720575941656710736,1.1896976666753887
720575941468245879,1.1896697258494913
720575941549403903,1.1896498183558128
720575941564152722,1.1896435732159907
720575941652652561,1.189640521887792
720575941614919893,1.1896378082126327
720575941445638932,1.189623247667102
720575941537600973,1.1896153549032082
720575941504354754,1.1896078032564301
720575941467609110,1.189574077518866
720575941429556655,1.1895541464508075
720575941490266828,1.189463792320184
720575941610008138,1.1893975174011842
720575941565128967,1.1893735685506746
720575941467388758,1.1893712509297607
720575941551424283,1.189269772993686
720575941491289033,1.1892670507898715
720575941498466171,1.189260902300692
720575941587152862,1.1892023905183513
720575941429347425,1.1891420241519457
720575941414464660,1.1891000930535727
720575941451662663,1.189095332076806
720575941438455340,1.1890621730369344
720575941413466516,1.1889958081579353
720575941652633585,1.1889844091623718
720575941495559291,1.1889441757362147
720575941518339767,1.1889242652984884
720575941473703722,1.1888571850598555
720575941524915019,1.188849083115166
720575941566802170,1.1888450791990959
720575941481062223,1.1888382418460484
720575941547226248,1.188734901074794
720575941640035359,1.1887284632548207
720575941524344345,1.1887018831756764
720575941652574193,1.1886732354998621
720575941640422175,1.188664575477638
720575941651848725,1.1886432404995944
720575941447900436,1.1885599545404335
720575941504443074,1.1884774732845285
720575941505866113,1.1884731220162257
720575941498474619,1.1884522235223582
720575941477252913,1.1884180738067442
720575941487910608,1.1882926677273746
720575941543603997,1.1882812800545197
720575941586441950,1.1882069697827353
720575941558966766,1.1881736828844907
720575941450101063,1.1881294194947862
720575941595335301,1.188097424487568
720575941571971229,1.1880942320021364
720575941609380070,1.188012067140745
720575941496957346,1.1878927235069014
720575941479326432,1.187850834495846
720575941504464066,1.187846107603636
720575941431062959,1.1877706420716805
720575941479520898,1.1877509432003737
720575941564740150,1.187700284660685
720575941448143541,1.1876740429889
720575941502719627,1.1876432292634336
720575941544725509,1.1875930185273225
720575941540244429,1.1875830556205935
720575941472104490,1.1875568525491986
720575941572956232,1.1875567596862031
720575941497887817,1.1875514565363534
720575941689434075,1.1875452054047155
720575941556269220,1.1875199431704548
720575941644166049,1.1875180300461614
720575941445141012,1.1874676399285182
720575941475996465,1.1873968565291133
720575941542749788,1.1873856321826548
720575941532526168,1.1873767582218118
720575941475696490,1.187356722154691
720575941688158447,1.1873479645607947
720575941655820244,1.1873155397374082
720575941490855600,1.1873028466102666
720575941441987023,1.1872869400573325
720575941579198585,1.1872649281583019
720575941474337310,1.1872606166950366
720575941411072427,1.1872472429240302
720575941576043190,1.187229010165595
720575941626911882,1.1871644899323477
720575941440760271,1.187088295852499
720575941430842209,1.1870853552131142
720575941537624547,1.1870662900407287
720575941656239440,1.187064676781523
720575941565125174,1.186989912505968
720575941581678175,1.1869613281286098
720575941667254515,1.1869419487135813
720575941474608170,1.1868066165665319
720575941625301915,1.1867453179221912
720575941405820463,1.1867238168798968
720575941438748351,1.1867080106470058
720575941430389006,1.1866813752674013
720575941553301220,1.1866790118419823
720575941496695751,1.1866772453747918
720575941436027680,1.1865118444835605
720575941542297605,1.1864410456342986
720575941650806033,1.1863535845596338
720575941503553474,1.1863259194174711
720575941562430727,1.1862558246974633
720575941393205654,1.1862469704832093
720575941443853226,1.1862196972544208
720575941490234933,1.186134028458483
720575941493318832,1.1860838430673795
720575941428209912,1.1860154886278675
720575941565517975,1.1859915922208952
720575941505977182,1.1859818324174969
720575941491326924,1.185960848505252
720575941498965577,1.1859603386277202
720575941433116046,1.1859492982210076
720575941505660801,1.185920599067617
720575941456506015,1.1858674410890664
720575941485196752,1.1858396202434225
720575941390672790,1.185838552113911
720575941655827480,1.1858307793284304
720575941431084975,1.1857956435392898
720575941534129330,1.1857947871964485
720575941565182562,1.1857891580384392
720575941413189265,1.1857466056965738
720575941569305714,1.1857253244647654
720575941654223377,1.1856633452887748
720575941436503359,1.1856451317510865
720575941555160986,1.1856447588402466
720575941551384091,1.1855708398553964
720575941577465945,1.1855409818251843
720575941455572973,1.1854660033882092
720575941454015725,1.1854219210309531
720575941649024021,1.185382512507548
720575941591750184,1.1853468853663571
720575941438951515,1.18526563072559
720575941625907769,1.1851544336271873
720575941652544021,1.1851473346388028
720575941480236111,1.1851382451280872
720575941617748476,1.1851223352848264
720575941558973199,1.1850928346855452
720575941464897302,1.1850235533063431
720575941444921258,1.1850080965994778
720575941626975782,1.18495955626821
720575941631859397,1.1848544076980019
720575941588874892,1.1848500989777337
720575941454020077,1.1848406950264603
720575941414919569,1.1848380897300457
720575941550391668,1.1847592089083647
720575941571998877,1.184730263200191
720575941450080349,1.1847164741424048
720575941610567644,1.184712213766475
720575941671411367,1.1846878031416392
720575941532377522,1.1846328975783442
720575941488205769,1.184362308148315
720575941632652987,1.1843461832350468
720575941433654048,1.184224020144799
720575941490799157,1.184193589016708
720575941477010737,1.1841634532418233
720575941504456386,1.184123514491112
720575941479473282,1.1841219949314754
720575941573355592,1.1841056143970032
720575941569376250,1.1840416474567061
720575941427651924,1.1840407735747691
720575941557533092,1.1840366948873902
720575941546677865,1.1840338815408225
720575941523112439,1.1838759058686723
720575941503135538,1.183867686439889
720575941628636130,1.1838674448524378
720575941504039618,1.183822057164648
720575941435756306,1.18377096239488
720575941524969497,1.1837314034227282
720575941447454301,1.183634584652546
720575941542344989,1.1835680634816255
720575941491157454,1.1835657964323751
720575941568726004,1.1835482090204092
720575941565484135,1.183519745639896
720575941501903154,1.1835146955555413
720575941408471855,1.183485605817329
720575941402112547,1.1834326004760145
720575941484663558,1.1833974319256662
720575941486711181,1.183344721568883
720575941513777484,1.1833428177707566
720575941452291753,1.183332801722524
720575941486575426,1.183291907794729
720575941536323221,1.183286660430303
720575941529077176,1.183277775572139
720575941492375527,1.18325651921844
720575941543613033,1.1832494514056688
720575941489116391,1.18315058217359
720575941633508539,1.18314369366419
720575941547938952,1.1831400139024375
720575941733034283,1.1830699050096731
720575941473178208,1.1829743755749063
720575941658613784,1.182965961037464
720575941688187032,1.182953078690061
720575941430452750,1.1829346738499136
720575941466447894,1.182930129347111
720575941477193246,1.182897290208571
720575941461224147,1.1828681689534042
720575941601088441,1.1828673229818571
720575941498632098,1.182727324431123
720575941539264242,1.1827167206539513
720575941574850205,1.1826688997415862
720575941624437756,1.1826667018212942
720575941583911302,1.182655971276356
720575941505566814,1.1825975701657918
720575941609508710,1.1825485375446523
720575941530152907,1.182546805038755
720575941619873663,1.1825436389374986
720575941545432425,1.182534850726218
720575941513220601,1.1824976224506052
720575941521067191,1.182454537932537
720575941505929089,1.1823969261497569
720575941492303998,1.1823796450621644
720575941623402860,1.1823796123052883
720575941500963307,1.1823773842169407
720575941610018378,1.1823758543705314
720575941456201887,1.1823252678844534
720575941534653706,1.1822173264305036
720575941507266594,1.1821764792147262
720575941557419246,1.1820513329891074
720575941468679947,1.182047880655064
720575941549386239,1.1820426311572452
720575941575397263,1.1820212808418493
720575941431092911,1.1818505315124492
720575941486872272,1.1818318602632651
720575941501032683,1.181794234653259
720575941553425235,1.1817901106817803
720575941439786719,1.1817814212350914
720575941507526273,1.1817752906670285
720575941533857546,1.1817651591987364
720575941432269271,1.1817599070777953
720575941588646284,1.1817549262283962
720575941503503676,1.18168339160674
720575941561376045,1.1815543332461347
720575941623130314,1.1815417753995825
720575941595871424,1.1815341264739265
720575941534740714,1.1815223205773044
720575941630017506,1.1814653302941804
720575941665546739,1.1814550567555455
720575941430071310,1.1814240535792575
720575941546393532,1.1813864628606379
720575941585137247,1.1813605383192556
720575941479258563,1.1812399087895453
720575941524114532,1.1812177724762534
720575941590870782,1.1811860003541579
720575941589878327,1.1811743364678364
720575941536544538,1.1811003891978198
720575941612646809,1.1809984351748588
720575941571698184,1.1809967469354345
720575941491765454,1.1809847559633864
720575941577425753,1.1808742937226846
720575941524224356,1.1807803190952317
720575941503934551,1.1807246400351947
720575941623400300,1.1806569879278197
720575941412619631,1.1806029346760345
720575941492685232,1.180588266706514
720575941535482650,1.1805833236898378
720575941572758927,1.1804661644831436
720575941616430549,1.1803674040276095
720575941477332276,1.1802332994028601
720575941604953453,1.1801892011246247
720575941591277708,1.1800963661084203
720575941578601049,1.1800915050152236
720575941514500684,1.1800885012246582
720575941438438930,1.1800867940928734
720575941527175524,1.1800793030073682
720575941513680899,1.1800230940611995
720575941671440807,1.1800021371489473
720575941458808048,1.1799991459469945
720575941494052992,1.1799862804477546
720575941652191961,1.179962643864745
720575941656252752,1.1799618123854498
720575941651811093,1.1799578843916192
720575941473472608,1.1799468927435572
720575941580348753,1.1799462632730622
720575941689865880,1.1798224864095854
720575941515951459,1.1798038334454273
720575941572856059,1.1797870130433388
720575941583663070,1.1797314719643994
720575941533034945,1.1796928319441118
720575941543544169,1.1796566895417915
720575941446997012,1.1796487664324986
720575941532411523,1.1796096269160976
720575941536555546,1.1795842609668132
720575941661294648,1.1795826171434776
720575941528573643,1.1795534420033484
720575941613233171,1.1795533095351318
720575941461834451,1.1795495452261449
720575941571900232,1.1794612024282711
720575941508926418,1.1793888233164473
720575941413308561,1.179385513041689
720575941481059663,1.1793548957859572
720575941429532119,1.1793349770602648
720575941645271240,1.1793303049665123
720575941508281438,1.1792959224013004
720575941687454988,1.1792874993485871
720575941668670631,1.1792541840021045
720575941405813295,1.179236025108482
720575941624257532,1.1792224767749195
720575941572018589,1.179205940145087
720575941472522304,1.1791951548631818
720575941489638094,1.1791682465905031
720575941570324126,1.179136859895351
720575941528580811,1.1791265628854057
720575941722024506,1.1790810403854488
720575941561429805,1.1790642708075358
720575941633028549,1.1790584067949168
720575941501892546,1.178913251486839
720575941496702848,1.1788354028363734
720575941545471593,1.1787655930006113
720575941471808375,1.1787650774217684
720575941414305681,1.1786826000143558
720575941536303858,1.17864331251382
720575941484346621,1.1786276424874622
720575941652728049,1.1785291304799186
720575941525282214,1.1784923867521755
720575941583613918,1.1784765623971427
720575941575512424,1.1784633428173892
720575941503519794,1.1784477241607818
720575941550999175,1.178431453630136
720575941654939865,1.1784091169757478
720575941526970552,1.1782671721868276
720575941530903171,1.1781842992465594
720575941450559145,1.178177035513507
720575941530464184,1.1781740468131254
720575941583254918,1.1781377563836584
720575941488239817,1.1781355634756763
720575941536210581,1.178125892340779
720575941514903898,1.178094226566466
720575941474054496,1.1780326791728621
720575941547259197,1.1779996392346586
720575941610493404,1.1779751063252273
720575941566467687,1.1779443046330698
720575941592927528,1.1779219491084227
720575941650514193,1.177890871911639
720575941478179235,1.1778256300713692
720575941583588830,1.177784530147464
720575941486462093,1.177770940908024
720575941516762515,1.1776476862728094
720575941553134363,1.1775992600945127
720575941546731041,1.1775923378648012
720575941655157209,1.1775059112818713
720575941575691624,1.177504266094439
720575941526672973,1.1774975284778233
720575941612195501,1.177478834111078
720575941456086256,1.1773514739976298
720575941595308071,1.177346196282027
720575941466736214,1.1773185285890728
720575941513254905,1.177315763964159
720575941688267416,1.177282831209097
720575941498971105,1.1772740092108975
720575941601373174,1.1772602259463016
720575941638054943,1.17724267215085
720575941469839936,1.1771855192775051
720575941565315638,1.1771846954831804
720575941416644124,1.177169581189003
720575941459514512,1.1771686493127929
720575941562464866,1.177168376133555
720575941607558765,1.1771074576829559
720575941559261555,1.1770500310883685
720575941477664736,1.1768953343593018
720575941595850688,1.1767886423065483
720575941553021953,1.1767085349124158
720575941631436780,1.1766949849603041
720575941468355447,1.1766830629789922
720575941440354645,1.1766356332727295
720575941606849389,1.1766215497769388
720575941563973174,1.1765997588031178
720575941552587399,1.1765781925200585
720575941458999711,1.176540368388953
720575941688641654,1.1765348920613319
720575941555188634,1.1764731960643637
720575941578793809,1.176460364216673
720575941392743940,1.176429426103446
720575941428238840,1.1763899638994766
720575941519611608,1.1763306266727682
720575941461297296,1.176281876275729
720575941473904443,1.1762689789464775
720575941499790242,1.1762324949256429
720575941625387065,1.176161676255613
720575941607605101,1.176114285787268
720575941447025845,1.1760519062314907
720575941408041263,1.1760180256646
720575941535047690,1.1759847631397584
720575941640895589,1.1759661816766391
720575941642936696,1.1759450526884019
720575941477530986,1.1758952477964124
720575941608884969,1.1758849626438397
720575941572852111,1.1758292514004072
720575941507243333,1.175828326472965
720575941439566559,1.1758095645985407
720575941439285036,1.17571552477319
720575941640465439,1.1757005206678506
720575941655469780,1.1756986489120658
720575941471266423,1.1756959962021274
720575941499544715,1.1756303936511638
720575941439083983,1.1755632594794745
720575941506310821,1.175537086224299
720575941591512972,1.1754431968063745
720575941621616380,1.175396020913854
720575941567094830,1.1753953645657147
720575941492452222,1.175345825024089
720575941613990108,1.1753426618402585
720575941654240273,1.175339827298485
720575941579754065,1.1753155722573154
720575941441350235,1.1753035044552798
720575941431060655,1.1752748606768337
720575941412309649,1.1752032467016695
720575941550401086,1.1751660669250505
720575941637683829,1.1751484437701554
720575941681384637,1.1751247366218913
720575941562972055,1.1750782231711574
720575941404911472,1.1750676939461993
720575941623395483,1.1750553803564525
720575941526127270,1.175034283985811
720575941625347722,1.1750094888972165
720575941411572847,1.1749800152386147
720575941475275818,1.1749453542073907
720575941655665108,1.1748690710366056
720575941565459095,1.1748176176801302
720575941663471228,1.1747799575112716
720575941482025923,1.17476491579269
720575941510037714,1.174748390223728
720575941482086854,1.1746492330983673
720575941486871248,1.1745540814462514
720575941535137763,1.1745423534465331
720575941491956172,1.174511990194705
720575941600940473,1.1744815586352484
720575941649760241,1.1744806936421524
720575941507244869,1.1744586114931168
720575941496294217,1.1744317439871206
720575941565122055,1.1744212708211739
720575941505230501,1.174418840374995
720575941628707042,1.1744157707992466
720575941474334779,1.1743902279624807
720575941506644540,1.1743686482584692
720575941592408615,1.1743405093428745
720575941588809612,1.1742629016455517
720575941447234997,1.1742304698596306
720575941467587606,1.1742133766087255
720575941691026072,1.1741961247905917
720575941588639372,1.174106273448478
720575941689293430,1.1740770291680354
720575941564678551,1.174058182626733
720575941514017356,1.173963734630062
720575941534003075,1.1739519590275636
720575941614756821,1.1739081642308913
720575941540294013,1.1738823322156053
720575941579779961,1.1738224383458338
720575941562824343,1.173819095207812
720575941479040591,1.1737610659311501
720575941592986481,1.1736753181846993
720575941575439798,1.1736550037047264
720575941611829990,1.173620033841328
720575941408170799,1.1736188936761038
720575941481061629,1.1735559654852972
720575941564066567,1.1735443312179865
720575941481020925,1.1734852766556452
720575941546321076,1.1734807474164548
720575941655477716,1.1734603538400443
720575941566202471,1.1734581704144953
720575941584854111,1.173457261516805
720575941505562949,1.173430158711493
720575941542345477,1.1734229689445974
720575941428440239,1.1733997889863539
720575941544636596,1.1733803562203138
720575941567108722,1.1733576006468365
720575941456504560,1.1732920891333334
720575941642936146,1.1732693039919382
720575941592895784,1.1732140511158433
720575941521559883,1.1731947578701725
720575941557257380,1.1731661092974845
720575941609235302,1.1731437829267464
720575941590872171,1.1731150156555163
720575941435830546,1.1730751745194965
720575941669019635,1.1730674021216323
720575941549428991,1.172976371403862
720575941515668995,1.172914382788226
720575941507243845,1.1729051617147401
720575941611645203,1.1728883850117569
720575941501129047,1.1728723549423612
720575941487199554,1.172831146699709
720575941624924315,1.1728287749947608
720575941546773640,1.1728130671982062
720575941520331511,1.1727274696055796
720575941510916684,1.1727101361732246
720575941390671766,1.1727032353365836
720575941668675495,1.172703182209761
720575941598634537,1.1727016980908036
720575941658641176,1.172689511075871
720575941529891301,1.172671596784228
720575941562359650,1.172632061660535
720575941457139103,1.1726286311276783
720575941553032839,1.1726194997860018
720575941657621272,1.172617910875124
720575941703124698,1.1726125982214286
720575941640443935,1.1726041758711752
720575941589944631,1.1725735764242056
720575941603735481,1.172558063019527
720575941545353352,1.1725046250351339
720575941573970831,1.1724755360735168
720575941542898205,1.1724707429106276
720575941509214162,1.1724553268580786
720575941480397254,1.1724315884985639
720575941553293978,1.1724270841476765
720575941572720015,1.1724167631933946
720575941517825196,1.1724146464202239
720575941394119830,1.1723625969318179
720575941496915618,1.1723360871172126
720575941571499515,1.172289658463934
720575941532509016,1.1722569197175743
720575941527245337,1.1721973774380636
720575941401780003,1.1721104078177222
720575941474648618,1.1720742318939428
720575941575048040,1.1720643492368237
720575941439870399,1.17203683613894
720575941642372040,1.1720184477927633
720575941511256140,1.1720017200929491
720575941549950207,1.1719883744428434
720575941523082315,1.1719351238306346
720575941447832340,1.171933791052293
720575941513702865,1.171844274807433
720575941528879032,1.171819797276719
720575941430630392,1.1717871370254052
720575941615255705,1.1717623768739365
720575941462468752,1.171701544572873
720575941452168873,1.171636596185134
720575941481381795,1.1716157746877642
720575941508609665,1.1716119742421478
720575941633078944,1.1715369861701153
720575941537710824,1.171512005190716
720575941475745898,1.1714802549148111
720575941454923315,1.1714446684176576
720575941520689143,1.171435133757228
720575941408425390,1.1714226034179138
720575941660856956,1.171420611311083
720575941502017163,1.171375286137421
720575941632150176,1.1713617304846653
720575941553313434,1.1713045899892431
720575941547256125,1.1712942186241773
720575941644890232,1.1711387122935804
720575941409041835,1.1710793705197415
720575941511508690,1.1710329664732528
720575941576962897,1.1709966768781752
720575941555204097,1.1709922161328197
720575941513677571,1.1709614983752301
720575941518334643,1.1709596343597182
720575941478584143,1.1709391699335745
720575941610015306,1.1708801817678498
720575941505656866,1.170858443450554
720575941655866392,1.170826429629653
720575941447808020,1.170807091154372
720575941408494251,1.170726222360884
720575941688291224,1.170658212441273
720575941492253566,1.1705393795627752
720575941393488790,1.1704866290414762
720575941503634341,1.1704168717171932
720575941592931112,1.1703998257678825
720575941572107017,1.1703847319151712
720575941571423240,1.1703832015121822
720575941560086510,1.1703710551981201
720575941571394811,1.1703594819187102
720575941542480476,1.170318851742571
720575941513811532,1.1702709082991545
720575941564098567,1.17025820778962
720575941595437701,1.1702313722325883
720575941458803952,1.1701585627368076
720575941536938133,1.1700889993761863
720575941612023654,1.1700316068300796
720575941623331739,1.1700290225637995
720575941473793322,1.1699899205330209
720575941447343709,1.1699318622199697
720575941615336601,1.169930771356777
720575941668285171,1.169828323745047
720575941455937264,1.1698241425874645
720575941552299521,1.169800063552111
720575941554692580,1.1697815448242588
720575941470498059,1.1696630723568022
720575941644299464,1.1696583199977921
720575941564147346,1.1695959009924903
720575941503520235,1.1695839290837444
720575941508257570,1.1695320842998633
720575941553577217,1.1695197387484237
720575941640440607,1.1695182654415595
720575941623317659,1.169489989652466
720575941552643390,1.169424568903258
720575941653472785,1.1693644743625795
720575941560566543,1.1693460273280218
720575941547244861,1.169250022027476
720575941642632648,1.1692499189780854
720575941612065894,1.1691823560065517
720575941483879430,1.1690657964776516
720575941464268118,1.1690068559628761
720575941464163670,1.1689786039186865
720575941405771694,1.1689760881938938
720575941485775110,1.1689750356170419
720575941573878537,1.1689294042419598
720575941658602520,1.1688770186942081
720575941476990001,1.1688471961644322
720575941479210947,1.168837077133821
720575941464375126,1.1687676375852483
720575941567690996,1.1687085880654007
720575941515175770,1.1686803098359781
720575941477915700,1.1686560335091625
720575941572286729,1.1685769592185058
720575941471307104,1.1685684745935978
720575941565290286,1.1685554982009156
720575941440464219,1.1685527821746138
720575941556707620,1.1685320873162326
720575941503657522,1.1684831057938796
720575941612619417,1.1684808277997558
720575941541123164,1.1684344947061882
720575941586335044,1.168414184339822
720575941559694863,1.168327035370687
720575941546476476,1.1682786281550452
720575941407500462,1.1682690249609917
720575941566756602,1.1682575949448435
720575941593264753,1.1682290062063152
720575941632764064,1.1681860182710597
720575941516784494,1.1681665070931349
720575941459622288,1.168165589571176
720575941542897949,1.168145060616702
720575941644324296,1.168083683201332
720575941540261581,1.168054407542162
720575941532423000,1.16798729217165
720575941534887512,1.167973615336783
720575941488512974,1.1679552229216021
720575941456983967,1.1679336189766458
720575941447013813,1.1679133007577265
720575941588628620,1.1678690526544642
720575941565105206,1.1676869656104971
720575941401775651,1.1676329729631774
720575941651217393,1.1676283404453383
720575941703197402,1.1676173111303796
720575941623380635,1.1676070112731307
720575941430498830,1.1675596808921986
720575941576517465,1.167544661127154
720575941533545304,1.16752829387393
720575941483790989,1.167473838935131
720575941614296339,1.1674628822004962
720575941457985951,1.167442741218069
720575941518342583,1.1674129395203625
720575941671138727,1.167377387221088
720575941560610575,1.1673692041555839
720575941512472131,1.16734040468664
720575941598321564,1.1673234131899606
720575941570309790,1.1672818317372249
720575941667250609,1.1672449940017673
720575941472630075,1.1672361397088848
720575941504429506,1.1672214781846613
720575941640435999,1.1671878977086296
720575941438710719,1.1671774918716866
720575941547347316,1.1671693879559717
720575941562066088,1.1671630850487194
720575941604997997,1.1671299110262807
720575941508389074,1.1670855933789903
720575941474584874,1.1670839770974908
720575941530697603,1.1669521547184667
720575941529735883,1.1669189946902032
720575941662395704,1.16679664639262
720575941611655443,1.1667845268921129
720575941477534516,1.1667784085545696
720575941508489857,1.1667178073487006
720575941476973361,1.1666517021290257
720575941464901398,1.1666390168089367
720575941580654201,1.1666223554242907
720575941546749729,1.1666221682179059
720575941456349599,1.1666029203610968
720575941438723263,1.1665461232431178
720575941480954019,1.166514687203522
720575941579876341,1.1665017273416798
720575941579749365,1.166396881918044
720575941630987963,1.1663918323064282
720575941390682262,1.1663162216669298
720575941533217985,1.1662934654252313
720575941583120774,1.1662503640323625
720575941484007686,1.1662487912456185
720575941513808849,1.1662451568094407
720575941533051914,1.166189161298266
720575941453948397,1.166124002207957
720575941563920999,1.1660903676160053
720575941628501218,1.166068793849369
720575941583128454,1.1660602395615716
720575941477447530,1.1659551679617555
720575941495677383,1.1659350403390114
720575941461958340,1.165930624058093
720575941595303717,1.1658987500221736
720575941623353755,1.1658936535433526
720575941429443799,1.1658132777141406
720575941571904669,1.1658006226276973
720575941644144978,1.1656648106098961
720575941504555570,1.1656400233007997
720575941445294868,1.1655503906365339
720575941654986201,1.1655225197303039
720575941632895173,1.1655081940328862
720575941607559277,1.1654638529393289
720575941483888450,1.1654630734385323
720575941559104813,1.1654615978150213
720575941466498838,1.1654489419161596
720575941455094835,1.1654450684918247
720575941436526815,1.1654195956762026
720575941632864197,1.1654162376745472
720575941667086001,1.1654156492891272
720575941526847910,1.165414624254436
720575941523994114,1.1654090151782641
720575941498466939,1.1653991173279503
720575941430524686,1.1653803353509733
720575941405739823,1.1652716457483783
720575941475357738,1.1652434288511986
720575941523102199,1.1652301008713286
720575941658066456,1.1652216471076942
720575941583574238,1.1652023311549684
720575941505063996,1.16517714407543
720575941593176433,1.1651182892416292
720575941652771540,1.1651145912738785
720575941450756167,1.1651113421557013
720575941590202878,1.165067817546656
720575941564034614,1.1649723317839955
720575941551420187,1.1649668707484004
720575941550035828,1.1649320607132552
720575941508227874,1.164909966396551
720575941568951034,1.1648676996227538
720575941690986136,1.164842351697423
720575941608330605,1.1648409995249074
720575941579149145,1.1646356317438853
720575941468826176,1.1646347625959022
720575941456642541,1.1646125124707443
720575941666786291,1.1645694749905136
720575941513160697,1.1645443336110024
720575941429706671,1.1645371925456307
720575941513157635,1.164402102032195
720575941702063066,1.1643663713812593
720575941446879764,1.1642307032360768
720575941689710299,1.1642177913182312
720575941447112373,1.1642176246586224
720575941660807292,1.1642029017845081
720575941513885075,1.164151474063014
720575941555155354,1.1641456101564727
720575941485185542,1.1641267244890317
720575941553576164,1.1640428547023607
720575941438971483,1.1640343023340887
720575941472135179,1.1640188609173057
720575941628690982,1.1639848954107161
720575941534424298,1.163980477022691
720575941513712593,1.1639514782333595
720575941556869860,1.1639459542808008
720575941475978545,1.1638789413966708
720575941353112112,1.1638428911352563
720575941575684953,1.1638413663373381
720575941447786574,1.1637417162537769
720575941507037057,1.1636940136968639
720575941416653852,1.1636589552001098
720575941474711873,1.1636120081680348
720575941566268519,1.1636071978320488
720575941414327185,1.1635814893746386
720575941437312300,1.163565259880297
720575941596431749,1.1635558676851758
720575941424948820,1.163546613007874
720575941525755394,1.1635262834589544
720575941703743450,1.1634851375669566
720575941449258106,1.1634759075423184
720575941477897346,1.1634440754035549
720575941474483249,1.1634184599554747
720575941621630716,1.1634106903409347
720575941513676291,1.1633634077645958
720575941535925018,1.1633590743527804
720575941652252889,1.1633244464813495
720575941496116352,1.1633110830063094
720575941534848961,1.1633072643638824
720575941630959035,1.1632997100864508
720575941476080948,1.1632167478187436
720575941512957393,1.1630342818044854
720575941447894292,1.1629934877863053
720575941679872189,1.1629187660384444
720575941632673516,1.1628944262537197
720575941530511747,1.1628799972757755
720575941528426699,1.1628593700028858
720575941521070007,1.1628366648495378
720575941391038468,1.1628220730647731
720575941477881665,1.162729437628708
720575941504134981,1.1626229148296263
720575941474476574,1.1626165769547605
720575941391802372,1.162589218831492
720575941557541358,1.1625752567801997
720575941434394766,1.1625627992073297
720575941481339215,1.1625470682965644
720575941524264985,1.1624867511715742
720575941536294293,1.1624730750568502
720575941516357881,1.1624285271114427
720575941430906721,1.1622129003432446
720575941573115656,1.1621372989318237
720575941597267356,1.1621363535270863
720575941563150946,1.1621032498987873
720575941412443540,1.1620729750633074
720575941504386327,1.162050921150758
720575941450205109,1.1620245043424187
720575941571975496,1.1620098741371727
720575941593292401,1.1619737141302175
720575941595189029,1.1619508924917343
720575941474853697,1.1619319683873242
720575941554032155,1.1618570481228743
720575941655880728,1.1618138793085853
720575941681019581,1.1616800463976265
720575941472889952,1.1616709241812582
720575941447846990,1.1616449226212051
720575941521314227,1.1616281328931006
720575941595964273,1.1616106359088114
720575941687853019,1.16156873853507
720575941657718552,1.1615526942724108
720575941442926762,1.1615398778523687
720575941456273567,1.1614341226481837
720575941466509590,1.1613491664970101
720575941559947279,1.161315328413138
720575941568408622,1.1612928260830864
720575941612599449,1.1612142318643888
720575941595534981,1.1611127436050632
720575941561826216,1.161111638850887
720575941566753274,1.1611015679659462
720575941678532541,1.1610816855876882
720575941603733689,1.1610813350633433
720575941525224614,1.161023544384232
720575941576986705,1.1608642195731849
720575941563254070,1.1608587851293577
720575941539743580,1.1608508433841402
720575941615284889,1.1608323430493344
720575941518535022,1.1608279486081126
720575941629425132,1.1608135522627407
720575941494973895,1.1607903746515629
720575941503451301,1.1607004969032155
720575941528040580,1.160690434729815
720575941552463361,1.1606510277640578
720575941492373479,1.1606494573462671
720575941643247560,1.16063322406307
720575941534901848,1.1606331946982498
720575941441848411,1.1606211440315237
720575941392752388,1.1605731339736987
720575941580774521,1.160557514543148
720575941490122702,1.1605303379884642
720575941415955228,1.160520586469195
720575941668869363,1.1605034029109211
720575941495662720,1.1604054606295207
720575941566232886,1.1603764975188227
720575941535127011,1.16035631517855
720575941578736465,1.1602548674021835
720575941524966169,1.1602487069376923
720575941568196978,1.1602399974153914
720575941430124247,1.1602399863354547
720575941452261427,1.1602363179874084
720575941456170655,1.1601582344768406
720575941474439966,1.1601399151730771
720575941490286030,1.1601115448893746
720575941624179708,1.1600882240134873
720575941534996146,1.1600471116540019
720575941476101937,1.1600204722195453
720575941473680938,1.1599929413425207
720575941519783640,1.159946624132517
720575941474704948,1.1599264134954999
720575941542779421,1.1598935325454336
720575941554528666,1.1598747719715907
720575941500898795,1.1598512338429388
720575941564202599,1.1598414447919074
720575941652872404,1.1598266293266402
720575941515508314,1.1598206530111492
720575941411718033,1.1598042252790666
720575941560480680,1.1597899879113405
720575941453030983,1.159783475129491
720575941662295352,1.1597646058853812
720575941508257058,1.1597624160756652
720575941474616106,1.1597375758599346
720575941573346888,1.159732167433683
720575941474325297,1.1597043555535438
720575941532002533,1.1596690789043707
720575941411669908,1.1596018659738105
720575941545785524,1.1595357049608606
720575941601297705,1.1595229916673995
720575941526964249,1.159461366232237
720575941537819517,1.159424461369779
720575941482785021,1.159419548359568
720575941487800272,1.1593566874071866
720575941447792404,1.159348770426684
720575941680063677,1.159317850357264
720575941600370985,1.1592664297309674
720575941560414579,1.159253131300501
720575941478570831,1.159222288592401
720575941535952577,1.1591213106834706
720575941572418206,1.1591114881176048
720575941439578591,1.1590660964189408
720575941574167803,1.159016625910765
720575941491129294,1.1590097668775945
720575941595653020,1.1589842040305467
720575941576984821,1.1589384038906507
720575941569662366,1.1588946004172638
720575941568547186,1.1587564068810214
720575941526606082,1.1587173515283968
720575941542413660,1.1586298848615655
720575941507079703,1.1586289857474128
720575941550950279,1.1586102275023236
720575941576932433,1.15857130346607
720575941474456350,1.1585393322457527
720575941481046351,1.1585292723639842
720575941557348516,1.158460971403995
720575941507453313,1.158433689201815
720575941452179881,1.158425448815665
720575941633589179,1.1583610972267493
720575941536115698,1.1582989268115251
720575941440423375,1.1582871234914838
720575941483701178,1.1582254119648534
720575941551302171,1.1581881248866666
720575941470536715,1.1581330458475079
720575941515616090,1.1579990986902182
720575941526681677,1.1579397919140557
720575941535931658,1.1579364436939255
720575941541726493,1.1579228059901028
720575941638346357,1.157881543365974
720575941534435338,1.1578636818199073
720575941527099981,1.1578391251595082
720575941532674435,1.1578040519998152
720575941486839046,1.1577834951102457
720575941526481028,1.1577627753736834
720575941579809013,1.1577454588494156
720575941486866640,1.1576516165985293
720575941437525589,1.1576467963482535
720575941565113095,1.1576407105568667
720575941468958016,1.1576305272412362
720575941481969091,1.1576058319748168
720575941652516113,1.157599534635482
720575941594463013,1.157596491810688
720575941512761932,1.157519786464256
720575941613461468,1.1575095818121897
720575941537492712,1.1574816482399628
720575941480631170,1.1574641516353668
720575941436848095,1.1574156090570515
720575941604922221,1.1573676420488757
720575941517281708,1.157346256308172
720575941592185814,1.1573022759426814
720575941626624569,1.1572824013188423
720575941401753379,1.1572618114156246
720575941547157428,1.1572494302327814
720575941611914669,1.1572041899481698
720575941489041127,1.1571841274970547
720575941601114102,1.1571101510013728
720575941449134202,1.157086691232093
720575941609481062,1.1570783624872851
720575941457926047,1.156937334414025
720575941661306168,1.156936203979147
720575941487828533,1.1569105317818265
720575941504465989,1.1569043364365443
720575941477874818,1.1568756840370893
720575941628267321,1.1568699409715903
720575941496318793,1.1568596185548767
720575941547298676,1.1568570792832282
720575941632068256,1.1568471928753126
720575941542617117,1.156799257772673
720575941546424425,1.15678947143722
720575941581661535,1.1567843476098714
720575941630959803,1.15678031155543
720575941444941588,1.156762984106254
720575941442377130,1.1567444146661332
720575941549558846,1.1567315240395863
720575941574190331,1.1567185496621852
720575941573237769,1.156693254054174
720575941730020395,1.1566677054573382
720575941431106991,1.1566041300313932
720575941608310346,1.1564978642868051
720575941501026283,1.1564590940361057
720575941524327705,1.156450293930177
720575941572194057,1.1564288253763622
720575941662385976,1.1564209611692113
720575941458908230,1.156412009083972
720575941433057038,1.156395881474638
720575941532427698,1.1563855343125478
720575941630049762,1.156379623088259
720575941440159423,1.156375678248987
720575941655594708,1.156326066946708
720575941628271417,1.1563028332002236
720575941603997374,1.1562298757030691
720575941495973831,1.1561924083802861
720575941475623274,1.15618668104033
720575941549022497,1.1561314836853547
720575941558675245,1.1560355742835442
720575941521256883,1.1558583796437722
720575941527163576,1.1558494333750837
720575941603749817,1.1558360369073255
720575941534737640,1.1558317450279014
720575941460517060,1.1558062991197697
720575941556231652,1.155799569151024
720575941507793680,1.1557673223213012
720575941619869823,1.155692282493292
720575941490220750,1.1556887973872447
720575941413566748,1.155676330020681
720575941597545664,1.1556512794827745
720575941645099425,1.1555804382300967
720575941541740829,1.1555734070237376
720575941632614587,1.155477369757054
720575941482323651,1.1554682234914524
720575941661308472,1.1554410762860396
720575941452315443,1.1554363689099212
720575941654964697,1.1553792890492143
720575941390136324,1.1553607652216065
720575941533210890,1.1553591239018863
720575941562043392,1.155330263987095
720575941501843394,1.1553118755014842
720575941521986227,1.155276744623873
720575941651598577,1.155245687900238
720575941450008391,1.1550992076021525
720575941619598463,1.1550978517193493
720575941572346696,1.155013459458692
720575941593517419,1.154983845728597
720575941477147678,1.1549728153313863
720575941587178295,1.154947362024081
720575941530606467,1.1549075384113712
720575941516848750,1.1548900658306722
720575941552472065,1.154850303475005
720575941562025728,1.1548463572344607
720575941626056556,1.1548389700534294
720575941498948681,1.1548278282495146
720575941639371125,1.154815998380529
720575941501984139,1.154780865940889
720575941403937136,1.1547402341832265
720575941411791764,1.15472456146903
720575941641549394,1.1547125413565469
720575941614802389,1.1546844322425092
720575941631933893,1.1546432785580651
720575941471915328,1.154636339791448
720575941516674520,1.1546102326465417
720575941540870685,1.1545996445341635
720575941471308896,1.1545924073132712
720575941544157628,1.1544920556048668
720575941688650614,1.154491038756323
720575941588631038,1.154486264085789
720575941579804661,1.1544521774486567
720575941475749994,1.154451643218189
720575941544353460,1.154426687292469
720575941544546996,1.15440087880899
720575941447707214,1.1543828159018634
720575941518084056,1.1543822698182258
720575941456625567,1.1543280933217366
720575941468555639,1.1543165608328856
720575941486839504,1.1542773982028123
720575941469056320,1.1542286037323874
720575941552783495,1.154179385176043
720575941452273203,1.1540916964838064
720575941681038525,1.154049041953404
720575941624808074,1.1540399314091432
720575941514046355,1.1540003862829302
720575941566165302,1.1539944658213839
720575941532728195,1.153969155271544
720575941471167095,1.1539249509432679
720575941567054068,1.153919171534835
720575941583658462,1.1539040921035832
720575941565526119,1.1539022465282012
720575941636392565,1.1538930269941992
720575941432295639,1.1538770475680582
720575941596078961,1.1537782621870214
720575941573963624,1.1537449343454755
720575941449477454,1.1536917807777685
720575941457969567,1.153672421506905
720575941450579022,1.1536669662657517
720575941477858434,1.1536507154303577
720575941580669817,1.1536435289113658
720575941555478564,1.153624147274529
720575941564389888,1.153610339317616
720575941566500455,1.1536011673655548
720575941592848168,1.1535658631513055
720575941564666007,1.1535129907259403
720575941722153530,1.1534438966670484
720575941484372221,1.1532673542930045
720575941405783343,1.1532462632269769
720575941441901147,1.1531048625445985
720575941574467997,1.1530469711598204
720575941549711422,1.1529788007359782
720575941551622023,1.152960673101256
720575941400818723,1.1529579198152207
720575941479726755,1.1529285582978932
720575941564627766,1.1529170064471426
720575941555505188,1.1528792088920776
720575941503389093,1.1528272631542797
720575941531288523,1.1528170285484203
720575941572094109,1.152691366305726
720575941527149240,1.1526761410825401
720575941668891057,1.152665578414473
720575941570772296,1.1526175928635565
720575941630111941,1.1525389796203367
720575941501929010,1.152498797645496
720575941515124627,1.1523992350035335
720575941600532265,1.1523970009757696
720575941566556775,1.152380652604709
720575941610056166,1.1523415974841322
720575941416724764,1.152327123307136
720575941429623544,1.1523269823908535
720575941516185859,1.1523093288635953
720575941535943178,1.1523078198047052
720575941470584695,1.1523003104518847
720575941494008702,1.1522460476126697
720575941472011306,1.1522021313842927
720575941592149718,1.1521500575851065
720575941478519631,1.15214776878217
720575941640451359,1.1520579909113977
720575941441888719,1.1520549258060513
720575941569365242,1.1520411964972532
720575941542437212,1.1520322780435042
720575941501552983,1.1520124360764517
720575941524294169,1.152009149297462
720575941413706641,1.1520038873893714
720575941571492859,1.1519936364580357
720575941471166327,1.1518709115421646
720575941584448134,1.1518265660128126
720575941614891221,1.151821074053852
720575941489344565,1.1518131461355388
720575941663129656,1.1517656675510597
720575941528588491,1.1517377924701
720575941688217356,1.1516865586704768
720575941632901829,1.1516771649843922
720575941402071408,1.1516713730292503
720575941534698730,1.1515896745652703
720575941665455347,1.151587487296428
720575941671438759,1.151568492933274
720575941459023088,1.151567066100393
720575941412103535,1.1515564955240458
720575941543468137,1.1515343984215682
720575941630573794,1.1514143040736184
720575941633660832,1.1514133480230029
720575941558343725,1.1513917718097344
720575941659040080,1.1513813394230892
720575941441213375,1.1512845554970934
720575941507073303,1.1512806075104833
720575941431332088,1.1512055310116207
720575941563450678,1.1511906979963173
720575941651946005,1.1511662229968065
720575941479961312,1.15105642813232
720575941593845125,1.1510311528725115
720575941515612051,1.1510238178731897
720575941567249908,1.1509432240864936
720575941574723337,1.150942976645382
720575941515630947,1.1509171916542171
720575941494020734,1.1509047161777215
720575941631581154,1.1508928815030897
720575941546890273,1.1508690527072236
720575941650904085,1.1508593599090702
720575941574752521,1.1507929180116903
720575941515899994,1.150789187721077
720575941508518785,1.1507772760960409
720575941531468005,1.1507333005983982
720575941581682041,1.1507007417294641
720575941518866030,1.15069119405953
720575941589854604,1.1506773440011453
720575941432005646,1.150667672536534
720575941495599483,1.15066395225086
720575941428412809,1.150645507913259
720575941457184838,1.1506042868333695
720575941668602535,1.150581632260426
720575941613411548,1.1505085629340779
720575941475006273,1.1504009775877346
720575941529830840,1.150378368882808
720575941583270790,1.1503397802026885
720575941593948805,1.1502983780756872
720575941663137404,1.1502950062869297
720575941537166997,1.1502737444942088
720575941489746663,1.1502478786491341
720575941501898290,1.1502117126332916
720575941414262161,1.1501958170942523
720575941678541245,1.150177890867612
720575941435741740,1.1501706430681249
720575941428236536,1.1501273839749875
720575941588484236,1.1501079009104422
720575941563358774,1.1501022008957569
720575941688631414,1.1500350671249258
720575941474741819,1.1499776929547836
720575941514092179,1.149924566268416
720575941608298826,1.149853841720442
720575941440363093,1.1498534789772838
720575941523083767,1.1497298326847327
720575941426691668,1.1497195183784557
720575941535177443,1.1497002647726586
720575941569367546,1.149692354327798
720575941551926527,1.149622710789187
720575941533380362,1.1496170932284433
720575941563874728,1.1495411067214039
720575941404758384,1.1495130870499102
720575941436700991,1.1495002219596764
720575941472613435,1.1494915575511104
720575941524050276,1.149487096205312
720575941595190053,1.1494679393915113
720575941574844425,1.149449846093941
720575941434859296,1.149424688641676
720575941594873814,1.1493975485829844
720575941542468956,1.1493640606901083
720575941543798789,1.1492833261082323
720575941512798796,1.1492710723762525
720575941537960424,1.1492646130279145
720575941578509401,1.1491702876290264
720575941430994785,1.1491654502366833
720575941652314841,1.1491575010699129
720575941532952810,1.149151849875276
720575941513738819,1.149100535438274
720575941539298509,1.1490974314074667
720575941610683053,1.1490972599042868
720575941505180354,1.1490773019126304
720575941455074099,1.1490734705682486
720575941472042282,1.1488797594745837
720575941609520742,1.1488522816344635
720575941547394081,1.1488060339738448
720575941457073478,1.1487552843604787
720575941549224703,1.148739446054043
720575941573038843,1.1487382220607634
720575941444765866,1.1487228800151401
720575941516122540,1.1486822568521113
720575941558635053,1.1486761441703286
720575941534822632,1.1486700152435598
720575941563872359,1.148643101865971
720575941499426699,1.1486005416111078
720575941591050494,1.1485973811786108
720575941543601769,1.1485831425340267
720575941611712531,1.1484876380112914
720575941552643841,1.1484358140931303
720575941669830065,1.1483937230811234
720575941546491681,1.148391936122101
720575941642650056,1.1483900870821033
720575941429210721,1.148377322823752
720575941557882895,1.1483279262656534
720575941560079342,1.1482865553885284
720575941501721138,1.148253869001099
720575941567049972,1.1482176100598993
720575941407101614,1.1482171401359655
720575941611823078,1.1481917303129312
720575941350441008,1.1481654151295542
720575941447851854,1.1481494893623623
720575941630308549,1.148138413258098
720575941516887918,1.1480869329067278
720575941595878848,1.1480830389255527
720575941537644003,1.148044508349613
720575941597544128,1.148015830866163
720575941490160590,1.1479935196049644
720575941458788166,1.1479935067443172
720575941649159189,1.147972940548183
720575941626287242,1.1479195637574346
720575941678517181,1.147902702134751
720575941562408967,1.1478974538837856
720575941565405998,1.1478945733214752
720575941655873304,1.1478894480335244
720575941501912114,1.147878263706607
720575941598299804,1.1478766122039241
720575941431865592,1.147865667111509
720575941503813207,1.1478491414421765
720575941443849130,1.1478045285414908
720575941588924215,1.1476582901984882
720575941557510771,1.1476529582120325
720575941476443956,1.147634088503079
720575941515693315,1.147629353641047
720575941536775144,1.1476222889320216
720575941456206495,1.147580816115308
720575941575948377,1.1475746228006831
720575941542286085,1.1475702314021252
720575941446820884,1.1475621183500362
720575941438468114,1.1475539685646226
720575941486464066,1.1474815151231774
720575941507257925,1.147475451072007
720575941663497852,1.1474500194891195
720575941481050877,1.1474158981359701
720575941505860887,1.1473891036015413
720575941415605276,1.1473255295627829
720575941545127785,1.1472625768130025
720575941539085973,1.1472623644605768
720575941554637732,1.1472578537977474
720575941391925508,1.1471164139808694
720575941445042346,1.147114759697318
720575941596267121,1.147098598826504
720575941640958053,1.1470659107550467
720575941429324897,1.1470079715576997
720575941610174950,1.147006819905691
720575941435693356,1.1470046212268856
720575941549962868,1.1469996588661961
720575941489335753,1.1468930444837586
720575941623399788,1.1468404974404487
720575941601470454,1.1468175688091864
720575941551519386,1.146749733979405
720575941653928465,1.1466758810356263
720575941449560142,1.146578674001956
720575941612027238,1.1465384915108723
720575941480815267,1.146528715653612
720575941487853877,1.1464936457279757
720575941552896830,1.1464463203086845
720575941513310810,1.1464452514506034
720575941657720600,1.1464392389078184
720575941652156657,1.146433429630371
720575941576969717,1.1464315765990964
720575941482015171,1.1463181009292096
720575941614816725,1.146299155085601
720575941551010695,1.1462639795667109
720575941477517674,1.1462452480479346
720575941552474881,1.146200915549457
720575941552372634,1.1461919749311653
720575941611626003,1.1461571951668563
720575941594213927,1.1461284230879758
720575941572456776,1.1461084380669628
720575941623354267,1.146031206534492
720575941470110327,1.14602786548487
720575941496684928,1.1460250616423455
720575941632890053,1.1460106663507659
720575941652506353,1.1459918281049228
720575941543649285,1.1459613554140675
720575941515325699,1.1459494885257404
720575941459347411,1.1459414989777728
720575941505798238,1.1459157499751451
720575941608855785,1.1458369883149038
720575941451958343,1.1457657579085045
720575941667224753,1.145701752932804
720575941411919787,1.1456942589820667
720575941448056669,1.145542265182808
720575941436706783,1.1455194064277627
720575941485458754,1.14550975971737
720575941574375272,1.145488648598653
720575941652900564,1.1454636400569327
720575941505536290,1.1454398203649212
720575941487149378,1.1454099601073369
720575941534854337,1.1453430933022444
720575941495390848,1.1452855734616065
720575941490085941,1.1452461341080085
720575941578639441,1.1452234787517317
720575941518419895,1.145211403809552
720575941496878498,1.1451828137304194
720575941476515636,1.1451449287643463
720575941505985409,1.1450843168846208
720575941543633157,1.1450613767244606
720575941504200613,1.1450011099157469
720575941476025886,1.1449802245443095
720575941569678450,1.14488615022803
720575941678543805,1.1448539404474032
720575941470734912,1.144852298588206
720575941570513396,1.1448136268231366
720575941475798634,1.1447989144566135
720575941731736875,1.1447670557606637
720575941408496431,1.1447535365518502
720575941524187492,1.1447181405386224
720575941518125528,1.1447001498006275
720575941577000949,1.1446751774895434
720575941526632194,1.1446376606872015
720575941503527484,1.1446040189979285
720575941512987129,1.1445504841491139
720575941511388881,1.1445299497947208
720575941477560129,1.144521165940759
720575941600543785,1.144504880276883
720575941513645891,1.1444766269418856
720575941669778353,1.1444736216378104
720575941405601839,1.144455792710936
720575941536279745,1.1444088875295642
720575941588919607,1.1443811961846806
720575941611970477,1.1443187292820158
720575941526615554,1.1442932034993418
720575941555321601,1.1442632224251896
720575941392744964,1.1442390713974224
720575941434703392,1.144203815471969
720575941516704761,1.144175494164206
720575941513155843,1.1441450592469373
720575941442347178,1.1441228666832775
720575941655597785,1.144116093434257
720575941625169802,1.144060206472134
720575941595744668,1.144027129402335
720575941479369346,1.1440118924851366
720575941595295783,1.143983743069252
720575941595934577,1.1439814677432192
720575941473901920,1.1439201095194846
720575941517716952,1.1439094282847702
720575941631013090,1.1438624294471123
720575941588409924,1.1438337598717716
720575941594821334,1.1437816875583056
720575941649191189,1.1437424736840034
720575941542265093,1.1437059144497044
720575941632020204,1.1436991222533957
720575941542235141,1.1436478889998922
720575941391926020,1.143619176804731
720575941430924536,1.1436077262658573
720575941431311575,1.1436061914576292
720575941525795684,1.1436026127248067
720575941559096302,1.1435500366104498
720575941532426730,1.1435453370357949
720575941451303034,1.1435403284577546
720575941515925338,1.1434909959844601
720575941478397802,1.143401850017255
720575941525334372,1.1433633830565804
720575941393864342,1.14335130778993
720575941400710435,1.1432793108543196
720575941605600109,1.1432586824885318
720575941444514730,1.143251847355252
720575941543669765,1.1432378098074645
720575941497917001,1.143213151671045
720575941545312005,1.1431644426391208
720575941507184478,1.143162644619424
720575941504427714,1.143143844854146
720575941475322410,1.1430879342776172
720575941535136739,1.1430590535301093
720575941401776931,1.1430544058480083
720575941546435177,1.1429692362783759
720575941437150252,1.1429600769018433
720575941496126793,1.1428567699415606
720575941594743921,1.1428344895871014
720575941485886672,1.1428293673211234
720575941629727270,1.1427528246779735
720575941539539325,1.1427380198519455
720575941574161256,1.1426362988776089
720575941623139018,1.1426260448400567
720575941577437017,1.1426007369778932
720575941547452084,1.1425602579441432
720575941567018228,1.142517433742617
720575941565466775,1.1425113387392565
720575941452595322,1.1424990893435332
720575941598952604,1.1424827952024323
720575941592046699,1.1424489920303387
720575941413989404,1.1424327575815383
720575941568733486,1.1424301853252699
720575941517717420,1.1424155402888403
720575941619906431,1.1424007526685513
720575941447898388,1.1422964515384566
720575941621634044,1.1422941181117563
720575941480969123,1.1422402371385991
720575941477189918,1.1422363484977733
720575941629935654,1.1422307568599883
720575941572464798,1.1421892724124094
720575941681019325,1.1421726120187987
720575941494066558,1.1421583988676292
720575941539620700,1.1421035498280332
720575941526673945,1.142084166959403
720575941478288864,1.14200776012254
720575941534869080,1.1419995615924994
720575941574641309,1.141977152813232
720575941474741051,1.1419736848657691
720575941644727713,1.1419596656730653
720575941412551791,1.1419558842192588
720575941432778638,1.141951222184114
720575941517006296,1.141917792187319
720575941566799354,1.1418951252263463
720575941553985875,1.1418543184775696
720575941533863194,1.1418148889472843
720575941507468161,1.1418013466768981
720575941657604632,1.1417348623285744
720575941470723648,1.1417346923619414
720575941460384723,1.1417059038351842
720575941668683687,1.1416648002714267
720575941513101049,1.1416450284996518
720575941516734062,1.1416185160467387
720575941489744359,1.1416036649723011
720575941519656814,1.1415409282104352
720575941502635243,1.1414718663978365
720575941656297808,1.1414643020177138
720575941390285462,1.141463235068386
720575941595520039,1.1414618390879219
720575941451997562,1.1414280866044801
720575941556189924,1.1413927928392904
720575941523100491,1.1413518865161834
720575941525100198,1.1413373430035187
720575941524348953,1.1413312256381032
720575941572859535,1.1413013337496523
720575941436095788,1.1412806298012907
720575941485267920,1.1412791105556384
720575941597885737,1.1412722362833805
720575941441196479,1.141268123549243
720575941526730852,1.1412660043182818
720575941496173947,1.1412407636470323
720575941651866901,1.1412103126869497
720575941475389243,1.141144025463923
720575941438841311,1.1411301342119216
720575941553019475,1.1411283238121739
720575941581648479,1.1411257892380113
720575941625871562,1.1411023349191052
720575941556251556,1.1410432840329925
720575941440382293,1.1409743008824131
720575941452164915,1.1409174217819578
720575941471909440,1.140893248363381
720575941520145331,1.140884856075214
720575941464142422,1.1408231518666065
720575941653997780,1.140779251684523
720575941539028722,1.1407751624400195
720575941566759015,1.1407528522769634
720575941523203403,1.140733357601831
720575941563837799,1.140698323168388
720575941632002720,1.14068868511929
720575941476991025,1.1406681891800674
720575941516776558,1.1405972218866893
720575941658925392,1.1405478420935302
720575941503469035,1.1405237631908989
720575941508293410,1.1405234981188812
720575941655483092,1.1405226447586998
720575941534736872,1.1405163534660667
720575941522089463,1.1405154140917868
720575941524015874,1.1404984697389147
720575941520361719,1.1404909840918669
720575941649244437,1.1404716801391026
720575941408423854,1.140469826527787
720575941561320493,1.1404346149516666
720575941461081101,1.14041453659674
720575941555478355,1.1403897957146225
720575941629419756,1.1403875953306817
720575941445299732,1.1403812082330995
720575941573362870,1.1403573311233741
720575941447461908,1.1403218446309389
720575941450580558,1.1402874387388808
720575941467281373,1.1402842655769478
720575941552622398,1.1402759006064411
720575941591285132,1.1402324252155334
720575941502529003,1.1402311704549797
720575941668526067,1.1402263964249713
720575941513033219,1.1402254266983052
720575941499505803,1.14020486896568
720575941457707167,1.1402031785249855
720575941504418373,1.1401831105831068
720575941558884979,1.1401520223733366
720575941471955264,1.140101546762069
720575941392039574,1.1400484016640453
720575941584468319,1.140039229360919
720575941572855439,1.1400240121317242
720575941528576459,1.1399716388080285
720575941560024847,1.139928337844158
720575941451681351,1.1399004537024724
720575941542484060,1.1398878105907089
720575941592380199,1.1398552841406926
720575941433029390,1.1398094020626002
720575941530577355,1.1397996453948926
720575941411184043,1.1397978149038632
720575941520057783,1.1397566453140484
720575941438449452,1.1397331238013708
720575941469045111,1.1396891098880753
720575941429538007,1.1396678058968501
720575941524115277,1.1396617738221693
720575941494974919,1.139655425811617
720575941438469138,1.1395342005543136
720575941524041986,1.1395267021716793
720575941562109440,1.1394567119244707
720575941599226048,1.1394519951388902
720575941461108749,1.139449523905891
720575941633520059,1.1394204542791655
720575941450363770,1.1393916877700336
720575941487942352,1.1393393060567207
720575941455798253,1.1393387796023653
720575941472734048,1.1392783505502584
720575941575840089,1.1392734088432115
720575941536986866,1.139170585683314
720575941606622317,1.1391498325645588
720575941526388100,1.1390932181476758
720575941573794569,1.1390721611788088
720575941411590804,1.139050704241452
720575941595197733,1.139041092899329
720575941554533274,1.1390208155858412
720575941497858121,1.1389892516179474
720575941503527228,1.1389875042490685
720575941428210424,1.1389593893909364
720575941554049051,1.1389526495904874
720575941476991028,1.1389485758571596
720575941687552268,1.1389282399414293
720575941548184200,1.1388368495217869
720575941637950239,1.1388303431531122
720575941582981471,1.138820144691833
720575941537193699,1.1387910636774012
720575941521454923,1.138721328826839
720575941411546001,1.1386863263351046
720575941540138269,1.1386787522199253
720575941477556289,1.1386767175802495
720575941474574132,1.1386542609612078
720575941639451167,1.138632161070378
720575941655891992,1.138595340339257
720575941450532174,1.1385044109009355
720575941429428183,1.138473665043313
720575941525725954,1.1384530274278548
720575941642528417,1.1384375708226337
720575941537881981,1.138400699222856
720575941616469461,1.1383558369008495
720575941496132065,1.1383464057277823
720575941499744162,1.1383348897124845
720575941403931248,1.1383275513796174
720575941461246931,1.1383163060350077
720575941482987974,1.138276024665188
720575941593041192,1.1382439325707516
720575941626154604,1.1381399794465503
720575941537594573,1.1380633333786259
720575941430003960,1.1380179327453406
720575941563946038,1.1380092258874792
720575941486469954,1.1380066694194855
720575941480784258,1.1378931702922936
720575941670676135,1.1378803969795885
720575941467590166,1.1377954159830526
720575941566788602,1.1377889999976447
720575941556330148,1.1377793453521219
720575941574250235,1.1377681156710981
720575941462490256,1.1377617601982994
720575941668682407,1.1376926687122142
720575941479548034,1.1376576603642197
720575941449947229,1.1376536333106038
720575941508309282,1.1376531740655997
720575941669867185,1.137630952104409
720575941527184642,1.1376299897831104
720575941424973652,1.1376070071815905
720575941534998282,1.1376062829509839
720575941665387763,1.1376038912571722
720575941489250505,1.1376022959442642
720575941483184070,1.137590659238015
720575941524427289,1.1375841857428122
720575941424940628,1.137550580569644
720575941559867181,1.1375082649295838
720575941560722344,1.137504511629355
720575941565495655,1.1374879827735607
720575941540246364,1.1374831653165491
720575941571512827,1.1374813931417438
720575941597489344,1.1374631244156213
720575941625182572,1.137435743715569
720575941503082802,1.1373832521219471
720575941552559131,1.137372308766616
720575941430097071,1.1373073206005717
720575941530839427,1.137278682019779
720575941653961689,1.1372613390965371
720575941624881866,1.137236272366708
720575941533958531,1.1371240151250135
720575941616410325,1.1371008958340167
720575941456303263,1.1370754545119013
720575941574155003,1.1370371749855608
720575941447866132,1.1370320046336948
720575941610317020,1.137024363777665
720575941527188664,1.1369646928699413
720575941495655803,1.1369451220433644
720575941626940710,1.1369102826739763
720575941593759781,1.1368699720633586
720575941631157408,1.1368363023373929
720575941542469724,1.136822014941905
720575941485392269,1.136814589793195
720575941659183952,1.1367753710798636
720575941684990447,1.1367743246612463
720575941414284433,1.1367676460092566
720575941513027331,1.1367545344362426
720575941535907082,1.136711984177748
720575941545355625,1.136707886125273
720575941460163539,1.1366345444857953
720575941495392640,1.1366182546445955
720575941442418639,1.1366173286136945
720575941557451502,1.1366027418647295
720575941643468133,1.1365932469120241
720575941605598061,1.1365808801190793
720575941453625001,1.1365601398075387
720575941557230628,1.136456416294863
720575941594868438,1.1363623333695212
720575941492354174,1.136353644793713
720575941392302852,1.1363529761962126
720575941572050589,1.1363308800547258
720575941478392739,1.1362575823338665
720575941549488417,1.1361936787775717
720575941408246955,1.1361883856686963
720575941440287183,1.1361754717762949
720575941562408711,1.1361581393128102
720575941469314525,1.1361178737422957
720575941569581170,1.1359851016849436
720575941501224279,1.1359478874592635
720575941514461772,1.13593386567631
720575941551514174,1.1359077836042684
720575941490759600,1.1358793238486302
720575941481030586,1.1358443783099008
720575941627020582,1.1358156511759159
720575941414491028,1.1358156242236193
720575941621780732,1.1357717562763858
720575941593890774,1.1357643753502962
720575941544977596,1.1356500803571483
720575941690972056,1.1356441128856218
720575941546867489,1.1356046627353982
720575941595766428,1.1355894292302633
720575941564553223,1.1355563676596518
720575941525847396,1.1355388603903582
720575941540239053,1.135474571955977
720575941549987444,1.1354032882771579
720575941477166622,1.1353956590816532
720575941681075389,1.1353567537517726
720575941505725790,1.1353389297049075
720575941548923965,1.1351427706866888
720575941454024429,1.1351361850224069
720575941513353562,1.1351307828631145
720575941483530682,1.135101214867689
720575941480426950,1.1350744765020544
720575941439705407,1.135022333729793
720575941519283416,1.134903442802182
720575941490267854,1.1348628552279367
720575941723167546,1.1348471054169837
720575941511209292,1.1348329082125364
720575941633542587,1.1348213680946784
720575941496079433,1.134665359838946
720575941554540698,1.1346565295146769
720575941536171506,1.1346502721750573
720575941534025304,1.1346401662451076
720575941440355157,1.1346386585979125
720575941558960143,1.1346156822186195
720575941557362852,1.1344614809341083
720575941546845320,1.1344495946046371
720575941583659742,1.1343723602156042
720575941687889391,1.13431127135314
720575941610446569,1.134294362284635
720575941516750483,1.1342731266477906
720575941475711518,1.1342384316770866
720575941659795000,1.134210847878585
720575941656236112,1.1342087309958189
720575941481351843,1.1341807252031686
720575941430486286,1.1341729520478214
720575941449948765,1.1341655697204884
720575941721193018,1.1341596435313472
720575941581657695,1.134145005029082
720575941534026584,1.134115005405355
720575941575292936,1.1340899479371434
720575941534900824,1.1340563005239832
720575941562373895,1.1339794811297896
720575941563469207,1.1339525371645807
720575941514097043,1.1338888844664237
720575941547178164,1.1338854079782537
720575941454878003,1.1338784447697186
720575941520064435,1.1338493134745877
720575941471186295,1.1338026018717728
720575941618058197,1.1337875442690935
720575941477587777,1.1337244995884952
720575941519230168,1.1336381928206167
720575941533234954,1.1336074922731703
720575941547331389,1.1335737906840837
720575941511275986,1.1335603172164312
720575941534104298,1.1335193927320737
720575941611260262,1.1335177542581114
720575941481049085,1.133455224164667
720575941573479176,1.1334266615394146
720575941505945879,1.1334247743453882
720575941656535576,1.1334081406687346
720575941604912749,1.1333957406909838
720575941611824358,1.1333936920333338
720575941518436462,1.1333477147762492
720575941649244949,1.133320627820814
720575941601243321,1.1333077099445819
720575941566364982,1.1332760328528486
720575941460225936,1.1332508526739855
720575941702256090,1.1332309825782012
720575941639327605,1.1331784135903973
720575941436899807,1.1331286460845567
720575941539242389,1.1331031976160577
720575941489431093,1.133098734981108
720575941447445853,1.1330832384731977
720575941595969728,1.1330828213844353
720575941574183163,1.133034868301831
720575941605070189,1.1329834126431229
720575941441969103,1.1329788925753952
720575941501044055,1.1329393007655624
720575941408257195,1.1328857364792388
720575941567639922,1.132828757984855
720575941438506719,1.1328260493116222
720575941438723675,1.1328070431898638
720575941655664596,1.1327429203073165
720575941474984257,1.132737868129918
720575941516393107,1.1327237122175327
720575941447316061,1.1326394788294982
720575941576023400,1.1326051010464073
720575941411710100,1.1326011450999536
720575941625369401,1.1325858864548641
720575941563363638,1.1325407373926912
720575941583511518,1.1324624314016178
720575941552329729,1.1324598051521493
720575941476990257,1.1324257746449955
720575941411656081,1.1323886228230862
720575941687936219,1.1323529806621702
720575941461374608,1.132325759373209
720575941589968780,1.13230992417688
720575941614257939,1.132309786941419
720575941481588934,1.132257503723105
720575941519213016,1.132184917325194
720575941558736685,1.1321829631397027
720575941428412591,1.1321615086899572
720575941544973500,1.1321551405574324
720575941514637315,1.1321408826881234
720575941537703373,1.1321377602033145
720575941559885327,1.1321349583557372
720575941630020646,1.132129618430753
720575941632241900,1.1320920234470275
720575941432241111,1.1320773130518043
720575941468899904,1.1320259648257394
720575941521485643,1.1319635631583156
720575941471300448,1.1319265029704024
720575941572819855,1.1318954935283425
720575941551439643,1.1318894620452031
720575941441162191,1.131863821732179
720575941526404740,1.131804105937443
720575941479472258,1.1317748238989542
720575941562240256,1.1317717325253926
720575941549506932,1.1317287262391178
720575941477927042,1.1317280561621201
720575941453962221,1.1317259627205425
720575941480784381,1.1317164967260411
720575941669049587,1.1316876697465035
720575941532746981,1.1316606907454876
720575941539005426,1.131639495240893
720575941433371424,1.1315365723692394
720575941504433733,1.1315095368905692
720575941586378820,1.1314322164020305
720575941602242750,1.131393876817732
720575941523360075,1.1313763366427072
720575941536453106,1.1312852548278385
720575941436671711,1.1312812924238675
720575941535084570,1.1312322444609755
720575941575840857,1.1311648386358912
720575941592505639,1.1310504723398835
720575941721763642,1.1310093829212444
720575941496208071,1.1310054706093184
720575941701235930,1.130951790824988
720575941438674367,1.1309275449710763
720575941610363881,1.1309085727470076
720575941586449118,1.130877096573763
720575941603685817,1.130875331063462
720575941514846713,1.1308574785234131
720575941540270973,1.1307959293762762
720575941553520211,1.1307609701996821
720575941594264869,1.1307462423487125
720575941558335524,1.1307366554354252
720575941588460684,1.130701911628496
720575941499537993,1.1306476690137484
720575941431875832,1.1306072179952948
720575941535331594,1.1305450061674418
720575941551911935,1.1305187084637733
720575941562443362,1.1304981671706078
720575941475933755,1.1304730668913865
720575941524617241,1.130450752103861
720575941566140567,1.1304200199655825
720575941488529205,1.1303947437868573
720575941527840934,1.1302227086537548
720575941555229953,1.1301968970627112
720575941550693236,1.130188215738806
720575941447851284,1.1301756226225785
720575941649649649,1.1301671431055624
720575941632896453,1.1301556493101916
720575941612530073,1.1301213217302861
720575941570313118,1.1300333393414417
720575941631017698,1.130015688578467
720575941472005952,1.1299885897897066
720575941496646784,1.1299489308705082
720575941586308574,1.1299479690358956
720575941446801333,1.1299283077545332
720575941530890627,1.1299183735829366
720575941416653084,1.1298855069353375
720575941645261768,1.1298817952209113
720575941496146657,1.129795004352849
720575941563165096,1.1297414982627851
720575941610587612,1.1296471264700152
720575941567115378,1.1296011662567618
720575941450532521,1.1294874800468213
720575941442364842,1.1294769669900522
720575941414256273,1.12942623637215
720575941527544708,1.1293211043257732
720575941552940059,1.1292938418728211
720575941527018009,1.1292738278321548
720575941623051978,1.1292556250249015
720575941545212340,1.1292460258104515
720575941480556674,1.129177458184791
720575941461123341,1.1291214475151596
720575941480846266,1.129115819398983
720575941544715013,1.1290656257545164
720575941506486437,1.1289544896957489
720575941566917370,1.1289304678968404
720575941433315872,1.1288888576326574
720575941556419300,1.1288114312446782
720575941642573000,1.1287908288278843
720575941563953718,1.12878211933794
720575941585929350,1.128704810597449
720575941492198832,1.12856372713069
720575941723164474,1.1285590272940311
720575941535149539,1.128538618279093
720575941558998766,1.1285164307047018
720575941566269543,1.1284980961074615
720575941497009058,1.128477906566513
720575941496948297,1.1284714842544095
720575941581506143,1.1284667027222153
720575941564705431,1.1284536650119732
720575941625389625,1.1284425515927352
720575941686037878,1.1283815712999665
720575941580604661,1.1283471342586224
720575941452767047,1.1283294809841584
720575941649938417,1.1283028962783166
720575941480515714,1.128288613007688
720575941490914761,1.1282649103924405
720575941534131946,1.1282008441228621
720575941625404985,1.1281544695258716
720575941576933109,1.1281532501971774
720575941662397752,1.1281411214677657
720575941658918736,1.1281148071636746
720575941390308246,1.1281118484465684
720575941505991041,1.1280967104830435
720575941446990261,1.1280901688892868
720575941537715149,1.1280631793442149
720575941639358837,1.1280324091778258
720575941572251144,1.127997967116896
720575941535933450,1.1279805561459553
720575941668606375,1.127968101639821
720575941514026705,1.1279227441200692
720575941524353049,1.1279116331206374
720575941508277794,1.1278582661874539
720575941472508256,1.1278336893118244
720575941598950556,1.1278136499116524
720575941565515927,1.1277892341652398
720575941523930370,1.127785973528717
720575941431254743,1.127752617705806
720575941496628864,1.1277508275546535
720575941532531843,1.12772333037296
720575941478057123,1.1277121027759278
720575941583458911,1.1276914006805077
720575941483896838,1.1276897586259071
720575941584451167,1.1276737131288803
720575941509010305,1.1276601196969196
720575941428263928,1.127621451293076
720575941655877400,1.1275882894517368
720575941472700000,1.127576344493159
720575941670819495,1.1274994797440934
720575941532246762,1.1274760484387367
720575941517750188,1.127460328490242
720575941644253857,1.127380982105902
720575941459926086,1.1273054481993372
720575941597912617,1.1272843703431505
720575941549297919,1.1271829602463268
720575941453512499,1.1270524774724797
720575941519967159,1.1270061503266984
720575941588675980,1.1269666582607822
720575941626133147,1.126960505366394
720575941703171802,1.1269264402356414
720575941518823852,1.1269179457483227
720575941562127405,1.1269038478834366
720575941505739102,1.126825677859965
720575941555244772,1.1267888694623094
720575941564071680,1.126763433487365
720575941518433719,1.1267311712874948
720575941524119885,1.1267245219658015
720575941542918941,1.126724494250849
720575941536368370,1.1266882286294164
720575941546819617,1.1266346051564695
720575941586439902,1.1266052561148303
720575941512656593,1.1265985294530751
720575941570315166,1.126558886305534
720575941689787800,1.1264981644028396
720575941579203153,1.1264743512608355
720575941557537774,1.126469064300278
720575941595804828,1.1264242272109664
720575941535332952,1.126415204024338
720575941413455252,1.1263847540791183
720575941393745046,1.1263777769451928
720575941549732158,1.1263755507042523
720575941507213150,1.1263750139678013
720575941541431644,1.1262627509405696
720575941447610446,1.1262560633074075
720575941626945830,1.126213725042327
720575941687585036,1.1262052304332923
720575941490295756,1.1261805133038856
720575941574004840,1.1261638991355896
720575941501258583,1.1261572625287715
720575941532255978,1.1261395583556135
720575941408481195,1.1261078403985874
720575941628388153,1.1260922862546543
720575941638343797,1.12603862641019
720575941483870018,1.1260315159051142
720575941623015788,1.1259904941485772
720575941425016916,1.125927737312741
720575941687863515,1.125910095532052
720575941572811663,1.12585339961746
720575941579640401,1.1258488575221715
720575941611056714,1.1258466699569258
720575941570551540,1.1258448443545783
720575941593285416,1.1257815171137449
720575941578634577,1.1257450898666015
720575941477915956,1.1256903982764457
720575941512778193,1.1256380839759312
720575941599433664,1.1256357072339864
720575941592094422,1.1256171693725312
720575941603727545,1.1256057140501003
720575941573956239,1.1255472228998034
720575941629428460,1.1254685516981218
720575941519389806,1.1254661457035233
720575941518535347,1.1254547283185314
720575941557563630,1.1254428149657751
720575941650578193,1.1254380106238577
720575941413189999,1.1253851165844468
720575941618363007,1.1253629846314326
720575941537584882,1.125296453282364
720575941485254864,1.1252460170581509
720575941562983575,1.1252225118365287
720575941553332890,1.1252110076343684
720575941503522364,1.1252059296981674
720575941390320644,1.1251555099832133
720575941542900997,1.1251382066586775
720575941475391035,1.1251251407075746
720575941630940642,1.1250909151983948
720575941459913798,1.1250637174678704
720575941641037925,1.12504524338575
720575941583423839,1.1249761827741236
720575941590259240,1.124969304141458
720575941453086535,1.1249593388960968
720575941524293401,1.1247483137742833
720575941442389930,1.1247209244661829
720575941472158506,1.124718018220919
720575941433046798,1.124684907241936
720575941451813191,1.1246776605214162
720575941468897856,1.1246731700080832
720575941439173205,1.1246676099140407
720575941580626041,1.1246673749755574
720575941642221176,1.1246409059804698
720575941449993821,1.124600073062542
720575941662369592,1.1245955012748055
720575941589969292,1.1245930584036379
720575941472752736,1.1244007678348802
720575941608918249,1.124313179982285
720575941514874627,1.1243087361707198
720575941569375994,1.1242780596053543
720575941494699646,1.124262585014451
720575941450587726,1.1242251287474432
720575941536227826,1.1241741433848798
720575941527130040,1.1241724054936781
720575941403521648,1.1241267085362212
720575941652647185,1.1241144260526317
720575941539118834,1.124094001855013
720575941449005149,1.1240190241098502
720575941558287908,1.1240036355656724
720575941585907334,1.1238724769020472
720575941524744781,1.1237675430920906
720575941474646570,1.1237557473882618
720575941536777187,1.123665380635252
720575941536206785,1.1236343384663228
720575941488193481,1.123546011063757
720575941613433564,1.1234861944109222
720575941579017337,1.123473227049613
720575941628282150,1.12346712402671
720575941393490326,1.1234286417862867
720575941668280051,1.123334640435704
720575941498677922,1.1233101595938573
720575941573992776,1.1232772772811346
720575941612174044,1.1232143446781844
720575941602854841,1.1231661686305063
720575941580369489,1.1231614544358794
720575941444892330,1.1231329524137574
720575941407463471,1.1231169227522875
720575941595780508,1.1230924036182526
720575941414321297,1.1230868688884441
720575941535538202,1.1230255979096768
720575941545464968,1.1230166111492932
720575941449752910,1.1230032068003661
720575941671479207,1.1229556900326265
720575941533937842,1.122925043468022
720575941449745333,1.1228377739785087
720575941499022049,1.1227981118550137
720575941508250658,1.122771518705561
720575941649828629,1.122661941619323
720575941623067338,1.1226513581185342
720575941591871528,1.1226413963124497
720575941439197013,1.1226249233354857
720575941483865922,1.122622844081214
720575941653910489,1.1225588755999891
720575941514637827,1.1225221967954688
720575941566805498,1.12244092482611
720575941691313115,1.1224197035612378
720575941610093033,1.1224187550385323
720575941628604386,1.122390125692979
720575941568236532,1.122377188052064
720575941566185782,1.1223415843560742
720575941544982716,1.1223337076987772
720575941472417083,1.1222897829998504
720575941562029480,1.1222652103662796
720575941488530382,1.1222094260360405
720575941429602145,1.1221920195231834
720575941507368005,1.1221487557685763
720575941500700139,1.1220784602469784
720575941557239076,1.1220768460359885
720575941390822404,1.122033091901595
720575941559268723,1.1220310409983194
720575941593948037,1.1219558712214326
720575941495356286,1.121818976379023
720575941512847180,1.1217829208996655
720575941480778915,1.121777044821505
720575941565499543,1.1217103408873883
720575941629389804,1.1216307937948105
720575941631664610,1.1216284340821776
720575941642624968,1.121605749416483
720575941501961410,1.1215990353190375
720575941476452458,1.121588391416596
720575941489332169,1.1215573991721788
720575941547187080,1.1215381696685867
720575941591765544,1.1214993694810746
720575941499192905,1.1214088073591537
720575941534028010,1.1213367780402896
720575941547315060,1.121317218594737
720575941514537731,1.1212689678780143
720575941496227041,1.1211456039734222
720575941439143375,1.1211266368892017
720575941562066856,1.1210598812739412
720575941636474229,1.121055874476499
720575941463352333,1.1210523754658777
720575941535224803,1.1209994387238391
720575941352946736,1.1209955792855413
720575941529806821,1.1209931887721118
720575941572349449,1.1209846539451602
720575941551944191,1.120963091793932
720575941507100033,1.1209354441255708
720575941559321971,1.1208950147218801
720575941514625539,1.1208233509410201
720575941410007407,1.1207931108563918
720575941612696934,1.120764810204485
720575941632918213,1.1207258035320316
720575941586440926,1.1207013080912882
720575941516789358,1.120647387625333
720575941589606142,1.1206278614280059
720575941580098037,1.120616537707012
720575941539099285,1.1205794606301265
720575941557507443,1.1205793896277474
720575941614913555,1.1205366121477573
720575941524380953,1.1205141044737876
720575941551486463,1.1204946528244724
720575941495634816,1.120474659737591
720575941524093540,1.120447485512532
720575941592475685,1.1203688347018697
720575941592510759,1.1203365690509777
720575941569153906,1.1203075225824428
720575941508299298,1.1203038804429166
720575941475780202,1.1202956332747185
720575941438574303,1.1202930301984073
720575941592893992,1.120229276845941
720575941547187848,1.1202213864727117
720575941442307498,1.1201118236215897
720575941468950592,1.1200565258513562
720575941453960499,1.1200196168791432
720575941430111224,1.1198771952200925
720575941436993810,1.1198511527681758
720575941526713700,1.119838085452883
720575941612042972,1.1198356559676912
720575941496994017,1.1197919994395342
720575941617573589,1.1197620283743952
720575941546602345,1.1197482881947232
720575941508509569,1.119675917189915
720575941576907857,1.1196468466435812
720575941462782221,1.1196064206923833
720575941430438414,1.1195767049984109
720575941450989946,1.119559863989339
720575941407841071,1.1195478940974632
720575941519192792,1.11953389703891
720575941527015300,1.1195169645256777
720575941524211275,1.1195092329571714
720575941505814588,1.119403065394182
720575941524153675,1.1193211428911258
720575941555505747,1.1192347267157021
720575941556437732,1.1192242699315496
720575941528998788,1.1192213803666273
720575941519468654,1.1192162085550061
720575941558334244,1.1191927170925073
720575941551416603,1.119133203763677
720575941630301125,1.1190244493008357
720575941507829008,1.1189316936817217
720575941498985033,1.118928093121267
720575941455932912,1.1188714887037097
720575941623146186,1.118809341775243
720575941431229615,1.1187785427209638
720575941557560435,1.1186754845335047
720575941518449587,1.1186738955433844
720575941488182217,1.1186715006540466
720575941543607740,1.1186696086617212
720575941690864603,1.1186336053831625
720575941532507480,1.1186191560456367
720575941560221229,1.1185803978351818
720575941472359995,1.1185705844430944
720575941533108417,1.1185406193389231
720575941661289016,1.1185282805510748
720575941477314612,1.118516135916167
720575941669866161,1.1185066512147792
720575941429543127,1.1184987094066734
720575941538431381,1.118491233692544
720575941501041643,1.1184626153776178
720575941575751784,1.118447965061429
720575941439900251,1.1183991538330518
720575941564193031,1.1183916940257408
720575941439263829,1.1183816136286235
720575941507983710,1.1183684169337946
720575941565542551,1.1183471357038952
720575941546727713,1.1183385312374423
720575941467131670,1.118297072203534
720575941432281559,1.1182378586777713
720575941557553779,1.118203486781038
720575941547892084,1.1181062247736258
720575941488083657,1.1180713476520725
720575941551357467,1.1180632818358047
720575941637812085,1.1180435588389837
720575941629413356,1.1180298968345628
720575941687929307,1.118029783654169
720575941442374058,1.117988996269063
720575941440620379,1.1179867441122537
720575941643100754,1.1179363635103972
720575941441933263,1.1179008570311026
720575941474413873,1.1178772111636992
720575941553441252,1.1178502977443865
720575941625932682,1.1178358765056515
720575941506956604,1.1177948298645497
720575941564547479,1.1177742403654936
720575941595021681,1.1177734657210694
720575941461221075,1.117690073010638
720575941549735742,1.117665983071777
720575941505842014,1.1176034180805003
720575941536656867,1.1175961984244769
720575941642454885,1.1174968910546679
720575941391207574,1.1174899850130156
720575941566847847,1.1174640513491196
720575941487750197,1.1174330981195228
720575941536372978,1.1173738221433225
720575941504860354,1.1173059143590087
720575941524912461,1.1172983043887352
720575941644908408,1.1172379766477714
720575941464769046,1.1172317281292836
720575941543648005,1.1172284177295388
720575941408568750,1.1171589552518688
720575941566889210,1.11714222679308
720575941568555634,1.1171179587885414
720575941502694635,1.1170727984586208
720575941568317230,1.1170632950607222
720575941574604808,1.1170464474844755
720575941552013055,1.1169797791590823
720575941553570305,1.1169231027985678
720575941567811118,1.1168746353618266
720575941503454187,1.1168516086230884
720575941632044524,1.1168490768601744
720575941530080997,1.1168288597622602
720575941399251235,1.1168092047593587
720575941351927600,1.1167643643842022
720575941492504958,1.1167521639689464
720575941596702597,1.1167372464835068
720575941482449850,1.116724027746238
720575941411594607,1.1167120302959161
720575941502578411,1.1166268916718465
720575941655819476,1.1166210580394749
720575941594823537,1.1166164547420152
720575941430689294,1.116561083853275
720575941543804189,1.1165074182260504
720575941564030055,1.1164687384542724
720575941542469212,1.1164664494581615
720575941536219107,1.1163920266353156
720575941408856879,1.1162670876839433
720575941511000908,1.1162434428013321
720575941585936006,1.1162423007260591
720575941592983665,1.1162399306296036
720575941542282245,1.1162179699823673
720575941550957703,1.1161864716745014
720575941626991910,1.1161845957199528
720575941527341924,1.1161619270204093
720575941528463526,1.1160842115446998
720575941691005080,1.1160773453056014
720575941514148867,1.1159739613690014
720575941477158721,1.1159733830608367
720575941547176884,1.115961020613433
720575941611266278,1.115933258122033
720575941501523394,1.115876442214911
720575941532368618,1.1158551541134745
720575941501934642,1.1158164643572461
720575941566646375,1.1158022209194887
720575941644226760,1.115785459005261
720575941454870579,1.1157654823070038
720575941557126159,1.1157387119223436
720575941438898267,1.1156407704324256
720575941563175336,1.1155881975650441
720575941472131882,1.1155700457863233
720575941643430501,1.1155336595573597
720575941497075072,1.1154798945995243
720575941671946151,1.1154116868020407
720575941487902672,1.1153952716194573
720575941656304976,1.1153210334569326
720575941669254311,1.1153007928464709
720575941624839882,1.1152680745176116
720575941511393233,1.115263744269718
720575941495591291,1.1152210005675505
720575941516786579,1.115169323568154
720575941536518426,1.1150708741256599
720575941598317468,1.1149962082476668
720575941470382347,1.114995467759122
720575941644119201,1.1149763828041421
720575941401786403,1.1149672333833869
720575941587386423,1.1149672028337365
720575941503643813,1.1149429659599395
720575941631922117,1.1149100136787495
720575941568499502,1.1148801012913965
720575941514624355,1.1148684367868609
720575941573385544,1.1148560591883758
720575941722633786,1.1148427762235718
720575941431257953,1.114741282547673
720575941583646430,1.1146934984989474
720575941527847608,1.1146247817974009
720575941473691178,1.1145998304734668
720575941452199475,1.1145943530078317
720575941595310887,1.1145676725253688
720575941514930778,1.114560964505384
720575941567062898,1.1145599691635169
720575941496892066,1.1145354717582656
720575941645148616,1.1145106106137705
720575941498290850,1.1144833543025439
720575941456180127,1.1144289809782548
720575941563530496,1.1144025417696135
720575941595944305,1.114341265774015
720575941595312517,1.114325336252231
720575941590862955,1.1142686714911978
720575941565508759,1.1142156791134232
720575941401815331,1.1141282043217027
720575941533278145,1.114117845671556
720575941414341521,1.1140953690102897
720575941432332641,1.1140163199924726
720575941498736034,1.114015928880076
720575941449437006,1.1139758212350077
720575941498442363,1.1139674913502757
720575941520287991,1.113938148137701
720575941551995391,1.1139292927764153
720575941538969842,1.1139268849925414
720575941524348697,1.113904346841169
720575941436586784,1.1138564451043418
720575941476587060,1.1137988637681975
720575941478840032,1.1137948420177621
720575941485378626,1.1137787745853158
720575941428229112,1.1137448515170851
720575941532432618,1.1137160487831521
720575941441226943,1.1136229456771147
720575941474332987,1.113598426946451
720575941508517761,1.1135567826045825
720575941603744697,1.113487685792989
720575941464168534,1.1134803176860268
720575941637873439,1.1134043133630038
720575941568870770,1.113355739001626
720575941438748607,1.1131647319598674
720575941477006388,1.1131452197741558
720575941608423754,1.1131389132824632
720575941535134947,1.1131200297682486
720575941564094720,1.1131181987694718
720575941483845954,1.113109345868431
720575941470223223,1.113105296115089
720575941559311917,1.1130997293587435
720575941549751358,1.1130976566675572
720575941600259369,1.1130188285916043
720575941493970814,1.113007341410417
720575941510642192,1.1129675123184197
720575941411703697,1.1129207322988508
720575941477921601,1.1129179574010815
720575941516147546,1.1129022843478684
720575941574538504,1.1128057837171406
720575941662506040,1.1127956203330376
720575941501984651,1.1127244468944995
720575941546065032,1.1127069032484984
720575941688979318,1.1126984537552262
720575941414947220,1.1126000192308454
720575941511149132,1.1125419698136465
720575941700316378,1.1124978162905592
720575941498696354,1.1123647602854525
720575941401795619,1.1123433539219039
720575941494565831,1.1123311581360609
720575941476380724,1.112301107325041
720575941532490725,1.1122754891024498
720575941630991074,1.1122402766763189
720575941467254237,1.1122263191770803
720575941431099567,1.112209820029099
720575941458893126,1.1121576385532532
720575941528979844,1.1121333615379836
720575941431111087,1.1121046246676223
720575941474779444,1.1120762998039408
720575941488419022,1.1120439223624896
720575941578705909,1.1120409166180627
720575941428467375,1.112012230042666
720575941469877981,1.111945991940716
720575941655858968,1.1119392093469462
720575941474063968,1.1119139558182267
720575941510485008,1.1119097135995395
720575941478578511,1.1119040611642264
720575941461310096,1.1118493301210015
720575941451348602,1.1118375249335395
720575941457802480,1.1118295976070125
720575941614608915,1.1118165722936644
720575941686090614,1.1117602980087051
720575941494962558,1.1117601461383706
720575941595542823,1.1116593470156402
720575941436910303,1.1116575465422358
720575941449886791,1.1116443011027324
720575941625319225,1.1116140339380927
720575941526437988,1.111574580166935
720575941430153976,1.1115145601968508
720575941431335127,1.1114007559229246
720575941553566180,1.1113833134921434
720575941524365337,1.111376296177224
720575941466376022,1.1113363288553488
720575941623162108,1.1113327134579543
720575941574148859,1.1113176682571577
720575941524396057,1.1112902200705344
720575941464898326,1.111222407576569
720575941523074379,1.1112021174369069
720575941592581671,1.1111906404513399
720575941468717323,1.1111868467577142
720575941447357533,1.11115808199166
720575941583462110,1.1111325344493288
720575941668691367,1.1111169580823255
720575941484114182,1.1111031074891617
720575941516663768,1.111045717342684
720575941611716883,1.1110290785214763
720575941483514554,1.1110274223191339
720575941685772044,1.1109773838786545
720575941400319779,1.1109706935700725
720575941549011060,1.1108503055842172
720575941525856589,1.1108122383892953
720575941525971993,1.1107822557337128
720575941572197385,1.1107440591266942
720575941428313775,1.1105772980914308
720575941633562043,1.1105474660974899
720575941489742030,1.1105472691013658
720575941439728079,1.1105343088648383
720575941430163982,1.1105110517433356
720575941507848208,1.110507579412079
720575941495965895,1.110460183900981
720575941668311539,1.1104523031012703
720575941531457509,1.1104475475154738
720575941526507140,1.1104133109840473
720575941433406752,1.1104005023283323
720575941505980951,1.1103941144818075
720575941455596781,1.1103774557780148
720575941532407384,1.1103748238818496
720575941485651206,1.1103662432411705
720575941595198501,1.1103604028461893
720575941490670025,1.11030194588633
720575941476053354,1.1102142117749507
720575941490417717,1.110204006791387
720575941688230296,1.1101538091759091
720575941629325292,1.1100814776836834
720575941524019970,1.1100320741839085
720575941543365225,1.1100089626553344
720575941350334256,1.109981422469272
720575941435430700,1.1099537317941326
720575941562721938,1.1098895630435397
720575941473384234,1.1098781411279293
720575941432905943,1.109852898257953
720575941497441353,1.109786116762822
720575941553011713,1.109660060356465
720575941524168011,1.109646945901678
720575941650852369,1.1096298395707989
720575941630973883,1.1095812096867192
720575941689304438,1.1095546046326117
720575941533213121,1.109536315978915
720575941488023605,1.109526514452666
720575941593875589,1.1094980717545702
720575941542330117,1.1093069095592871
720575941619905151,1.1092570971185471
720575941487815376,1.1092481112110655
720575941490693065,1.1091652165809525
720575941549456673,1.1091034306191503
720575941519461742,1.1090949254772222
720575941628636217,1.1090823749328806
720575941574691593,1.1090109640377688
720575941527043238,1.1090106029731566
720575941411693679,1.1089546644615405
720575941487807440,1.108946539355349
720575941405868462,1.1089114427307398
720575941474595370,1.1088550673395072
720575941460102340,1.1088450815185527
720575941611018314,1.108828072530204
720575941526693965,1.1087631431739122
720575941470744896,1.1087515577109448
720575941515706515,1.1087209022608533
720575941594764401,1.1087188905696828
720575941405891246,1.1087003748577724
720575941481697103,1.1086881018760617
720575941545863785,1.1086838767904714
720575941470861120,1.1086359497967495
720575941533631770,1.108603389920636
720575941687916015,1.1085783416065154
720575941503638578,1.1085729900444654
720575941575234408,1.1085651825883596
720575941608880873,1.1085554720468422
720575941592907560,1.1084852399791862
720575941472044352,1.1084485188260016
720575941504459458,1.1084346400080223
720575941655519444,1.1084283917026516
720575941441873599,1.1084103380502612
720575941655508436,1.1083573948231142
720575941484680710,1.10830879556142
720575941540977357,1.108291957674853
720575941472385083,1.1081580147411936
720575941432559969,1.1081157207327437
720575941654021081,1.1081050615466974
720575941514037315,1.1080544308737488
720575941544685061,1.108036070119738
720575941624840906,1.1079963008957086
720575941539999693,1.107986833566036
720575941429542615,1.1079612927117057
720575941492266110,1.1079548354332016
720575941478089891,1.1079352663021853
720575941474504478,1.107924504626109
720575941591287948,1.1078924068402514
720575941475756906,1.1078532550593032
720575941452265779,1.1077344908542586
720575941666660595,1.1077255059928606
720575941512525123,1.1077202566515645
720575941424935508,1.107704406949259
720575941571659784,1.1076782972787036
720575941514920282,1.1076739976210508
720575941480415939,1.107652286279815
720575941605024365,1.1075882101867034
720575941608442442,1.1075541899275612
720575941542796293,1.107534367145588
720575941458334163,1.1075098990935255
720575941519503214,1.107482738544964
720575941436973586,1.1074661627525013
720575941572885903,1.1074621796683348
720575941500985943,1.1074189895555828
720575941471910976,1.1074140179935235
720575941563332662,1.10733174276612
720575941438989147,1.1071811924002117
720575941610583260,1.107134402930879
720575941668597415,1.1070913950023382
720575941504397125,1.1070227241292687
720575941478399850,1.1070188786335255
720575941535035619,1.1070179818812016
720575941556222628,1.1070121002862547
720575941492271536,1.1069299729952975
720575941471698752,1.106919549941616
720575941471068023,1.1068422020286217
720575941558286884,1.1067160630761583
720575941595880640,1.106674069841622
720575941565286503,1.1066648169139728
720575941487843280,1.1066577805574964
720575941450116167,1.1066072534548697
720575941468215517,1.1065933467085913
720575941506018071,1.1065844158633105
720575941480387782,1.106576063305603
720575941431105929,1.1065211082815387
720575941513202169,1.1065135648949518
720575941575991222,1.1064482083508556
720575941574728713,1.106397418583196
720575941623407212,1.106392343842489
720575941478544719,1.1063739610726442
720575941515054659,1.1063530372426063
720575941662445180,1.1063365217798031
720575941496331489,1.1063315544501777
720575941513791820,1.1063055332290268
720575941702828506,1.106299449088212
720575941547347572,1.106289943395025
720575941438463276,1.1062751337580985
720575941403864432,1.1062530570030407
720575941650820629,1.1062141550487172
720575941524114276,1.106111606368676
720575941549002612,1.106102029854322
720575941518066904,1.1060783668076895
720575941651849237,1.1059678045262173
720575941572743567,1.105865667895473
720575941515923546,1.105862486890997
720575941390660502,1.1058470036249481
720575941499161569,1.1058282391313372
720575941438947675,1.1057633627019658
720575941477607648,1.1057569226090174
720575941534372530,1.1057537786564984
720575941533291457,1.1057291800179625
720575941513125881,1.1056802292651997
720575941554172807,1.1056695207034735
720575941564557463,1.105660549624351
720575941594976726,1.1056253233896964
720575941607672685,1.1054717890228891
720575941488755148,1.1053864092592018
720575941498017097,1.105275760110336
720575941652200921,1.1052263778855658
720575941524368409,1.1052160979419545
720575941513715665,1.1052121401323471
720575941610064102,1.105210599530523
720575941477008945,1.105190879439991
720575941437461036,1.1050630041947946
720575941553577956,1.1050565571568474
720575941542838813,1.105044111166048
720575941480961210,1.104994096212581
720575941686060662,1.1049870822736867
720575941626271626,1.1049839674741972
720575941629172716,1.1049220162867752
720575941535423770,1.1049001179100644
720575941639341173,1.1048987521295088
720575941588652940,1.104837829520696
720575941477365812,1.1048280693847745
720575941650775313,1.1047238074936052
720575941578709493,1.1046128700846625
720575941614383769,1.104498716410171
720575941454895667,1.1044423140681394
720575941502734475,1.1043795865423713
720575941392491268,1.1042960770714578
720575941464112470,1.1042803631032594
720575941496162377,1.1042480253454858
720575941414644625,1.1041679899156276
720575941479098819,1.1041324616812358
720575941515512931,1.1041103248121233
720575941690792155,1.1040932827656982
720575941521028855,1.1040773834888802
720575941488758988,1.1040694453745874
720575941544731909,1.1039455175861486
720575941652781524,1.1039381597395581
720575941439091407,1.103925896567429
720575941548144673,1.1039074763096093
720575941555249665,1.103872502022259
720575941614265363,1.1038492616970257
720575941403907696,1.1036805143845279
720575941412593519,1.1035369100897963
720575941445324052,1.1034550555609888
720575941496095431,1.1034371416346422
720575941549927229,1.1033832987928074
720575941505214373,1.1033544613566988
720575941585231838,1.1032971930308504
720575941595965809,1.1032512848135572
720575941558646061,1.103245213692838
720575941438264405,1.103241997267214
720575941561381933,1.103241094475237
720575941472661819,1.1031613261252722
720575941630620576,1.1031403227716894
720575941584191710,1.1030093093324396
720575941524331545,1.1028624795738726
720575941644062290,1.1027933924664137
720575941526438532,1.1027713952536788
720575941504572741,1.102764882370949
720575941571906717,1.102748452536845
720575941486574598,1.1027353619127167
720575941623311259,1.102687331035524
720575941533831194,1.102640312831871
720575941490785712,1.1026254133720141
720575941532500146,1.1025783203652633
720575941463638285,1.1024236764821098
720575941505907991,1.1023584406901292
720575941561365906,1.1023256332465916
720575941563184040,1.1022785877448376
720575941593739889,1.10222025510008
720575941501842626,1.1022110874977815
720575941626435483,1.1022089998996925
720575941503334962,1.102173999862873
720575941542399324,1.1021571872899445
720575941588058692,1.102069646079175
720575941457147206,1.1020568824079724
720575941483658749,1.1020438412930949
720575941629354476,1.1019986916965645
720575941495592571,1.1017939287701548
720575941610354153,1.101788016680045
720575941501229143,1.1017678021868431
720575941633535675,1.101731948631488
720575941436378386,1.1017314699327976
720575941540944333,1.101595373321139
720575941459313478,1.1015652601126409
720575941452748103,1.1015327183150556
720575941700604634,1.1015238190183372
720575941535266738,1.1014961146157387
720575941633493691,1.1014593316834362
720575941515048003,1.1014192303778618
720575941540727581,1.101365670722823
720575941559932431,1.1013626092696427
720575941393748630,1.101357189140391
720575941527150776,1.1013494941220718
720575941573097992,1.1013198207037158
720575941525344514,1.1012787392609082
720575941559020270,1.1012604468387495
720575941580603381,1.101247712233319
720575941447779092,1.1011670711842825
720575941605523902,1.1011508983182088
720575941556877796,1.1010652981595799
720575941642161746,1.1010642893955822
720575941612188589,1.1010569376131778
720575941700445914,1.1010330571022249
720575941505887361,1.1010008953859556
720575941585935494,1.100896505116392
720575941597672489,1.1008798561139834
720575941558290980,1.1008216165445963
720575941545438057,1.1007715718173638
720575941542411868,1.1007623570499678
720575941595908032,1.100755647338584
720575941461518035,1.100735926376698
720575941436577087,1.1007100694034495
720575941565876375,1.1006966671686815
720575941505853057,1.1006882815732142
720575941626990118,1.1006826648691979
720575941551029759,1.1006573002619622
720575941516764819,1.100651923347078
720575941498097481,1.1006150426785455
720575941641534565,1.10058849899207
720575941429439959,1.1005789269026007
720575941529753476,1.1004977425732345
720575941639365749,1.1004845950757092
720575941574412943,1.100476024481816
720575941488408629,1.1004641028498536
720575941449991261,1.100419616584055
720575941428965368,1.1004189796771098
720575941702043354,1.100415739108478
720575941461235088,1.1003457936309469
720575941663495548,1.100325375894496
720575941493299376,1.1003242951602166
720575941459640464,1.1002671277482678
720575941428365999,1.1002536997645809
720575941609538150,1.10022794329305
720575941495966407,1.1002255154613678
720575941501644683,1.1001569047867243
720575941392423830,1.1000899060429576
720575941643557458,1.1000872261739303
720575941580007669,1.1000760938172947
720575941457973407,1.1000671834961793
720575941565533591,1.099979096401337
720575941624561772,1.0999774842098293
720575941595394161,1.099946973640135
720575941603953398,1.099888250054339
720575941544696756,1.0998601757785733
720575941607583853,1.0998554577010475
720575941579361873,1.09979483868627
720575941583636702,1.0997690678409398
720575941477053233,1.0997100964165487
720575941441804223,1.0996936470403527
720575941594200613,1.0996867473837175
720575941626337162,1.0996381801165225
720575941575516264,1.0996049973677844
720575941650696977,1.0995129017577225
720575941652579093,1.099464343552186
720575941494144896,1.0994500552553397
720575941535245034,1.0994327767923355
720575941553261630,1.0994301246648044
720575941488202697,1.0993900782242663
720575941596069489,1.0993894278204648
720575941476997681,1.09932624284222
720575941566729460,1.0993169955414326
720575941542479452,1.0992566913233064
720575941458813680,1.0991655098432471
720575941441230527,1.0989710704107105
720575941558331684,1.098930040043304
720575941516127404,1.0989140181388268
720575941505185701,1.0989076903099002
720575941548342817,1.0988932316912083
720575941534711272,1.0987496344090228
720575941681017789,1.0986890920829369
720575941435272590,1.098660203424298
720575941561868544,1.0986588477556196
720575941553057563,1.098645752886992
720575941537518229,1.0986290087534152
720575941630522850,1.0986255483734397
720575941553999387,1.0985899567167021
720575941507070487,1.0985746856452654
720575941630302405,1.0985299690939083
720575941436052000,1.0984620013268467
720575941589260100,1.0984553285097125
720575941525790564,1.0984456953163824
720575941612517529,1.0982885123174038
720575941513254915,1.0982394253818242
720575941537653397,1.0981785347308284
720575941631629292,1.0981706713114652
720575941659000400,1.0981359765727519
720575941610872038,1.098122439928503
720575941514787907,1.098018542141739
720575941658633752,1.0979231749462879
720575941641370962,1.0979199171631622
720575941450261341,1.0979117265665828
720575941558535716,1.0977618044240567
720575941453611315,1.0977603504957367
720575941508628830,1.0977048815637267
720575941491640551,1.0976904504480733
720575941637874975,1.0976837011047824
720575941643465080,1.0976202960083705
720575941524360473,1.0976184757207736
720575941477293108,1.0975988332633981
720575941407535534,1.097593737698362
720575941526843558,1.097592291053204
720575941678358973,1.097506188062407
720575941560429171,1.0974988012041331
720575941511345617,1.0974759068773052
720575941564154770,1.0974705588012477
720575941411405995,1.0974637231703737
720575941496142921,1.0974566647962907
720575941548367677,1.0974415166122216
720575941523787083,1.0974064341597527
720575941553564807,1.097310400667075
720575941556382372,1.097290124880596
720575941514541388,1.0972551388826275
720575941508295774,1.0972189163565138
720575941496047433,1.0972001420819446
720575941668513011,1.0971875237428783
720575941690290072,1.0971561447120075
720575941563874151,1.0971508392884024
720575941550923775,1.097149232537574
720575941592873000,1.097090923595769
720575941474347294,1.0970462667407204
720575941466319382,1.0969915685499376
720575941587528772,1.0969725758830164
720575941546454633,1.0969492044351705
720575941526509700,1.0969237431655936
720575941570809160,1.0969142221446244
720575941568969722,1.0969000017128603
720575941631841477,1.096881255168143
720575941399288355,1.0968127639235976
720575941587856951,1.0966623356379177
720575941543158813,1.0966555422249509
720575941583716574,1.0966338350631324
720575941513344346,1.0966323833960938
720575941390352388,1.0966217874423827
720575941632978629,1.0965997526582874
720575941462868749,1.0965996738914903
720575941528086660,1.0965977395228843
720575941498948425,1.0965913470262207
720575941430332174,1.096536677234806
720575941441993167,1.096522448306877
720575941595898048,1.0964893910239755
720575941489673420,1.096470391875323
720575941625178506,1.0964590137487142
720575941496357601,1.0963818287953535
720575941542461276,1.0963489579972439
720575941576782774,1.0963432652297416
720575941408436142,1.096332776815971
720575941571397883,1.0963163013725523
720575941456424863,1.096310974494957
720575941570781000,1.0963064181480857
720575941542435676,1.0962490750436478
720575941432109582,1.0962320794103424
720575941452566138,1.096220832605644
720575941588886340,1.09621064470322
720575941703187674,1.0961546061685086
720575941450851406,1.096067779848861
720575941526661890,1.0959957602781438
720575941458758852,1.0959747489004577
720575941554094593,1.0959153158587007
720575941514120515,1.0959001057371829
720575941684929007,1.0958234364597303
720575941505872956,1.0958161039736871
720575941501884610,1.0958128260090372
720575941517447571,1.0958081001088955
720575941414508948,1.0957692970390283
720575941431155671,1.0957053215851695
720575941428221432,1.095676911262008
720575941521081271,1.0956694989111142
720575941663471740,1.0956677953857619
720575941543510716,1.0956609208969053
720575941525720066,1.095555212526639
720575941578994933,1.0953458577331876
720575941592616487,1.095322763222314
720575941504549170,1.0951749934545494
720575941457140550,1.0951642523439835
720575941652894169,1.0951274397809145
720575941461071117,1.0950822292729165
720575941543655785,1.0950352854772634
720575941533806874,1.095025852274022
720575941681330877,1.0949963251408328
720575941595188261,1.094968814696924
720575941539218301,1.094938604228314
720575941456679661,1.0949333630353164
720575941564541191,1.094929802393895
720575941537820658,1.0949079082115816
720575941663495804,1.0949074810756545
720575941592580647,1.0948798385149632
720575941436828639,1.0948518256950015
720575941515062851,1.0947483570230692
720575941481026301,1.0947256777251433
720575941551321371,1.0947139583824506
720575941592865576,1.0947124048794803
720575941580602869,1.0947081546136141
720575941659675704,1.0945919506520043
720575941441319259,1.094566725489558
720575941557176591,1.0945602230390399
720575941625322634,1.09454203833609
720575941638329461,1.094526819579985
720575941492446846,1.0945144256907497
720575941486064962,1.094476376693638
720575941499772066,1.0944722083059344
720575941640900453,1.0944426620846146
720575941576836853,1.0944075203482744
720575941439395903,1.0944059973678595
720575941428294793,1.0943888618607769
720575941583263710,1.0943784675068524
720575941557342116,1.0943732165714777
720575941533073674,1.0943291523714767
720575941521110711,1.0943011509734986
720575941587269687,1.094287813080239
720575941473850720,1.0942302381112485
720575941525868900,1.0942195603679756
720575941602373054,1.094209107148261
720575941645236856,1.094206358197015
720575941613367260,1.094095388104479
720575941436964063,1.0940403293398482
720575941474935105,1.094035018264967
720575941678564541,1.0939977139275492
720575941471550475,1.0938465361964467
720575941558265645,1.0937443157516682
720575941411829652,1.0937331988505827
720575941523995138,1.0936525692674584
720575941502878295,1.093646706894992
720575941538543253,1.0936362354072249
720575941562397703,1.0935556623496874
720575941566122855,1.0935483986959091
720575941506296741,1.0934608471046792
720575941545487365,1.0934557435245533
720575941614272531,1.0934194066196306
720575941596161137,1.0933457142840706
720575941489405132,1.0933129692640247
720575941659731512,1.0933057492404228
720575941490693577,1.0932217553520778
720575941547432116,1.0931866414784444
720575941624221180,1.0931822423684348
720575941578527065,1.0931186432712454
720575941438459692,1.0930946165491302
720575941603980734,1.0930858944388855
720575941489775049,1.0930841517684338
720575941613457628,1.0930665594080449
720575941537637091,1.0929822425288689
720575941536395762,1.0929821831511255
720575941670439591,1.0929760215111513
720575941520072883,1.0929753816487011
720575941612641433,1.0929097217121388
720575941589590270,1.0928215064891267
720575941505530658,1.0926581869298833
720575941400730403,1.092642960019895
720575941432002574,1.0925804156180572
720575941552819283,1.0925209915053624
720575941468697355,1.0923988647098133
720575941532485610,1.0923826193560027
720575941481113597,1.0923121410540388
720575941642412389,1.0922785774519117
720575941408534699,1.0922296816838184
720575941597271196,1.0921998538664484
720575941491786444,1.0921668250759917
720575941665522419,1.0921072355641728
720575941525790722,1.092093623803764
720575941570312094,1.0920734319092753
720575941479276227,1.0920558042180526
720575941457431280,1.0920021660244887
720575941569656478,1.0919297941870019
720575941442320042,1.0919242343157978
720575941441318591,1.0919184456803857
720575941720437306,1.091897076801402
720575941656564504,1.0918297941556125
720575941605171390,1.0918184851712867
720575941589966078,1.091794875156849
720575941627095353,1.0917825462116288
720575941569762974,1.0917570541178883
720575941432481633,1.0917411106280894
720575941455532851,1.0917065045526524
720575941590899563,1.091690365249375
720575941481041231,1.091688686054851
720575941481002938,1.0916796510486608
720575941454913075,1.0916673515353075
720575941549570878,1.0916642538786008
720575941503659970,1.0916519121626658
720575941512967011,1.0916428684599035
720575941436693536,1.0916211493424226
720575941609422822,1.0915885530931404
720575941518412910,1.0915650309572766
720575941525327270,1.0915455797192193
720575941458805318,1.0914917862059068
720575941652733681,1.0914898478064619
720575941623457162,1.0914520944720931
720575941516664792,1.0914520077340297
720575941470736192,1.0914013114729466
720575941429463767,1.0913608426093482
720575941488542414,1.0913384660502286
720575941515075139,1.0912989853062687
720575941559021038,1.0912599151618378
720575941457686512,1.0912203482976168
720575941405838639,1.0911775300536686
720575941687916783,1.0911092331079952
720575941549978228,1.0910594293367655
720575941540261501,1.0910180203991509
720575941523851010,1.0910043382191166
720575941563893858,1.0908887903489857
720575941528978123,1.0908303319440156
720575941447888916,1.090815154432603
720575941567139630,1.0908060448615775
720575941597919273,1.0907979254648867
720575941569348858,1.090793289334622
720575941527250532,1.0906938681141989
720575941550919679,1.0906710547129503
720575941593250161,1.0906586653130064
720575941574245115,1.0906303363526768
720575941440931157,1.0906071154426042
720575941561531181,1.0905797527126502
720575941601087478,1.090493774491447
720575941496474953,1.0904281456009797
720575941448753845,1.090277845269261
720575941520032951,1.0902651306863256
720575941604056505,1.090242846462444
720575941415987228,1.090169417205652
720575941478403178,1.0901057471787925
720575941554501459,1.0900971515395292
720575941535025586,1.0900859205387212
720575941481972675,1.0900624269125685
720575941658910032,1.0900600577884902
720575941566930420,1.090037082987081
720575941480717280,1.090014168818616
720575941626775334,1.0899806832860033
720575941562040832,1.0899540071776195
720575941624093548,1.0899218625771245
720575941470720576,1.0899186983115903
720575941568553330,1.0898896739991326
720575941518127064,1.0898763210105586
720575941536651496,1.0898482463153607
720575941532418904,1.0898417069777833
720575941517682392,1.0898186798046168
720575941579629137,1.0898080230400644
720575941649854705,1.089794677899004
720575941623326572,1.0897831256940511
720575941583986910,1.0897664064066905
720575941566157366,1.089664859886214
720575941405864110,1.0896302805108007
720575941437526869,1.0896043846422978
720575941660843900,1.089587868170837
720575941483326717,1.0895733970572918
720575941458789958,1.089511461834643
720575941547229620,1.0894385876895751
720575941551413531,1.0893242158336558
720575941523515723,1.0893207160465603
720575941478091427,1.089305158010895
720575941558378797,1.0892815025905345
720575941495618939,1.089265781210476
720575941592984616,1.0891957405528556
720575941458838000,1.0891842240790535
720575941633105824,1.0891797156505387
720575941479257027,1.0891682900993571
720575941470269248,1.0890547554793426
720575941438942738,1.089049394462888
720575941656289360,1.0890186064192684
720575941595154981,1.0890139322576797
720575941589566206,1.088963674697959
720575941586427460,1.0889348238779308
720575941530787203,1.0889151587530765
720575941644226248,1.088843404624025
720575941566167094,1.0888344710850435
720575941466712662,1.0887901941198161
720575941540592509,1.088743331378194
720575941665605363,1.0887247112626561
720575941409935471,1.0886844168630982
720575941571992989,1.0886703154566635
720575941350409264,1.0885941743915035
720575941515619427,1.0885841821107585
720575941590338088,1.0885688122153427
720575941459896390,1.0885142906957808
720575941478478927,1.0884985344462033
720575941530265035,1.0884968590026256
720575941459027359,1.0884690455032953
720575941678424253,1.0884502709307446
720575941549579553,1.088383360832634
720575941558256173,1.0883771680963574
720575941409701035,1.088241391333767
720575941515091034,1.088235491580532
720575941610087498,1.0882249142560967
720575941524375883,1.0882158984243782
720575941441900479,1.0881938218682026
720575941723377978,1.08815903044039
720575941435716114,1.0881288413565535
720575941626272650,1.088103570566998
720575941477425770,1.088010987139411
720575941452551546,1.087974720769315
720575941594292775,1.0879108807130629
720575941536638947,1.0878734885179944
720575941477564993,1.0878627862589307
720575941591287692,1.0878614814773024
720575941589863735,1.0878178953747726
720575941533723162,1.0877388154193437
720575941590876011,1.0877053932615939
720575941353376048,1.0876991812600845
720575941437396012,1.087662310373052
720575941413167215,1.0876609553495147
720575941468699403,1.0873960574127857
720575941508796545,1.087182563702447
720575941688507148,1.087136096620603
720575941466417686,1.0871357291223285
720575941643180901,1.0870468904931394
720575941527867558,1.0869659274073424
720575941550836359,1.0869597160735731
720575941567089396,1.0868640909844165
720575941526711396,1.0868598582221147
720575941587989502,1.0868297600662205
720575941703180762,1.0868193756859659
720575941543379644,1.086730935503134
720575941437614933,1.0866743967473114
720575941588006980,1.086664612549661
720575941652774100,1.0866453194780281
720575941501051627,1.086643613750814
720575941599457065,1.0866008703471386
720575941629944870,1.0865948994264245
720575941587385143,1.0865505890019687
720575941546807841,1.0865167008386736
720575941432771982,1.0865008519701043
720575941631912096,1.0864618461452797
720575941567046644,1.086457906071625
720575941652030481,1.0864515814166515
720575941549465121,1.086363344418622
720575941439569119,1.0863583090209634
720575941352919856,1.0863303739570895
720575941504117042,1.0863196374432837
720575941539011477,1.0863002902087042
720575941492426366,1.0862733400672568
720575941470077047,1.0862366680783
720575941525907202,1.0861730644840373
720575941479189443,1.0861621237608095
720575941471360352,1.0860653224828514
720575941575800665,1.0860584665057025
720575941390352900,1.0860272580263939
720575941425018452,1.0860105068386818
720575941575144886,1.085961325525423
720575941409982831,1.0859167060180386
720575941407235502,1.0859109533807434
720575941581228153,1.0858011093911608
720575941641545554,1.0857906824895527
720575941556327588,1.0857842743212152
720575941464860950,1.085767457256707
720575941515944803,1.085674637473994
720575941503846706,1.0856690446456376
720575941459004612,1.0856367520627717
720575941496304969,1.0856222972714415
720575941518431927,1.0856198353358664
720575941456348575,1.0855926416461952
720575941576905461,1.0855858764490853
720575941668555687,1.085461816850013
720575941487419856,1.0854266346188681
720575941610938797,1.085392423288425
720575941645098401,1.0853442167216603
720575941668649971,1.0853333923478345
720575941435729964,1.0853326630605655
720575941474786625,1.0853321688199034
720575941458774598,1.0853052437185318
720575941574940061,1.085304082964934
720575941551618695,1.0852865495385695
720575941560277549,1.0852029349607215
720575941625168010,1.0851954495654512
720575941414315409,1.0851884157118357
720575941539741788,1.085112580704914
720575941655476692,1.085089274956043
720575941602370494,1.0850735709407577
720575941483838349,1.085020848410892
720575941729957931,1.0849302039360122
720575941537701347,1.0849239171790699
720575941492196272,1.0848878232429664
720575941551969791,1.0848850607473142
720575941444822698,1.0848024124082198
720575941489802697,1.0848016687820816
720575941688644470,1.084751770110905
720575941702223066,1.0846910949499615
720575941498438779,1.0846613005342491
720575941554784676,1.0846333600523177
720575941657510992,1.0846119051594794
720575941658542928,1.0844734127803717
720575941593821547,1.0844700820705988
720575941503788779,1.084464509018555
720575941473679402,1.0843224429211806
720575941445163796,1.0843069765270499
720575941480073923,1.0841966481026777
720575941654408404,1.0841159957946855
720575941479595906,1.0840937133070063
720575941526433282,1.083905120658137
720575941637903733,1.0838855135592107
720575941595966321,1.0838517609977751
720575941439137877,1.08382784620961
720575941450576297,1.0837876127730341
720575941524207691,1.083773901984177
720575941557328548,1.08374468206338
720575941526666754,1.0837368092885697
720575941498996193,1.0837086815484578
720575941413690004,1.0836959635180121
720575941518866542,1.083669807109952
720575941514080147,1.0836553794847221
720575941571690760,1.0836519624797007
720575941492263294,1.0836320468170404
720575941669104883,1.0836262086723443
720575941542455388,1.0836028071626052
720575941457365485,1.0835778082103227
720575941549380351,1.0835285197020932
720575941452186025,1.0835002041630195
720575941486380610,1.0834819618135774
720575941534709482,1.0834558793591074
720575941459090079,1.0834314733232426
720575941507997730,1.0833901215153872
720575941545334408,1.083357194186058
720575941484047622,1.0833538608381401
720575941490639591,1.083254827409508
720575941572840591,1.0832016167855547
720575941519106414,1.0831505437131597
720575941435835922,1.0831499527412258
720575941503704151,1.0830794391644878
720575941474730299,1.0830724088258357
720575941492315312,1.0829896959894805
720575941516835182,1.0829486252280438
720575941610025034,1.0828928567525313
720575941549780798,1.0828391094305998
720575941449144142,1.082794535823203
720575941669864113,1.0827736345050607
720575941521562955,1.082689026117157
720575941532088920,1.0826490483005597
720575941458439123,1.0825917714132716
720575941497397115,1.082523451003737
720575941544981436,1.0824958392522388
720575941488743884,1.0824640311633063
720575941447914772,1.0824424517680797
720575941452198707,1.0824169011075853
720575941504504389,1.08237164557919
720575941504424130,1.0823375153382457
720575941668725169,1.0823289097301236
720575941436518367,1.082325949066873
720575941607119725,1.0823151136564328
720575941474928449,1.0822989598321893
720575941578746713,1.0822413685381664
720575941512406595,1.082228803200352
720575941439278421,1.0822272916738889
720575941411677073,1.0821405045025132
720575941461107981,1.0820728453566086
720575941611022154,1.0820708887204866
720575941502721003,1.0819882029455956
720575941578640209,1.081970380072205
720575941631437804,1.0819702110321958
720575941549558388,1.081966098331111
720575941529822648,1.0819657161628506
720575941629421292,1.0819599830607343
720575941687653238,1.0819218739987895
720575941485303693,1.0819031377619592
720575941471238263,1.0818273153633626
720575941391811076,1.0817951456025727
720575941415177620,1.081784854776574
720575941476737566,1.0816604254892974
720575941427690580,1.0816087289398637
720575941514530892,1.0816042963838852
720575941433381664,1.0815951559099257
720575941594188325,1.081454519909604
720575941440379733,1.0814539183171479
720575941536648168,1.0814490836812538
720575941557372708,1.0814040215792269
720575941445270804,1.0814011740378564
720575941543585212,1.0813903990729523
720575941592626469,1.0813665353557722
720575941681002685,1.0813602815411043
720575941488989129,1.0813501930053964
720575941681021885,1.0813046534445778
720575941623183612,1.081253503506315
720575941574746377,1.0812333853612575
720575941469659712,1.0811654963194948
720575941590840062,1.0811395037121168
720575941470243959,1.0811273375599837
720575941433031182,1.0810703761672364
720575941461793549,1.0809397029483756
720575941472164138,1.0808462475808087
720575941483673341,1.080841347666099
720575941678544829,1.0808275041190352
720575941472135978,1.0807523922411604
720575941488408117,1.0806911389066314
720575941527241912,1.080549286915737
720575941433327374,1.0804741965387226
720575941654541780,1.0804223296717586
720575941689824920,1.0804119713163842
720575941448746933,1.0803619843623544
720575941569338106,1.0803499822342066
720575941483848122,1.0803299505098747
720575941557165071,1.0803036634881573
720575941553389722,1.0802598830767682
720575941637914911,1.0802535564847053
720575941668869553,1.0802419703338306
720575941588920631,1.0802400022982876
720575941551579034,1.0801902713306195
720575941458140115,1.080157136050709
720575941593765672,1.0800997779912636
720575941464150870,1.0800336829175894
720575941563161256,1.0799311597324344
720575941557878287,1.0799203249959695
720575941540141597,1.0799183458189685
720575941449065565,1.0798511721948394
720575941438415660,1.0798443320156812
720575941438885723,1.0798254954287807
720575941511197516,1.0798044643734588
720575941532465642,1.0798034443872295
720575941478579791,1.0797653857485292
720575941414219665,1.0797205941061916
720575941524184932,1.079719443507691
720575941603759033,1.0796541660306727
720575941518069208,1.0796245422428048
720575941459313990,1.0795931427046228
720575941522148171,1.0795898536148456
720575941632050336,1.079562094830954
720575941515355795,1.0795236091747267
720575941485181136,1.0795195676121998
720575941430072751,1.0794671102614415
720575941451154759,1.0793961167094084
720575941564118418,1.079382152177716
720575941458873796,1.0792888027550225
720575941483852866,1.0792305699983296
720575941572940943,1.0791370698411746
720575941472123712,1.0791354681010104
720575941503855851,1.0790251281784702
720575941558924270,1.0790243034583984
720575941550597236,1.0790161816054482
720575941471318112,1.0789989660621861
720575941486936784,1.0789857112423675
720575941623104458,1.0789501229156393
720575941633067424,1.078939350821316
720575941630989794,1.078909850215148
720575941506304828,1.0788931809261093
720575941554800548,1.0788842353024082
720575941573347912,1.0788087434478413
720575941624155644,1.078808494403408
720575941587361335,1.0787679364060663
720575941524172875,1.078655101588117
720575941439161567,1.0786307082077788
720575941540237437,1.0785885282860495
720575941603718073,1.07858023306066
720575941563344552,1.0785785116257476
720575941583307654,1.0785424290028143
720575941525247142,1.0785191690290672
720575941543586409,1.0785104502380822
720575941542412805,1.078475796259523
720575941439029951,1.0783848986251534
720575941470237504,1.0783222398488805
720575941567652466,1.0783211559951704
720575941476929566,1.078295433005323
720575941564160658,1.0782774996038194
720575941593615211,1.078034482994462
720575941515978156,1.0780278182408636
720575941688291311,1.0780162921998948
720575941503299132,1.0780039844626266
720575941468277879,1.0779898039785358
720575941549510974,1.0779582561906151
720575941411229867,1.0779527506949502
720575941504498501,1.077931398406013
720575941581644409,1.0779045650983636
720575941411550831,1.0777843601510229
720575941557562862,1.0776382271902019
720575941490661296,1.0775893717476062
720575941512896099,1.0775334947440163
720575941438961499,1.0775214517889986
720575941612004710,1.0775081637228097
720575941588978244,1.077489303511819
720575941453974765,1.0774596946121615
720575941558296621,1.0773754263896056
720575941560058094,1.0773735617754836
720575941556244644,1.07731696462377
720575941630997986,1.077295278551033
720575941476032817,1.0772697179256465
720575941678523069,1.077237534738392
720575941403825008,1.0771637928984399
720575941507787024,1.0771034052885922
720575941490775216,1.077101269631282
720575941443617962,1.0770471504950845
720575941484160954,1.077004614437772
720575941488780492,1.0768790030569877
720575941503415717,1.0767203149107858
720575941390632342,1.0767079247564562
720575941412601967,1.0766809393023093
720575941630209221,1.076662529650142
720575941471300192,1.0764987293323212
720575941424912468,1.076492361947304
720575941533777690,1.076454713271613
720575941542351621,1.0764223928043248
720575941460890893,1.076343863371007
720575941455536435,1.0762521596402013
720575941611944668,1.0762428659771406
720575941530184139,1.0762249833286548
720575941611089482,1.0762061808418841
720575941537647821,1.0761636930891845
720575941498471291,1.0761611367042412
720575941553530503,1.076154791916651
720575941427449172,1.0761191089772857
720575941547373428,1.0760695803225047
720575941614874325,1.0759975920960076
720575941526764388,1.0759968286222277
720575941441642331,1.0759850974691574
720575941511117900,1.0759393559732642
720575941524659458,1.0758961953546269
720575941580640889,1.0758801484783085
720575941431937495,1.0758502271189367
720575941565158663,1.0758334638300326
720575941590387084,1.0758135122407815
720575941524374041,1.0757856541342854
720575941471147127,1.0757063608088928
720575941524155467,1.0756917398408798
720575941636401013,1.0756808224209804
720575941721644602,1.075607827003746
720575941570793288,1.0755927368025924
720575941629970156,1.0755805148058923
720575941549915709,1.0754952359459984
720575941536062401,1.0754946184621856
720575941481345475,1.0754822845139873
720575941450598222,1.075477480991025
720575941450424245,1.075435844278444
720575941487783888,1.0754318752865344
720575941574644125,1.0754118516532916
720575941630684832,1.0753652142154113
720575941595512965,1.0752890693250725
720575941564423680,1.0752756760959081
720575941700599258,1.0752666156768125
720575941442616271,1.075216279766496
720575941471203447,1.0751730491752345
720575941504429637,1.075138640971218
720575941514050627,1.075088497780779
720575941549350399,1.0750220838217743
720575941565378919,1.0749759391690485
720575941531441381,1.0749696461407827
720575941516432227,1.0749528367972327
720575941687115247,1.0749465056223748
720575941524046948,1.0749291701236863
720575941612937881,1.0749145942877099
720575941527121080,1.0749046050109585
720575941518435255,1.0748332188383387
720575941644070226,1.0747804685914137
720575941579837173,1.0747705731085528
720575941392424598,1.0747619114940203
720575941390135044,1.0747047476307179
720575941554435411,1.0746412399021352
720575941508500609,1.0745724647497363
720575941550894847,1.0745288364179513
720575941665541363,1.0744098448435628
720575941689784283,1.0743911385347378
720575941464978710,1.074390305548516
720575941464107350,1.074381338909652
720575941470067063,1.0743691699691442
720575941549450301,1.0743253295974484
720575941475113246,1.0743233547099629
720575941649136661,1.0743209156927769
720575941591808040,1.0743083173019081
720575941572783369,1.074301044255763
720575941556379108,1.0742839534321906
720575941569548402,1.0742830134840475
720575941611587603,1.0742667277493019
720575941525365762,1.0742055230891854
720575941489128679,1.074141640037595
720575941552728147,1.0741220388184727
720575941602407158,1.0739707493230015
720575941573274875,1.0739671938592261
720575941702564314,1.0739525725121426
720575941513203665,1.0739213002163013
720575941432733838,1.0739106606264954
720575941449634631,1.0739040228569061
720575941554439251,1.0738939523134299
720575941547294836,1.073883568443761
720575941551063687,1.0738684582170457
720575941595201573,1.0738602223920308
720575941670585767,1.073749911020011
720575941480797859,1.0737453100004057
720575941410019695,1.0737266310258484
720575941507775504,1.0737043795372558
720575941459926342,1.0737007856424892
720575941503528498,1.0736805169269756
720575941650150129,1.0736632478629857
720575941732139307,1.0736441896427753
720575941579841781,1.0735107803937483
720575941557242148,1.073449535787592
720575941501055467,1.0734349916773094
720575941625942427,1.0734184265472808
720575941438873435,1.07339287699051
720575941471916608,1.0733705382833658
720575941595902577,1.0732253278094248
720575941536276506,1.0731905641589918
720575941619926143,1.0731189300226869
720575941438935131,1.073079668582269
720575941650783249,1.073000692684532
720575941482975430,1.0729217036969632
720575941515936249,1.0729155687130416
720575941583544286,1.0728754979752162
720575941629416428,1.0728450334454998
720575941472471099,1.0728154557918386
720575941486250758,1.0727248002319631
720575941461356243,1.0726873460921564
720575941566948852,1.0726680719609316
720575941586418398,1.072657297983107
720575941520535219,1.0726220517605667
720575941589029687,1.0726206534916571
720575941513173763,1.072604750425216
720575941477600321,1.072453005703447
720575941502353035,1.0724132872192194
720575941411588719,1.0723056604307328
720575941469724125,1.0722992819671102
720575941508292446,1.0722987717965466
720575941540201933,1.0722212863990188
720575941668336883,1.0721441952452444
720575941435315854,1.0721403650478487
720575941445252628,1.072038903632024
720575941559274867,1.0720217120219269
720575941574689437,1.0719831332067533
720575941610492636,1.0719167595965529
720575941611970989,1.0718472293600319
720575941560068334,1.07181486206448
720575941546335676,1.0717740754882406
720575941583315334,1.0717501165469376
720575941583169158,1.0716780525196177
720575941558292772,1.0716509672303123
720575941413254801,1.071632739603244
720575941573388982,1.0716106011450053
720575941517100947,1.071465259903247
720575941626534090,1.071449793512529
720575941555507283,1.071426792304463
720575941632049132,1.0714215368930187
720575941447762964,1.0713950632060583
720575941689898392,1.0713856722657444
720575941479658831,1.0713812545062507
720575941611977645,1.0713728781361394
720575941587367991,1.0713169033210388
720575941409919343,1.0712540722572614
720575941655530964,1.0711959147591803
720575941568412410,1.0711864810771143
720575941538096789,1.0711455144488735
720575941533309194,1.0711094488787736
720575941611365097,1.071068496037798
720575941554132225,1.0710520229539982
720575941592477733,1.071038916187642
720575941475448123,1.0709877212228218
720575941488722894,1.070948014796986
720575941628620582,1.0708877202362768
720575941475362346,1.0708129181334114
720575941539718037,1.0707511451368492
720575941644216008,1.0706525787215766
720575941498947297,1.0706127783027546
720575941629726246,1.0706088610839244
720575941505900929,1.0705860323209848
720575941484048390,1.0705632968989636
720575941516842094,1.070527914727046
720575941601122806,1.0705010345140615
720575941507259682,1.0704775839925185
720575941535790314,1.0704625380574457
720575941456664557,1.0703999902924954
720575941491671783,1.0703663878684821
720575941507545473,1.0703609125229305
720575941669058035,1.0703319635333228
720575941703183834,1.0703193412699006
720575941442360490,1.0702313511320343
720575941476383540,1.070226852389576
720575941435843858,1.0702225190515657
720575941518454451,1.0701944185666858
720575941574030518,1.0701894980649327
720575941477803073,1.0701476922968887
720575941547331444,1.070134261645005
720575941553579748,1.0700200476602604
720575941592530471,1.0699788557998247
720575941540256205,1.0699645661746053
720575941630741730,1.069940505183813
720575941533881114,1.0699105171541574
720575941473760554,1.0699039629630043
720575941526866342,1.0698948838664886
720575941469717111,1.0698701350081987
720575941490074569,1.0698576441450873
720575941436433440,1.0698283771316983
720575941405779630,1.0698257908650848
720575941531435907,1.0697392552028187
720575941429866593,1.069644443260154
720575941449235834,1.0696275628294003
720575941441243071,1.069453924811835
720575941424930644,1.0692564409859833
720575941475024689,1.0689796412706527
720575941575925849,1.0689487261500823
720575941619965567,1.068935886334599
720575941689928344,1.0689233389174058
720575941575500136,1.068902812048
720575941586273926,1.0688753093846615
720575941511197394,1.0688675574685058
720575941529746405,1.0688670290969313
720575941400700451,1.0688429720413137
720575941661415224,1.0688390161548025
720575941439093333,1.0687931756655003
720575941590112040,1.0687367274245987
720575941400736035,1.0686802960119735
720575941525266598,1.068590118885429
720575941536838170,1.0685820814929379
720575941533138625,1.0685515022552576
720575941586453726,1.0684270125637716
720575941491580391,1.068411641086956
720575941534853720,1.0683675479965535
720575941487707189,1.0683526143881021
720575941452459591,1.0682931389109382
720575941548912445,1.0682666445370894
720575941640892517,1.0682322776401412
720575941511049804,1.0682111566403243
720575941477003313,1.0682078361480223
720575941611080010,1.0681898270144272
720575941561466258,1.0681844310530895
720575941458961604,1.0680809139136584
720575941553540580,1.06807999876567
720575941652254425,1.0680713693944281
720575941548351549,1.068038725066725
720575941461560720,1.0680284169037113
720575941461221587,1.0680163212473295
720575941552010495,1.0679836002396428
720575941352917296,1.0679621788534241
720575941439818431,1.0678589563353769
720575941566848250,1.0677984282033046
720575941555424595,1.0677159594526802
720575941487659984,1.067678444778239
720575941552635710,1.067666544213766
720575941547226292,1.067662626720705
720575941566974452,1.0675992764850115
720575941583595486,1.0675283221887952
720575941476973105,1.067491676786215
720575941519277784,1.0674789126868858
720575941729983787,1.0674692688335938
720575941461249747,1.0672894821972156
720575941636488565,1.067261095661013
720575941427920632,1.0672464094927196
720575941688508635,1.067212360481561
720575941617646805,1.067210290924018
720575941533682714,1.0672010691560527
720575941525286054,1.067190343908596
720575941417258780,1.0671657946260487
720575941604943469,1.0671434615844513
720575941628282918,1.0670246897988975
720575941512780876,1.0669035074633324
720575941468325239,1.0668538484874324
720575941601256633,1.0667628275526744
720575941643030945,1.0667411399497064
720575941513152209,1.066732946192561
720575941563314486,1.066573865374106
720575941352944432,1.0665695018273749
720575941642429640,1.0664682004272747
720575941626280330,1.0664647923958162
720575941470393355,1.066452936596629
720575941478132643,1.0664313086003467
720575941487864528,1.0664063090884381
720575941569335802,1.0663949161692936
720575941536966805,1.0663942717829844
720575941723220282,1.0662686741747651
720575941430085551,1.0661758719600263
720575941493106119,1.0661714865754575
720575941540724765,1.066147281087229
720575941614926293,1.0660435802378971
720575941458940100,1.0659158632876842
720575941572131593,1.0659111965502144
720575941546385084,1.065905864742366
720575941390273796,1.0658864289752734
720575941507565953,1.0658565334857757
720575941477297716,1.0658112490852905
720575941617286271,1.0657608224357316
720575941504492357,1.0657447067039119
720575941492183728,1.0656062087253966
720575941498635426,1.0655606074944126
720575941505571874,1.0655499477409685
720575941612009133,1.0654685204604284
720575941655883288,1.0653607251958928
720575941501090795,1.0653391709583657
720575941580612473,1.0653064323591244
720575941392604054,1.0653053714994536
720575941436033312,1.0652869759751207
720575941488429109,1.065254723906739
720575941433281312,1.0651177945753179
720575941503489515,1.0650801977659015
720575941591506795,1.0650675856605007
720575941479505315,1.0650100343488949
720575941456023280,1.0649934663804583
720575941455572205,1.064974383370428
720575941552880190,1.064968603048532
720575941511203026,1.0649414921637588
720575941436382994,1.0649023794052275
720575941571796125,1.0647045942016196
720575941429321313,1.064694306215575
720575941569349114,1.0646700131061144
720575941550675079,1.0646592979459095
720575941595723456,1.0646553624434583
720575941633124539,1.0646299208909191
720575941569361658,1.064623960606401
720575941530291147,1.0646055689714649
720575941626032074,1.064514079322148
720575941554040603,1.0644998968114667
720575941512975459,1.0644464043903676
720575941531195595,1.0644257543095086
720575941350890544,1.0643273220018876
720575941561375789,1.064248207427825
720575941551611015,1.064232276347441
720575941592638245,1.064224966029284
720575941562981522,1.064200174086364
720575941531447781,1.0641713948029181
720575941572435614,1.0640993706598394
720575941501088395,1.064090442515998
720575941430483470,1.064018706446514
720575941570833736,1.0639237115515532
720575941535440666,1.0638520401803402
720575941590220684,1.0638449452996226
720575941573952616,1.0638269228385313
720575941518407607,1.0638238082885103
720575941492308606,1.0637220226640185
720575941495969479,1.0636977826397307
720575941537878909,1.0635196786309822
720575941494934910,1.0635036647367027
720575941551057919,1.0634803163449735
720575941478180515,1.063472253708357
720575941603635190,1.0634127238267994
720575941502554050,1.0634063187090415
720575941554812836,1.0631278840491436
720575941531434371,1.0631031778364564
720575941585484766,1.0630441450883874
720575941524187748,1.0630032036981742
720575941441228735,1.0629768617069957
720575941552442369,1.0629679455853864
720575941512661580,1.062930922555665
720575941494614727,1.0629305995309357
720575941590823208,1.0628139142066737
720575941519986615,1.0627783121498122
720575941433448992,1.0627745653308607
720575941535420186,1.0627434902905584
720575941519987127,1.0627432191151658
720575941547368820,1.062702695437445
720575941529820088,1.0626651890845695
720575941477179934,1.0626477702182906
720575941393495446,1.0625926954482157
720575941574753545,1.062543618595181
720575941652157657,1.0623089309948583
720575941595897792,1.0621327783715393
720575941399201315,1.062074655030512
720575941486908112,1.0618773525345009
720575941592602149,1.0618512671579656
720575941643902072,1.0617952394351766
720575941603845878,1.0617817565978165
720575941474404923,1.0617747852420698
720575941411212715,1.0617245567381894
720575941667167409,1.0616535892235897
720575941467597846,1.0616261350549692
720575941559245038,1.0615783554437364
720575941532181682,1.061470139102158
720575941723196986,1.061467233809511
720575941571289595,1.0614603959797124
720575941519471470,1.061460340346964
720575941685980278,1.0614214341240091
720575941511200844,1.0613305743917845
720575941519453550,1.061324084003437
720575941534647050,1.061308629641359
720575941624212732,1.0612813082693764
720575941518427319,1.061271570729879
720575941535028914,1.0611441979975975
720575941547231037,1.0610806447152148
720575941425044820,1.0609552202398638
720575941614273689,1.0608771014018863
720575941723589946,1.0607976428713841
720575941526654466,1.060793448908117
720575941653507801,1.0607336890408035
720575941561411474,1.0605384145987808
720575941609358310,1.0605208135060473
720575941595764636,1.0604972498018896
720575941573950056,1.0604949479003225
720575941650613233,1.0604371428404389
720575941546998972,1.060383560516472
720575941552993307,1.0603308541603098
720575941565124918,1.0603279810321407
720575941594626929,1.0603139447614376
720575941491089870,1.0602589063954548
720575941597521600,1.0602032226113627
720575941605017534,1.0601693338669234
720575941504505157,1.0601473886238966
720575941450588750,1.0601419167719348
720575941561894912,1.060118732057255
720575941528091780,1.0600799985921527
720575941512261443,1.060068628796364
720575941548845629,1.060056515057351
720575941535082467,1.0600513890421115
720575941574648477,1.0599564747272403
720575941497064098,1.0599201816845896
720575941535078371,1.0598947354488393
720575941412323473,1.0598811224851776
720575941544914793,1.059843447178514
720575941587181879,1.059803747669542
720575941507431297,1.059785334622777
720575941586402628,1.0597847487890406
720575941612316435,1.059779815286994
720575941503526962,1.059761348765849
720575941629370604,1.0596388747175232
720575941475709214,1.0596255922122073
720575941595940032,1.0596176895782956
720575941436844511,1.0595896943177783
720575941561376301,1.0595737367618736
720575941720436538,1.0595474452751183
720575941483798781,1.059458602536494
720575941565351943,1.0594575199838023
720575941439563743,1.0594065951108718
720575941438213951,1.0594020257323484
720575941616420053,1.059365278876703
720575941450506830,1.0593596926922668
720575941536287474,1.0592538721424611
720575941543512764,1.0592492648696457
720575941595969984,1.0592322969819925
720575941519287256,1.0591961654809716
720575941514363857,1.0590178412591487
720575941633138629,1.059013323124717
720575941463325453,1.0589929874767827
720575941411737236,1.0589078925922502
720575941529001604,1.0587758943285963
720575941684919535,1.058773914397749
720575941598046505,1.0584734914892644
720575941691706264,1.0583903653676088
720575941458041247,1.0583856596293642
720575941486548742,1.0582685718236855
720575941508306722,1.0582668196764047
720575941555492644,1.0582404516245971
720575941468345975,1.058224233399441
720575941501845554,1.0581709568550015
720575941627997753,1.058143629689852
720575941474022496,1.0581211307363314
720575941489316661,1.0580879223925033
720575941671084967,1.05806143360363
720575941453578409,1.0580154502891015
720575941687774683,1.0579506150910933
720575941574556680,1.0578990456868118
720575941411869844,1.0578948121551917
720575941595969393,1.0578820388222274
720575941511199564,1.0578343686296017
720575941608899561,1.0577972741285544
720575941594209061,1.0576492637810817
720575941504427077,1.0575842419748995
720575941588445580,1.0574961785437607
720575941484023549,1.057451597111561
720575941490245070,1.0574358640668131
720575941495689339,1.057352703868063
720575941518466483,1.057251373935939
720575941565919847,1.0572031866784606
720575941571652616,1.0571424183554001
720575941663497340,1.0571363147453996
720575941541703453,1.0570094488080417
720575941411196075,1.0569895578898645
720575941642369912,1.0569802019634582
720575941439543131,1.0569587995804823
720575941580644985,1.0568946959481462
720575941493956734,1.0567699650833153
720575941533742106,1.0566066747828464
720575941505159484,1.0566015375304754
720575941552190874,1.0565167219813094
720575941594226215,1.0564069644397829
720575941586073734,1.0563971038366793
720575941535330570,1.056387328072489
720575941515057987,1.0563789858465469
720575941542908189,1.0562525978946313
720575941437188575,1.0561902924117264
720575941529824952,1.0561598977190083
720575941503808855,1.0561349994007772
720575941516778131,1.0561101345009307
720575941523097335,1.0561087933042073
720575941548066184,1.0559111060958852
720575941545446792,1.0558948912622017
720575941491127246,1.0557018522604744
720575941411198635,1.0556794047551048
720575941585360350,1.0556778398764337
720575941485253072,1.0556775214597545
720575941574001417,1.0556116522754697
720575941585238750,1.0555813418319426
720575941499420555,1.055475030808035
720575941613710556,1.0554496630118888
720575941439133714,1.0554423931086863
720575941475659626,1.0554101447712882
720575941498965985,1.0554052244034657
720575941487011469,1.0553928568123117
720575941459610768,1.0553802056015318
720575941425010516,1.055371008228471
720575941565250823,1.0553098931280442
720575941576985845,1.0553046451538595
720575941689667547,1.0549960067956634
720575941459018180,1.0548788567464298
720575941578762485,1.0548220984877408
720575941564835938,1.0547950861309323
720575941581491039,1.0547627032885045
720575941523692290,1.0546901444359915
720575941540192461,1.0545535094375047
720575941636180597,1.0545529797659479
720575941474324027,1.0545347070684503
720575941501805655,1.0544871872980683
720575941440379989,1.0544611271304363
720575941479189472,1.0544501065656706
720575941720679226,1.0544397352018926
720575941416656668,1.0542838481487864
720575941579460433,1.054105404609274
720575941586471646,1.054091371724823
720575941560655784,1.054038175536681
720575941568802094,1.0539749657550128
720575941618863487,1.0538980296782492
720575941533610072,1.0538747277155984
720575941477190174,1.0537225248512254
720575941426231380,1.053700404238256
720575941545211272,1.0536989372119743
720575941554693796,1.0535301939436008
720575941414985620,1.0535236619260757
720575941684845551,1.0534990612575859
720575941436826591,1.05349199262958
720575941407478063,1.053445412728228
720575941566827258,1.0534229101560122
720575941651527409,1.0533732015604316
720575941504526898,1.0533679712580752
720575941562316039,1.0533020105820654
720575941478529103,1.0532819489389607
720575941485430992,1.053235981642548
720575941721156922,1.0532240792866077
720575941586221958,1.0532216603142723
720575941550883463,1.0531327881082249
720575941589330743,1.0531084357942997
720575941431800078,1.0530385295685831
720575941518447214,1.0530058074889581
720575941525773412,1.0529164250477514
720575941632580037,1.0528978594645315
720575941588957239,1.0528295741467981
720575941568889332,1.0527672474195204
720575941496322529,1.052674441305717
720575941530166475,1.0526626654058195
720575941429363809,1.052659812443348
720575941597504924,1.0526034551256247
720575941592889128,1.0525713404788033
720575941457979039,1.052355419116456
720575941643098706,1.0523422035796985
720575941539716956,1.0522997309532192
720575941557295908,1.0522529461907337
720575941554135297,1.0521993811536212
720575941534995994,1.0521749256594473
720575941445316266,1.0521262644980371
720575941459873350,1.0521217470230133
720575941435285390,1.0520331580579563
720575941496243579,1.051962981598666
720575941454877491,1.0519112106890869
720575941452765255,1.0518935406867418
720575941515607699,1.051796824303052
720575941457686256,1.0517663229774685
720575941626734630,1.0517418956661844
720575941466726230,1.0517075869238095
720575941494144199,1.05170243088805
720575941529803704,1.051648583144598
720575941552244286,1.051646004655305
720575941554041683,1.051611631126889
720575941603755193,1.0515825446414744
720575941453284777,1.0515783462226038
720575941497853513,1.0515429704274075
720575941429039535,1.0514991807464222
720575941575416975,1.05147919513294
720575941546220980,1.0514680677002024
720575941477323316,1.051428553361143
720575941645244360,1.0513367829757698
720575941568118004,1.0513261121704787
720575941463979533,1.051282166159615
720575941619890047,1.0512247503184882
720575941479604643,1.0511763009766002
720575941608350794,1.0511634095683797
720575941623320731,1.0511468763150849
720575941471127104,1.051121475856776
720575941447279965,1.051103867180848
720575941573368719,1.0510444498340852
720575941527199160,1.0510278089160532
720575941433954446,1.0509193568342552
720575941472646496,1.0508996394800856
720575941528729784,1.050869246905779
720575941685705740,1.0507178228272436
720575941515037018,1.0506395861039837
720575941531589861,1.0505301888392031
720575941441901759,1.050507012873072
720575941526426756,1.050495460555575
720575941645041313,1.0504214136920627
720575941575530344,1.0503730485234597
720575941408515631,1.0503666805721021
720575941614736341,1.0503581276985852
720575941518793388,1.0503115951683633
720575941525219494,1.050252987326791
720575941462499216,1.0502237827797896
720575941482858691,1.0501907920550417
720575941514603011,1.0498926518556155
720575941564105479,1.049885571803763
720575941538221288,1.04986451255772
720575941592525863,1.0498631039429218
720575941499558369,1.049844525396586
720575941516048121,1.0498313606787535
720575941496667520,1.0498171101026808
720575941547236532,1.0497407709240854
720575941442478287,1.0497156536370216
720575941668319475,1.049714481996723
720575941409994863,1.0496690380927671
720575941526751844,1.049583604592845
720575941702513626,1.049575971589809
720575941526478212,1.0495746255867988
720575941451969146,1.0494568846856196
720575941501921586,1.0494442193258042
720575941498984161,1.0492757388860983
720575941411176107,1.0492372545218596
720575941560503155,1.0492057829276125
720575941570821960,1.0492006143592634
720575941563868328,1.0489978589371778
720575941573384118,1.0488999481754484
720575941494185344,1.0488156640506527
720575941474362939,1.0488021174691933
720575941540245629,1.0487196538558314
720575941469018743,1.0486970847229196
720575941586461150,1.0486492794812377
720575941611313738,1.0486104398929952
720575941608410698,1.0485874084805784
720575941612317916,1.0485765704087517
720575941549961277,1.0485604775609128
720575941585144415,1.0485410362648961
720575941555194369,1.0485385135626004
720575941534687466,1.0485339349017795
720575941513494860,1.0484771471955556
720575941568537714,1.0484250763908014
720575941613257491,1.0483878643507363
720575941470399499,1.0483307617998086
720575941521977847,1.048295161575131
720575941563731463,1.0482768698393161
720575941610576604,1.0482646949620857
720575941643778248,1.0482582570392591
720575941437523797,1.0482567051317415
720575941525990425,1.0482104224196955
720575941541318685,1.0481997962007135
720575941512414019,1.0481772239156668
720575941585902470,1.048023455897758
720575941473861728,1.0479939512418326
720575941732536619,1.0479270696899545
720575941662376248,1.0479070384167675
720575941637812511,1.0478209462240624
720575941459594948,1.0477798142980015
720575941592586279,1.0477078278752319
720575941474563936,1.0476870629440935
720575941477915522,1.0476514210686263
720575941507433857,1.0476330531371987
720575941609348525,1.0474602029218263
720575941475702890,1.0473947465651499
720575941549397247,1.047382465780231
720575941669893041,1.0472477848714385
720575941593189489,1.047243201933555
720575941594865777,1.0472202406857547
720575941494983806,1.0471965379145642
720575941700583386,1.0470900353844366
720575941532446954,1.0470312195825562
720575941574213627,1.0469813354716768
720575941595198757,1.0469659130245133
720575941595202085,1.046965814426215
720575941554038555,1.0468123713013455
720575941460652870,1.0468036444287012
720575941604872557,1.0467511043471593
720575941481989059,1.0467349980324894
720575941511270610,1.04672115952274
720575941655202265,1.0466919465870121
720575941445139476,1.0466361900263421
720575941562105768,1.0465797040891922
720575941594807766,1.046557164611934
720575941456100255,1.04649182625821
720575941723233338,1.0464608606621517
720575941642544584,1.0464148590594198
720575941598191808,1.046406718765589
720575941528944568,1.0463541571546902
720575941435949198,1.0463274030887955
720575941732524843,1.0462382381970983
720575941645080481,1.0461976399445105
720575941461212883,1.0460785380738242
720575941632025580,1.046057834861519
720575941498908066,1.0460278031846455
720575941495645819,1.0460103742094238
720575941653563153,1.0460067689496564
720575941569659806,1.0459581060381797
720575941687879919,1.0459045211915101
720575941621725948,1.045886482592853
720575941493021104,1.0458640990239398
720575941539100309,1.0458576416168153
720575941540241101,1.0457684479154998
720575941587363127,1.045734839427174
720575941662404664,1.0456482336869304
720575941510126864,1.0456409956672714
720575941601166265,1.0454910980357108
720575941496246395,1.0454439006472387
720575941600640809,1.0453155815599064
720575941565522839,1.0453030426268304
720575941519432046,1.0452433902606941
720575941563995239,1.0451843326434997
720575941477298996,1.0450444536710943
720575941660911740,1.0450266445534946
720575941590279208,1.044962050656807
720575941482762950,1.0448797294160026
720575941548496929,1.0447980362960438
720575941505878110,1.0447922976503692
720575941521071543,1.0447614207892009
720575941631975621,1.0447274144262788
720575941573204662,1.0446428489210975
720575941563007239,1.044579443192812
720575941633591739,1.0445331934886604
720575941687440140,1.0445145968981928
720575941594215463,1.0443524773353698
720575941437379090,1.0443131496884503
720575941669856945,1.0442114255971437
720575941464753430,1.0441949458352624
720575941596171968,1.0441143025375812
720575941505774209,1.0440269658455161
720575941538690709,1.0440070154224246
720575941551408538,1.0439972704481193
720575941513562979,1.0439443587600719
720575941392725910,1.0438374620192883
720575941590136360,1.0437919173208061
720575941551659263,1.0437744428637457
720575941530837451,1.043682827513427
720575941529816504,1.043680286758069
720575941497478985,1.0436425773715574
720575941566480487,1.043639552449463
720575941554216193,1.0436267067006582
720575941492431742,1.043604880332189
720575941538274531,1.0435593106700163
720575941433032718,1.0435383040378734
720575941565115399,1.043477370228872
720575941411866004,1.0434418134323376
720575941525747714,1.0434387935648972
720575941555506003,1.043420349564143
720575941631677932,1.0433751642031583
720575941534941962,1.043364291568219
720575941441643867,1.0433402900468016
720575941493446343,1.0433140720846708
720575941567109490,1.04330969027565
720575941561351213,1.0433067426144662
720575941544661172,1.0432875320146267
720575941540729885,1.0432642070457459
720575941641209119,1.043186135441527
720575941390572950,1.0431452640020644
720575941731588651,1.0431024792243548
720575941448597941,1.0430058868152492
720575941405862062,1.0429229348489086
720575941482348218,1.0429192008619823
720575941390750358,1.0429024909061242
720575941526489220,1.0428657026453645
720575941480470726,1.0428347349275957
720575941501887426,1.0428329670418155
720575941407564974,1.0426945730281525
720575941624869019,1.0426706265482075
720575941542476636,1.042569697957697
720575941581684857,1.0425162920416824
720575941438359103,1.0424806893952976
720575941464925462,1.0424679202515617
720575941511884241,1.0423174666418331
720575941671443623,1.0423035068628437
720575941447805774,1.0422723499903523
720575941608183626,1.0422536847531427
720575941518936792,1.0422195738886837
720575941665583347,1.0421815999695214
720575941690193816,1.0421539591408857
720575941518026412,1.0421539304004335
720575941650638609,1.0421459323244633
720575941560085742,1.042101379078953
720575941474725684,1.0420927671634497
720575941560082158,1.0420581169905936
720575941474445342,1.0420577715866235
720575941439209679,1.042006737075419
720575941487663669,1.0419935275773442
720575941516792174,1.0419854109958824
720575941632339131,1.041940049431587
720575941507159169,1.041903307659046
720575941433139598,1.0418911640232245
720575941452945735,1.0418564998762228
720575941483566778,1.0417750010700715
720575941623314843,1.0417713120350849
720575941642447973,1.041630753283786
720575941484067334,1.0416148440206154
720575941544780037,1.0415626411405348
720575941576497753,1.0415562875743827
720575941453962477,1.0415446427125077
720575941489071335,1.041528495602092
720575941542184477,1.0412427038011238
720575941608336493,1.0412312668623989
720575941564201991,1.0411927799499607
720575941690065371,1.0411475750601793
720575941518430574,1.0411032778994462
720575941657975064,1.041059403479157
720575941504723906,1.0409641747359388
720575941687524079,1.0409292887271284
720575941408514731,1.040873350464536
720575941393732502,1.0408583736226338
720575941440371541,1.0408090550938587
720575941570817352,1.04078611553308
720575941491126478,1.0407099173827472
720575941492434558,1.0406979040875879
720575941589017143,1.040653686076593
720575941536939157,1.0405532678838703
720575941458139551,1.0404660650909678
720575941494986951,1.040454797944029
720575941531514597,1.040355326282453
720575941720483898,1.0403257183407983
720575941593923461,1.0403105295118598
720575941430281742,1.0402558921156815
720575941549490209,1.0402061052413654
720575941667034355,1.0402040080704582
720575941543666364,1.040195278423857
720575941527078566,1.040192953440173
720575941541469213,1.0401639166980863
720575941465763414,1.040120148797748
720575941527120568,1.040078995094905
720575941499761058,1.0400324677461945
720575941491651559,1.0399816402044
720575941445281556,1.03994905945749
720575941428454025,1.0399287336743142
720575941435625516,1.039923136939532
720575941467575318,1.0398809287167918
720575941393354390,1.0398159530098192
720575941611652627,1.0397393242939268
720575941401738787,1.0397258643478502
720575941565422999,1.0396864314210768
720575941561343277,1.0396835759719485
720575941432280279,1.0396695588541676
720575941456663021,1.0396386583332846
720575941628578086,1.0396127289567276
720575941411231147,1.0396126739728355
720575941464162902,1.0395570797565679
720575941571967389,1.0395429662290736
720575941468212343,1.0395355838878642
720575941680392381,1.0394105898217023
720575941632892613,1.0393446668479354
720575941609260134,1.0393042916544972
720575941555509331,1.0391977676182849
720575941613458652,1.0390767142753587
720575941483537338,1.0390407592319464
720575941458399699,1.038983615288331
720575941491107534,1.0389433248678426
720575941547177396,1.0388662148524561
720575941513405786,1.038854075978331
720575941433927200,1.0388138034143626
720575941722030394,1.038769375253555
720575941644234696,1.0387006564774666
720575941487139138,1.0386488942888676
720575941690974104,1.038576521589839
720575941537635811,1.0385091600491958
720575941560427379,1.0384837744518702
720575941532471013,1.0384120116823972
720575941537573245,1.038399699667505
720575941685972086,1.0383620390634791
720575941479890083,1.0383439707579134
720575941493333680,1.0383397407930635
720575941502276491,1.0382917626160064
720575941468288375,1.0382496803271617
720575941484061958,1.038248400483814
720575941590852094,1.0381616497626727
720575941566127926,1.0381506083811747
720575941510233616,1.0380400170283777
720575941613403100,1.0379867295159328
720575941457804784,1.0379427959162908
720575941501878466,1.0379248335201643
720575941592573223,1.0377900950275996
720575941476011806,1.037716524689842
720575941565428782,1.0375839510053992
720575941573118459,1.0375717021640642
720575941633863355,1.0375023922320032
720575941428446857,1.0372743042750951
720575941630812091,1.0371852010868903
720575941576547176,1.0371377732042633
720575941505673566,1.0371036546955452
720575941630289093,1.0371000156600723
720575941454002413,1.0370961443849265
720575941532384387,1.0370882208450407
720575941450549070,1.037076841959252
720575941584591494,1.0369655536078193
720575941431106953,1.0368373591370603
720575941596182129,1.0367583816717107
720575941514995193,1.036754199712952
720575941571435784,1.0367276536023973
720575941519973303,1.0367263915368565
720575941479188192,1.036674622743223
720575941602987510,1.0366226563531966
720575941545505672,1.036610138881368
720575941581720159,1.0364780424853888
720575941501715906,1.0364443875912903
720575941626281354,1.0363637172408109
720575941472160011,1.0362990658944475
720575941472573499,1.036280524879092
720575941470090615,1.0362657934105983
720575941567220270,1.0362440954784704
720575941673784472,1.0361890355940577
720575941517293740,1.0361293856895994
720575941687104012,1.0361046832781722
720575941669877425,1.0360396116543462
720575941515071299,1.0360029056773947
720575941611957165,1.0359265840284695
720575941435656210,1.0358670132855252
720575941633064389,1.03584973609192
720575941661420412,1.0357954321620446
720575941720197690,1.0357560644442525
720575941492436094,1.0357493029000828
720575941391682052,1.0357477697728175
720575941521092023,1.0356866698304603
720575941538064253,1.0356809272240741
720575941542328837,1.0356785800593713
720575941687910619,1.0356629689359451
720575941525826125,1.0356526985182635
720575941489182951,1.0356403138097787
720575941644081490,1.0355976247889969
720575941595157541,1.035593910309188
720575941413792028,1.035589177510855
720575941665341427,1.0354781826015116
720575941494765511,1.0354201199511557
720575941543674629,1.0353749049863725
720575941534082648,1.0353607741785427
720575941439577055,1.035303832509645
720575941491101134,1.035205724349276
720575941539783004,1.0351824381216237
720575941428428681,1.035062675247969
720575941662449020,1.0349687873855935
720575941527291417,1.0349454593881007
720575941655669784,1.0349345338949676
720575941498444155,1.034887213498945
720575941473471072,1.0348159772635626
720575941486531590,1.0348019483965483
720575941522116427,1.034724822776
720575941703160026,1.0347028643266012
720575941722198842,1.034588515647844
720575941566493031,1.0345056232133607
720575941642597970,1.0344255331656824
720575941686808950,1.0344098934605013
720575941514620419,1.034409154440324
720575941618637439,1.0344027306450276
720575941483536314,1.0343905584284365
720575941468775691,1.0343412672329166
720575941542432092,1.0342788676946428
720575941547841853,1.0342610216712949
720575941574705673,1.0342442314898845
720575941416654108,1.0340888970032434
720575941457186886,1.0340589878746351
720575941451798855,1.0339515849663385
720575941438585567,1.0338935594816312
720575941503488491,1.033786218650922
720575941579161465,1.0337755419889894
720575941723242042,1.0337179912854286
720575941461131664,1.0337101062364773
720575941607851117,1.0336859501551745
720575941616698837,1.033684493920102
720575941553566599,1.0335726196021742
720575941732789547,1.0334589011880801
720575941603906038,1.033442178007263
720575941492350078,1.033427954382578
720575941461256147,1.0333854864900411
720575941524025602,1.0333306639163384
720575941564420352,1.0332429384035298
720575941592838184,1.0331523813766956
720575941476037918,1.033117203745786
720575941465818198,1.0331121204295073
720575941652323289,1.0330970752913207
720575941433051406,1.033080633277335
720575941533761050,1.033052175066524
720575941630997474,1.0329716735459498
720575941504297541,1.0329345952290026
720575941489092327,1.0328815243160048
720575941506874021,1.0328536913809097
720575941629358316,1.0327983147812614
720575941435827218,1.0327212930634018
720575941547899764,1.0326846992675909
720575941542894109,1.0326795806335893
720575941663498108,1.0326567916944562
720575941471190368,1.0326529550343686
720575941489661897,1.0326262532236854
720575941626522762,1.0326080943713263
720575941551923711,1.0324266963784667
720575941488534734,1.0324241019584293
720575941516684654,1.0323350926486625
720575941631695340,1.0323151594600197
720575941463893078,1.0322866193205422
720575941526856614,1.032276867737236
720575941667146417,1.0322554312086407
720575941524121700,1.0321978953190902
720575941479081322,1.0321597747784101
720575941536248818,1.03215814300215
720575941500902635,1.032144741457116
720575941621725180,1.032136651336057
720575941442141866,1.0319466418880305
720575941566487655,1.0319144904792001
720575941623967740,1.0316981670520786
720575941594967847,1.0315982256283898
720575941645261217,1.031527398990885
720575941566767207,1.0314968547016279
720575941483885709,1.031477473917141
720575941403818864,1.0314024465919762
720575941449196922,1.0313776435055413
720575941557692531,1.0313636188304625
720575941479721635,1.031312859424708
720575941665520371,1.0313120774884945
720575941593963734,1.031310667263981
720575941447826708,1.0312745788367048
720575941524127565,1.0312629085199763
720575941563346230,1.0311777798256956
720575941472725088,1.031115942012113
720575941530093496,1.0310882890074327
720575941555518547,1.0310763057734444
720575941590734443,1.0307933975438945
720575941433275424,1.0307384968190958
720575941565156662,1.0306738865862815
720575941641423442,1.030554186832923
720575941540485581,1.0305380673571503
720575941491610599,1.030524266099609
720575941433448224,1.030483885931524
720575941597339804,1.0304459979208076
720575941513310969,1.0304144599094662
720575941532803160,1.0303731311268558
720575941435317134,1.0303144536676558
720575941533976408,1.0302445025269389
720575941560435315,1.0302100137428523
720575941450696029,1.030209623061873
720575941507252805,1.0301842217268642
720575941680035261,1.0301545051219838
720575941524165453,1.0300964330039448
720575941429466839,1.0300782226984584
720575941551059455,1.0300134710106599
720575941591284364,1.029948831342843
720575941652885972,1.029924669090427
720575941658893648,1.02979254336758
720575941521612363,1.0297841061962965
720575941411290539,1.0295428460063523
720575941650258709,1.0294863354129167
720575941529210315,1.02947054984089
720575941428396169,1.0294583566826396
720575941524019812,1.0294015601184205
720575941624841418,1.0293718156399527
720575941645096865,1.0293693615793402
720575941543444924,1.029357813932508
720575941534545752,1.029300447179284
720575941411779476,1.0292826886858946
720575941542922781,1.029256081369863
720575941416780828,1.029245439721753
720575941477497312,1.0292407902088572
720575941576140470,1.0292025712725783
720575941456671213,1.0291021121671498
720575941688127350,1.0290742498948215
720575941643005778,1.0290618851795195
720575941511205452,1.0290473194589849
720575941481624143,1.0290366602237073
720575941639286303,1.02891756921801
720575941559388275,1.0288403485940594
720575941563146408,1.0288171174263194
720575941498935777,1.0287989896377117
720575941553055771,1.0286995652035826
720575941548843581,1.0286117323715374
720575941592495397,1.0286027404766012
720575941487822032,1.0285785781023904
720575941637800565,1.0285516697305004
720575941491057614,1.0285208045497733
720575941474986049,1.0284416411297375
720575941679003581,1.0283847821199914
720575941644253266,1.028327610214828
720575941504319319,1.0282018717641919
720575941501694402,1.0281828051706938
720575941608801257,1.028179300560363
720575941633664443,1.02798895381709
720575941501207383,1.0279775554583472
720575941508308258,1.027918675041272
720575941534113770,1.0278380570277361
720575941610095849,1.027758265354277
720575941526681421,1.0276325184858524
720575941518768044,1.0276209016616171
720575941686672246,1.0276056867618828
720575941561365549,1.0275918084450804
720575941505691230,1.0275796172479026
720575941609599078,1.0274892515898553
720575941483124410,1.027412086183394
720575941631615468,1.0273569161798086
720575941644889208,1.0273522452912933
720575941642370424,1.0273026348810508
720575941416631836,1.0272705507473572
720575941413938972,1.0272643077764037
720575941639868277,1.0271391342567697
720575941555120612,1.0271251097120901
720575941480455878,1.027108667465049
720575941491585511,1.0270489992842924
720575941513203459,1.0270458768771598
720575941617063551,1.0270413085116832
720575941518437486,1.0269628870468042
720575941460258515,1.0268920324029807
720575941657700120,1.0268906743030812
720575941527363330,1.02686971139718
720575941507280965,1.0267653854169345
720575941436824287,1.0267162562282197
720575941440149215,1.0267137167576863
720575941542907165,1.026670302002221
720575941578676305,1.0265850522195237
720575941497645537,1.026502551312562
720575941571950749,1.0264787371932462
720575941524017154,1.0262793295706851
720575941508343250,1.026254106184742
720575941504361010,1.0262513955826114
720575941485069520,1.0261528011228402
720575941471133559,1.0260236939542304
720575941615292825,1.0259846532134091
720575941534115818,1.0259832818135122
720575941524965657,1.025982052870865
720575941651864085,1.025957496552581
720575941561394066,1.025775294602334
720575941590014007,1.0257611949649486
720575941527343106,1.0256531230142707
720575941613322003,1.025629253063061
720575941552589055,1.025496289112631
720575941451926394,1.0254885567579055
720575941474455867,1.02545829504611
720575941667142833,1.0253896764058217
720575941644129953,1.0252295147792565
720575941520406775,1.0252266386372488
720575941513820051,1.0252122723210457
720575941574249979,1.0250571331101215
720575941650593553,1.0250258505262366
720575941409774703,1.0249930826113105
720575941504470978,1.0249904999190693
720575941480839098,1.0249788155370996
720575941590830888,1.0248584719369809
720575941520092151,1.0247940706179797
720575941567134322,1.0247216419512788
720575941508542674,1.0247038427697004
720575941474323515,1.024609003364623
720575941576784209,1.0243388837658975
720575941566777338,1.0243163184727275
720575941498486907,1.024253469542573
720575941412310417,1.02422686885085
720575941564160402,1.0240581066013077
720575941521196211,1.0240326600827203
720575941504723138,1.0240250654833927
720575941496666496,1.0239362517955986
720575941533356163,1.0239040974683704
720575941596082801,1.0238896681709053
720575941431091849,1.0237875670974856
720575941390527638,1.0237544829548584
720575941568712050,1.0236861920194664
720575941578722641,1.0235705085935183
720575941574300680,1.0235026262496365
720575941465482262,1.0234489816585384
720575941559266419,1.0234101930849178
720575941482029251,1.023383090496746
720575941662357048,1.023370302648403
720575941501684418,1.0232921544992213
720575941477613024,1.023280762422165
720575941460086995,1.0231940156600958
720575941447084725,1.0231535937428813
720575941457242861,1.023143431741066
720575941669827505,1.0230584573232586
720575941531448293,1.0230317972684182
720575941636500341,1.0228923461543002
720575941678538173,1.0228549700243217
720575941595960689,1.022828157223701
720575941531178469,1.022774779810089
720575941529815480,1.0227712501955233
720575941554790308,1.0226790452502585
720575941408525359,1.0226447953476756
720575941471164791,1.0226444378977242
720575941431139543,1.0226005031452106
720575941665489139,1.0225639950678789
720575941547371325,1.0223705005941157
720575941478705770,1.0222905830328313
720575941668340467,1.022174988044687
720575941500951383,1.0221616421506736
720575941514111043,1.0221226366590008
720575941537860989,1.0221120412606568
720575941611339753,1.0221101644606232
720575941478617935,1.0221015510804423
720575941573255606,1.0220305208696254
720575941537528050,1.0219959750058836
720575941432787671,1.0218758628443907
720575941514120083,1.0218677341901088
720575941609567818,1.0218435438093292
720575941497015458,1.0217968413057053
720575941413778833,1.0217367708875318
720575941487815632,1.021717618216433
720575941503606066,1.0216912829486788
720575941456980383,1.0215271173571574
720575941436469792,1.0215225893490847
720575941401454883,1.0213847192107308
720575941496305225,1.0213295543629743
720575941625878730,1.02116152178388
720575941559433075,1.0211008628629885
720575941559933455,1.0210769580901
720575941489680329,1.0210398274014993
720575941593200935,1.021036539665311
720575941562255149,1.0209839099012066
720575941494992583,1.0208820023389615
720575941559169774,1.0207345077538184
720575941557208591,1.0207103056795088
720575941532385624,1.020688782136737
720575941546827553,1.0206082188572871
720575941538278627,1.0205994679888624
720575941722790714,1.0205503744854396
720575941518881964,1.0205373446861605
720575941478731683,1.02048522937138
720575941449112954,1.0203351795539577
720575941478398058,1.0202034081724665
720575941548082824,1.0201623147575287
720575941612040806,1.0200976124514718
720575941533543402,1.0200452657509742
720575941514372049,1.0197902490877258
720575941478101667,1.019741649213934
720575941565245794,1.0196444840677426
720575941497354624,1.019597392704345
720575941587247415,1.019531938153284
720575941550911487,1.019527047959261
720575941610283850,1.0194078643486233
720575941544636084,1.0193154679193672
720575941593713009,1.019210078179314
720575941611754470,1.0191557342158386
720575941453274025,1.0191183301510016
720575941558282020,1.0190303817519106
720575941440583253,1.018984445894166
720575941434954126,1.018976288928191
720575941569529458,1.018856986173284
720575941487867856,1.0188429929162377
720575941537990037,1.0186883940047522
720575941593288049,1.0185768849496823
720575941468711389,1.0185529928346746
720575941514162385,1.0185151529374057
720575941490091470,1.0184635451938506
720575941576947957,1.0184363550184852
720575941405864622,1.0184284597084097
720575941521072823,1.0184131841878847
720575941496386171,1.0183014380452278
720575941485372045,1.0182119834964136
720575941498378825,1.0181041181910409
720575941478100643,1.0180731764950564
720575941478310624,1.0179974149289788
720575941498915401,1.017976036667635
720575941483052541,1.0179349078820563
720575941579738357,1.0179321539955621
720575941573266939,1.017664087952552
720575941609184429,1.0175436881590505
720575941496829346,1.0175149680247095
720575941515778963,1.0174804929048393
720575941560352301,1.0174699265936409
720575941574320905,1.0174158095690522
720575941626286474,1.0173904422508433
720575941556372516,1.0173601187303347
720575941661385784,1.0172443605665569
720575941643468645,1.0171256373688125
720575941626237322,1.0170243815061133
720575941523327735,1.0169901927455358
720575941540197405,1.0169169659338089
720575941608861929,1.0166645187369725
720575941558827279,1.0166347031938525
720575941640909157,1.016594131536029
720575941588002628,1.0165181174788682
720575941519453038,1.0164997534429203
720575941473859424,1.0164795772363517
720575941459137951,1.0164635172923147
720575941680979133,1.0164493375418517
720575941488543694,1.016330638539749
720575941520237559,1.0163257187935784
720575941489671625,1.0162919041494165
720575941536244978,1.016224029339185
720575941535900353,1.01619039126842
720575941592106859,1.0161796963869842
720575941521275315,1.0161009153461067
720575941572713359,1.0160287171599178
720575941589087543,1.0160169838351127
720575941641465682,1.0159928005972072
720575941568892148,1.015983727701646
720575941551955199,1.01597606532255
720575941439741119,1.015916069756221
720575941566956532,1.0158650876199904
720575941588068676,1.0157285266694789
720575941469521216,1.0157058854963528
720575941477666528,1.0156821052539764
720575941650852113,1.0156218372100878
720575941546388412,1.0155900147738566
720575941553579492,1.0155640203701728
720575941508501121,1.0155465854487566
720575941566797818,1.0155214174782017
720575941591776552,1.0155093680351819
720575941545249468,1.0154872005132518
720575941560435571,1.0154579900160752
720575941437152300,1.0154551276699626
720575941460571588,1.0151995763100874
720575941564125026,1.015095157754168
720575941459645840,1.0150497583486353
720575941574338461,1.0149448516966788
720575941691013016,1.01490216847964
720575941658930000,1.0148060468035998
720575941552168959,1.014578640438669
720575941532306098,1.0145637507644694
720575941525528164,1.0145363349472638
720575941650844437,1.0145071349540054
720575941466545174,1.0143958283949757
720575941536351681,1.0143685091135555
720575941444917930,1.0143187614910492
720575941671431335,1.0142334764163177
720575941405898926,1.0142256611088731
720575941471130231,1.014222189520164
720575941588506764,1.014200070566347
720575941563917927,1.0141305619104175
720575941551603610,1.0141121375956414
720575941489750247,1.0141031589369955
720575941425022548,1.014085918023403
720575941564097799,1.0140661015051342
720575941402226211,1.0140471720429154
720575941667012529,1.0139937250996656
720575941584854662,1.0138395782247518
720575941621730300,1.0135795177034777
720575941454031341,1.0135442257893814
720575941495650174,1.0134580569865512
720575941514529529,1.013430813646338
720575941630017762,1.0133800219613496
720575941529904312,1.0133443654333345
720575941439493717,1.0133025971296914
720575941438659551,1.0132219197747494
720575941511883985,1.013213083761308
720575941472050218,1.0132028501674049
720575941492463486,1.0131537828345774
720575941523110647,1.013138262179375
720575941470728256,1.0128820912390135
720575941503713879,1.0128409755156282
720575941390677654,1.0128019496409335
720575941468955200,1.0127151887410928
720575941547239229,1.0126757644128384
720575941623446154,1.0126683597512147
720575941513757955,1.0126664487746533
720575941562359815,1.0125585312979137
720575941561632045,1.0125162026212915
720575941532496357,1.0124489329867292
720575941443964330,1.0124340129894638
720575941460972301,1.0122858258380751
720575941612474086,1.0121541462301642
720575941505881413,1.0121536272204203
720575941652789204,1.012135969686281
720575941431104905,1.0120813305510883
720575941470835264,1.0120005577583244
720575941503173867,1.0119314185092991
720575941625885386,1.01191333125695
720575941571992221,1.0119030790926964
720575941553563271,1.0118012505648701
720575941668567207,1.0117913478152543
720575941623231740,1.011713174930144
720575941425384532,1.011704010868214
720575941595769381,1.011702601613234
720575941612695213,1.0116583672411372
720575941537635555,1.0116153967962425
720575941400698659,1.0115851887691119
720575941630277061,1.011563201903063
720575941609540454,1.0115246792202788
720575941561372461,1.011451978259171
720575941479396259,1.0114125505970235
720575941642659272,1.011343932717685
720575941490471884,1.0112956296974756
720575941517955288,1.0111609197441156
720575941547337789,1.0111546421177384
720575941547176372,1.0111321297868523
720575941642606241,1.0111307670298084
720575941399188003,1.0110924380190847
720575941561762605,1.0109442179214423
720575941636281205,1.010904188442639
720575941438702527,1.0107724660274056
720575941557624947,1.0106390042284144
720575941578499673,1.0104582219088143
720575941352918576,1.0104499058413305
720575941544718772,1.0103761501465278
720575941652910804,1.010355412508012
720575941413920540,1.0102745409704441
720575941547285620,1.0102574100693387
720575941441234111,1.010179193981596
720575941535749859,1.0101507486744479
720575941561424530,1.0101373022171367
720575941532280042,1.01013368127236
720575941621698300,1.0100938084790576
720575941577049169,1.0100773067996434
720575941589954871,1.0100567906121543
720575941540291789,1.0099920518560879
720575941526681933,1.009966038252434
720575941459157151,1.0099517260111035
720575941534495720,1.009950962842466
720575941474412574,1.009939544061684
720575941474742331,1.0099307279087566
720575941459431494,1.0098449405682808
720575941539929117,1.0098409447175405
720575941678420925,1.0097287983076908
720575941577041233,1.0096784840756892
720575941633071008,1.0096707584678326
720575941656251984,1.0095820198727352
720575941408820271,1.0095267716789968
720575941574338717,1.0094657205066875
720575941467578134,1.0093524735705734
720575941428400009,1.0092372782099508
720575941474977601,1.009223003017412
720575941499964555,1.0092224263470801
720575941497092169,1.0091302000767077
720575941535207651,1.009000503380599
720575941614257171,1.008899168894805
720575941592053288,1.0088782778577021
720575941513177337,1.0088308208912673
720575941526870628,1.0087998203432347
720575941593778215,1.0085985027289908
720575941466318870,1.0084265165452873
720575941455611373,1.0083631729153621
720575941429434071,1.008336672952197
720575941602295998,1.0081516472248273
720575941515678051,1.0080906662252862
720575941611060042,1.0079668740668442
720575941431011681,1.0079173237201646
720575941479913635,1.0079135905131436
720575941484965186,1.007788394095507
720575941614909203,1.0077471659160273
720575941399264291,1.0076695460960874
720575941565200438,1.0076599531437944
720575941447842894,1.0076139986460984
720575941440162239,1.0075211700714357
720575941467746269,1.0074865464581457
720575941503443138,1.0073070677540945
720575941513810252,1.0072921020822945
720575941547330877,1.0072649408526078
720575941661314104,1.0072502138755148
720575941531319427,1.007122173707524
720575941581583711,1.0070425703286985
720575941471108471,1.0070414956426816
720575941485371458,1.006954707091877
720575941690964888,1.0069547011037874
720575941521525579,1.0068810510557442
720575941554440275,1.006870403512659
720575941473812576,1.006849079049774
720575941557513198,1.0067200905218008
720575941553381530,1.006694414628169
720575941595876800,1.0066686067455126
720575941542483804,1.0066542546233803
720575941483774786,1.0064728430994376
720575941462716429,1.006363993351822
720575941536507162,1.0062800927054014
720575941447898132,1.0061312572454637
720575941567887098,1.0060558687047543
720575941595307559,1.0059048143346656
720575941523114743,1.0058949078895112
720575941585932422,1.005869533993557
720575941618260607,1.0058638460339826
720575941498037065,1.0058312413058137
720575941436198444,1.00554698193666
720575941549868093,1.0055120910390698
720575941571516936,1.0054397508435466
720575941554715300,1.0050986183612929
720575941514555491,1.005062313489967
720575941597678889,1.005008810715936
720575941474893121,1.004915985527476
720575941551625626,1.0049000024793975
720575941480571334,1.0046204521120075
720575941627611174,1.0046087383117894
720575941562029224,1.0044886082752136
720575941447762196,1.0044786459096304
720575941564642304,1.0044738719633952
720575941496289609,1.0043383942084037
720575941603690937,1.0043275230249922
720575941557537006,1.0041867507646922
720575941489040871,1.0041749147535899
720575941468297079,1.003952508162038
720575941628622118,1.003935314334885
720575941446830100,1.0037645524955454
720575941564189026,1.0036970443976763
720575941592847830,1.0035296127746067
720575941504279831,1.0034781507491966
720575941507794704,1.0034624118662059
720575941597664448,1.0033965180508169
720575941499414155,1.0033953986811186
720575941654572761,1.003370244291519
720575941623230666,1.0031402606975197
720575941571907912,1.0028957051464076
720575941654967257,1.0028837494054412
720575941614779605,1.0028605162438988
720575941688483084,1.0028514230391907
720575941505580066,1.0027901896594014
720575941429269857,1.0027155118451128
720575941507864193,1.0026333708163142
720575941589953591,1.0025525612492319
720575941578474329,1.0025121344101666
720575941656032980,1.002510655856547
720575941565243950,1.002498369729002
720575941481007034,1.0024833253194327
720575941481069698,1.0023667987863387
720575941414240145,1.00226713975239
720575941492421502,1.0022197235693
720575941439158613,1.00216770234675
720575941630972140,1.002143323233068
720575941399324963,1.002037596869746
720575941573117597,1.0020245529130136
720575941429422295,1.0020129550544248
720575941562120960,1.0019929331771986
720575941477350452,1.001986170082
720575941567097390,1.0019844783026082
720575941425021524,1.0019272489629965
720575941412574319,1.0018968579868213
720575941557635443,1.0018900940289326
720575941649232405,1.0018269695995605
720575941407464751,1.0017433480569755
720575941557353999,1.0016763535340683
720575941535971777,1.0016539359084613
720575941514093203,1.0014665866251709
720575941623388524,1.0013304899780149
720575941597905193,1.001237367673889
720575941587404087,1.0012245165843792
720575941504240407,1.0011784968202497
720575941566799098,1.0011404851857884
720575941548082568,1.001042623854573
720575941549754913,1.001002404581693
720575941655874328,1.0009505379432342
720575941536657123,1.0009008224401874
720575941609306797,1.0008432153069677
720575941505874561,1.0006469293997136
720575941660859004,1.0005425348053203
720575941605018046,1.0004937490126422
720575941475768682,1.0004851020245304
720575941591764520,1.000467298642225
720575941466725206,1.0003719243779783
720575941610908137,1.0003376219917768
720575941413513364,1.0003278796768873
720575941503530987,1.0002725623643638
720575941560065774,1.0002391791625564
720575941612016230,1.0002264766839957
720575941533949016,1.0001785151834446
720575941404923248,1.0001658570274883
720575941574098184,1.000164498059818
720575941688630390,1.0000394950542322
720575941440368063,1.0000101367221634
720575941590820971,0.9999195004133415
720575941441978575,0.9998883960146194
720575941543617724,0.9998834761538178
720575941667258545,0.9998597466796058
720575941504538162,0.999844367736214
720575941504436293,0.9997488210538419
720575941671416487,0.9997431445539589
720575941642522312,0.9996978001353379
720575941496927360,0.9996737614816236
720575941539809116,0.9996647452383302
720575941623100618,0.9996311743840501
720575941498379337,0.9996001426287158
720575941556367140,0.9995509719105662
720575941560383347,0.9995286716279566
720575941569500062,0.999512380168458
720575941583559390,0.9994770989305963
720575941546394812,0.9994146608701608
720575941451841449,0.9993826774415406
720575941441206207,0.999372148818264
720575941572011785,0.9993361920190638
720575941644284360,0.9992681902341691
720575941490868021,0.9992558709678269
720575941519454574,0.9992398226682593
720575941662392888,0.9992391502607647
720575941565493399,0.9991616832355047
720575941603886582,0.9991328057361362
720575941626692646,0.9990046245905015
720575941471871274,0.9989450865013508
720575941569375482,0.9988642939239577
720575941532908773,0.9988500026468831
720575941595745472,0.9988273023114311
720575941533368554,0.9988251946718641
720575941428335444,0.9988090144068456
720575941517726936,0.9987634848507826
720575941526695245,0.998742478700648
720575941564155282,0.9987329248253571
720575941531309259,0.9987286016859003
720575941629715170,0.9986654620088811
720575941591831180,0.9986283572658418
720575941515329859,0.9985373415766365
720575941514554467,0.9985271160289918
720575941537486824,0.9985259252376475
720575941542580316,0.9985236230570558
720575941438995775,0.9985169611917009
720575941574949627,0.9984886473497568
720575941461231827,0.9984353972009179
720575941503500594,0.9983935363370914
720575941483550138,0.9983310298406651
720575941486459277,0.998293074757395
720575941517708504,0.9982789701277706
720575941513167609,0.9982574419646084
720575941480964605,0.9981923803979497
720575941576571752,0.9981904417862854
720575941702070746,0.9981655046977596
720575941578442841,0.9981324386924012
720575941573326006,0.998086841413732
720575941611733350,0.9980846771434064
720575941498765129,0.9980541794339401
720575941645207496,0.9980376628645506
720575941562994839,0.9980365236738851
720575941652569585,0.9980097813497757
720575941572787599,0.9980085855714492
720575941477561568,0.9980034633917708
720575941611818515,0.9979867399085602
720575941553310874,0.9978820914611397
720575941562458887,0.9978588489552804
720575941433322784,0.9978577536782243
720575941569480094,0.9978192826397425
720575941551055495,0.9978189826975031
720575941579781241,0.9977605034913232
720575941536037362,0.997724873537009
720575941475722033,0.9977191160689645
720575941666793715,0.9977129935510385
720575941569616542,0.9977026646283704
720575941610129738,0.9976100180312059
720575941644177569,0.9975170706861357
720575941485377602,0.9975157491715305
720575941588007492,0.9975114674208165
720575941691002264,0.9974843892285813
720575941528334539,0.9974816703829507
720575941660753276,0.9974728435571024
720575941687026415,0.9974320143887557
720575941614698709,0.9973009945837438
720575941392742148,0.9972801955967587
720575941427950676,0.997266605942721
720575941589304644,0.9972513694750291
720575941608899049,0.9972429786459979
720575941436027168,0.997222952990429
720575941630873531,0.9972218904135175
720575941454032109,0.997212324168157
720575941563568999,0.9971824447403566
720575941487834677,0.9971637279943466
720575941559303027,0.9971371003391576
720575941484195514,0.9971213079756608
720575941598566812,0.997101875733304
720575941667138225,0.997083701776502
720575941631976864,0.9970438621758145
720575941562978199,0.9969715614908947
720575941533771034,0.9969576466239586
720575941462375876,0.9969382943153705
720575941441631067,0.996923632299857
720575941501920962,0.9969136462187785
720575941570746184,0.99689274797357
720575941439197269,0.9968280294443781
720575941606717293,0.9967104447848658
720575941555447844,0.9966943882183317
720575941560391283,0.9966254314478995
720575941589997623,0.9966099056166663
720575941557325604,0.996495314785013
720575941414908561,0.9964580777574057
720575941405334384,0.9963615800362787
720575941484385789,0.9963052646125686
720575941531482853,0.9962516808927124
720575941594317095,0.996186178683362
720575941602898422,0.9961353914850257
720575941604943725,0.9960863774567684
720575941524190820,0.9959429508042946
720575941496969634,0.995911423082283
720575941464907542,0.9958742366074558
720575941475777310,0.995863363001348
720575941523082487,0.995839548549395
720575941489375797,0.9958388881110589
720575941477882754,0.9958024300399818
720575941399309603,0.9957462790510357
720575941457039174,0.9956867777687448
720575941531528421,0.9956443843361821
720575941657502288,0.9956313111946186
720575941570819400,0.9955681895477942
720575941721004602,0.9955521222995307
720575941521236915,0.9955413495383609
720575941390774678,0.995401964129175
720575941604774253,0.9953388153197221
720575941568369402,0.9953075457592978
720575941732764971,0.9952885863585986
720575941474766132,0.9952741238466101
720575941557543918,0.9951096354427674
720575941535705778,0.9950902143573914
720575941536393202,0.9950784358415571
720575941685783158,0.9950535715173016
720575941611978925,0.9950437340824653
720575941595927409,0.9949708089763222
720575941570302366,0.9948989788082248
720575941505236133,0.9948560613146739
720575941643467877,0.9948438447574517
720575941548846141,0.9947916156772478
720575941652675345,0.9947202460774329
720575941450586958,0.9947201766665502
720575941643797624,0.9947060288245576
720575941613232659,0.9947059093945587
720575941446819860,0.9946766263067932
720575941688491532,0.9946754675375505
720575941491626215,0.9945793254414966
720575941515341658,0.9945763309030615
720575941515706003,0.9945301857349942
720575941497713058,0.9945240141227119
720575941351045936,0.9944951126362467
720575941485260240,0.9944641735516963
720575941652558577,0.9944530158057503
720575941566475623,0.9944396655868715
720575941445843732,0.9944232316104349
720575941573326262,0.9944204879550489
720575941567151918,0.9943945785416365
720575941481345731,0.9943473318991047
720575941587239479,0.9943275861602626
720575941563338664,0.9943271167862318
720575941613848473,0.9942708337622053
720575941438646290,0.9942374450875292
720575941562526306,0.9942231160339998
720575941456363935,0.9942073170737916
720575941488266441,0.9941877931369604
720575941579761785,0.9941363573807518
720575941688550895,0.9940950645119052
720575941455700973,0.9940269514071771
720575941561324845,0.9940156593858295
720575941482782659,0.9939908262509041
720575941488015312,0.9939041978752071
720575941463160208,0.9938724693692711
720575941610063590,0.9938593855642744
720575941470247031,0.9938206047184484
720575941555550244,0.9938093550340258
720575941480676291,0.9937395639558809
720575941601119929,0.9936540095267586
720575941464350989,0.993646911198598
720575941538493309,0.99352024497126
720575941461641924,0.9935176842231574
720575941353247536,0.993478616906376
720575941555245313,0.9934056428789579
720575941399253283,0.99338577761201
720575941560085230,0.9933645928789311
720575941392030614,0.9931962875387784
720575941562521698,0.9931505271686857
720575941468787520,0.9931427772348999
720575941506975804,0.9930862522789152
720575941535791338,0.9930768776472031
720575941546446441,0.9930158738227146
720575941455568621,0.993011937851445
720575941623970971,0.9929815666680242
720575941597897513,0.9929663972474431
720575941645093281,0.9929370026691637
720575941511189836,0.9929369493587609
720575941668347123,0.9929350663349356
720575941407785390,0.9929238608895392
720575941442313898,0.9929164978303828
720575941477051166,0.9928536222037219
720575941614190099,0.9928518415731413
720575941497293435,0.9928362305081545
720575941574744329,0.992782378023492
720575941454918707,0.9927157287140329
720575941476977969,0.9926797205682255
720575941430415886,0.9926187472166428
720575941480982979,0.9926157468592356
720575941573922408,0.9926040804888994
720575941607603053,0.9924792911166583
720575941428369583,0.9924326426792079
720575941445605546,0.9923614122482659
720575941572062729,0.992332578690626
720575941641548626,0.992288232644005
720575941470234999,0.9922634058746728
720575941625340554,0.9922530107195805
720575941549819710,0.9921794348141313
720575941478119331,0.9921646260230534
720575941560345359,0.9921587977636915
720575941573973096,0.9921297728949173
720575941594795633,0.9920505176951624
720575941438970971,0.9919695214344807
720575941516096940,0.9919262012345591
720575941611960237,0.9919093603121213
720575941438631871,0.9919027834446137
720575941579645173,0.9919019548114781
720575941535409178,0.9918888703816526
720575941579867125,0.99183489758477
720575941471287136,0.9918286370266884
720575941574027702,0.9917991771066542
720575941703116506,0.9917553936606812
720575941490413621,0.9917245455773035
720575941486437954,0.9917203989421342
720575941552601662,0.9916949608188996
720575941499618633,0.9916649689402622
720575941534841064,0.9916630949952047
720575941689784539,0.9915389767877227
720575941653990361,0.9915353984220834
720575941630066402,0.991534397452415
720575941557294095,0.9915059663657639
720575941642605000,0.991492305062013
720575941575397775,0.9914726077276994
720575941536946069,0.9914573795979409
720575941552165255,0.9914172339012606
720575941569320050,0.9914100338627948
720575941574676893,0.9913916138732889
720575941621652220,0.9913689107695696
720575941684960239,0.9913679448631013
720575941455059763,0.9913317104363893
720575941451436922,0.9912555954018475
720575941587201847,0.9912308193543231
720575941451661895,0.9911871159502835
720575941412573551,0.9911678203309543
720575941609964009,0.9911476225982317
720575941390728598,0.9911326555818072
720575941518410350,0.9910466672164241
720575941576343222,0.9910060609641301
720575941518206680,0.9909956058147675
720575941477565505,0.9909542731403462
720575941460850957,0.9908932709351755
720575941460232147,0.9908869847499268
720575941458897392,0.990865340797472
720575941588061438,0.990817159568324
720575941483850749,0.9907825839006782
720575941461636804,0.9907767023186845
720575941584889734,0.990678724364652
720575941688592879,0.9906723997431686
720575941617266047,0.9906222377604501
720575941450261831,0.9905257677914856
720575941427650132,0.9905256582523503
720575941512450371,0.9904902483489713
720575941516835438,0.990469351124039
720575941595131175,0.9903993572255622
720575941652159505,0.990360716143222
720575941667445235,0.9903346995067415
720575941560423027,0.9903346494473597
720575941518519150,0.9902657731911936
720575941612610457,0.9902460381965742
720575941498833531,0.9902341707012652
720575941688651894,0.9902294086892166
720575941557278223,0.990194095894156
720575941660771708,0.9901372306658501
720575941474511390,0.9901224292398381
720575941560612264,0.9900789050893375
720575941628690658,0.9899443072572209
720575941468163037,0.9899194679855873
720575941703182810,0.9898876290211305
720575941551946239,0.9898528934035329
720575941565412654,0.9898415944027648
720575941614841045,0.9898396163169236
720575941522771787,0.9898374681865302
720575941508300578,0.9898343649110318
720575941431577007,0.9897978461428693
720575941603713465,0.989774714319347
720575941579027321,0.9897474566392856
720575941474319419,0.9897234156759044
720575941613369363,0.9897178080335629
720575941565478295,0.9896202865128435
720575941670504103,0.9896107344444413
720575941643977848,0.9896032109217819
720575941604907117,0.9895879115663677
720575941566725991,0.9894964532287989
720575941530190027,0.9894826338630967
720575941684998383,0.9893823460410838
720575941411550319,0.9893766774509889
720575941534033386,0.989340650689429
720575941505104444,0.9893012543035944
720575941607604077,0.989286987214145
720575941414307473,0.9892131133420162
720575941593965957,0.9891517739915541
720575941613435868,0.9891269843822779
720575941528712376,0.9891174988242203
720575941548593953,0.989109946569642
720575941438719967,0.9890727906233854
720575941568190254,0.9890457777215157
720575941493567943,0.9890454841592915
720575941479987619,0.9889994230652328
720575941579753337,0.9889989222197811
720575941501821378,0.9889853361084692
720575941623362186,0.9889738750060216
720575941514597379,0.9889100697892363
720575941586455774,0.9888140981802656
720575941534522378,0.9887704078549509
720575941537626829,0.988754230322137
720575941597632041,0.9887446973432803
720575941572052381,0.9887312645106541
720575941591779880,0.9887258935877169
720575941628185894,0.9887150460897791
720575941598321820,0.9886924978833388
720575941404724080,0.9886749922843988
720575941564409344,0.9886426789309545
720575941558971407,0.9885864054455891
720575941504382999,0.988563929993829
720575941468851211,0.9884909569506068
720575941644192200,0.9884767865848761
720575941471159415,0.9884559633827501
720575941606636909,0.9884287163800185
720575941535446042,0.9884257884697691
720575941495723387,0.9883890365933513
720575941662541692,0.9883669260518787
720575941434410126,0.9882840318428466
720575941401773091,0.9880690380220837
720575941507544193,0.9880669018983064
720575941610056934,0.9879688725868316
720575941502884183,0.9879655606216021
720575941574034319,0.9879564270369835
720575941519288792,0.987901577249843
720575941526339330,0.9877240831174667
720575941456245919,0.9876547165814327
720575941607569261,0.9876506277382514
720575941534977802,0.9876350194909236
720575941471300960,0.9876027564838966
720575941580347985,0.9875835331843292
720575941557282831,0.987574961065191
720575941546266036,0.9875684271548887
720575941532394418,0.9875392917320319
720575941576683624,0.9874931903514035
720575941450520745,0.9874128596973045
720575941593206897,0.9874002328918903
720575941449384885,0.9873947176125574
720575941609001034,0.987373911919888
720575941518316471,0.9873641059613593
720575941485179856,0.9873569263839481
720575941436692543,0.987350208712451
720575941351912752,0.9873343312759484
720575941496963657,0.9872816818862036
720575941685950326,0.9872714743390177
720575941436895199,0.9872597628391331
720575941449245818,0.9872163657294799
720575941505181093,0.9872124305462745
720575941556446436,0.9871581784263502
720575941518835372,0.9871099349689194
720575941507247429,0.9870487635024163
720575941630911419,0.9870459012648991
720575941480037315,0.9869647552954398
720575941498482299,0.9869437990089142
720575941441805503,0.9868972555681305
720575941562173741,0.9867855270203546
720575941505900161,0.9867836384321887
720575941559285619,0.9867520042396674
720575941488139214,0.9867412465017552
720575941527018628,0.9867301907102528
720575941495967969,0.9867211308038782
720575941559388787,0.9867161864623984
720575941512792908,0.9865513927911916
720575941643016530,0.986541498811717
720575941429527767,0.986526516175543
720575941594801777,0.9864937309124464
720575941546627105,0.98649027807838
720575941507710480,0.9864758144939282
720575941572882319,0.9863952004954674
720575941439101647,0.9863725047398239
720575941557304079,0.9863637030399524
720575941350427696,0.9863469785359549
720575941442028751,0.9863250208506489
720575941649909489,0.9862746840449784
720575941551063431,0.9861916420279584
720575941604148670,0.9861901351985148
720575941560397683,0.9861795274539632
720575941504365079,0.9860989434216212
720575941615250073,0.9860872984936345
720575941539154813,0.9859848567840601
720575941438358079,0.985940277364852
720575941669803953,0.9859083728489353
720575941390330372,0.9858811544539684
720575941478634831,0.9858727953621945
720575941501922498,0.9858511910462957
720575941628587490,0.9857892882470345
720575941499441291,0.9857782128536989
720575941556420516,0.9857624140147423
720575941546580769,0.9857620593682084
720575941595970161,0.9857489086681728
720575941684783599,0.9857351509686901
720575941477907842,0.985714900537753
720575941501124439,0.9857081403662943
720575941518860460,0.9856828715786222
720575941529763972,0.9856691277145299
720575941534802408,0.9855837753558482
720575941542272005,0.9855721833130102
720575941464924694,0.9855620723438849
720575941483542714,0.9854421203571067
720575941555590436,0.9854307839292429
720575941437487148,0.9854132728110241
720575941614282393,0.9853977733934287
720575941562471943,0.9853891795766896
720575941540230013,0.985373081532833
720575941432702423,0.9853395146582374
720575941453300393,0.985337160289702
720575941525288358,0.9853147619088487
720575941431230456,0.9852822128225385
720575941628067385,0.9851812693554572
720575941485414541,0.9851436354474404
720575941603902710,0.9850889294302807
720575941571964061,0.9850578532774175
720575941441886811,0.9850060354507044
720575941455734765,0.9849988996351282
720575941548409377,0.9849945936056225
720575941555510355,0.9849320371417463
720575941589981495,0.9848795167135422
720575941470600823,0.9848362303359576
720575941496702336,0.9848305103463431
720575941671435687,0.9847344853673249
720575941468803037,0.9847174554333311
720575941658642968,0.9846849897780797
720575941499749026,0.9846720452083
720575941639039519,0.9846194755724719
720575941416654620,0.9845511667192999
720575941519971511,0.9844941233806197
720575941569365498,0.9844746705053016
720575941534912088,0.9844588452316847
720575941571901512,0.9844566767411915
720575941488267465,0.9844250235919954
720575941534866776,0.984376620243643
720575941477943426,0.9843706408523271
720575941565380910,0.9842242204712693
720575941526868902,0.9841974638928233
720575941595910257,0.9841707247103816
720575941574229755,0.9841292191868606
720575941532995521,0.9840757624997549
720575941555283027,0.9840483254174984
720575941601150966,0.9840417577752288
720575941505831262,0.9840289612497749
720575941501136215,0.9840051796375966
720575941537803901,0.9840010002009466
720575941490438965,0.9839067355751877
720575941670491815,0.9839065182766746
720575941494078848,0.9838717646630128
720575941489130471,0.9837748446144777
720575941508450258,0.9837598300161424
720575941626065516,0.9837267225210183
720575941453890867,0.983673530331909
720575941471240000,0.9836228255995425
720575941540255357,0.9836132796791617
720575941562217517,0.9836049302403153
720575941503462460,0.9835740085713853
720575941536318869,0.9835413863929899
720575941614280723,0.9834948559809878
720575941543751173,0.98348162004941
720575941438547167,0.9834624892445016
720575941654397140,0.9834497073621932
720575941535934730,0.9833783045009997
720575941611319017,0.9833705886679702
720575941450576809,0.9833291835654036
720575941516691928,0.9833026175958703
720575941474256224,0.9831267449602469
720575941588669324,0.9830860421399813
720575941575588456,0.98307963178746
720575941498998395,0.9830714336179136
720575941390532868,0.9830639355782532
720575941609351341,0.9830425314848912
720575941661454904,0.9830074200956868
720575941592196054,0.9829982401217381
720575941630715362,0.9829872915133036
720575941723161402,0.9829854954394215
720575941592041067,0.9829016810298028
720575941524065869,0.9828845023134588
720575941430650209,0.982834070884797
720575941685776652,0.9827873759936928
720575941498966497,0.9827794498246554
720575941431188472,0.9827763664073241
720575941451040122,0.9827675219626542
720575941588959300,0.9827272381882153
720575941483867277,0.9827260131489878
720575941525489485,0.9826452545751475
720575941483854146,0.982638060046295
720575941564122466,0.9826130872495775
720575941350274352,0.9825126369534001
720575941564118162,0.9824931323936904
720575941477922369,0.9824620376575149
720575941432245463,0.9824480211532074
720575941466558742,0.9824181496717999
720575941595189797,0.9824131958146758
720575941476041521,0.9823355755667719
720575941667177393,0.9821797920109501
720575941535031523,0.982127416991657
720575941611661075,0.9821268897914017
720575941530868611,0.982100272915789
720575941560421491,0.982066106378487
720575941466731542,0.9820455498354463
720575941603691198,0.9820052021280132
720575941723165754,0.9819793435426938
720575941661452344,0.9819649871726094
720575941597652416,0.9819463269124037
720575941638178421,0.9819136888032829
720575941533339779,0.9818806226177476
720575941456342175,0.9818442978052216
720575941518507948,0.9817808058294523
720575941458142111,0.9817569695430406
720575941534658314,0.9817566501279554
720575941486091074,0.981708088057874
720575941460661188,0.981627770444004
720575941571478779,0.9816139044552658
720575941583203462,0.9815550549536827
720575941703228634,0.9815344253296813
720575941438470700,0.9815099376836335
720575941549655102,0.9814911425123478
720575941506310309,0.9814815091337298
720575941679645373,0.9814038153798159
720575941413382289,0.9813938459424789
720575941562190893,0.9813712431612726
720575941516119724,0.9812572355385113
720575941529004164,0.9812571398976655
720575941623229386,0.9811797677081981
720575941479162051,0.9811556343096604
720575941448205749,0.9811507087775342
720575941667238131,0.9809962230214482
720575941456074399,0.9807887065465494
720575941549394292,0.9807294795209764
720575941625884362,0.980611380695314
720575941581362271,0.9805680416840732
720575941547175860,0.9805050458164288
720575941393490838,0.9804285408178289
720575941537994645,0.9803664249901765
720575941644900472,0.9803514658762545
720575941559961359,0.9803196377814316
720575941543673349,0.9802607595985955
720575941430420750,0.9802045562798252
720575941580762489,0.9801943298666909
720575941550051583,0.9800687254573921
720575941526712932,0.9800380724964586
720575941687527436,0.9800224808235536
720575941537622243,0.980021776723531
720575941405794351,0.979938572640516
720575941497967841,0.9799165570223486
720575941440872655,0.9797676561498216
720575941502736779,0.9796739649095192
720575941529832165,0.9796460279659215
720575941566797110,0.9796459600734101
720575941574734089,0.9795957905116951
720575941562428423,0.9795480367153199
720575941629371116,0.9794905865960123
720575941548072072,0.9794375769812699
720575941578832885,0.9794335483322227
720575941441247679,0.9793955806131592
720575941489056231,0.9793816226400137
720575941491338441,0.979360192735125
720575941602260158,0.979338026727466
720575941589246020,0.9793264282142322
720575941596729477,0.9792085676228356
720575941624985226,0.9791571938275705
720575941583453406,0.9791256865835106
720575941595449969,0.9790888006527513
720575941653100817,0.9790361525621856
720575941501945138,0.979029159515707
720575941595771548,0.979001625354925
720575941463655949,0.9788952601150862
720575941686846447,0.9788536547582092
720575941352925744,0.9787366671151825
720575941440934351,0.9787256072871234
720575941534943937,0.9786929741298265
720575941642625697,0.9786917372076218
720575941502040971,0.9786718474520884
720575941730041643,0.9786492416705461
720575941514119827,0.9786061942098822
720575941546638625,0.9785567708306822
720575941658619928,0.9785489602850267
720575941569542644,0.9785425165723479
720575941667542515,0.978509833563826
720575941560434547,0.9784707615682361
720575941474395166,0.978422235152692
720575941611006282,0.9784022365339966
720575941512798929,0.9782451292224822
720575941603125689,0.9782360710704745
720575941531582949,0.9781752222016034
720575941544744965,0.9781591459263892
720575941579186297,0.9781334358318524
720575941507979077,0.9781134918089621
720575941470747968,0.9780708860111222
720575941526867622,0.9779469181617794
720575941524192100,0.9779387864913738
720575941515898873,0.9779198986377612
720575941526636290,0.9779167836180402
720575941690625176,0.977890181867479
720575941406978095,0.9778722421202466
720575941434381710,0.9778568235150059
720575941597645097,0.9778505596638876
720575941506196247,0.9777889558246003
720575941480596610,0.9776731633072473
720575941595940288,0.9776691779969642
720575941431846241,0.9776673220056771
720575941521248179,0.9775683174000368
720575941507063319,0.9775533803384127
720575941493325232,0.9775245593226656
720575941632276384,0.9775061694282824
720575941495988167,0.9773404685140956
720575941560088814,0.9773369817040536
720575941592919080,0.9772993634350581
720575941587315767,0.9772501048976013
720575941586470110,0.9772383911055404
720575941573261051,0.9770906565142025
720575941536695066,0.9770605608059552
720575941668251313,0.9770361986939723
720575941684940271,0.9770126942503338
720575941505784926,0.9769845531655081
720575941579168633,0.976947695249613
720575941594333735,0.9768652165499122
720575941431986702,0.9768577127384276
720575941568148082,0.9768028362145791
720575941463655693,0.9767865481976815
720575941688042203,0.976786164851168
720575941487866320,0.9767482954691885
720575941586480606,0.9767419628735754
720575941495663232,0.9767030002185386
720575941475729258,0.9766971130119112
720575941637795957,0.97664937963184
720575941565531799,0.9766141277284668
720575941490638823,0.9766122006388018
720575941612799251,0.9765759110050074
720575941526497156,0.9765665367094137
720575941561403538,0.976546614606965
720575941519482222,0.9765459891368461
720575941596404101,0.9764595179279023
720575941536141973,0.9764489892453708
720575941578679897,0.9763605153275446
720575941534081880,0.976356185418609
720575941557241892,0.9763291692863497
720575941514559564,0.976289333543249
720575941537124890,0.976245324766638
720575941507341858,0.9762132009740082
720575941595882609,0.9761534614206487
720575941566182966,0.9759917708374785
720575941604987838,0.9759691473626383
720575941518483054,0.975955997960816
720575941592508453,0.9758976422432701
720575941451768391,0.9758937322920063
720575941566734836,0.9758844235185615
720575941499067003,0.9758385906462196
720575941644193992,0.975779853101885
720575941557553646,0.9756895456235862
720575941590127912,0.9755862094512323
720575941623968411,0.9754159678836515
720575941592895272,0.9751810592052403
720575941651548401,0.9751228659133694
720575941438841435,0.9751178950898298
720575941507664144,0.9751032992658564
720575941641492818,0.9751000761944059
720575941588599180,0.9750794742298657
720575941642166354,0.9750560162154926
720575941505105212,0.9750403536844872
720575941478839203,0.9749640896561065
720575941434998816,0.9749159195605758
720575941513177603,0.9748803937463245
720575941449956957,0.9748785714796349
720575941526985912,0.9748403321259015
720575941569479070,0.9748244928577559
720575941626275466,0.9746888003948263
720575941542425180,0.9746323980785758
720575941642488993,0.9745239443983602
720575941555558180,0.9745189760277516
720575941581870457,0.9745151681343905
720575941480587906,0.9745069218256677
720575941535861482,0.9744653197842469
720575941628167225,0.97444327461016
720575941511066700,0.9743824714521747
720575941586373444,0.9742892035078827
720575941609399782,0.9741807146000824
720575941438852187,0.9740628841182313
720575941431078575,0.9740237996072294
720575941458853702,0.9740004532159874
720575941584961246,0.9739241449763
720575941669828017,0.9739132127170477
720575941547837501,0.973875215586974
720575941488433870,0.9738054777625479
720575941554350931,0.9737460947026743
720575941504687810,0.9736675176723416
720575941526694244,0.9736348602924871
720575941550977415,0.9735900662265828
720575941551644699,0.9735003061409491
720575941527109816,0.9734546985631787
720575941539754332,0.9734222429525513
720575941518763948,0.9733358116787078
720575941631829701,0.9733347776096801
720575941536330645,0.9733215371564266
720575941458656467,0.9733031742265226
720575941518386359,0.9732640480369669
720575941652888276,0.9731841574766763
720575941566277991,0.9731501114017076
720575941574549768,0.9730963884591937
720575941518754220,0.9730839292897489
720575941557884687,0.9730656746254196
720575941669822129,0.9730046716095164
720575941480245327,0.9729857954130421
720575941562531218,0.9729768243443808
720575941518851694,0.9729511678868248
720575941557371886,0.9729110874105201
720575941566203702,0.9728373811167297
720575941595949937,0.9728331545378984
720575941655512020,0.9728174172976684
720575941429535959,0.972794558648131
720575941488518350,0.9727769466935132
720575941609453670,0.9727765133273948
720575941467607574,0.9727757488907907
720575941439301183,0.9726501573157031
720575941489144039,0.9725995257110782
720575941477333044,0.9725584529779873
720575941473714730,0.9725292636676084
720575941444857770,0.9724958597096591
720575941729855787,0.9724740251271173
720575941457149510,0.9724679062939402
720575941497004450,0.9724422341698867
720575941487869904,0.9723563630458002
720575941464369421,0.9723365578532367
720575941540889037,0.972309164079239
720575941436700639,0.9722389860828068
720575941622228732,0.9722219374958322
720575941486560774,0.9721207050617615
720575941688200088,0.9720690828241466
720575941450007111,0.9719670834125812
720575941513674131,0.9719463263735515
720575941581678713,0.9718231374353057
720575941569597298,0.9717661058662231
720575941503698994,0.9717592376384495
720575941470231671,0.9716500557726675
720575941548069256,0.9715894980813747
720575941690789851,0.9715520042304621
720575941461684932,0.9714482857705616
720575941523079243,0.9714011731935903
720575941555256833,0.9713221325544515
720575941524748621,0.9712513256131929
720575941504636610,0.9711141238117317
720575941569676190,0.9711023797040554
720575941571653896,0.9710456679811479
720575941471454583,0.9709845771793031
720575941468977984,0.9709780009204326
720575941471079264,0.9709514148023921
720575941530848899,0.9708847535056312
720575941573665693,0.9708796148108064
720575941479267970,0.9708623189119974
720575941490165198,0.9708550273144241
720575941496338145,0.9708290512914721
720575941545322120,0.9708101193372598
720575941392665750,0.9707306839432936
720575941567126130,0.970690158933681
720575941538973426,0.9706290985563601
720575941470778944,0.9704995874457819
720575941536277397,0.9704534349570687
720575941685793804,0.9704400961100352
720575941571361019,0.9704312218041418
720575941450530729,0.9703863581982127
720575941480177487,0.970380140543208
720575941564442112,0.9703261331626022
720575941476033054,0.970293246697673
720575941519472750,0.9702801489469959
720575941572873103,0.9702694508577328
720575941658900304,0.9701986631584548
720575941514059843,0.9701668337112624
720575941482588346,0.9701066021404419
720575941595150885,0.9700989445103128
720575941496286025,0.9700971143461897
720575941462712845,0.9700817497833697
720575941471458059,0.9700386640754461
720575941431153367,0.97000284639932
720575941513207033,0.969994139684203
720575941553395098,0.9699902145003839
720575941459936070,0.9699186119307691
720575941529404036,0.9698830495069803
720575941455678701,0.9697765769018118
720575941425229652,0.969723725074179
720575941400707875,0.9697093644426021
720575941411205547,0.969704991181901
720575941720387642,0.9696910149952884
720575941559350899,0.9696730081219028
720575941528825476,0.969485153761332
720575941390713238,0.96947729981559
720575941409197998,0.9693792469698939
720575941571464699,0.9692762954286877
720575941590231080,0.9692675509479474
720575941569587570,0.9692567854562674
720575941650799377,0.9692355195545845
720575941521085111,0.9692073362993985
720575941461234131,0.969181307412919
720575941504569925,0.9691655209360195
720575941565368366,0.9691639953463647
720575941543670121,0.9691595804401986
720575941390733974,0.9691275182841289
720575941473315643,0.9690088098381199
720575941407900975,0.9689212932601754
720575941477522206,0.9689125680627686
720575941516676568,0.9688375008978628
720575941447163317,0.968814979611889
720575941572094203,0.9688144591431046
720575941479516034,0.9687677382827343
720575941400703267,0.9687628941684749
720575941609997386,0.9687447047616574
720575941557261220,0.9687392031115027
720575941507447169,0.9686993686543002
720575941624982218,0.9686547954570458
720575941593160043,0.9686166948448144
720575941581640569,0.9685999739939511
720575941485138896,0.968591741453245
720575941485186256,0.9685712643321409
720575941555494227,0.968559619059342
720575941548829473,0.9685538204144871
720575941613374172,0.9685459654300274
720575941587968823,0.9684976493055111
720575941411222699,0.9684132674188575
720575941601255353,0.9683006524340614
720575941523981314,0.9682098667260209
720575941650789649,0.9681316044112636
720575941483506618,0.9680430904028332
720575941461116941,0.9680428988983374
720575941567232558,0.9679364461423414
720575941665246707,0.9678273529031189
720575941527851430,0.9678040414453378
720575941452326451,0.9677423348999141
720575941414456212,0.967728000327533
720575941472575547,0.967685134729089
720575941506431548,0.9676165012879493
720575941429509847,0.9675741089691804
720575941431993358,0.9675573652180017
720575941535163363,0.967542255619821
720575941563355190,0.967511638005124
720575941452210739,0.9674888805914978
720575941470163575,0.9674710820120314
720575941527256742,0.9673544279310737
720575941562310407,0.9673494243224966
720575941656270672,0.9673257399735177
720575941505669982,0.9672904036324297
720575941535148778,0.9672857717959975
720575941431663608,0.9672820138090197
720575941481105405,0.9670563053083824
720575941632874437,0.9670527686465069
720575941535959489,0.9669877793197927
720575941504432834,0.9669589644657278
720575941571988637,0.9668618876741073
720575941580731001,0.9668269211308199
720575941517488750,0.9667915996415726
720575941535966145,0.9667835071166854
720575941537599437,0.9667524701995656
720575941441683919,0.9666951928057691
720575941536314005,0.9666051599224103
720575941612873692,0.9665728444837098
720575941511251666,0.9665610788942436
720575941519592620,0.9664884953480941
720575941491272393,0.9664107226866016
720575941520330487,0.966399209649609
720575941601325046,0.966362555069611
720575941588600972,0.96632534366798
720575941631291845,0.9662305926199257
720575941446978485,0.9661454230931831
720575941552799571,0.9661431526062741
720575941486460813,0.9660982022294708
720575941595947456,0.9660550002681005
720575941626225802,0.9660488964812095
720575941539464317,0.9660131507590421
720575941602718649,0.9660079700759072
720575941633569467,0.9659341525036447
720575941505300645,0.9659263532536561
720575941538951154,0.9659143226419409
720575941518489011,0.9658675892035399
720575941604710334,0.9658169550321756
720575941480432582,0.9657967147238716
720575941440735951,0.9657498536878302
720575941497302400,0.9656361210307414
720575941668676007,0.9656177006862485
720575941595266343,0.9655983141886173
720575941483696381,0.9655264801244446
720575941400501795,0.9655233115156032
720575941489344821,0.9654715251267226
720575941604983742,0.9653963969495795
720575941687545356,0.9653246972661337
720575941656224848,0.9652348318300381
720575941447837518,0.9651945439649199
720575941471285344,0.9651923020190843
720575941574174971,0.965139417318251
720575941562305960,0.9650901418576443
720575941571333278,0.9650132567481915
720575941514201932,0.9649918497688748
720575941547401249,0.9649457589888302
720575941553773959,0.9649306191693009
720575941471346016,0.9648232265417852
720575941488229577,0.9648215628483185
720575941537843069,0.9647666213990529
720575941411620207,0.9646848458064905
720575941510651152,0.9646052069741441
720575941479830947,0.9645569612218494
720575941437721618,0.964514493846816
720575941494146176,0.9644943521990068
720575941461644740,0.9644716931736224
720575941576140889,0.9644477834014684
720575941583638494,0.9644441237257712
720575941547953076,0.9643587101587187
720575941466543894,0.9643356074534551
720575941626476652,0.9643259314978436
720575941626932774,0.9642067194226684
720575941478413647,0.9641890190967367
720575941688253080,0.9641720189533193
720575941524036610,0.9641711905936954
720575941652830481,0.9641083453631413
720575941564573287,0.9640670518259629
720575941402086000,0.9640480902940679
720575941502081515,0.9640378058272174
720575941515936505,0.9640335760563661
720575941649909233,0.9639936895806005
720575941513292793,0.9639442761805306
720575941433033486,0.9638796913937432
720575941585365214,0.9638624811883179
720575941563972455,0.9637789998477198
720575941579857397,0.9636916919434385
720575941483843906,0.96367279066926
720575941572468126,0.9636437886601084
720575941452266291,0.9635425119656982
720575941516652760,0.9634847997984533
720575941545099269,0.9634753305526861
720575941438952027,0.9634589299834301
720575941688487948,0.963440427220937
720575941557281828,0.9632235328748466
720575941559443059,0.9632213077416605
720575941438619410,0.9631355295086274
720575941496654720,0.9631352474375446
720575941658940240,0.963124941563139
720575941520199278,0.963121681607753
720575941668606119,0.9631187951154458
720575941579788533,0.9631146843218749
720575941562463751,0.9630617632192455
720575941466074134,0.9630535846202538
720575941529916645,0.9630411485671632
720575941475733098,0.9630224907354881
720575941574240507,0.9629892248489987
720575941447083445,0.9629707432948593
720575941614320025,0.9629394315243177
720575941494145735,0.962913152626928
720575941611343337,0.9628676551360505
720575941458992031,0.9628460673034857
720575941438955611,0.9628404402370649
720575941611044938,0.9628332883142183
720575941557586291,0.9627869479565039
720575941525495117,0.9627280428311845
720575941452757831,0.9627210489581606
720575941562333703,0.9626740793598793
720575941491644391,0.9626182537668889
720575941393197206,0.9625607157059914
720575941540028957,0.9625368206469752
720575941436800223,0.9625215260141915
720575941538080754,0.9625189143792555
720575941504413890,0.9623034585173749
720575941515909635,0.9622822354817969
720575941616528085,0.9622772644544334
720575941603904190,0.962148550618148
720575941579900149,0.9620815950797847
720575941632088992,0.9620150432681399
720575941538877133,0.961939119718978
720575941526649933,0.9617692966685357
720575941474571572,0.9615026476090027
720575941451836073,0.9614605152379405
720575941454918195,0.9614359818914497
720575941700457946,0.9613975462191324
720575941552994843,0.961146890920609
720575941440353877,0.9611041819819517
720575941574063976,0.9610714836836234
720575941430866936,0.960770103778567
720575941496031561,0.9607521314995174
720575941457139270,0.9607519918474038
720575941600537385,0.9607039238065078
720575941450872698,0.9607025969286856
720575941537603299,0.9606695245000075
720575941436003616,0.9606207546888731
720575941501850562,0.9606202131609036
720575941516656088,0.9606193724525601
720575941553221786,0.960608584464675
720575941571420411,0.9605932455604724
720575941557434862,0.9605772614909351
720575941642634440,0.960576948143663
720575941477887139,0.9605608501018692
720575941561399085,0.9604819894926567
720575941642411877,0.9604781223630036
720575941559011620,0.9604459923847126
720575941451834281,0.9604204859645193
720575941542899229,0.9602454917109705
720575941534903896,0.9601693261794414
720575941662638460,0.9601556139432165
720575941662694968,0.960096940303548
720575941603871990,0.9600314691582021
720575941430110456,0.9600190033322535
720575941547161268,0.9599852134650361
720575941550531700,0.9599543170884332
720575941433381518,0.959949709822343
720575941611945389,0.9599149567856782
720575941485322637,0.9598179866640678
720575941626190282,0.9598078144282638
720575941472087338,0.9597909144567499
720575941514055059,0.959780661801881
720575941432290263,0.9597211786691562
720575941526754404,0.9597124160518512
720575941563027095,0.9596700450318303
720575941630133798,0.9596369112093676
720575941546788385,0.9595461290272921
720575941644108961,0.9594833302003127
720575941431100553,0.9594713801813102
720575941557556974,0.9593675718273899
720575941590315560,0.9593438386921835
720575941485358598,0.9592878547907763
720575941552646206,0.9592470980464568
720575941687946459,0.9592354184391919
720575941457600671,0.9592187452112161
720575941536241045,0.9592023888111182
720575941457290733,0.9591552647630324
720575941690788827,0.9590688996832777
720575941612595353,0.9589932198773103
720575941629967852,0.9589653883473186
720575941447759124,0.958951575223481
720575941649738993,0.9589120410735712
720575941632311739,0.9589043572797474
720575941524355353,0.958898183432016
720575941405724719,0.9588956749865927
720575941474229297,0.9588012561113897
720575941504343895,0.9587869007379589
720575941607576173,0.9586305128095596
720575941609584742,0.9585974953279162
720575941679001021,0.9584934911242851
720575941431129815,0.9584739272085223
720575941644324690,0.9584021665985126
720575941654407636,0.958372441094383
720575941554044955,0.9581580581433288
720575941502043531,0.9581221259800082
720575941483682813,0.9581116591524219
720575941623392108,0.958021227891551
720575941541774621,0.9579455998430743
720575941492384894,0.9579256534745617
720575941532484581,0.9578641733691377
720575941444895914,0.9578610817991378
720575941452192307,0.9578529148045524
720575941506954812,0.9578244697302941
720575941482046150,0.957724856314481
720575941505861761,0.9577099860189345
720575941528969604,0.9576940386922291
720575941558648365,0.9576418631531334
720575941411754641,0.9575765349444058
720575941546430313,0.957533810788686
720575941642567841,0.9575249738833596
720575941449986909,0.9575152252073038
720575941430909025,0.9573868329867614
720575941496687815,0.957374164134907
720575941580693881,0.9573590342654515
720575941501055211,0.9573014063788972
720575941614364057,0.9572091273711997
720575941575791705,0.9571212432444287
720575941604725438,0.9569475363018054
720575941551967487,0.9569104802603318
720575941514626707,0.9569019124716882
720575941496045129,0.9568914845719849
720575941429343585,0.9568176993376444
720575941538992021,0.9567644080460056
720575941659770680,0.9567564890046442
720575941485673478,0.9567155329084939
720575941430176431,0.956657639492129
720575941526720868,0.9566568573545563
720575941560388723,0.956450555076691
720575941480506307,0.9564395385594051
720575941526724196,0.9564298426337798
720575941461320644,0.9563291599596692
720575941516729454,0.9563280464166085
720575941570782366,0.9563273665934637
720575941572200713,0.9562192865882766
720575941519210968,0.9560933321106528
720575941642447521,0.9560454581584926
720575941588988484,0.9560233628441887
720575941617820373,0.9560144956581924
720575941592867880,0.9559935392330116
720575941642369656,0.9559491815100472
720575941552842579,0.9558629382999818
720575941436791519,0.9558385940043169
720575941624840091,0.9558268048328106
720575941655844888,0.9557437448397061
720575941499798178,0.9557049094605329
720575941611341898,0.9556731077965713
720575941351040304,0.9556713655291946
720575941595175205,0.9556695169008022
720575941454064109,0.9556475727754437
720575941502691819,0.9556272716667235
720575941653904657,0.9556197058000668
720575941503510834,0.9556140348744335
720575941525881188,0.9555628049908659
720575941506217020,0.9554679750159334
720575941559324019,0.9554232078671583
720575941551370779,0.955418772121513
720575941546756385,0.9553934424845558
720575941565107975,0.9552907398100494
720575941438389292,0.9552755288929616
720575941585920646,0.9551998823185937
720575941518792876,0.9551298741984061
720575941528530635,0.9550905245682099
720575941532419306,0.9550316061076854
720575941591270440,0.9550206228777686
720575941502169835,0.9550147662197596
720575941630622624,0.9549613573038107
720575941627155238,0.9549151661524515
720575941437461010,0.954886002397451
720575941495733115,0.9548730120868408
720575941573038237,0.9548027528926231
720575941686831087,0.9547907273058981
720575941571376136,0.9547649078999212
720575941667167921,0.9546730586133861
720575941491126222,0.9546599388375576
720575941602996158,0.9546530365698228
720575941631635426,0.9545198570972834
720575941581492319,0.9544209350120147
720575941428403119,0.9544031194784244
720575941531258315,0.9543963300176356
720575941459555472,0.9543430810376776
720575941586414046,0.9542994717876501
720575941564406784,0.95426577863893
720575941568855540,0.9542547857173149
720575941517483630,0.9542526340508862
720575941576058294,0.954205847710242
720575941685689839,0.9541885947111881
720575941409932911,0.9541652953475144
720575941557268239,0.9540693580451458
720575941488741068,0.9540262684944644
720575941653565201,0.9539206028005414
720575941594186789,0.9538826979827862
720575941514604291,0.953790904229296
720575941729943083,0.9537788545081168
720575941561397805,0.9537409991002387
720575941532330418,0.9536595130309846
720575941702068954,0.9536435521557225
720575941487752144,0.9535857900354353
720575941645310152,0.9535154189655789
720575941596369541,0.9534352365757893
720575941652915924,0.9533310053817526
720575941452281651,0.9532445545372417
720575941498983497,0.9532371944662283
720575941722082874,0.9532195936750457
720575941436018976,0.9530771328606991
720575941574252795,0.9530492967358782
720575941549822781,0.9529962562284886
720575941506081605,0.9529517451533465
720575941500006539,0.9528171630547769
720575941567001844,0.9528166513722005
720575941558323236,0.9527951338170484
720575941569579002,0.9526934918968702
720575941566461543,0.952687844478031
720575941603364537,0.952623528512913
720575941524185188,0.9525295309522578
720575941459680838,0.9525234675336449
720575941502303831,0.9524592229131166
720575941479174368,0.9524404445061618
720575941436666400,0.9523686921754969
720575941660922236,0.9522498695793138
720575941494903422,0.9522243270083096
720575941588080638,0.9520910273004765
720575941501891122,0.9519514365963825
720575941450477225,0.9519443486814056
720575941571026590,0.9519368647551155
720575941559323763,0.9519233635182728
720575941554168292,0.9519164316314435
720575941471325280,0.9518257248528608
720575941643791224,0.9517132681450067
720575941604639934,0.9517119419000067
720575941591285900,0.9516871426721386
720575941619856767,0.9516493771702327
720575941633618885,0.9516060936030433
720575941478539855,0.9515999372397834
720575941624192764,0.9515657035042001
720575941561467282,0.9515232228480554
720575941524103524,0.9514650078457214
720575941532425194,0.9514434576282965
720575941569838750,0.9512755240174878
720575941490091061,0.9512714808071627
720575941541885981,0.9512579297773256
720575941543038237,0.9512474812719213
720575941609408998,0.95122493938485
720575941477900930,0.9511990765927006
720575941455535923,0.9511412936159327
720575941442671530,0.9510707243246661
720575941574723593,0.9510463174870913
720575941625321866,0.9509395970797839
720575941522146039,0.9507763153173517
720575941536511474,0.9507624642852914
720575941661415804,0.9507212574012314
720575941428428975,0.9507136450711936
720575941642416485,0.9507117564416281
720575941567054580,0.9506440991195485
720575941586609886,0.9506346882869464
720575941411830420,0.9506287250092796
720575941555500115,0.9506058817462458
720575941568642418,0.9505443072521389
720575941408800047,0.9504614371792736
720575941447464029,0.9504251204310207
720575941515520505,0.9504181401160267
720575941547371069,0.9503905520193487
720575941533898010,0.9502776344827258
720575941548989812,0.9502598107062732
720575941609339309,0.9502309180770468
720575941562021376,0.9501664467374412
720575941470082423,0.9501453798422292
720575941458465235,0.9501408387324828
720575941519278040,0.9499391585254993
720575941535945153,0.9499178115630224
720575941414231700,0.9498998024088157
720575941618373759,0.9498699688735404
720575941465021206,0.9498041779447642
720575941525920845,0.9497927145498535
720575941494375294,0.9497048613320476
720575941643446629,0.9496859091586319
720575941546719265,0.9496773747227755
720575941499361675,0.9496292678721718
720575941399317539,0.9496080277394282
720575941525351938,0.949607469794557
720575941490830055,0.9495912362583948
720575941438289749,0.9494156892659447
720575941504526405,0.9493894671002819
720575941537811581,0.9492293560480388
720575941592493863,0.949212875084974
720575941490876592,0.9492035090850397
720575941480494722,0.9492024637866375
720575941506224700,0.9491844132272108
720575941460913165,0.9491779210560323
720575941521029623,0.949156048712273
720575941571420667,0.9491527266633478
720575941629416684,0.9491215227128507
720575941521705207,0.9491107473975928
720575941440001343,0.9490134255879491
720575941477338420,0.9489625520669493
720575941632126661,0.9487194082404367
720575941642229112,0.9486490461175017
720575941518246327,0.9486023159783602
720575941595793308,0.9485176595179872
720575941447879188,0.9484715214191896
720575941426294356,0.9484173294446238
720575941535068650,0.9483783045529105
720575941653553169,0.9482660388311337
720575941576572776,0.9482622638142514
720575941484194114,0.9482251949385997
720575941436714207,0.9480432849489969
720575941555461971,0.947974122574837
720575941413958172,0.947952462846315
720575941552711251,0.9479360960728621
720575941585902982,0.9479092162354191
720575941458815984,0.9478669752908804
720575941690760923,0.9478259381934075
720575941487829813,0.9476910093893368
720575941643195553,0.9476774769532662
720575941573674249,0.9476453072672971
720575941582278265,0.9475979746874473
720575941488318926,0.9475910721930938
720575941438465087,0.9474232433348158
720575941483784258,0.9474213856536889
720575941451839913,0.9473979998954577
720575941555233793,0.9473785276581795
720575941431727497,0.9473692143269404
720575941655866648,0.9473671113285794
720575941517403308,0.9473303740597351
720575941629131490,0.947289759092953
720575941632513004,0.9471932992315582
720575941551437466,0.9471468954840785
720575941458435283,0.9471241128778684
720575941426704980,0.9470840648287834
720575941633749179,0.9469929545002906
720575941549318143,0.9468989071595161
720575941502737899,0.9468377002101664
720575941700614362,0.9468113678629957
720575941516697560,0.9467589005072353
720575941574728201,0.9467543263376811
720575941594189605,0.9467433868443386
720575941459422623,0.9467179011427498
720575941507246917,0.9465938934501565
720575941593215601,0.9462186663119925
720575941569359354,0.9461071262982975
720575941533278986,0.9460893962527106
720575941687690614,0.9460621033150821
720575941580625529,0.9460421090450051
720575941454080237,0.9460258020956017
720575941533889562,0.9459872404619836
720575941623204860,0.9458683955896439
720575941471923008,0.9457266257939845
720575941449981277,0.9456583979698311
720575941549976637,0.9455994452342097
720575941472572987,0.9455579306823931
720575941518442156,0.9455501975620807
720575941477368372,0.9455430518754376
720575941412567919,0.9455237954352972
720575941428385199,0.9454949588084622
720575941651826709,0.945440516538743
720575941593195633,0.9454373076290359
720575941476434996,0.9453904398964502
720575941501827307,0.9453790599496451
720575941567150962,0.9453525130438164
720575941575782233,0.9453116397999864
720575941435315342,0.9452856576606764
720575941529782712,0.9452784386786848
720575941515590243,0.9449943679328853
720575941639531125,0.9449599757411573
720575941595802012,0.9448908358766861
720575941529790648,0.9448180222320638
720575941490110414,0.9448054204488281
720575941588569996,0.944804297129431
720575941559494415,0.9447322681676386
720575941641971794,0.94470456690215
720575941626158794,0.9445652920336404
720575941565291310,0.9445249509223611
720575941472772650,0.9443869535021133
720575941579639121,0.9443526035851274
720575941563716711,0.9443324924257167
720575941547288692,0.9442642633048246
720575941528470731,0.9442332493277888
720575941534127594,0.944218242109384
720575941580806777,0.9442077814804435
720575941429988088,0.9441870145168964
720575941511106124,0.9441662788841667
720575941527939716,0.9440324353118997
720575941453423785,0.9440285885234652
720575941530322635,0.9438982503859065
720575941525899341,0.9438603581259306
720575941649894897,0.9437917150831376
720575941505896065,0.9437606601287566
720575941507075863,0.9436003096391556
720575941390268164,0.9434837551690889
720575941440937301,0.943478042700973
720575941488204233,0.9434660276908219
720575941587430199,0.9434412995909026
720575941523196235,0.9434031873730587
720575941645263816,0.9433583922802115
720575941668844209,0.9432916102847259
720575941436955103,0.9432092557318256
720575941650394901,0.9431667610559872
720575941525491300,0.9431255662815965
720575941592511783,0.9430793998069537
720575941431660937,0.9429831248026915
720575941585492958,0.9428699576437098
720575941442357674,0.9428557557493593
720575941604952685,0.9427847439032587
720575941538066837,0.9427210815148692
720575941540266109,0.9426916292873919
720575941489010151,0.9426061399911586
720575941544261225,0.942508201761111
720575941496628608,0.9424870988168075
720575941563162792,0.9424551586866705
720575941632582331,0.9424306316860683
720575941639281525,0.942341352348255
720575941438952539,0.9423115748319549
720575941612345564,0.9422678288351946
720575941571372795,0.9422654728567842
720575941480903866,0.9421617244172522
720575941496253819,0.9421534309292225
720575941624090732,0.9421186382116528
720575941564187799,0.9420895351221535
720575941530740099,0.942067414951039
720575941474929729,0.9420545603630842
720575941454001901,0.9419907060748685
720575941562381319,0.9419091936544914
720575941454039533,0.9418908713500201
720575941476357172,0.9418493135520271
720575941547002044,0.9418414316057014
720575941603939006,0.941645114674842
720575941559330163,0.941510443210586
720575941428434057,0.9412736859935906
720575941576580456,0.9411920543849058
720575941485705478,0.9411310345859671
720575941438460716,0.9410930752402524
720575941539298253,0.9410924655581453
720575941505748514,0.9410770821654648
720575941551356955,0.9410607482708603
720575941479064771,0.9410173777729494
720575941474984001,0.9409316356193621
720575941632695739,0.9409167867642332
720575941597520064,0.9408741259086225
720575941456028144,0.9408285774770179
720575941436849375,0.9407288444042863
720575941467289309,0.9406924342864104
720575941578353909,0.9406480703376018
720575941537557731,0.9406449251947767
720575941624198140,0.9406404486295421
720575941592452901,0.9405212760657762
720575941512759505,0.9405026896966241
720575941616531157,0.9404371197538127
720575941658612760,0.940280248126557
720575941498952673,0.9401977109009575
720575941651649009,0.9400504231831426
720575941508536530,0.940039697531428
720575941530185419,0.9400280458712366
720575941503455467,0.939976749591717
720575941592883496,0.9399519690876512
720575941537867901,0.9399282840073128
720575941526706276,0.9398940392288967
720575941542907933,0.9398580131396865
720575941520032691,0.9397791376446872
720575941433275278,0.9397291166526477
720575941507449985,0.9395458442681782
720575941467636246,0.9394501600879849
720575941492463742,0.9393147225645462
720575941405745967,0.9393038418541845
720575941723203898,0.9391808580619363
720575941493932976,0.9391805814477716
720575941551376667,0.9391338446152561
720575941409198254,0.9390035957537951
720575941451015802,0.9389806784406612
720575941507181079,0.9389343774248744
720575941544695732,0.9389143895855719
720575941452885043,0.9389048095226716
720575941633570235,0.9388077761302223
720575941430465550,0.9387235814022102
720575941350471472,0.9386988462603719
720575941594870230,0.9386490765231874
720575941416657692,0.9386089312079672
720575941529859813,0.9384518211946293
720575941657623576,0.9383605602061125
720575941506522021,0.9383569492675038
720575941456425887,0.9382429498371334
720575941612592025,0.9382266700344716
720575941497222306,0.9381678395079364
720575941541952092,0.9381536330700622
720575941447722574,0.9380723994337572
720575941689107163,0.9380236183672884
720575941661487928,0.9379537488974681
720575941474781748,0.9378800547458642
720575941444930986,0.937786520410012
720575941501898034,0.9374748362558124
720575941564407040,0.9374728000761666
720575941505698071,0.9373772991236855
720575941546165896,0.9372508088162624
720575941612374236,0.9372085881685487
720575941444853418,0.9371196768224335
720575941513376588,0.9370993647852403
720575941457134918,0.9370819255433233
720575941642608072,0.9369433727343857
720575941483832461,0.9368816200696094
720575941552620543,0.9368294121538094
720575941574851510,0.9367686821159099
720575941526772836,0.936736973371726
720575941532373592,0.9366032172768453
720575941496249057,0.9365947018069727
720575941488203209,0.9365782062725474
720575941511087692,0.9364872044997091
720575941445214996,0.9364684395525407
720575941436697120,0.9363648455548788
720575941563646050,0.9363152710107243
720575941527940740,0.936073257614635
720575941479094211,0.9360039446177494
720575941408530223,0.9360028146124505
720575941474499377,0.9359988130814337
720575941574752009,0.9358847258653048
720575941515243587,0.9358773910395973
720575941401813027,0.9358373854008707
720575941549465889,0.9358115833750899
720575941469048695,0.9357215542291492
720575941572464286,0.9355022048498778
720575941496927906,0.9354590487049774
720575941627640889,0.9354142992847423
720575941505981313,0.9353882994622018
720575941443498410,0.9353313388302479
720575941493396167,0.9353131051504828
720575941508506753,0.935257292428052
720575941447435613,0.9352320981866101
720575941586363716,0.9352153587493314
720575941588447116,0.9351763201834931
720575941555547940,0.9351539336503158
720575941502553538,0.9349324880166398
720575941528528331,0.934864151859461
720575941608250954,0.9347840037019537
720575941533354371,0.9345726519639311
720575941650802449,0.9345605349381451
720575941449282170,0.9345397928103374
720575941613406483,0.934489261192115
720575941642464613,0.934433616677169
720575941460096708,0.9343763547324463
720575941456180461,0.9343576777384142
720575941612203996,0.9343040254762106
720575941432245207,0.9342957015217798
720575941612672870,0.9342287340974434
720575941568424954,0.9341397082640986
720575941471646583,0.9340550008917621
720575941543640252,0.9340364337547765
720575941525793282,0.9339728084804227
720575941571612168,0.9337551194992225
720575941585890694,0.9336816048892881
720575941596391836,0.933533979731455
720575941668731815,0.9334829817976997
720575941643427429,0.9334306590590687
720575941632698555,0.9333854431302351
720575941542314245,0.9333220671849926
720575941569745566,0.9331985760121678
720575941573201821,0.9331809787060323
720575941480809891,0.9331297747495303
720575941562127872,0.9331257054772469
720575941536378866,0.9330956622940418
720575941667249585,0.9330706640524981
720575941561396269,0.9329425780398075
720575941612487142,0.9329087943191771
720575941595829916,0.9327505161985042
720575941546854945,0.9327390634961419
720575941644254625,0.9326694810375544
720575941563792743,0.9325350031622945
720575941687971291,0.9324881476224539
720575941658938704,0.9324300884012198
720575941609458349,0.9324140558022381
720575941605019582,0.9323729331937832
720575941429342561,0.9323049113832119
720575941567102766,0.9322345843705238
720575941430610095,0.9321922523236557
720575941452782387,0.9321819936677541
720575941479183072,0.9321518667815237
720575941515947513,0.9321061495818184
720575941652174297,0.9320422846167298
720575941548896372,0.9320321822743389
720575941652912340,0.9318656013517796
720575941432285655,0.9318177801318946
720575941464194902,0.9317545110144927
720575941468917824,0.9316306970792011
720575941464883990,0.9315840717857292
720575941391968150,0.9315825426297344
720575941650755601,0.9314498572642554
720575941667311603,0.9313613212257389
720575941574020790,0.9313481403528092
720575941473744682,0.931343944557245
720575941572609864,0.9313156073066398
720575941531432907,0.9312381811435256
720575941551618458,0.9311284863121013
720575941595308327,0.9311244691927293
720575941642854501,0.9311160155240364
720575941516495726,0.9310998270557632
720575941567149358,0.9310340606027894
720575941464048726,0.9310165898531663
720575941480545154,0.9309392583185832
720575941565428526,0.930854861146098
720575941470101879,0.930761594255692
720575941504462274,0.9304720337366693
720575941477490794,0.9304440009969579
720575941569585266,0.9304168634324073
720575941549653310,0.93029013918883
720575941653542673,0.9302590179401349
720575941571385352,0.9302270335100435
720575941480411846,0.93022486304966
720575941604989293,0.9302138143761582
720575941472122666,0.9300977936851436
720575941495108551,0.9300344913585351
720575941486089538,0.9299745285344305
720575941471896384,0.9299535033004992
720575941507526213,0.9299436174940768
720575941624174844,0.9298512300115096
720575941490303719,0.9297965721436421
720575941473684266,0.9296615729053892
720575941592219944,0.9296560570294328
720575941566895098,0.9295106704964256
720575941504445634,0.9294381361698002
720575941575211446,0.929434878877719
720575941594515158,0.9294160922449007
720575941486424130,0.9293071955845964
720575941701080794,0.9293023250840986
720575941579234169,0.9290432335523304
720575941534817624,0.9289428692714012
720575941722047290,0.9288965475106301
720575941515058169,0.9288631356573654
720575941560566799,0.9287745695640003
720575941633591483,0.9286300454574353
720575941498506569,0.9284726389389124
720575941535111914,0.9284547635172519
720575941623398508,0.9284369524803157
720575941545989556,0.9284185093045866
720575941652877012,0.92840146013414
720575941651316245,0.9283717790620327
720575941453327785,0.928250804518885
720575941514600195,0.928162095554799
720575941529819832,0.9280877116795461
720575941598660032,0.9280715269562155
720575941649741809,0.9280704613569121
720575941488418101,0.9279959518979732
720575941560084462,0.9279868048236141
720575941720518458,0.9279735071994919
720575941463639821,0.927944813724118
720575941557591972,0.927779134462983
720575941631840453,0.9277546766266956
720575941494055038,0.9277392026558029
720575941654985945,0.927725491107694
720575941632036076,0.9276633039122963
720575941618456703,0.9275587047253301
720575941497888481,0.9275018671688674
720575941552510465,0.9274254033197754
720575941507872272,0.9274065217890365
720575941595999857,0.9274025330997766
720575941501787330,0.9273922012403946
720575941487897808,0.9273566915822145
720575941480931011,0.92735130668656
720575941507700247,0.9272362391227464
720575941523992322,0.9271314176633991
720575941642854245,0.9270125401304982
720575941608331082,0.9270028284964364
720575941472583995,0.9269380556476741
720575941638230901,0.9269073160587051
720575941623134154,0.9267845078704464
720575941452320051,0.9267772580119158
720575941579262841,0.9267579654786737
720575941623818348,0.9266861420035325
720575941575422351,0.9266632867402599
720575941565308423,0.9265931112215492
720575941611375337,0.9265708271021743
720575941642499429,0.926451598267524
720575941479180512,0.9264467058599397
720575941413892497,0.9264227074162665
720575941432751502,0.9264051697972664
720575941535852522,0.9263942142417062
720575941526982681,0.926251936150248
720575941532002435,0.9261990506566362
720575941654592985,0.926177590768392
720575941474616372,0.9261691148505744
720575941632010988,0.9261106958542138
720575941558712877,0.9261041309049315
720575941552585534,0.925871725616082
720575941593520235,0.9258194014172588
720575941564665751,0.9256145411837949
720575941545334920,0.9255946973994448
720575941574727945,0.9255685320358044
720575941516031660,0.9255492379090806
720575941599466537,0.9255394065195133
720575941447852308,0.9255189078656793
720575941656527128,0.9255060500124234
720575941471839296,0.9253911507758561
720575941565919591,0.9253368148907044
720575941438468626,0.925217344651424
720575941638172533,0.9252053719634886
720575941687102220,0.9252053165977542
720575941569589918,0.9251763148310544
720575941472037418,0.9250938006857037
720575941461661892,0.9250526176657002
720575941572925583,0.9249587886043207
720575941399314723,0.9248092805383137
720575941494766464,0.9246803048836917
720575941562894248,0.9246613284913808
720575941540135453,0.9245942341403359
720575941576837969,0.9245731386557051
720575941519492718,0.9245606555545969
720575941623486602,0.9245501871018627
720575941503400764,0.9245461266921721
720575941470865472,0.9244391778981278
720575941566158134,0.924439035748108
720575941431071113,0.9242762586811895
720575941392492804,0.9242182947306634
720575941533310145,0.9242153152126533
720575941649795057,0.9242080637884402
720575941471858039,0.92406708006743
720575941504558149,0.9239731923428114
720575941496647808,0.9239085480844413
720575941563864886,0.923900807187168
720575941561963520,0.923899913335959
720575941515933177,0.9238969223714372
720575941583478750,0.923858260225877
720575941534975425,0.9237801564056055
720575941350413360,0.9237500493507598
720575941478399456,0.9237405258400933
720575941552024575,0.9237111883845408
720575941525207206,0.9236882736299182
720575941474637866,0.9235190254721434
720575941548042356,0.9235180979978174
720575941509418512,0.9235117695682273
720575941520021171,0.9235053454988579
720575941640765029,0.9233934721684672
720575941562020864,0.9233760022390076
720575941431220439,0.923373137651326
720575941472571963,0.9233663832462474
720575941411166891,0.9232275597627851
720575941626946342,0.9231432915022575
720575941488408885,0.9230701170030681
720575941501926706,0.923065551007284
720575941661384248,0.9230611047165043
720575941548802164,0.9230207142757073
720575941565377070,0.9229983508052634
720575941544692660,0.9229518720271567
720575941436784191,0.9228772693144328
720575941547842877,0.9228203044160552
720575941478980291,0.9227747494407507
720575941547334205,0.9227732661759186
720575941723187770,0.922706224393483
720575941485274064,0.9226127315734998
720575941513349466,0.9224278532817463
720575941559964175,0.9223359972530838
720575941625028716,0.9222624797456134
720575941552604734,0.9222429048113249
720575941474830644,0.9222196997050098
720575941577030901,0.9221255892408026
720575941533316995,0.9220560178377001
720575941431019695,0.9220152140746988
720575941456179359,0.9219357214200119
720575941679002301,0.9218720234280964
720575941533666648,0.9218640509518852
720575941409672363,0.9218034279352245
720575941590551294,0.9217984555463333
720575941490650313,0.921766368029982
720575941494056832,0.9216984125811595
720575941560585640,0.921656906298409
720575941503550373,0.9216402697715224
720575941519279064,0.9216168694662972
720575941594897622,0.9215512921979488
720575941625411385,0.921539534571822
720575941413228177,0.9214902201333729
720575941474458142,0.9213926636635917
720575941536513000,0.9212639162122992
720575941474920257,0.9211815953158152
720575941589794046,0.9211179019752147
720575941486465933,0.9210794231869868
720575941623303323,0.9210458853678181
720575941531266763,0.9208447977039813
720575941474763828,0.9208149743890405
720575941576568424,0.9207517896852391
720575941488788428,0.9207266034164476
720575941571918749,0.9207223183849893
720575941515915354,0.9206881778820104
720575941437413650,0.9206844962630002
720575941533874202,0.920670385550922
720575941515930970,0.920570863870708
720575941564037430,0.9205117889102584
720575941503104706,0.9203220523718229
720575941513459290,0.9201568085533605
720575941445392148,0.9201255018965643
720575941538082546,0.9200097887595763
720575941703131610,0.9199881426645422
720575941438469650,0.9199868144268145
720575941545509737,0.9198249633300706
720575941551464959,0.9198185641520124
720575941494984647,0.9198007549881051
720575941555233537,0.9197989956765946
720575941402442531,0.9197484122167403
720575941593816534,0.9196674242230419
720575941555186074,0.9196505901881552
720575941643474277,0.9196261325118372
720575941431107503,0.9195876736126639
720575941632895685,0.9195577559482003
720575941516748179,0.9195348394782803
720575941482560186,0.9194471657436756
720575941569197426,0.919412105384725
720575941559267955,0.9193304787919362
720575941540033309,0.9193010802182994
720575941569586078,0.9192264126043775
720575941571487134,0.9192133410040658
720575941588888644,0.9191127052290448
720575941567685620,0.9190910455333073
720575941672002727,0.919076309207905
720575941481634383,0.9190158954134745
720575941436960735,0.918840592670434
720575941608309322,0.9187205934575619
720575941514905946,0.9185828303073138
720575941657349144,0.9184519049220596
720575941516195500,0.918440231545486
720575941439205717,0.9182950611123925
720575941612068710,0.9182213131163293
720575941447412829,0.9182197920777586
720575941523957506,0.9181307107437747
720575941654951897,0.9181088728116191
720575941526364162,0.9180865825982116
720575941502333634,0.9180845415529691
720575941641506386,0.9180701648708632
720575941579868917,0.9180398429679918
720575941481050447,0.9179987714802205
720575941477577025,0.9179820382846727
720575941580390009,0.9179586370907037
720575941437235756,0.9178922623987493
720575941632825760,0.9178061895099182
720575941550944511,0.917739653137526
720575941631004908,0.9176399560880139
720575941458329043,0.9175697227634696
720575941511861580,0.9173881963664644
720575941522121803,0.9173232842876821
720575941519484782,0.9171830956618351
720575941508254674,0.9170858154502065
720575941474479675,0.917037303311243
720575941430294703,0.9170190860031087
720575941468774667,0.9170121182561025
720575941439153983,0.9169189070177393
720575941452313651,0.9168711250395523
720575941452239529,0.9168208455182721
720575941644079698,0.9167168879650704
720575941547246260,0.9166419688833155
720575941630828987,0.916554016899028
720575941533250738,0.9164120766123204
720575941514923866,0.916353176790863
720575941628237350,0.9163268505004423
720575941461223379,0.9162934098786061
720575941564126098,0.916292784596037
720575941501885122,0.9162617718149987
720575941455849456,0.9162396890233643
720575941575865689,0.91615365351904
720575941563424054,0.9160108582195148
720575941590130572,0.916006387807043
720575941521239475,0.9158905334189916
720575941469610871,0.9156917256376301
720575941558649133,0.9154861854244579
720575941433440800,0.9154793864531162
720575941507123746,0.9154484094535057
720575941548439841,0.9153277876203986
720575941532574339,0.9153238230314366
720575941663473276,0.9153228133989251
720575941496642944,0.9152561290376785
720575941436208684,0.9152422343482617
720575941503566898,0.9152257683300954
720575941542443612,0.9150932729687368
720575941640436255,0.9150175821480764
720575941431816184,0.9149392874507765
720575941668275121,0.914773532147715
720575941457430431,0.9147337982809048
720575941595910513,0.9146638196827266
720575941558761005,0.9146265974893852
720575941548888692,0.9145176036631586
720575941628483042,0.9144988494333346
720575941572737679,0.9144566468261712
720575941593984645,0.9142756274876446
720575941459900230,0.9142091438372091
720575941528961412,0.9141898344943209
720575941546427836,0.9141670064731992
720575941540253309,0.9140886531786998
720575941519896174,0.9140416013091298
720575941498979657,0.9140179250356317
720575941544149509,0.9139957747487932
720575941548599924,0.9139774886925869
720575941435815186,0.9139198596740565
720575941449787829,0.9139089909328718
720575941587601220,0.9138472527024188
720575941603589566,0.9138470095399406
720575941499417227,0.9138429137199937
720575941476377140,0.9137693569313126
720575941526854822,0.913699089952514
720575941574402447,0.9136242070484979
720575941447859278,0.9136014429566899
720575941429486295,0.9135795062410952
720575941481006522,0.9135128128689702
720575941438988891,0.9134175107119157
720575941536329621,0.9134110718810986
720575941432468183,0.9132431581288207
720575941466727254,0.9132286143749382
720575941480564866,0.9131780876654569
720575941554512794,0.9130933427574561
720575941612609689,0.9130476232817969
720575941468996928,0.9130440781795328
720575941585215198,0.9128501141262735
720575941573655561,0.9128053077187646
720575941482984390,0.9127957652601392
720575941567696116,0.9127748980219479
720575941447428189,0.9127413251599198
720575941436046624,0.9125863887172384
720575941624865482,0.9124293999772248
720575941560434803,0.9124240553284808
720575941416624924,0.9124074302472
720575941456103839,0.912344003466768
720575941533371523,0.9123412173781588
720575941629422572,0.9123354482926769
720575941630953659,0.9122914747837849
720575941562143912,0.9122874883731367
720575941590291084,0.9122207189324051
720575941514629267,0.9121206180818994
720575941581738847,0.9119929644253822
720575941687691020,0.9119332657376767
720575941585225438,0.9119283536275447
720575941485487312,0.9119176297910583
720575941524007426,0.9118977877635284
720575941700563162,0.9118841499251046
720575941668490151,0.9118734363769722
720575941459672479,0.9117993577760604
720575941542291973,0.9117171753196602
720575941483800717,0.9116608063143498
720575941543176284,0.9115433079276812
720575941408445358,0.9113719812108705
720575941563541351,0.9112740494230976
720575941658884176,0.9112683935836606
720575941352900400,0.911233080442683
720575941574503055,0.9110298023219662
720575941459023812,0.91101597609359
720575941581608799,0.9109205197501414
720575941437613397,0.9108753017602567
720575941505212325,0.9108479734271354
720575941632145312,0.9107689513845066
720575941569360122,0.9107491963455333
720575941447060661,0.9107452319119627
720575941617268351,0.910708071233185
720575941569916916,0.910703767901167
720575941650742289,0.9104824075926441
720575941490387148,0.910474646833466
720575941537535693,0.9104205405604144
720575941515576675,0.9103801770805562
720575941559960847,0.9103320386997601
720575941526992665,0.9103224342249385
720575941630984418,0.910299961971831
720575941435936800,0.9102778646182377
720575941521579083,0.9102004896492255
720575941518800600,0.910152635000205
720575941439918911,0.9101418141210905
720575941433360928,0.9101205106281419
720575941492410750,0.9100077633557424
720575941535108835,0.9099137900242129
720575941517814956,0.9098452383699106
720575941628602594,0.9098324929305696
720575941614774997,0.9097309454680346
720575941518561390,0.9096516257959923
720575941579832053,0.9095822481614277
720575941409043627,0.9093599838034129
720575941576988497,0.909343333757412
720575941616608469,0.9093061079649872
720575941583236998,0.9092765523866921
720575941406871214,0.9091679219915498
720575941637141109,0.9091144013449651
720575941640899173,0.9091006568996458
720575941645261000,0.9090332493164293
720575941505800286,0.9089518106584019
720575941503530731,0.9089367350236308
720575941513185529,0.9089251035977252
720575941448991581,0.9088913175370348
720575941509357072,0.9087223421168776
720575941436891103,0.9085484528117675
720575941605018477,0.9085062903428663
720575941654995673,0.9085059492194202
720575941644491640,0.9084970307231279
720575941666793459,0.9083201873953591
720575941532269802,0.9083137906130037
720575941573489416,0.9082876479512021
720575941471086967,0.9082670916977411
720575941501774018,0.9082401444555506
720575941590835752,0.908205702284628
720575941543787013,0.9080865605653488
720575941630514080,0.9080242709588013
720575941548856381,0.9078011067309278
720575941505835137,0.9077889363532713
720575941630296517,0.9077397543448871
720575941535118307,0.907655333711342
720575941547348029,0.907644242340732
720575941429388129,0.9075485028270216
720575941567226414,0.9075244075830521
720575941474952001,0.9074592304511285
720575941599351849,0.9074501418619828
720575941526443396,0.9074332781384625
720575941731208491,0.9074317229023494
720575941668690855,0.9074299108862196
720575941723190074,0.9073854705170513
720575941520358647,0.9072182053576586
720575941549964148,0.9070515182941199
720575941441573467,0.907046933196269
720575941558672685,0.9070134148033124
720575941566994932,0.9069259717287126
720575941610471388,0.9069241760584462
720575941576989685,0.9069007767846409
720575941503536956,0.9068211203881307
720575941631706053,0.9068100338635462
720575941521454411,0.9067320217622171
720575941415484700,0.9065416984776185
720575941456268959,0.9064648249841303
720575941547132040,0.9063721482577295
720575941408576171,0.9062969040836143
720575941414478484,0.9062926214572716
720575941687832539,0.9062184707006896
720575941542873885,0.9061732114627519
720575941556381604,0.9060935173379544
720575941629348844,0.9060531640091735
720575941601204409,0.9060344924767346
720575941722019386,0.9060268979116115
720575941519481710,0.9059446142908052
720575941496155465,0.9059124113212209
720575941573493768,0.9058707077565026
720575941413909276,0.9057934915312977
720575941530649803,0.9057084814482371
720575941506311589,0.9056726641385442
720575941412439956,0.9056214483575195
720575941600535593,0.905596752423774
720575941483839042,0.9055628496069643
720575941564118674,0.9055354382684151
720575941476557633,0.9054132447764979
720575941560633768,0.9053733019129502
720575941575958361,0.9053669255423479
720575941577498713,0.9052375457636599
720575941468341367,0.905067696406709
720575941457161542,0.9049660821577588
720575941482971078,0.9049264798682635
720575941571537403,0.904907379073681
720575941492351870,0.9048965045568245
720575941663099960,0.9048930344986286
720575941535181283,0.9048336273981935
720575941609358182,0.9048199464927271
720575941562428258,0.9047986716134723
720575941580752761,0.904770536179147
720575941539619164,0.9047285483855171
720575941509090258,0.9047172742536849
720575941551432254,0.9046548618760447
720575941496635008,0.9045834007102171
720575941597846057,0.9045208154719375
720575941588068862,0.90440382368259
720575941521250227,0.9043541282872218
720575941657702936,0.9042967013378789
720575941468687581,0.9042852215302368
720575941595873984,0.9042646231405361
720575941578638929,0.9042290509462082
720575941458803184,0.904188354947823
720575941654980569,0.9041173490884432
720575941619903359,0.904059346294298
720575941472101930,0.9040236591135608
720575941690954392,0.9038445065138753
720575941568856052,0.9038291030061796
720575941558839823,0.9038281615253255
720575941477558337,0.9037164272930859
720575941611063370,0.9036833209994379
720575941660807548,0.9035656358423982
720575941590867819,0.9035468686404721
720575941636364917,0.9033472856562836
720575941461296016,0.9033167490926647
720575941479588738,0.9033013638996952
720575941467056093,0.9032688193525754
720575941662382392,0.9032389590765616
720575941504235031,0.9032020528364787
720575941584789726,0.9031727021441552
720575941602940406,0.9031672575881343
720575941535897098,0.903080944458117
720575941455684845,0.9030258929954328
720575941609405869,0.9029956768712933
720575941487783477,0.902972206966019
720575941528371659,0.9029224432595635
720575941471159671,0.9029013983366054
720575941534980618,0.9027972396832914
720575941684686319,0.9027864500845255
720575941501103959,0.9026766738974358
720575941566489703,0.9026644312608116
720575941450220637,0.9026480360046993
720575941611153510,0.9025507538424881
720575941565131623,0.9025225899354503
720575941667252211,0.9025181797071687
720575941487942608,0.9024718290545289
720575941537732989,0.9024354502783927
720575941589994039,0.9023710973166379
720575941720492346,0.9022723737329067
720575941518410935,0.9020914941060109
720575941575815016,0.9020900700142274
720575941486573062,0.9020745732988845
720575941493341616,0.9019775003548525
720575941518457527,0.9019397957384674
720575941438686655,0.9019302212872464
720575941617597653,0.9019086029043619
720575941573551880,0.9019053968338755
720575941551385371,0.901860638628856
720575941543451241,0.9018173479203176
720575941479728291,0.9016979035566097
720575941533866506,0.9016869622459974
720575941595208325,0.901656247995517
720575941458945732,0.9016119291819972
720575941579850229,0.9015554209554857
720575941432253198,0.9015306370422588
720575941537641933,0.9014798028538434
720575941589563134,0.9014650808184369
720575941524016461,0.901445616451281
720575941519959768,0.901430696182559
720575941572051101,0.9012884457267658
720575941490422069,0.901270063065195
720575941623356268,0.9011193586293473
720575941471908160,0.9008875894125111
720575941592914984,0.9008854993849121
720575941583206790,0.9007548937316516
720575941595919217,0.9007128187114013
720575941450876794,0.9006917849927831
720575941531454923,0.9006262930074775
720575941554818468,0.9005810482866191
720575941732513579,0.9005632799764766
720575941480449699,0.900556008896693
720575941592430443,0.90055362192496
720575941644288456,0.9005409696237013
720575941562329095,0.900510927913864
720575941437484818,0.9002739631245464
720575941461251027,0.9001873802556752
720575941526505092,0.9001546253823045
720575941624487882,0.9000573265568524
720575941438677215,0.8999875560105223
720575941518450542,0.8999652983064723
720575941451665991,0.8998941164115414
720575941537968021,0.8998791906340562
720575941684940783,0.8998602824678544
720575941431160824,0.8998544797727437
720575941552229767,0.8998350072425941
720575941492662910,0.8998090585937486
720575941515730835,0.8997504041560906
720575941633920443,0.8997196837528769
720575941613540572,0.8996983550001607
720575941519295960,0.8996888923082184
720575941441022911,0.8996745891975648
720575941477668832,0.8996672205972189
720575941611273948,0.8996440552181149
720575941438940251,0.8996163827395136
720575941405666351,0.8995513241486357
720575941564558743,0.8994348776057665
720575941482268867,0.8993972660748075
720575941660767100,0.8993778889386
720575941474495025,0.8993705298991941
720575941537012722,0.8991151866831844
720575941468235741,0.8991054269282402
720575941486450317,0.8990368447238044
720575941408453547,0.8990354367104234
720575941593793238,0.8990175384537962
720575941497889097,0.8989907242525051
720575941532304362,0.8989871896680776
720575941523114999,0.8989176005413174
720575941438736063,0.8988872713963533
720575941584964062,0.8988395070206779
720575941572457630,0.898745193501602
720575941390767254,0.8986149883222739
720575941480679363,0.8986046851633989
720575941512795089,0.8985950411117656
720575941628603942,0.8985513192350217
720575941544252777,0.8984692808609571
720575941532675971,0.8983854069197914
720575941497531617,0.898348036327795
720575941461658308,0.8983462628870307
720575941617169023,0.8983184129872798
720575941528931256,0.898230105735416
720575941568302074,0.898217316670665
720575941687565942,0.8981770057433156
720575941562051752,0.8980737899550779
720575941670499495,0.8980695063439766
720575941500900331,0.8980301102554857
720575941472097066,0.8980119785173275
720575941681023421,0.8979973964919578
720575941611837660,0.8979330840516407
720575941461679300,0.8979142405079337
720575941611144266,0.897852517092029
720575941641494866,0.8977846751350377
720575941432274647,0.8975716818055245
720575941573364662,0.8974808093493327
720575941481067773,0.8974660857340855
720575941523135223,0.8974078176840959
720575941633537979,0.8973945994086796
720575941515772819,0.8973393073311859
720575941553597668,0.8972244170151442
720575941554050843,0.8971479516568803
720575941483790146,0.897110599823586
720575941546374076,0.8970927179181755
720575941589664254,0.8969894991166627
720575941552129927,0.8969414581443562
720575941656219216,0.8969118387072299
720575941521146035,0.8968590075095377
720575941542911261,0.896794642568412
720575941430442766,0.8967923938601214
720575941586314308,0.896786177373515
720575941519478894,0.8967743277948411
720575941554833572,0.8966975287574874
720575941554117377,0.8966798479754583
720575941445313044,0.8966013168154124
720575941578502745,0.8964831469982236
720575941656190288,0.8964827046531557
720575941449147258,0.8963720532690961
720575941492391294,0.8963137887001168
720575941553667867,0.8962226331974724
720575941611552275,0.896192716446202
720575941409042603,0.8961259057052473
720575941566795770,0.8960871204087049
720575941623475594,0.8960421946003796
720575941555519059,0.8959875010673071
720575941527939460,0.895954887484605
720575941543687868,0.8957465196421514
720575941700612314,0.8956731075581363
720575941495635579,0.8955566438978989
720575941611945901,0.8955514876769092
720575941433202464,0.8955241272044934
720575941456317087,0.895464373410134
720575941468522251,0.8952018916339022
720575941595956337,0.895181434610376
720575941558254707,0.8951184431502058
720575941551428635,0.8950577053583624
720575941626196618,0.8950288987816046
720575941430308344,0.8950254468230292
720575941457135686,0.8949899231072035
720575941493231536,0.8949822877971878
720575941558589229,0.8949034177279054
720575941513146115,0.8945562454412626
720575941452276393,0.8945445431529981
720575941457653488,0.8944675583105011
720575941576080310,0.8944056203383136
720575941560227629,0.8943565392431568
720575941532368106,0.8941011482733993
720575941485321869,0.8940990067791347
720575941533836570,0.893976828265873
720575941516740524,0.8939346745019482
720575941644083026,0.8939098310662562
720575941487929909,0.8938382989968156
720575941645080225,0.8938253764944756
720575941574626973,0.89382083199651
720575941532416088,0.8937829887487903
720575941565186146,0.89372761860092
720575941552854099,0.8935922187622971
720575941526853030,0.8934884180841037
720575941437604693,0.8932666242934004
720575941593847766,0.8932473570062028
720575941476369972,0.8931437398479739
720575941565097223,0.8931225619636819
720575941556207076,0.8931001974141022
720575941469810141,0.8930684842911613
720575941533278657,0.8930234405061912
720575941504467394,0.8929626775282475
720575941489433141,0.8928910133617316
720575941642445925,0.8927382833862351
720575941538033906,0.8927300969358793
720575941527517862,0.8926476938036768
720575941498433915,0.8925851431423322
720575941609393766,0.8925023054707374
720575941549814846,0.8924663675300285
720575941597611968,0.8922838405158627
720575941524121421,0.8919660125054351
720575941561380653,0.8918638108337669
720575941633557947,0.8918012655247741
720575941433053966,0.8917766753185492
720575941620242815,0.891772724686048
720575941432744846,0.8917588956845873
720575941515606419,0.891670533130244
720575941497909833,0.8916147243735195
720575941730543915,0.8914230965783921
720575941458940356,0.8913790974137982
720575941562504546,0.8913583438374331
720575941573542813,0.8913118039626917
720575941492492670,0.8910495843971622
720575941428474287,0.8909428687100894
720575941470348096,0.8909407448033083
720575941445849876,0.8908864481195297
720575941440649307,0.8907685738655526
720575941564461056,0.8907529861761142
720575941459045535,0.8907355568046987
720575941453956589,0.8906625161026503
720575941490705865,0.8905522237806556
720575941658632216,0.8905493433543065
720575941458073503,0.8904762430723147
720575941480942787,0.8904513829099892
720575941663489404,0.8903042204349473
720575941488446158,0.8902946483208439
720575941476544820,0.8902804787466759
720575941590889323,0.8901944080833122
720575941518533486,0.8901166926142613
720575941574322427,0.8899918033335702
720575941513102595,0.8898880923579915
720575941730539307,0.8898290708674873
720575941652537361,0.8898197264132378
720575941569599090,0.8896484827127261
720575941411223211,0.8896040788525263
720575941626062956,0.8894339149806816
720575941352934192,0.889380645348172
720575941547372404,0.889364675891234
720575941480779171,0.8893397971461148
720575941540274045,0.889323814054098
720575941454830131,0.8892527767070203
720575941500904427,0.8892308382556365
720575941488287797,0.8891705309183291
720575941505973377,0.8890107711676678
720575941642442085,0.8889838621058445
720575941526916354,0.8888774439297162
720575941579232889,0.8888750912191645
720575941474493470,0.8888511034386292
720575941410047343,0.888813104057552
720575941659805240,0.8887034599087773
720575941526999684,0.8886730840193174
720575941542458460,0.8886484553100168
720575941561396525,0.8886450021550475
720575941431075425,0.8886342996270654
720575941595535749,0.8882902026111359
720575941575820889,0.8882806653752953
720575941558876019,0.8882492159807603
720575941608926441,0.8881630623935277
720575941477884802,0.8880975467562469
720575941527126712,0.8880695602798108
720575941536546586,0.8880200207248692
720575941536572136,0.8879617655657609
720575941487875024,0.8878771475740589
720575941533659224,0.8876072112469165
720575941579877365,0.8876061783748036
720575941509090770,0.8875180327107446
720575941571637000,0.8874657325062438
720575941685690380,0.8874520712454473
720575941553503460,0.887427255641988
720575941631005666,0.8874268632500923
720575941523083511,0.8873715835070872
720575941501802802,0.8873687865849305
720575941473690922,0.8871933022162184
720575941607586157,0.8871634297584243
720575941521095863,0.8871313294623075
720575941514378842,0.8871180409268834
720575941440240335,0.8871108602536047
720575941447423069,0.8870928075934194
720575941539565916,0.8870378521993597
720575941514708739,0.8870173115209077
720575941505978940,0.8870089387521206
720575941495025863,0.8869794512777228
720575941445838356,0.8869481187603011
720575941603764921,0.8869002863069009
720575941475114270,0.886793844829647
720575941411197867,0.8866131849551769
720575941514674010,0.8865638820504222
720575941553342618,0.8865448202354909
720575941433386382,0.8864499220813767
720575941608786506,0.8864400154747676
720575941536957333,0.886424900869184
720575941547343220,0.8863864113306245
720575941535048714,0.8863854920433976
720575941623496586,0.8863805619048317
720575941585403614,0.8863372759593041
720575941540021789,0.8862871990526576
720575941526888358,0.8862821391734163
720575941428381577,0.8860735686886677
720575941577424473,0.8860193667678901
720575941579815669,0.885991420046617
720575941501886146,0.8859223134621452
720575941441624667,0.8859049996261421
720575941484379389,0.885787836601234
720575941441235035,0.8856527916648478
720575941474319163,0.8855910333968662
720575941493322928,0.8855385565362209
720575941526381700,0.8853555196641023
720575941505218620,0.8853316838040922
720575941528807864,0.8852677419477561
720575941509091282,0.8852135607873973
720575941668263411,0.8851695895216309
720575941409975663,0.8851610429969237
720575941570820168,0.8851439977397744
720575941507082007,0.8851385758237019
720575941678559677,0.8849677358815644
720575941471188599,0.8848145861474936
720575941639451935,0.884769380081144
720575941594764913,0.8847608542936444
720575941515222083,0.8847462572497707
720575941487825104,0.8847386234856629
720575941550957055,0.88473163596057
720575941514905434,0.8844056454793596
720575941662391608,0.8843743400773432
720575941476001310,0.8843731786166776
720575941535943690,0.8843052028677195
720575941462467984,0.8842911278729559
720575941461179859,0.8842129688406949
720575941559254131,0.8841594210201721
720575941477100340,0.8840777662417658
720575941528742328,0.8840029529639439
720575941551619994,0.8839869257548544
720575941495458939,0.883907337092207
720575941687559030,0.8838699739226267
720575941684900335,0.8838240847342974
720575941468756445,0.8838097882394789
720575941490166990,0.8837397574851094
720575941493440199,0.8837045706492025
720575941468675191,0.8837022937229988
720575941700639194,0.8836503673647621
720575941623357083,0.883594089536523
720575941624877770,0.8835320411203331
720575941640877157,0.8835175014361417
720575941507406114,0.8834895883665798
720575941626897958,0.8834602640135453
720575941588160580,0.8834272746006432
720575941477577440,0.8834018523330043
720575941476071729,0.8833717882285023
720575941549481761,0.8833616968078538
720575941630254021,0.8832124999843154
720575941430849377,0.8831879911387175
720575941440360021,0.8830433285620315
720575941507815696,0.8829227038853542
720575941623383195,0.882837495390514
720575941453298089,0.8827667837963401
720575941432050958,0.8826230543833798
720575941430067849,0.8825399249693403
720575941468702731,0.8825352717502403
720575941535215331,0.882500536299268
720575941576997457,0.8823764051618758
720575941441639003,0.8823658504529472
720575941549427967,0.8823551652812798
720575941454911795,0.8823359981976385
720575941552685703,0.8821672824620715
720575941487810101,0.8821501294319105
720575941504444354,0.8821193645655654
720575941432723854,0.8820516730832962
720575941577044469,0.8820063151925024
720575941522276599,0.882001031822128
720575941441238107,0.8819657588262654
720575941440736207,0.8819490277074346
720575941548878708,0.8818826744851949
720575941552240007,0.8817141651845504
720575941528327590,0.8816485296994686
720575941668852657,0.8815722300423766
720575941564178018,0.881475752941057
720575941619903615,0.8814650946950434
720575941575690841,0.8814173181176347
720575941624214780,0.8812610985995771
720575941623328108,0.8811617835419099
720575941519489646,0.8811226781662432
720575941529783499,0.8810183912420162
720575941431931233,0.8809725936316241
720575941438713279,0.8809444745044503
720575941572446280,0.880776158382993
720575941526126502,0.8807702122686543
720575941555437092,0.880541187714511
720575941562367239,0.8803294518647247
720575941390690966,0.8802702181174972
720575941532999361,0.8801997751203271
720575941501921419,0.8801522300886389
720575941640891493,0.8801246457318859
720575941558913581,0.8799909910489495
720575941668666023,0.8799111520210058
720575941533909018,0.879909109788239
720575941623353499,0.879661583767333
720575941494969726,0.8792082677463379
720575941478598735,0.8790990986173837
720575941435708690,0.8790534189096738
720575941477292340,0.8789489978766307
720575941611981229,0.8789204173122567
720575941609407917,0.8788337470355055
720575941645353336,0.8787667876419799
720575941562336519,0.8787321108910855
720575941498936033,0.8787230513442771
720575941458970438,0.8786648672963981
720575941595311143,0.8786571280644246
720575941500850571,0.8786454192128994
720575941533351555,0.8786128226350468
720575941479123139,0.8784379596201582
720575941608136522,0.8784292634855355
720575941505212069,0.8784170442736964
720575941501714370,0.8784026184403958
720575941667214257,0.8783918923942182
720575941535445786,0.8783810065229061
720575941528732344,0.8783791422201609
720575941446968596,0.8783473292850081
720575941511142988,0.8783384870152052
720575941597742784,0.8783135786394278
720575941685690124,0.8783106507922669
720575941491624423,0.8782780701244671
720575941629110310,0.8781913529351749
720575941565783303,0.8781492442630267
720575941577097320,0.8781080071163074
720575941551566654,0.8781035839374768
720575941452604467,0.8781004122027215
720575941456334751,0.8780852421022646
720575941551326235,0.8779284158138921
720575941447867924,0.8778758037918418
720575941592497703,0.877847485921899
720575941731613483,0.8777468644836217
720575941605268333,0.8777034092324505
720575941592588325,0.8776819734031887
720575941458104735,0.8776760536766598
720575941500785643,0.8776447761453212
720575941610608604,0.877605809303329
720575941405745455,0.8774993187761749
720575941436728639,0.8774829088125115
720575941533758234,0.8772994766625223
720575941595494001,0.8771061317074337
720575941482592954,0.877024325207644
720575941434753568,0.8769872613033124
720575941504389655,0.8769808183077474
720575941501945026,0.8769378129361293
720575941631082988,0.8769359903477583
720575941511282898,0.8769275784300861
720575941404754544,0.8768798447321215
720575941595306023,0.8768189194490833
720575941432006670,0.8767988581461945
720575941661455160,0.876749333251705
720575941507313954,0.8767093293707778
720575941556219812,0.8766279182289447
720575941518105710,0.8765518202076752
720575941644235208,0.8764881861825562
720575941651777777,0.876474647528551
720575941427952212,0.8764596864410354
720575941516599512,0.8764290675730828
720575941487894224,0.8763868001204109
720575941539104661,0.8763695234156973
720575941438705855,0.8763193947944449
720575941526752612,0.8763019110520752
720575941644939976,0.8762620598715393
720575941614268947,0.8762495100547077
720575941489322805,0.8762397587837101
720575941435244430,0.8762270232933507
720575941485428290,0.8762265246236215
720575941497835081,0.8761695235302099
720575941438181205,0.8761645102476627
720575941638323061,0.8757928365690122
720575941540289149,0.8757138094451565
720575941491633127,0.8756735519975297
720575941614323865,0.8756227323808032
720575941617239423,0.8755625832223417
720575941496197089,0.8755019742316976
720575941440341845,0.8753352043499624
720575941467236317,0.8751548192122977
720575941653220881,0.8751310947233292
720575941456137887,0.8751224334192982
720575941497881417,0.8751053417263576
720575941604969325,0.8751026152688129
720575941415473436,0.8750872760368981
720575941602956790,0.8749926470187754
720575941440870607,0.8749903721908074
720575941442925738,0.8749806607270613
720575941443949738,0.8749108032179953
720575941404727920,0.874902652202438
720575941503175218,0.8749003909514439
720575941508515538,0.8748168066908729
720575941352368688,0.874805120408628
720575941569277554,0.8745310597558235
720575941444830378,0.8745177790506171
720575941437053663,0.8744748163050106
720575941546868668,0.874465536389838
720575941611116902,0.8743976370250977
720575941504327447,0.8743689520919589
720575941602273470,0.8743520424280958
720575941545375880,0.8742975703228929
720575941594415217,0.8741026419739422
720575941471911488,0.8740634974129966
720575941579866869,0.8740471519766474
720575941411630993,0.8740334458399686
720575941570665800,0.8739418841064915
720575941588926519,0.8738840371402846
720575941564186466,0.8738728156456502
720575941549699390,0.8737074325327183
720575941642500296,0.8736784268156336
720575941456257183,0.8736550859119133
720575941525489508,0.8736446747940279
720575941590503678,0.8736270619320687
720575941649901297,0.8735179495408729
720575941450056519,0.8734219233455953
720575941436702527,0.8733146867784196
720575941553331354,0.8732902411821397
720575941412311697,0.8732760389112071
720575941542830621,0.8729328151554322
720575941437241388,0.8727945231596137
720575941505538725,0.8727423285148115
720575941608373834,0.87271033820871
720575941436900319,0.8725715863371988
720575941491346124,0.8725541468026565
720575941468251767,0.8725356109144866
720575941429542871,0.8723676481148563
720575941598302108,0.8723231825873771
720575941612060006,0.8723010701974466
720575941449763509,0.8722531423708609
720575941413926428,0.8722217786293196
720575941483891386,0.872029854067388
720575941611988582,0.8719514824839748
720575941549477409,0.8719232624962228
720575941630180805,0.8718230939684339
720575941592480363,0.8717969770664229
720575941558294308,0.8717564985775462
720575941592617253,0.8715463535141842
720575941527232514,0.871508493348147
720575941583441503,0.8714761763830937
720575941503682213,0.8714694723540776
720575941458818544,0.8714100261074951
720575941450519465,0.8714068492523425
720575941552027647,0.8713809571300573
720575941553603044,0.8713044189647039
720575941551561790,0.8712967159851045
720575941611054410,0.871236151515255
720575941590878462,0.8712127137525728
720575941437290796,0.8711841800680654
720575941473686058,0.871088159568242
720575941528084612,0.8709531222143744
720575941560432243,0.8709199963310669
720575941614264083,0.8709184203291379
720575941391968918,0.8707575162761176
720575941555209985,0.8706930351043083
720575941471878720,0.8706315249190894
720575941634236347,0.8705970011153042
720575941516739475,0.8705523214241947
720575941651402993,0.8704388315047241
720575941539013618,0.8704031764871564
720575941572171166,0.8703337110135566
720575941632578491,0.8700883940871436
720575941511186764,0.8700733217176614
720575941482712506,0.870007259950007
720575941658392344,0.8699867902960162
720575941609482854,0.8698992198492038
720575941643248328,0.8698931133520307
720575941465788502,0.8698625639014572
720575941447051445,0.8695159539006677
720575941689377944,0.869474115211699
720575941544904116,0.8694325306810734
720575941466160982,0.8693814892921241
720575941595288871,0.8693579867055541
720575941556399012,0.8693561799544076
720575941574248187,0.8693055322396384
720575941491494606,0.8692174495241451
720575941576983121,0.8691719669127921
720575941583507166,0.8691719388210377
720575941555536932,0.8691682418387976
720575941512300876,0.8690975415674899
720575941403812976,0.868965800959168
720575941595307303,0.8689413759208473
720575941448990557,0.8689290133820698
720575941522141259,0.8689044377977031
720575941513592899,0.8688749956050936
720575941533148097,0.8688424798566952
720575941472609632,0.868812556551959
720575941612284892,0.8687582383948083
720575941544516276,0.8686869948089806
720575941428371631,0.8685759763088653
720575941445145876,0.8685226392470944
720575941580810873,0.8684318220161015
720575941436729919,0.8683378557433362
720575941691080155,0.8683297207129202
720575941566970612,0.8683219960261458
720575941524691277,0.868286479181548
720575941621685244,0.8682315366331473
720575941534045162,0.8682084081157098
720575941655470036,0.8681901942449988
720575941573474824,0.8681768454386654
720575941528517067,0.8680049466449479
720575941471124343,0.8679728049081841
720575941571527432,0.8679714852124002
720575941630145989,0.8678970926957068
720575941548981309,0.867883257355942
720575941626855462,0.8677713382571355
720575941590325800,0.8677610551144955
720575941438931647,0.8676127506273406
720575941531586533,0.867572836733949
720575941452753991,0.8675474032667775
720575941517716396,0.8674884186926187
720575941515614819,0.8673191801020647
720575941565146466,0.8673046796661048
720575941526640921,0.8672648473238167
720575941468693515,0.867181977078982
720575941614272153,0.8671652090358869
720575941477385834,0.867033624030107
720575941436710176,0.8668866304520122
720575941438463532,0.8667900530217165
720575941428373679,0.8667874869720328
720575941608485194,0.8665414384687694
720575941472402016,0.866529756270612
720575941609390182,0.8664942910465214
720575941623097290,0.8664919509696567
720575941512906339,0.8663699861857922
720575941600532521,0.8662582921520521
720575941521190835,0.8662147345205182
720575941508518017,0.8661374215052021
720575941557270052,0.8661335120804914
720575941629353196,0.8661159297212501
720575941457859231,0.8660837122994663
720575941555462995,0.8659962595667114
720575941441643099,0.8659452949402908
720575941541785885,0.8659088549733671
720575941579847925,0.8659003309223683
720575941538762701,0.8658818565428605
720575941611712275,0.8658558439254218
720575941611984813,0.8658274431177161
720575941501990283,0.8658233469009035
720575941436761151,0.8657767788661095
720575941588630270,0.8657274578165522
720575941506823970,0.8656350566752873
720575941493308080,0.8656284666404481
720575941497836001,0.8655943222047594
720575941537605347,0.8655676769373571
720575941660806268,0.8655029216718733
720575941441198527,0.8654996487734815
720575941490936521,0.8654689811053876
720575941412553839,0.8653815662804771
720575941610346985,0.8653411918232519
720575941511334097,0.8652469964900404
720575941621760508,0.865245382913181
720575941651528177,0.8652272631674527
720575941455899120,0.8651787197936228
720575941539327474,0.8651234845683548
720575941467600150,0.8649499991034001
720575941655864088,0.8648478563822299
720575941526696781,0.864779235675901
720575941447103669,0.8647081642339215
720575941463546125,0.8646699921220238
720575941655736344,0.8645805866519637
720575941567039732,0.864509744789972
720575941350455344,0.8643409784883601
720575941492324528,0.8641787821846881
720575941685789196,0.8640401844851557
720575941567195950,0.8638775868927642
720575941526609689,0.8638758650661055
720575941411673967,0.863865967112435
720575941623408010,0.8636627502031288
720575941642542241,0.8634897468468813
720575941526722470,0.8634758146658709
720575941429355873,0.8633679961434448
720575941589597950,0.8632549480885147
720575941442419882,0.863228466312472
720575941655831576,0.8631415082879117
720575941490843367,0.863126355606323
720575941609330605,0.8629907560207838
720575941632714427,0.862863439475023
720575941660857212,0.8628066383021133
720575941564137826,0.862737332644981
720575941549240319,0.8624885792281479
720575941535010226,0.8624604259500196
720575941680083901,0.8623805951437442
720575941572117257,0.8622643420284176
720575941535975617,0.8622335023823474
720575941476202801,0.8620339723377389
720575941562460002,0.8620295648974453
720575941572137737,0.8619069495191158
720575941480512642,0.8618710669673028
720575941483550650,0.8618287531850687
720575941559362419,0.8618006351132356
720575941524753229,0.8617687335580816
720575941456170143,0.8616986294374738
720575941512338243,0.8616062013735946
720575941551996671,0.8615621483873558
720575941661507708,0.8614943233449688
720575941579867637,0.8613876351328567
720575941516111532,0.8612820798722883
720575941488222665,0.8611879853651192
720575941519210200,0.8611341951876744
720575941628642274,0.8610660096721725
720575941621643772,0.8610359797996059
720575941644474312,0.8609643694855924
720575941553286628,0.8609309688622004
720575941502217451,0.8609049556738758
720575941475724650,0.8607592833572851
720575941650859281,0.8606999763928689
720575941631665122,0.8606981160069185
720575941477329460,0.8606934688026757
720575941438327871,0.8606360003151503
720575941459542416,0.8605735499107054
720575941568670834,0.8603354662799123
720575941625175660,0.8602811309760273
720575941485889232,0.8602136271279939
720575941537486568,0.8602007163802404
720575941625430329,0.8601962593841791
720575941498946529,0.8601144084665435
720575941593245297,0.8600716636043609
720575941453681203,0.8599377124698152
720575941576952565,0.8598899297001349
720575941514630403,0.859816405570568
720575941511323345,0.8598040596583308
720575941617317503,0.8597315853911223
720575941447806740,0.8597199462301675
720575941413504404,0.8596839646881782
720575941514103107,0.8596724949143072
720575941453441075,0.8596233944032134
720575941533623730,0.8596082282437053
720575941584194270,0.8595838013580668
720575941583238278,0.8591737259259109
720575941632572347,0.8591511759779306
720575941641008741,0.8591468126433027
720575941554534042,0.8591090664108795
720575941516780435,0.8590750524286556
720575941352867120,0.8590247854104727
720575941652326361,0.8590156937250896
720575941531565285,0.8588804006378895
720575941605417918,0.8588729886317523
720575941703820762,0.8587034165870963
720575941545482684,0.8586579435272537
720575941498287522,0.8586232445006975
720575941574568968,0.858579216653301
720575941549991796,0.8585580454368329
720575941439876319,0.8585481011144164
720575941563971382,0.8585436646060121
720575941545785276,0.8585222701221853
720575941557445614,0.8585166887996586
720575941557284111,0.8583160121632576
720575941574032271,0.858301137406631
720575941623130108,0.8582986991117474
720575941500940939,0.8581478974327266
720575941440357973,0.858036027543798
720575941541604188,0.8580306493709907
720575941505919653,0.8579880488202091
720575941543449788,0.857932032735054
720575941486437442,0.8579142417813055
720575941443646890,0.8577642907443186
720575941489773769,0.8577027658658833
720575941508507346,0.8576902425303838
720575941435878162,0.8574943269154435
720575941489378761,0.8573684642949221
720575941491588327,0.857359200660976
720575941624229628,0.8572601424891074
720575941632094880,0.8572015885642806
720575941415573276,0.8571667908715905
720575941595285799,0.8571436633233244
720575941553640676,0.8571081448774706
720575941436906463,0.8570944740661799
720575941445211924,0.857093610400618
720575941454025965,0.8569711798962558
720575941409205807,0.8569240814597598
720575941466536214,0.8568472401308134
720575941570709064,0.856729152298031
720575941555516499,0.8567121587512055
720575941424933460,0.8567026724748328
720575941560227117,0.8566643209848995
720575941470831168,0.8566401442573282
720575941505719390,0.8566031297808906
720575941669779121,0.8565574165919028
720575941487865296,0.8563817136220232
720575941576985681,0.8563006785072449
720575941610455785,0.8562794359820424
720575941483698173,0.8562520856909486
720575941603458750,0.856142471374395
720575941551362075,0.8560840716239855
720575941545361288,0.8560614483404696
720575941528485835,0.8559316106207412
720575941534783208,0.8558878433837676
720575941458885316,0.8558732055054751
720575941493955710,0.8558127784680354
720575941507894032,0.8557370646031262
720575941438456594,0.8557318190098023
720575941516743827,0.8557076395154278
720575941497338491,0.8556193683721115
720575941593749541,0.8555551412676007
720575941535216355,0.85553036072277
720575941504381975,0.8555046088796622
720575941510222546,0.8554907212394433
720575941623369610,0.8554811895081764
720575941633054368,0.8554243355176222
720575941526735716,0.8553963291513924
720575941516645336,0.8552825730335784
720575941440672085,0.855112911186673
720575941495281024,0.8550917390416268
720575941689495515,0.8550669896078283
720575941572718843,0.8550601741132443
720575941471266912,0.8550086591607087
720575941557601395,0.8549642647182406
720575941546457705,0.8549382895468446
720575941489740519,0.854912082011173
720575941531517413,0.8549035746681793
720575941474832692,0.8548940973157331
720575941461082381,0.8548825188462571
720575941559643693,0.8548524242570706
720575941476218945,0.8547892543450435
720575941478509903,0.8547808467907124
720575941390264580,0.8547357594718391
720575941612256476,0.8546346953895309
720575941505494306,0.8546192204875767
720575941450563406,0.8545888029769413
720575941534023402,0.8545406020673408
720575941536299250,0.8544650337090031
720575941575714152,0.8544573126021113
720575941481071802,0.8543757999614761
720575941486828752,0.854368172497358
720575941483691517,0.8543490828592074
720575941547179956,0.8543399996177535
720575941637840415,0.8542862444885586
720575941536192498,0.8542255561222991
720575941730545451,0.8542141593765351
720575941499916962,0.8542019995848859
720575941458382803,0.854196763732703
720575941663483516,0.854087472757368
720575941513085004,0.8540618226310416
720575941573332296,0.8540095444775214
720575941592472171,0.8539654486624592
720575941618406015,0.8539599408925734
720575941573240571,0.8538877986327037
720575941475791722,0.8538853808895512
720575941519492206,0.8538078785905328
720575941616418261,0.8536888149572986
720575941617206997,0.8536718958204305
720575941688214255,0.8535194582554936
720575941508997154,0.8532817710601667
720575941595167013,0.8532782532857596
720575941567700980,0.8532611027285999
720575941652546837,0.8532404173219191
720575941603813054,0.8532400850606003
720575941479392163,0.8532178136632137
720575941436787935,0.8531966753512032
720575941657606168,0.8530599864274698
720575941507242309,0.8530531767093309
720575941651824405,0.8530291952915363
720575941652640273,0.8530054442848123
720575941565017398,0.8529807269353306
720575941533221386,0.8529351061174303
720575941587428151,0.8529190736433145
720575941501953730,0.8529068061896316
720575941603903222,0.8527829493839293
720575941501944514,0.8527678050966759
720575941446957493,0.8527574325095062
720575941508464082,0.8527479827018323
720575941492512126,0.8526730716828128
720575941655255513,0.8526594079476452
720575941669866929,0.8525183775351577
720575941442431914,0.8524567758279181
720575941560300845,0.8520618155685877
720575941404749424,0.8519684548405866
720575941576568680,0.8519250868388661
720575941564962711,0.8519041873767468
720575941579624529,0.8518356809125843
720575941619865727,0.8518246477751169
720575941454084659,0.8516737902087363
720575941645792968,0.8515649442297457
720575941497863497,0.8515371998626003
720575941497725090,0.8514799216683269
720575941572780809,0.851419913844942
720575941534347954,0.8513897284339579
720575941469715677,0.851333063571376
720575941449148494,0.8513214467907495
720575941477830786,0.8513151667040888
720575941552433921,0.8512617246117493
720575941632012485,0.8512584339675526
720575941449449294,0.8511646572456589
720575941532985317,0.851131924061031
720575941546657569,0.8510922853894292
720575941633610427,0.851079688242262
720575941428184824,0.8510527365797287
720575941434967072,0.8509426516393107
720575941557341967,0.8508405360461725
720575941655868440,0.8507372125055124
720575941449779381,0.8507214590707638
720575941609489385,0.8506736416373032
720575941583183238,0.8506263685601921
720575941588156414,0.8505954604121363
720575941667196593,0.8505786993885353
720575941637952543,0.8505722083866747
720575941589952055,0.8505451155169477
720575941529896933,0.850518389757246
720575941431868631,0.8504934138205584
720575941655856152,0.8504929946782342
720575941552723591,0.8503814626665505
720575941552267777,0.8503597365169862
720575941589337740,0.8503452349471207
720575941584808158,0.8503219901216865
720575941405787310,0.8501979993949301
720575941508440193,0.8501517309090559
720575941460234896,0.8501399681535196
720575941502759767,0.8501202784173897
720575941494939262,0.8500754973191788
720575941431166679,0.8499668268547149
720575941631270626,0.8498872074562789
720575941554482259,0.8498845061190189
720575941543813125,0.8498554789012791
720575941513695441,0.849783331204298
720575941601315062,0.849768750497562
720575941654941913,0.8497374776703783
720575941642336120,0.8497304702503239
720575941602827961,0.8496872391916779
720575941499291531,0.849683717227219
720575941537582029,0.8496134398874363
720575941633586363,0.8496060992377034
720575941574027958,0.8495416246975579
720575941665606387,0.8495390971986635
720575941515675651,0.8495164207348921
720575941485286096,0.8493798550532985
720575941624178172,0.8493457311904471
720575941498933729,0.8493361142907877
720575941497334907,0.8493116536902602
720575941405855150,0.8492788641600393
720575941559011054,0.8492777470719852
720575941668600487,0.8492519614728714
720575941445313556,0.849014418932391
720575941513794892,0.8489731701230993
720575941624678538,0.8489661153625236
720575941411210155,0.8489201004013175
720575941574042806,0.8489158617359294
720575941534690024,0.8489007184571201
720575941507354658,0.848790777250717
720575941570032378,0.848692769922595
720575941459314246,0.8486739400597009
720575941450559566,0.8485882504412134
720575941564135175,0.8485450001636379
720575941628624166,0.848532486749577
720575941633569979,0.8485292553223432
720575941639347829,0.8485276025909251
720575941431072649,0.8485120487902111
720575941545473672,0.8484727840331548
720575941495682683,0.8484659684589687
720575941583323358,0.8484415295604921
720575941433048078,0.8483754982161167
720575941617316991,0.8483088756415715
720575941537635277,0.8482827585131394
720575941526681165,0.8482724830493159
720575941559929615,0.8481180667850057
720575941631066348,0.8480915072954832
720575941638347125,0.8480060204952098
720575941529802680,0.8479900654282456
720575941613245459,0.8478561815147492
720575941552589447,0.8478151315479598
720575941573366927,0.8477751598781675
720575941496210249,0.8477685187776162
720575941450088285,0.847760575935188
720575941652542961,0.8477406366921486
720575941572254216,0.8476919544692447
720575941581570655,0.8476882223489246
720575941474396721,0.8476131060000233
720575941593097329,0.8475969995834386
720575941665485299,0.8475905429645354
720575941567188526,0.8475538426951481
720575941629492460,0.8474511939244019
720575941555066451,0.8474321309178312
720575941624975306,0.8474170867080961
720575941557342628,0.8474141350305655
720575941560573608,0.8473911639121444
720575941592155350,0.8473473613638756
720575941437805653,0.8472961567228628
720575941461959379,0.8472893320201598
720575941563508224,0.8470522475629545
720575941572121865,0.8470446410255319
720575941482751229,0.8469877618392246
720575941460983952,0.8469343692191944
720575941520167790,0.8469258976813878
720575941480438214,0.8468547785417748
720575941428377007,0.8468201787047618
720575941490249932,0.8467752716004474
720575941645147848,0.846765729561752
720575941609503590,0.8466945855952109
720575941605024109,0.8466899109679535
720575941536546842,0.8466828211772698
720575941668315891,0.8466432348799019
720575941433175328,0.8466382238497352
720575941583836638,0.8466143091353355
720575941542479196,0.8465617292909882
720575941632058784,0.8465323207973423
720575941595299367,0.8463762325411607
720575941456323821,0.8463029011380941
720575941504461125,0.8462511043299982
720575941455669997,0.8462349618463545
720575941483692797,0.8460213833065546
720575941480597634,0.8459795630301297
720575941477335604,0.8458755894602792
720575941684892655,0.8458198547050972
720575941554444371,0.8457445326059445
720575941477190430,0.8457124921758705
720575941544250473,0.8455273439690443
720575941604972653,0.8454452866459954
720575941433039374,0.845296339881015
720575941542738524,0.8450955199377841
720575941436694495,0.8450276299124004
720575941633520315,0.8447955284137586
720575941574158075,0.8446745724732136
720575941470094711,0.8445972568284831
720575941534913112,0.8445866799420787
720575941604952429,0.8445681910311137
720575941645283784,0.8445218785072425
720575941628378338,0.8444586318494082
720575941506220613,0.8443755291064604
720575941528745144,0.8443714022759592
720575941605079405,0.8443631560099035
720575941626260874,0.8443347143177286
720575941539095701,0.8443301746649817
720575941529780427,0.844243163478905
720575941436863199,0.8442278400988286
720575941565384750,0.8441832761371827
720575941618917759,0.8441359200023095
720575941559949839,0.8441132187795003
720575941477593409,0.8440731940584943
720575941557287588,0.8440088308002712
720575941624222460,0.8440030126358326
720575941475992113,0.8439871047369273
720575941583317894,0.8439544673381013
720575941519028396,0.8439175731145284
720575941452176297,0.8438484846055924
720575941413867292,0.8438417041382348
720575941660742268,0.8435775223541156
720575941477856130,0.843453370808171
720575941499605577,0.8434001907787877
720575941563939687,0.8433867610803806
720575941587355191,0.8431590578755342
720575941501748274,0.8431008486220597
720575941475742314,0.8430699433559223
720575941478577231,0.8430153256502488
720575941557339044,0.8429688190142963
720575941534789096,0.8429040717864714
720575941605063021,0.842887430210831
720575941555510611,0.8427291702430828
720575941431140311,0.8427265173420343
720575941524070221,0.8427151024703204
720575941572289545,0.8426501023722273
720575941533340426,0.842482079128024
720575941558995950,0.8423487999287053
720575941543372649,0.8422099031186919
720575941457243462,0.8420130519837761
720575941617959893,0.8419507268241662
720575941644090273,0.841777850761668
720575941593808854,0.8416728756585301
720575941468925760,0.8414529248990729
720575941649201685,0.8414038282112662
720575941535016882,0.8413259636038574
720575941555197697,0.8413154260334299
720575941611012682,0.8412917846369727
720575941436770783,0.8411536238647946
720575941535149034,0.8411516833933267
720575941512805452,0.8411516136063474
720575941684921583,0.8409984329888796
720575941579072889,0.8409715939014882
720575941468329591,0.8409469454466649
720575941547390269,0.8406628483536723
720575941458846278,0.8405603617108989
720575941700554458,0.840540114383074
720575941496186081,0.8404758588733945
720575941507223877,0.8404243059173552
720575941660353592,0.8404062397245664
720575941518775724,0.8403560080829333
720575941629721894,0.8403052272883901
720575941508518529,0.8403033480565761
720575941592913192,0.840285885220327
720575941613459164,0.8401902748863389
720575941551379739,0.8401359008730683
720575941568835572,0.8399124240671296
720575941463671309,0.8398948014889244
720575941511235856,0.839871342605729
720575941576086710,0.8397153878054598
720575941410017391,0.8396519971014947
720575941573391286,0.8396187061073026
720575941436764479,0.8395436776576648
720575941613215507,0.839528473032858
720575941545246088,0.8395210126455571
720575941520342263,0.8394673994425441
720575941576945233,0.8394538676782105
720575941432725134,0.8394245427410136
720575941574008502,0.8393928238259271
720575941516834670,0.8392711088068581
720575941437948479,0.8392541640162157
720575941498459259,0.839250260198628
720575941481010511,0.8391842070101487
720575941613448668,0.8390316805022716
720575941512786764,0.838958662298288
720575941555589156,0.8389540074330523
720575941684748271,0.8387738523907181
720575941593354791,0.8387732950521949
720575941437351724,0.838771462353236
720575941540038429,0.838598924549173
720575941557365156,0.8384928233183468
720575941599461161,0.8384200982146223
720575941669792689,0.8384193907802474
720575941645326280,0.8383919157859291
720575941556383908,0.8382331136649877
720575941570840392,0.8381466251103714
720575941557316004,0.8381365126002924
720575941539046130,0.8381150380196417
720575941462503056,0.8380694171849652
720575941589077815,0.83805873746654
720575941451837353,0.838034742741273
720575941465682518,0.8379622935934896
720575941555837860,0.8378370435734253
720575941447408221,0.8377789487175997
720575941568201006,0.8377120969772162
720575941513124355,0.8376711462078988
720575941408422318,0.83749767979819
720575941479865539,0.8374327839577359
720575941390761878,0.8373882026725097
720575941615299481,0.8372733119844868
720575941479519968,0.8372335594004652
720575941464747798,0.8370992555296213
720575941610512557,0.8370695286140806
720575941529875941,0.8370550203761431
720575941530911619,0.8369947682817458
720575941536498202,0.8369712668021899
720575941613455068,0.8369488713346296
720575941505818718,0.8368758082471696
720575941410047855,0.8368459015468827
720575941610122058,0.836756493083867
720575941475634538,0.8367533194583763
720575941428263672,0.8367167058655154
720575941551035527,0.8366623722102453
720575941573687049,0.8366250814023574
720575941687877359,0.8366104469196868
720575941554264577,0.8365876955006675
720575941407916079,0.8365311596305443
720575941412552047,0.836463082753211
720575941575419279,0.8363057602019879
720575941486579206,0.8362157264771399
720575941597285788,0.8360018655151371
720575941436759084,0.83594774618127
720575941562693376,0.8359455852197377
720575941477941378,0.8358638824158434
720575941503634597,0.8358367360823467
720575941624825290,0.8358139296556358
720575941655495124,0.8357500655115583
720575941554623130,0.8357387171062832
720575941681003453,0.8357361204742303
720575941595804572,0.8357223383339534
720575941625202796,0.8357098431518698
720575941479580290,0.8357092176331669
720575941603755961,0.8357025166596538
720575941545452137,0.8356066008393264
720575941407598127,0.83558864211637
720575941606598509,0.8355715963174101
720575941603710649,0.8354626266668141
720575941474742843,0.8354169402154056
720575941651840789,0.8353601110010065
720575941581685369,0.8353205308789312
720575941549963636,0.8353154943501709
720575941580594677,0.8352774904241453
720575941561412754,0.8352495627786969
720575941554012443,0.8350726335829053
720575941536635875,0.8348731328163473
720575941591271308,0.8348091343056849
720575941577662545,0.8347297873652579
720575941644899192,0.8346711305328368
720575941580644729,0.8346200804738657
720575941667129521,0.8345381215342101
720575941562959511,0.8344862590219762
720575941651827989,0.8344119865617843
720575941603919038,0.8344095829202691
720575941596095877,0.8343201106855702
720575941552600382,0.8343053469883884
720575941535001025,0.8341122288997009
720575941444850858,0.8340640733756488
720575941438474284,0.8340511665755912
720575941488983271,0.834042943319443
720575941567644530,0.8340405215007398
720575941527634564,0.8340344332656069
720575941533272769,0.8338353275482446
720575941592805928,0.8337105840710829
720575941439127503,0.8336665352898536
720575941595967857,0.8335042580876126
720575941533962072,0.8333416626312506
720575941537630179,0.8332808866548466
720575941411700113,0.8330599433058311
720575941556209124,0.8330550715611786
720575941546207412,0.833036532377719
720575941479258051,0.8330363102989864
720575941521524299,0.8328335389538114
720575941562879895,0.8328255803496056
720575941597315484,0.8327364429398532
720575941471212896,0.8326509038597741
720575941577432409,0.8326310040941491
720575941505891422,0.8325770284723951
720575941612053094,0.8324878110804064
720575941597665472,0.8324083977630135
720575941478467458,0.8323765991831725
720575941408049070,0.8323148004658296
720575941431086511,0.832313088498966
720575941551175742,0.8322275085317017
720575941553457124,0.8321464922397557
720575941533815322,0.8321330414728764
720575941540100381,0.8320792323348601
720575941590687339,0.8320613601603054
720575941553268798,0.8320487531480151
720575941535681562,0.8320471024882445
720575941408199471,0.8317792622901959
720575941555566628,0.8316620652096878
720575941477877122,0.8316090974247157
720575941438942671,0.8316074340821692
720575941350352176,0.8316070998216327
720575941471921216,0.83144321927707
720575941625328522,0.8314045928664228
720575941503448002,0.8313028445911581
720575941562071442,0.8310324412124007
720575941572218377,0.8309912396127426
720575941432708366,0.8309028948323044
720575941486402114,0.8307894421340426
720575941533250570,0.8307198444849894
720575941542474076,0.8307152671071902
720575941657552464,0.8306645413925317
720575941468700637,0.8306363601071585
720575941576070070,0.8305670849101455
720575941415211924,0.830469288968431
720575941520536755,0.8304687964619923
720575941486980560,0.8304593596662789
720575941606676589,0.8303990689529605
720575941464075862,0.830361254646461
720575941563271058,0.8303280511729151
720575941607578989,0.8302712145419803
720575941430151599,0.830258891610738
720575941530487525,0.8301035538718375
720575941572452936,0.8300984204138129
720575941516156332,0.8300454308973154
720575941428444041,0.8300402930975829
720575941488580814,0.8300287848376406
720575941625326986,0.8297366239157851
720575941604875373,0.8295763492287334
720575941516779155,0.8293985658921887
720575941560433779,0.8293668229045997
720575941493279152,0.82931323330287
720575941627983161,0.8292871248962177
720575941447770702,0.829276763827163
720575941540991949,0.8291457051335295
720575941437386540,0.8291361038988377
720575941468338551,0.8290409082152834
720575941503468604,0.8289413530852645
720575941445333268,0.8288870471677391
720575941406203183,0.8288238889316887
720575941457260358,0.8287750703389511
720575941499370635,0.828768448538402
720575941638305141,0.8287473103876485
720575941603909054,0.8287254816792808
720575941469047104,0.8286512219580604
720575941535087594,0.828635935680038
720575941412312721,0.8285016240691508
720575941548921917,0.8282255202869573
720575941493294256,0.8281739809909926
720575941476261172,0.8280787485830589
720575941458816752,0.8278303035172339
720575941537723517,0.8276804140634785
720575941456669421,0.8276349978192553
720575941464962326,0.8276047905348842
720575941562321671,0.8276018379373912
720575941505105724,0.8274960583647616
720575941584460639,0.8274676630526486
720575941524099149,0.8274563596229111
720575941624207356,0.8273540067511632
720575941541486172,0.8271891655400129
720575941513321721,0.8271872422572653
720575941541075069,0.827149065819257
720575941592931624,0.8270995991791834
720575941591772456,0.8269791717265531
720575941552596030,0.8268186334704616
720575941495729019,0.8267533155829809
720575941561380397,0.8266942099502959
720575941519263192,0.8266580053403721
720575941528782027,0.8265041357612058
720575941535443939,0.8264210126647062
720575941652850900,0.8263734250929718
720575941533908250,0.8263372806161668
720575941513871097,0.8263028744734606
720575941572848271,0.8262417502636692
720575941623454875,0.826180419776793
720575941462489488,0.8261397832778417
720575941488163785,0.8260368558978586
720575941657558352,0.8260202810324424
720575941549151231,0.8259705411163449
720575941577004881,0.825876744895965
720575941638063391,0.8258654575362376
720575941532475882,0.8258067448530269
720575941543315205,0.8257253445683643
720575941526834598,0.8256988919074308
720575941513024867,0.825670146176204
720575941609348710,0.8256399613522404
720575941430196183,0.8255932944257528
720575941474519070,0.8255755984772267
720575941527050662,0.8255561784395943
720575941476952113,0.8253360422633753
720575941459928134,0.825333038683893
720575941458970182,0.8253296674394202
720575941514046019,0.8252618608025024
720575941545126505,0.8250923867862668
720575941550058239,0.8248760911750748
720575941609469670,0.8248378570653301
720575941588630782,0.8247210810530954
720575941532392882,0.8247001668661091
720575941527860390,0.8246597326535428
720575941489684937,0.8246437754166062
720575941562388231,0.8246380515411322
720575941502210098,0.8244238497420545
720575941515636483,0.8243898531226157
720575941685707276,0.8243789882832769
720575941480966653,0.8243018006859433
720575941505919909,0.8241842898413365
720575941548957812,0.8241310418613791
720575941535231154,0.8239014071982185
720575941548952609,0.8238495599145278
720575941685804044,0.8237811497373371
720575941592562727,0.8236450299187269
720575941569357562,0.8236062515958554
720575941628471010,0.8234861665435426
720575941633562811,0.8234394440506034
720575941456047856,0.8233916870367485
720575941457689072,0.8233754919520914
720575941551095870,0.8233616516781574
720575941520129971,0.8233390961521283
720575941590711915,0.8233143440965203
720575941597314716,0.8231837157645714
720575941516797075,0.8230582140967213
720575941352944944,0.8230110360687006
720575941645315528,0.8229792795837578
720575941501832130,0.8229643163421361
720575941519116467,0.8229592063278891
720575941562334471,0.8229423155511867
720575941438392620,0.8228475536260431
720575941515038531,0.8228199812928008
720575941595151237,0.8226274429001771
720575941519274968,0.8225545120981376
720575941501089259,0.8225023819755595
720575941595783580,0.8223941853081995
720575941586457310,0.8221705635294307
720575941444872106,0.822071347775796
720575941520145587,0.8219074741089798
720575941449772469,0.8218755968243731
720575941438382380,0.8214724893611187
720575941553486820,0.8214688891522915
720575941474794804,0.8214602556918781
720575941565778998,0.8214403030299148
720575941464283222,0.8214054825377777
720575941449481294,0.8212080327206426
720575941504484165,0.8210581751010476
720575941392736772,0.8210540707558687
720575941506237756,0.8209889601479275
720575941645086625,0.8209785800777406
720575941505745954,0.8208044998409116
720575941722869562,0.8207762820269267
720575941499296907,0.820629043863192
720575941505439266,0.820621810486086
720575941599567401,0.8205635135456889
720575941551378715,0.8205198732301153
720575941578679121,0.8203172363192288
720575941534140138,0.8203073751796848
720575941600540969,0.82014336519982
720575941477889310,0.8200400172725649
720575941619878271,0.8200085889182394
720575941566716206,0.8199856387116459
720575941433040910,0.8199722836040656
720575941591754536,0.8199706751238803
720575941534459418,0.8199028463655552
720575941517719980,0.8198370952651968
720575941572444830,0.8197231946426542
720575941557345295,0.8196039540031086
720575941461816787,0.8195994441268241
720575941459521680,0.8195236522253105
720575941486466189,0.8195132810573289
720575941608866281,0.8194160938203733
720575941481961923,0.8193152201882204
720575941411165099,0.8192809871189516
720575941630953403,0.8192721654715216
720575941501002731,0.8192568435599343
720575941595725212,0.8191786267579049
720575941562007296,0.8189621331821922
720575941587204062,0.8189330100216622
720575941515233859,0.8188520696522288
720575941496916859,0.8188165800289201
720575941488404277,0.8187459750773041
720575941506199365,0.8187427791220603
720575941555224036,0.8187303779038523
720575941460993037,0.8187248703713992
720575941503601573,0.8186908070235572
720575941517714604,0.8186467676891178
720575941501189463,0.8186435299063001
720575941606553709,0.8185903315978097
720575941552584839,0.8185834562025407
720575941464944918,0.8184709608533624
720575941502849623,0.818449575926798
720575941488110537,0.8183956531539279
720575941471250528,0.8183913315680672
720575941573044808,0.8183619360826699
720575941501785538,0.8182523778049796
720575941507276066,0.818125316294111
720575941577574745,0.8180204447958551
720575941447813652,0.8178224116950297
720575941481640634,0.8178172496799266
720575941630605472,0.8177855530540825
720575941483768461,0.8177820023841704
720575941483675645,0.8176471198392319
720575941511355089,0.8176045083507739
720575941576405608,0.8175818312642094
720575941644107425,0.8174959866727224
720575941511294417,0.8173430138838891
720575941533269770,0.817340917655247
720575941573528329,0.8172991676856766
720575941625962139,0.8172128999652256
720575941514046787,0.8171102544061712
720575941455775469,0.8170842007574194
720575941470091383,0.8170765380034254
720575941496349769,0.8169375130521669
720575941611458634,0.8168523371718192
720575941552515073,0.8168128381522419
720575941506113349,0.8165385020617449
720575941524272153,0.8164508739684286
720575941589256260,0.816388031129381
720575941684942575,0.8163524639829159
720575941502037643,0.8161808167797775
720575941489434421,0.8160892082605057
720575941575520872,0.8160693693235918
720575941578736209,0.8159996797004387
720575941612468710,0.8159256499412822
720575941496972450,0.8158954204161554
720575941414246545,0.8158839736838693
720575941551509146,0.8158319771300546
720575941610111818,0.8157815287602864
720575941518491059,0.8157792966106518
720575941630999010,0.8157504749948432
720575941535073770,0.8156347551929513
720575941505502231,0.8155041427781206
720575941504328773,0.8153830564576104
720575941573588488,0.8153198821165545
720575941658935120,0.8152886869513444
720575941565528215,0.8152646025700429
720575941575509096,0.8152555027432895
720575941548844605,0.8152375610237305
720575941513362252,0.8151841245317142
720575941557314575,0.8151490921175599
720575941514029715,0.8151263395673474
720575941438467346,0.8150257404094222
720575941542445916,0.8149945254311974
720575941572276489,0.8149934757642435
720575941562937751,0.8149915175409588
720575941547340916,0.8149704474720666
720575941491104718,0.8149639556961324
720575941438632927,0.8149342892890158
720575941612009062,0.8148244138636449
720575941546205108,0.8148184078377727
720575941399323683,0.8146729738507519
720575941452755527,0.8146546692385508
720575941429441751,0.8146343630468406
720575941453939693,0.8144584667852458
720575941494950782,0.8143990801636548
720575941529794789,0.8143790822897127
720575941513121027,0.8141792976703067
720575941431789999,0.8141480666527704
720575941656137808,0.8141453631341437
720575941456146335,0.8139811185841123
720575941532377834,0.8139754528299498
720575941463655181,0.8139504709057138
720575941459025860,0.8139107557819911
720575941496309833,0.8139025121516666
720575941565522071,0.8138743248438991
720575941595908544,0.8138457025656851
720575941575596648,0.8138408992692767
720575941557885455,0.813839942264319
720575941569547378,0.8138006887833513
720575941577540441,0.8136825869096224
720575941573492232,0.8136438407282351
720575941645322440,0.8136057799552422
720575941439489599,0.8133929589070452
720575941527002905,0.81338194389332
720575941654248721,0.8133808890271296
720575941501027159,0.8133595413630099
720575941593841541,0.8133465936667139
720575941489425461,0.8132701123577841
720575941496247265,0.8132233194597163
720575941553335194,0.8132059407968175
720575941507051799,0.813180956227685
720575941564009831,0.8131756427341306
720575941532674179,0.8131268992941701
720575941562486114,0.8130442971775242
720575941649855985,0.8129959841903173
720575941537605859,0.812943739550633
720575941611695379,0.8129261104866112
720575941483503290,0.8129069344496481
720575941528514507,0.8128744847458377
720575941578439513,0.8128152312931863
720575941478614863,0.8126724427513637
720575941507217733,0.8126321833559151
720575941525536868,0.8126129731958728
720575941611010534,0.8125918404027263
720575941530494437,0.8124779469714987
720575941645277384,0.8124521798283165
720575941686473228,0.8124169454726429
720575941577084149,0.8121154764946305
720575941571494139,0.8120881056961069
720575941595809948,0.8120745911255616
720575941688644726,0.8120599159202381
720575941456308895,0.8120242993041752
720575941523283019,0.8120208682390168
720575941630292933,0.8120021293897454
720575941504366359,0.8118919558378925
720575941551992859,0.8118708641289767
720575941619902591,0.8117864844475567
720575941443907754,0.8117517575530305
720575941496628679,0.8117367551996931
720575941689667803,0.8117130429600765
720575941456637677,0.81167026518603
720575941554784339,0.8116253431757744
720575941529322884,0.8116094661345649
720575941564580711,0.8114900035296903
720575941483803021,0.8113876373323885
720575941643014994,0.8113873297657163
720575941467352406,0.8113240571833552
720575941523763703,0.8112595812849672
720575941436703039,0.8112303520075815
720575941478117539,0.8111853320650809
720575941619071871,0.8109520215494236
720575941443861162,0.8109142790217307
720575941614846165,0.8108562766427975
720575941574723081,0.8108442207138475
720575941617573845,0.8107600475617407
720575941507394142,0.8107265245073577
720575941588576140,0.810678973205651
720575941518467507,0.81050904558683
720575941518102638,0.8104590974116771
720575941650749201,0.8104243956969676
720575941610613212,0.8102881741666219
720575941548970813,0.8102645465835862
720575941439126735,0.8102026313785925
720575941535008690,0.8101955652294602
720575941490730160,0.8101400557296713
720575941558679022,0.8100734709439782
720575941566170263,0.8099542649066115
720575941543312745,0.8099114058250955
720575941685796726,0.809734872090369
720575941627995705,0.8097180133050125
720575941518526387,0.8096949288054786
720575941534288984,0.8096331322811327
720575941476377908,0.8096104704268376
720575941733197355,0.8095113594851646
720575941525320358,0.8094081993554297
720575941684863727,0.8093787004311266
720575941665474803,0.8092091036611371
720575941559953423,0.809162538341437
720575941589980215,0.8090290693258937
720575941560638888,0.8089867101074928
720575941577111633,0.8088258302768435
720575941657356624,0.8087407562234916
720575941511417041,0.8086098233970015
720575941652795092,0.8085861781939444
720575941411765140,0.8085738158819393
720575941496266569,0.8084469016803962
720575941440276415,0.8084364642569766
720575941729974827,0.8083053517735892
720575941450604110,0.8082961780021107
720575941617586389,0.8081648702079647
720575941537774717,0.8081421236727824
720575941637140597,0.8081277025688396
720575941450588238,0.807971702817181
720575941392715012,0.8079039230061569
720575941414271121,0.8078913409864639
720575941487285200,0.8078169812767635
720575941632371948,0.807796033361021
720575941447776020,0.8077734712177864
720575941595441285,0.8076986396427044
720575941609928038,0.8076737526907618
720575941564656791,0.8076720511258038
720575941654989017,0.807526118416519
720575941592810454,0.8072764140136204
720575941458437843,0.8072230332426773
720575941487848912,0.807212221946217
720575941493488583,0.8072039728677954
720575941560381043,0.8071829412046071
720575941566132022,0.8071099564383725
720575941536391666,0.8070505907759609
720575941639478303,0.8069418538642501
720575941447778397,0.8069334224875547
720575941458136991,0.8068318095936163
720575941563842663,0.8067967933645582
720575941520312823,0.8067825787549663
720575941450976634,0.806681131436851
720575941473852000,0.8065465042516787
720575941526363558,0.8065135866019171
720575941477322548,0.8064346265973799
720575941601315769,0.8063964390581145
720575941481621501,0.8063333825827727
720575941497641953,0.8063018559742908
720575941496655232,0.8062875296139658
720575941434423182,0.8062849660614542
720575941505101893,0.806282408623041
720575941429128289,0.80624537498363
720575941554483354,0.8060021652442126
720575941477335348,0.8059754591945425
720575941642406776,0.8059580694494874
720575941507215941,0.8056941133589279
720575941572642376,0.8056423669689446
720575941690942616,0.8055751065590568
720575941504127723,0.8055582719834112
720575941627017529,0.8055250731239456
720575941470371851,0.8054734010990225
720575941565572199,0.8054155636106112
720575941632898757,0.8054053463780343
720575941451840425,0.8052753564281192
720575941392036246,0.805183028035901
720575941564084487,0.8050336769359328
720575941579160953,0.805031626202817
720575941551043839,0.8049406868670733
720575941429462999,0.804864536506082
720575941449939805,0.8047341570231548
720575941496042057,0.8045355277132231
720575941477164574,0.8044925919606277
720575941654405076,0.804373479242292
720575941604969837,0.8043694668077991
720575941392219542,0.8043560981028104
720575941458783558,0.8043448160093336
720575941538025970,0.8043135743033543
720575941594232359,0.8042512562863255
720575941426600788,0.8042455592854996
720575941592503333,0.8041696976891591
720575941507883649,0.8041081677673362
720575941554562714,0.8040382695023136
720575941436684576,0.8040155083029343
720575941588066558,0.8039923144624633
720575941499686818,0.8039002529870334
720575941532386538,0.8038076846735572
720575941518753452,0.8038022347973997
720575941632418757,0.8037950635928981
720575941484865346,0.8037755323703131
720575941579799029,0.8037751274377486
720575941484965698,0.8036995352213588
720575941572494494,0.8036474201703538
720575941352945712,0.8036317851599228
720575941504462786,0.8036218207297907
720575941555499859,0.8036181771318229
720575941459595664,0.8035695040733529
720575941438137567,0.803500962316604
720575941542417500,0.8033624657378298
720575941516712558,0.8033463954529454
720575941564736407,0.8033242454513999
720575941438343980,0.8032527790939042
720575941493494471,0.803186298930506
720575941456667373,0.803179775507735
720575941558973166,0.8031278783799695
720575941660829052,0.8031176683856176
720575941431134857,0.8030506044353487
720575941532251882,0.8028996764722883
720575941480474054,0.8028372897618179
720575941521285047,0.8027887939489898
720575941650601745,0.8027315002932104
720575941513201411,0.8026963980841071
720575941505496610,0.8026203270330705
720575941429535703,0.8025539686338018
720575941352943152,0.8025166754574977
720575941509094098,0.8025159953220204
720575941512825443,0.8024561753965683
720575941546553633,0.8024508248720053
720575941567317550,0.8024350096339768
720575941722163002,0.8024017578597656
720575941392587414,0.8022969983291022
720575941480410822,0.802273231492074
720575941546711073,0.8022577535686131
720575941547505544,0.8021679422007487
720575941497397627,0.80215698463123
720575941655868696,0.8021211866014436
720575941573054646,0.8020901090478995
720575941439193173,0.8020199217717082
720575941392178326,0.8020147862067384
720575941554813348,0.8019957448706937
720575941467292893,0.8018619386943446
720575941491097806,0.8018457643163196
720575941530165963,0.8016312457852773
720575941667262897,0.8016037778049053
720575941658932816,0.8015975356134958
720575941633538235,0.8013871480587579
720575941464308237,0.8013506020930204
720575941573346120,0.8013456571881532
720575941688243864,0.8012901778632602
720575941568394234,0.8012134821025324
720575941613428956,0.8011647321831442
720575941555469139,0.8011025226358536
720575941610338793,0.8010830510228366
720575941528229252,0.8010575901175134
720575941552349185,0.8009769324480175
720575941429482711,0.800923951846641
720575941569576606,0.800909054177695
720575941608857321,0.8008814136063163
720575941597517248,0.8008726089381046
720575941587602244,0.8008197707124127
720575941633034912,0.8007673184733108
720575941729954347,0.8006936785141504
720575941390243332,0.8006923560826432
720575941542483292,0.8005984547967874
720575941508278562,0.8005843254911909
720575941569588338,0.8005834218618045
720575941515930105,0.8005534519452069
720575941530161099,0.8005515659654612
720575941566203958,0.8004234197859621
720575941576938741,0.8004191557270769
720575941449054301,0.800345134600233
720575941630577056,0.8003322168203613
720575941451685703,0.800328664056278
720575941439382079,0.8003024901478886
720575941509341712,0.8001450804250643
720575941685991542,0.8001169063856175
720575941437468735,0.8000165750074218
720575941516738195,0.7998897348632593
720575941567122932,0.7997907569934
720575941483752077,0.7997369628160893
720575941544597684,0.7997015699163554
720575941644897912,0.7996966901392553
720575941458801136,0.7996652684078324
720575941561898240,0.7996112282263035
720575941411208875,0.7994954158549185
720575941471301728,0.7993992223181505
720575941637141365,0.7991861511595821
720575941453267369,0.7991410842633062
720575941513793100,0.7989863041480182
720575941621707516,0.798841464199558
720575941399163683,0.7987741578631684
720575941515944953,0.7987264259205894
720575941576992757,0.7986517714861395
720575941559015406,0.7985868773509204
720575941475720042,0.7985627612499302
720575941457000006,0.7983926703963162
720575941408475439,0.7983842686462681
720575941445214228,0.7983741108850523
720575941631834053,0.7983711276514056
720575941479291587,0.7983402268039892
720575941534899288,0.7983156486731631
720575941663490940,0.7982923715697965
720575941489801676,0.7982748765160252
720575941517694636,0.7982142104336375
720575941621625084,0.798209116577865
720575941598641193,0.798173184839196
720575941447805972,0.7980705892994014
720575941612667238,0.7980478545069339
720575941504301637,0.7979400027951766
720575941587318327,0.7978190864667962
720575941479178208,0.7977924406416832
720575941670447527,0.7977838306388413
720575941503790530,0.7977797185274882
720575941506741783,0.7977788514994252
720575941560650408,0.7977327785892351
720575941703161562,0.797668637354933
720575941523098359,0.7975583643530991
720575941610566876,0.7975555679390518
720575941537417341,0.7974877133165258
720575941512568131,0.7974681620388404
720575941501900738,0.7973962835661749
720575941601407161,0.797396219300535
720575941548936253,0.7973858904871429
720575941680040381,0.7972839020585498
720575941539413629,0.7972599541423573
720575941405886511,0.7971083008810868
720575941472349536,0.7970885845606698
720575941504462530,0.7970362708655581
720575941464961558,0.7970274408778159
720575941572020637,0.796916365678877
720575941625881482,0.7968988280140364
720575941457220166,0.7967901401483382
720575941553598180,0.7967533491411722
720575941633099680,0.7967529098228011
720575941597703721,0.7966400113864573
720575941514604281,0.7966262168780709
720575941549826622,0.7966240554092013
720575941655469012,0.796510774646175
720575941440399445,0.7964753733187007
720575941548889917,0.7964595018736826
720575941535202787,0.7963772907738823
720575941536264434,0.796304135556101
720575941560223789,0.7962862874296056
720575941595749056,0.7962531495451033
720575941477863810,0.7962277644584882
720575941456045552,0.796095185418358
720575941559933711,0.7960093610740373
720575941527241656,0.7959429222194064
720575941628592866,0.7959157338351797
720575941438454828,0.7957250171160315
720575941610408169,0.7956807462304264
720575941652511473,0.7955720242643105
720575941573276854,0.7955099889895167
720575941618569343,0.7953479515128236
720575941575938137,0.7952983671847148
720575941598386076,0.7952278877179686
720575941495546235,0.795160527169109
720575941527005977,0.7951232012990653
720575941513293146,0.7950911767217437
720575941493492935,0.7950628917643069
720575941561420690,0.7950602414145552
720575941558691885,0.7950571385105728
720575941667320051,0.7950082264741499
720575941352057904,0.7950079174039725
720575941541018716,0.7949800623957697
720575941521108151,0.7949475522820981
720575941435309710,0.7948117497627474
720575941464284502,0.7947736743380578
720575941509427984,0.794722640999057
720575941440198879,0.7946404413170531
720575941653451993,0.7946390739182096
720575941519460974,0.7946140204780497
720575941604090046,0.7945744916189255
720575941584465503,0.7944604796069412
720575941572060169,0.7943912050491083
720575941425003860,0.794383201430826
720575941638307957,0.7943797803781545
720575941405878446,0.7943222210114042
720575941583827166,0.794292767053998
720575941457683184,0.7942722112413116
720575941433075470,0.7941747113927236
720575941479224003,0.7941105532411167
720575941555511332,0.7940943531121133
720575941642158418,0.7940196381628919
720575941642545825,0.7940016655606005
720575941518867054,0.7939829474640857
720575941431210744,0.7938966490843159
720575941463650829,0.7938504559220199
720575941550871039,0.7937745198332329
720575941583297158,0.7936909944315822
720575941513260025,0.793677358795408
720575941535254465,0.7936696682214432
720575941537772413,0.7936557677122351
720575941559042542,0.7936433414864575
720575941518807468,0.7936038921038331
720575941453299625,0.7935444842102872
720575941535631386,0.7935400069039033
720575941469846903,0.7935351765621863
720575941456063472,0.7934807037238464
720575941450861902,0.7934625687447836
720575941559942159,0.7934606415670961
720575941642700488,0.7934469034200927
720575941488419790,0.7934170118484569
720575941437467922,0.7934082762176388
720575941501815490,0.7933848590673197
720575941438839131,0.7933502903227301
720575941492360574,0.7932505737168771
720575941551952127,0.7932324973223037
720575941559314989,0.7931365431569068
720575941351164464,0.7931293625755821
720575941583514078,0.793099777374276
720575941392484612,0.7930924851308794
720575941686545903,0.792994194441143
720575941569556082,0.7929787274331773
720575941552570503,0.7929257460553629
720575941534893400,0.7928989369727358
720575941666237683,0.7928649422379264
720575941560261933,0.7928622505040986
720575941517700268,0.7928478517104061
720575941574448635,0.7928434234393321
720575941559970319,0.7927780966292614
720575941562460514,0.7927224444129907
720575941431231736,0.7926886658929184
720575941414303377,0.7926474587207093
720575941508546514,0.7924957252903104
720575941532464562,0.7924636961768395
720575941559973647,0.7924623055524828
720575941574996918,0.7922548101030549
720575941476850462,0.7921590648798857
720575941655952340,0.7920942800946232
720575941571838365,0.7920542374866518
720575941506034049,0.7920279548523576
720575941631001836,0.7920046022690868
720575941477335092,0.7919831732214857
720575941558566445,0.7919734286867414
720575941603910078,0.7919262752486238
720575941492355966,0.7918959175351786
720575941467362326,0.7918360148718453
720575941579009657,0.7917643678955981
720575941595194149,0.7916416996657973
720575941585924486,0.791557533931435
720575941569349370,0.7915460000288668
720575941457935775,0.7914864575899369
720575941454062829,0.7914350942813415
720575941568190510,0.7913120940445498
720575941562125568,0.7912640288790028
720575941493944958,0.7911307458892607
720575941498468731,0.7911259216518959
720575941642367864,0.7910868071315147
720575941569583986,0.791020898645507
720575941525207462,0.7909830084642527
720575941535844289,0.7909777791367183
720575941543662441,0.7908455051298131
720575941551395355,0.7908363616777883
720575941548943988,0.7907980003926621
720575941532513880,0.7907934547250073
720575941391970710,0.790648340208826
720575941435669522,0.7906319394311515
720575941562150568,0.7905059587759666
720575941537718989,0.790480784351942
720575941588689548,0.7903452739255039
720575941492332158,0.7903078013746362
720575941437401900,0.7903047232226107
720575941591482920,0.790162950915719
720575941612109532,0.7901322518737685
720575941569766302,0.7900833333674939
720575941591780648,0.789899613416026
720575941443884202,0.7898815972047765
720575941542241541,0.7898604644094062
720575941730040107,0.7897913919409426
720575941524158027,0.7897829448063256
720575941535951592,0.7897101195948848
720575941560430963,0.7896751343515246
720575941458960580,0.7896409650216096
720575941703160282,0.7896162953178926
720575941513146371,0.7895987612623978
720575941549465633,0.7895229699680972
720575941452210483,0.7893558287124248
720575941489406005,0.789349601649951
720575941467587862,0.7892184361718504
720575941503583938,0.7891949895036923
720575941666666483,0.7891701536389667
720575941429357665,0.7891249042240627
720575941483139514,0.7890717668205052
720575941572827131,0.7890639541858584
720575941508463570,0.7889335357445482
720575941654585044,0.7888701152642414
720575941700624346,0.788844614874813
720575941400420899,0.7888130875444817
720575941618822527,0.7888086705344969
720575941621559548,0.7888048670904069
720575941525183142,0.7885352207947481
720575941574683145,0.7883397473568504
720575941642429029,0.7882125500002775
720575941444913066,0.7881248029817844
720575941547337844,0.7880203811129417
720575941604976493,0.7876945554814705
720575941671430311,0.7876307168126407
720575941576514649,0.7875238370863505
720575941451737978,0.7874848880734542
720575941595942769,0.7874355875223553
720575941571537659,0.7874284477419621
720575941574549256,0.7874135926152356
720575941553430867,0.7873767348951272
720575941474565428,0.787341075854231
720575941521072311,0.7872963220313215
720575941479894979,0.7872062276975768
720575941572727951,0.7871947520342818
720575941583654878,0.7871769976019211
720575941586429150,0.7871583309623632
720575941729937195,0.7871457203616008
720575941549963581,0.7871455386835485
720575941549714238,0.7871392099755802
720575941429471959,0.7870321248752142
720575941531480805,0.7869390772247128
720575941685998454,0.7868916464438989
720575941573301430,0.7868598795153474
720575941593493099,0.7868541252797786
720575941452533370,0.786788658434108
720575941609479910,0.7867850374423996
720575941411853716,0.7867847031956485
720575941461227664,0.786723831587146
720575941571484155,0.7867026801207744
720575941595805084,0.7866886662346279
720575941559975951,0.7866582246376205
720575941479133635,0.7866363393345513
720575941415175196,0.7866252517804211
720575941558953231,0.786615505418372
720575941611027530,0.7865813977024741
720575941549693556,0.7864783420175941
720575941629354220,0.7864533976097646
720575941492314032,0.7864475730678617
720575941508344274,0.7863334803453995
720575941487880656,0.7862783315196801
720575941604904045,0.7862075013270344
720575941434495886,0.7861047268194854
720575941630615712,0.786078319199407
720575941524212555,0.7859324423810177
720575941552685447,0.7858753338140944
720575941496149473,0.7857722375473934
720575941581672057,0.7857637879872491
720575941642332536,0.7856270514826691
720575941576863989,0.7855213522779122
720575941520043443,0.7854604150453218
720575941526752356,0.785416765739759
720575941488413134,0.7854049541865875
720575941666130675,0.7854020290734722
720575941586374980,0.7853564717131104
720575941513257977,0.785231977777673
720575941519235800,0.785192108251353
720575941642396792,0.7851476911694366
720575941504249623,0.7851046688689607
720575941611615507,0.7849884385323896
720575941474101344,0.784977444037396
720575941556514980,0.7849309514226535
720575941479734179,0.7849300130278508
720575941504551218,0.7848789509496165
720575941535171555,0.7848367150783175
720575941591037547,0.7848021714798038
720575941667762097,0.7847293013604615
720575941605006782,0.7846862522420583
720575941642487752,0.7846561018249022
720575941408360619,0.7845790382791876
720575941549915252,0.7845355438788018
720575941518636467,0.7844774072814574
720575941633088928,0.7844584119197331
720575941642671265,0.7843739312851025
720575941590358668,0.7843579748416926
720575941449101149,0.7842856258881535
720575941431228664,0.7842850260854117
720575941549018228,0.7841795443075557
720575941532354482,0.7840307813081401
720575941551970815,0.7839489447544892
720575941442381738,0.7838993942806337
720575941481033213,0.7838979837089147
720575941644069970,0.7838177470354445
720575941534857192,0.7837983799367925
720575941469061239,0.7837847635946046
720575941442254506,0.7837315865206175
720575941458953156,0.7837261239595155
720575941574004662,0.783650171745082
720575941542924829,0.78356838944332
720575941503039426,0.7835132620453792
720575941474467633,0.7834373385125507
720575941453980909,0.7834135803627188
720575941514063939,0.7834051030215304
720575941503422187,0.7833936737332482
720575941625164955,0.7833756113738123
720575941592869928,0.7833667850972812
720575941583260038,0.7833617026686718
720575941631137506,0.7833430150328164
720575941603694777,0.7833230628898948
720575941574226427,0.7832845827872827
720575941472427579,0.7832275163801093
720575941480376774,0.7831617944366712
720575941471143031,0.7830119287450179
720575941429389921,0.7829013024194234
720575941586378974,0.7828272204403645
720575941537602275,0.7825026223428915
720575941630319045,0.7824877868601752
720575941562875794,0.7824829659039568
720575941611560723,0.782446553817197
720575941556214500,0.7824349310027044
720575941408462507,0.7824116879353131
720575941667145649,0.7823074713097589
720575941507651422,0.782286875798631
720575941536368882,0.7821251218762109
720575941537927410,0.7819917517898608
720575941549911613,0.7819454399131633
720575941536520218,0.7818456240763513
720575941564406528,0.7818203517772084
720575941490414645,0.7817961126812537
720575941518866798,0.781779443874626
720575941661957244,0.7817753649038054
720575941494511047,0.7817032305946299
720575941569549170,0.7815881962598162
720575941630549920,0.7814592050628534
720575941479851683,0.7814550882563472
720575941594726513,0.7814304185115567
720575941491350732,0.781299355419242
720575941451775815,0.781276844803691
720575941545124232,0.7812497292198454
720575941488644300,0.7812424979607555
720575941411738257,0.7812102091800539
720575941515645795,0.7811939499574151
720575941551627162,0.7811008302980532
720575941509926354,0.7810585682295993
720575941350441264,0.7808025633463365
720575941513385306,0.7806500672254311
720575941508306210,0.7806295436686506
720575941603323326,0.7805396216648124
720575941565333806,0.780506567935258
720575941439366975,0.7805034557949898
720575941549936701,0.7803893918775227
720575941552675719,0.7803501332586614
720575941540220285,0.7803206970153336
720575941686980847,0.7802681323559728
720575941464904982,0.7801224257456949
720575941506003735,0.7800043455823501
720575941514004115,0.7798986625388595
720575941484373645,0.7798603207487139
720575941477153566,0.7798137281849404
720575941519476334,0.7797725249066585
720575941474769204,0.7797294667049679
720575941658928976,0.7794850656029637
720575941505223845,0.7794611440505254
720575941479289312,0.779413162035967
720575941572035229,0.7794081841039753
720575941440383061,0.7794030956317438
720575941678341309,0.7793703555089173
720575941491359948,0.7793573012092558
720575941569564018,0.7792893299538822
720575941484102918,0.7791316794586295
720575941490808752,0.7791089744372074
720575941506226236,0.7790886509524233
720575941542215429,0.7790792274481243
720575941560675752,0.7790143236689872
720575941561446290,0.7788308645520614
720575941640887909,0.7787047855255025
720575941603886014,0.7787024996908234
720575941627008806,0.778661284193458
720575941687647862,0.7785162901357041
720575941526056473,0.7784165202563179
720575941514047052,0.7783053556796938
720575941482927814,0.7782953585412946
720575941533266698,0.7780753672865512
720575941553371034,0.7780243373844635
720575941549746494,0.7779568086624842
720575941460231891,0.7778707323631957
720575941533143562,0.7778625598314329
720575941518867566,0.7776605800755215
720575941474465329,0.7775482470259
720575941589587710,0.7775194489350069
720575941561433746,0.7774782630341404
720575941440925647,0.7774488419080414
720575941438399807,0.7774136890437322
720575941431976718,0.7773658962947695
720575941522091255,0.7772222957423932
720575941657911632,0.7771694128663975
720575941561420434,0.7770459874697164
720575941589742476,0.7767683234309777
720575941479195587,0.7767421607856737
720575941508301778,0.7765393766301398
720575941649242133,0.7764544861712546
720575941495700352,0.7764276751466787
720575941613458396,0.7763803659661331
720575941477598432,0.7763029823794593
720575941610843565,0.7762759314131453
720575941484112902,0.7762311796966078
720575941527076024,0.7760324112594861
720575941651554033,0.775982459117644
720575941459650960,0.7758542281977803
720575941524238669,0.7757654749291696
720575941601256438,0.775758471535679
720575941690957787,0.7756386592192455
720575941552792147,0.7755815453809582
720575941558167278,0.775525470442111
720575941521255859,0.7754323001412613
720575941589950263,0.7753909610299069
720575941611652371,0.7752698056848208
720575941504891045,0.7750899299934768
720575941521047223,0.7750611792329252
720575941603750073,0.7750161499950672
720575941494740094,0.7749944723812296
720575941524168036,0.7749784659987466
720575941514557539,0.7749680301306963
720575941477832322,0.7749024347843987
720575941500968331,0.7748779100902596
720575941658602776,0.7748527986449926
720575941611675411,0.774742892605299
720575941568308474,0.7747314106615931
720575941644319570,0.7747187698650688
720575941609438438,0.7747001353461022
720575941614275481,0.7745129655179184
720575941612075622,0.774504702462781
720575941667079857,0.7744638984605478
720575941512900172,0.7743415272696939
720575941486873808,0.7742580730870748
720575941439159381,0.7741561531638448
720575941554893569,0.7739706954652942
720575941480431814,0.7738898431666674
720575941531436261,0.77381479281512
720575941506772574,0.7737747265634854
720575941592557861,0.7737417517577274
720575941513381466,0.7736183116332568
720575941666996145,0.7734666187565369
720575941429804425,0.7734286473202701
720575941511491148,0.7733962330787378
720575941520353783,0.7733688400178037
720575941479467650,0.773359454231008
720575941483870530,0.7733394576307424
720575941480546690,0.7733120339551257
720575941656140880,0.7732710377690541
720575941564165218,0.7732334115913233
720575941670543783,0.7728526816336988
720575941461065997,0.7727097146667711
720575941446948628,0.7726191466101834
720575941464139094,0.7726125126865606
720575941449305210,0.7725939979598848
720575941507101057,0.7725609135945332
720575941669107187,0.7725499369553949
720575941447379037,0.7725387527261097
720575941700618970,0.7724986375923799
720575941575588953,0.7724123489820075
720575941525728002,0.7724073760302868
720575941543650665,0.7723853162494463
720575941556152403,0.7723777662951686
720575941586329924,0.7723715206012656
720575941621761276,0.7722881170056167
720575941536949397,0.7722803476731721
720575941535888321,0.7722722889467353
720575941643053394,0.771955059150919
720575941557357327,0.7719527073789243
720575941573993576,0.7719182334045296
720575941547164084,0.7718861877161618
720575941436821983,0.7718272695956941
720575941498748489,0.7717790454038713
720575941497735586,0.7717253737680586
720575941553641188,0.7716965177762032
720575941562309127,0.7716792666728366
720575941623524490,0.7715580473417407
720575941450121031,0.7714673199527143
720575941688486156,0.7713783298958306
720575941546532641,0.771333238835153
720575941688509403,0.7713273437474937
720575941528050052,0.771310250258018
720575941477488234,0.771202723618111
720575941568170798,0.771084110401147
720575941518406766,0.7710676113826493
720575941688361334,0.7710507319448875
720575941477839902,0.7710479585979911
720575941490414133,0.7709929891108163
720575941611187302,0.7709725925394392
720575941563842402,0.7709414984120209
720575941508305954,0.7708896065226919
720575941573100808,0.770848695577402
720575941574171899,0.7707248936664751
720575941430184718,0.770631445930415
720575941515620707,0.7706234418427308
720575941571965853,0.7706018289198326
720575941671415719,0.770497944733517
720575941429475031,0.7704480472746144
720575941447844430,0.7704324458435333
720575941535073002,0.7703668520449012
720575941730003755,0.7703530464333831
720575941573592840,0.7701234418547063
720575941350395952,0.770057859818702
720575941629446892,0.7699833295388017
720575941494740679,0.7699488504500592
720575941489006823,0.7698998086325651
720575941470535435,0.7698031876795339
720575941528522955,0.7696514105192069
720575941569777822,0.7695154602634793
720575941518447726,0.7692896272711713
720575941605025133,0.7690477283301178
720575941691134872,0.769021927440442
720575941501003499,0.7690076234462141
720575941402086768,0.7689397844556904
720575941476543297,0.7687841133571255
720575941551640711,0.7686781737643349
720575941452177833,0.7686560124028314
720575941536327410,0.7685701960881026
720575941533986136,0.7685482515592348
720575941568841204,0.7684788990327961
720575941409801583,0.7684525269080693
720575941642159186,0.7684493335269829
720575941638680437,0.7684486138273281
720575941531280843,0.7684455985769163
720575941555517011,0.7684235788189243
720575941670496679,0.7684159603177916
720575941597995305,0.7683908653885975
720575941564670615,0.7682907938783117
720575941508304674,0.7682583667630103
720575941625147244,0.7681900647479052
720575941430243086,0.7681266950732216
720575941552627518,0.7680696339858907
720575941556245156,0.7680579193054023
720575941529877477,0.7678799300601412
720575941662302844,0.7678121208679671
720575941430485518,0.7677026482708135
720575941424991828,0.7676561626718937
720575941438474540,0.7676427289757317
720575941660837244,0.7676244502594693
720575941436681791,0.7675615804315621
720575941653228049,0.7674818077101601
720575941462096528,0.7673456134193235
720575941477552352,0.7673185228674035
720575941544640436,0.7671907830820287
720575941478269664,0.7671484195199884
720575941390742934,0.7671002087936589
720575941534872152,0.767064131944315
720575941581719903,0.7669884357044134
720575941537675725,0.7669706383474663
720575941459558800,0.7669303301490115
720575941468786699,0.7668129910850269
720575941568185134,0.7667362284011405
720575941502853719,0.766686697187985
720575941532400306,0.7666658873199331
720575941518327479,0.766635224943163
720575941561357357,0.7666138691504497
720575941439728335,0.7665774954609216
720575941518303671,0.7665579987625963
720575941633556155,0.7664445180098457
720575941456292511,0.7664216090224568
720575941595823260,0.766408919500596
720575941577217113,0.766405120038651
720575941499766690,0.7664044492382784
720575941723178298,0.7662392703253208
720575941515320579,0.766233242099123
720575941589665278,0.7661994747189644
720575941536451570,0.7661981955619593
720575941453984493,0.7659950922751627
720575941615255961,0.7659578976481506
720575941511396305,0.7658396197615638
720575941593900677,0.7658335063851771
720575941543852573,0.7656426508099955
720575941626241418,0.7656056763086707
720575941503638181,0.7656033724616077
720575941474884417,0.7655540776498467
720575941405758767,0.7655243779687299
720575941432287447,0.7655049247841323
720575941559348851,0.7653794863294661
720575941621747964,0.7652508896984666
720575941531291851,0.7650783457208378
720575941491634663,0.764756232353221
720575941526860966,0.7647297429262975
720575941487796533,0.7646988897071108
720575941632571579,0.7646101408623432
720575941461214675,0.7645483186773209
720575941580607353,0.7645437671126158
720575941533182913,0.76450102634637
720575941645090209,0.7644465890716611
720575941565179143,0.7644374073328695
720575941459730131,0.7643202424360056
720575941465467478,0.7642982607272903
720575941449257338,0.7642970697797487
720575941608467530,0.7642228091344576
720575941458320595,0.7641918609890996
720575941481629370,0.7641586282267384
720575941535331850,0.7641105610026606
720575941576088758,0.7640212942238088
720575941679218109,0.764007232889946
720575941443480234,0.764005813318147
720575941571695368,0.7639085139080722
720575941503497154,0.7637560678504388
720575941535970241,0.7637408064259742
720575941684928239,0.7636603046438526
720575941479220163,0.7635808334818409
720575941444905386,0.7635426524445709
720575941591910696,0.7633109008873642
720575941503529195,0.7632341248911876
720575941492314750,0.7632081425496039
720575941685711372,0.7631270450857343
720575941597505216,0.7630554456066134
720575941679685565,0.7630362983970153
720575941562009856,0.7629527976510404
720575941491016167,0.7629429822778718
720575941416652828,0.7628932464759556
720575941569338362,0.762880673055285
720575941598321308,0.7628549770140495
720575941531450853,0.762843449887205
720575941524203339,0.7628252553392674
720575941641539941,0.7627547516328699
720575941508390610,0.7627522507487743
720575941434871072,0.7627131936195145
720575941543685564,0.7626558567823786
720575941571020190,0.7625753892668458
720575941609459046,0.7625631619780072
720575941654225425,0.7624770757137708
720575941629301740,0.7624035208931303
720575941632014060,0.7622690010742138
720575941575682920,0.7622097839892356
720575941549374975,0.7621813433351489
720575941551404315,0.7621507915252007
720575941555731108,0.7620813289834215
720575941477548097,0.7620755620211679
720575941587302967,0.7620168295733426
720575941416629020,0.7620167537191284
720575941561888768,0.7620131091278245
720575941669866417,0.7619868216439782
720575941538999026,0.7619691980915352
720575941475710570,0.7619668620617137
720575941534037848,0.7618573861847651
720575941559341171,0.7617798439704268
720575941617887103,0.7617717901975087
720575941587394615,0.7616408672171221
720575941555494180,0.7615732073205564
720575941564212743,0.7615433180708333
720575941609401517,0.7615036692790531
720575941506327717,0.7614453136646633
720575941555507795,0.7614358567823404
720575941547901556,0.7614169295384271
720575941617579477,0.7614150457884801
720575941650729233,0.7613807224993436
720575941519259352,0.761379046260045
720575941481583814,0.7613744970794935
720575941587334199,0.7612373413560037
720575941469029184,0.7611834167427399
720575941474569268,0.7610263989861118
720575941535909642,0.7610182288296805
720575941638329973,0.7609139041639756
720575941402163824,0.7608948340912501
720575941658890064,0.7608034601203987
720575941519446638,0.7607847550426146
720575941559264883,0.7607667548506725
720575941569355258,0.7607502484943061
720575941642688200,0.7607046568440795
720575941609400806,0.7606910334712403
720575941623920586,0.7606533216007348
720575941435859232,0.7606502722868155
720575941472457568,0.7606079026746452
720575941559273075,0.7605692147172202
720575941663492476,0.7605257138548417
720575941524820738,0.7604770155997247
720575941505099580,0.760460163695799
720575941569669278,0.7603807535710935
720575941509168001,0.7603803490190651
720575941520537011,0.7603589087808325
720575941530191307,0.760216997908409
720575941642434504,0.7600693946774139
720575941458980804,0.7599562131705425
720575941535944730,0.759865674498267
720575941480223456,0.7598053114193531
720575941573998184,0.7597839466956736
720575941451735879,0.7597482335341316
720575941487876560,0.7596908562139717
720575941595989361,0.759615045924801
720575941627032358,0.75960048365957
720575941623442796,0.7594516503911758
720575941459442064,0.7593761029982198
720575941475378491,0.7593427387173559
720575941565120007,0.7592971890358337
720575941504504901,0.75900699587669
720575941526718564,0.7589255953403738
720575941526981508,0.758883368874533
720575941544262505,0.7588706085999921
720575941478304992,0.7585202308291409
720575941494137728,0.7584708753183331
720575941557376164,0.7584427947745421
720575941497395067,0.7583923365721134
720575941688841996,0.7583914625270638
720575941476518977,0.758244713390284
720575941541782045,0.758142278206546
720575941631437548,0.7580923459180553
720575941416629276,0.7580430677661996
720575941562824087,0.7580280927509752
720575941415481372,0.7578827112613289
720575941491325644,0.7578627083574843
720575941504593431,0.7578541240575455
720575941536396693,0.7577931060333671
720575941550238781,0.7577782447911792
720575941642623137,0.7577493075380274
720575941548405537,0.7576698018833502
720575941517889708,0.7576297177144087
720575941542882589,0.7575806613608527
720575941482859718,0.7575323435509778
720575941574548488,0.75732956744169
720575941523990018,0.7572750428332677
720575941638223989,0.757074499927553
720575941657998416,0.7570042565206296
720575941481991875,0.7569747990025307
720575941577027829,0.7569094418981571
720575941470857024,0.7567960461064975
720575941431077769,0.7566715055201897
720575941619906175,0.7566615764231139
720575941560676264,0.7565935928775527
720575941649882389,0.7565266319435181
720575941591255436,0.7565111490036787
720575941490806960,0.7564162850284859
720575941595825052,0.7563993444471392
720575941540625101,0.756241870373599
720575941668283635,0.7562371122667475
720575941544594868,0.756175290820163
720575941601211577,0.7561019482822503
720575941533212609,0.7560977175209722
720575941584951518,0.7560394779927242
720575941553014017,0.7559942820424143
720575941413185135,0.7559902976032509
720575941577093224,0.7559419429020979
720575941470395915,0.7559019125050414
720575941495663488,0.7557110771794565
720575941562467426,0.7556654348574852
720575941687535372,0.7556100211276019
720575941617257343,0.7555741911323949
720575941560056302,0.7555247782718807
720575941490753998,0.755481187576123
720575941595795612,0.7551139003259125
720575941515935834,0.7550855376990636
720575941555517523,0.7550020524945514
720575941595840668,0.7549157389729307
720575941579791093,0.7548957024300278
720575941476519476,0.7548956181023556
720575941600536361,0.7548909123936839
720575941612054374,0.7548872901270259
720575941573906280,0.7548557672396224
720575941449971549,0.7548550823144069
720575941601305273,0.7546281932954557
720575941601330166,0.7546276440579784
720575941414333073,0.754596765099962
720575941548641928,0.7545844537186358
720575941440165855,0.7545018189700924
720575941503715927,0.7543137408937051
720575941668693927,0.7540901484579
720575941513325914,0.7540008528181386
720575941412319889,0.7539045074237009
720575941546258612,0.7538938494997676
720575941573409462,0.7538627505540647
720575941458968260,0.753808081466392
720575941558004495,0.7537228542263666
720575941409951855,0.753627882483204
720575941603739833,0.7534931072862942
720575941611361811,0.7534540254828362
720575941574683549,0.7533114246633772
720575941454868787,0.7533034264729028
720575941513151953,0.7532445468011273
720575941689855707,0.7532041175549327
720575941650449941,0.7531231602285641
720575941430517774,0.7529780300383536
720575941478888099,0.7529547810943782
720575941405815726,0.752895890596232
720575941514101395,0.7527078677207331
720575941687899611,0.7526606208121067
720575941555513939,0.7525236437745478
720575941432106081,0.7524826382591497
720575941447405917,0.7524250224067377
720575941458177747,0.7522898347532301
720575941537621475,0.7522645959830249
720575941548867901,0.7521840637897188
720575941521943731,0.7521247412474104
720575941552471297,0.7519971716695786
720575941497413755,0.7518912202738378
720575941575270031,0.7518547665114025
720575941688267928,0.7518112059350719
720575941492309374,0.7517775826265435
720575941611698963,0.7517436700776678
720575941411840916,0.7516555837788342
720575941613252627,0.7514291495394221
720575941564709127,0.7512804265222929
720575941669069043,0.7512622716696595
720575941601284086,0.7512616469281208
720575941542799645,0.7509891168656858
720575941667189169,0.7508196844260594
720575941527245496,0.7507635545456097
720575941595814592,0.7506178482530885
720575941494699719,0.7505582661979561
720575941479196128,0.7504339809454085
720575941478402922,0.750359623841197
720575941537763197,0.7503470568415547
720575941437233452,0.75025588375166
720575941518853559,0.7501925103977294
720575941504442903,0.7501378850792898
720575941502698475,0.7501026225543843
720575941561390125,0.7499753447574803
720575941542481244,0.7497792009353486
720575941557193999,0.7497344699037574
720575941702064858,0.74964844802803
720575941505834078,0.7496300975825921
720575941732512555,0.7495612895344737
720575941450597710,0.7495415543960297
720575941602261182,0.7492805057077813
720575941427631444,0.749242868682447
720575941481060794,0.7490437364110138
720575941595913920,0.7489903100808348
720575941390634134,0.7489660409954788
720575941479160771,0.7489413026638486
720575941435721004,0.748884323176728
720575941570777672,0.7488740405529194
720575941590873707,0.7488349998461145
720575941520283383,0.7487898501150484
720575941558659885,0.7487872492525388
720575941614301593,0.7487588503451706
720575941529738955,0.748728986159431
720575941505292197,0.7486985876793832
720575941630149346,0.7486809960527936
720575941563311414,0.7486304593155443
720575941476140830,0.7486093432953902
720575941547162292,0.7485949484049945
720575941458792262,0.7485865068980994
720575941531579365,0.7485456315569042
720575941633107104,0.7485445739124765
720575941540278397,0.7485006416318053
720575941413837084,0.7483451914857064
720575941537694413,0.7482254858980286
720575941480534658,0.7480373420489654
720575941579749497,0.7478380173939673
720575941552487169,0.7478342214056884
720575941409987695,0.7478278141643314
720575941658018384,0.7477304949988127
720575941453968877,0.74770920920719
720575941404729712,0.7476123433344808
720575941458149279,0.7474431600610841
720575941437468991,0.7472734472946369
720575941507478145,0.7471513494378011
720575941628697570,0.7471167292208855
720575941503128626,0.7470676086852833
720575941568206894,0.7469147295140239
720575941539011989,0.7468272595772879
720575941535144163,0.7468109500740399
720575941572076445,0.7467965520018853
720575941410031983,0.7467527103780628
720575941623412844,0.7466604714980871
720575941530440376,0.7465955588876932
720575941507067159,0.7464801077552429
720575941572446110,0.7464358014743369
720575941633590715,0.7464316796256498
720575941632671980,0.7464075986891769
720575941503699543,0.7463575381171804
720575941611054154,0.7462922420938213
720575941562385927,0.7462475795511566
720575941557247759,0.7461714193200889
720575941460896269,0.74596878809974
720575941590342028,0.7458585851134819
720575941472141610,0.7458408991490009
720575941535107521,0.7458133246598602
720575941545396104,0.7457398013170206
720575941438483218,0.7455724454361365
720575941518787244,0.7453953533040296
720575941610069066,0.7453671174995687
720575941566774522,0.7451997633279275
720575941530169803,0.7451571748397362
720575941668553639,0.7451046181600739
720575941433366048,0.7451012411134371
720575941479178691,0.7450601762874905
720575941668318963,0.7450539890952564
720575941413952028,0.7449571751115406
720575941544778245,0.7449149293442929
720575941425019220,0.7448963875301955
720575941505316005,0.7447852638649404
720575941569014516,0.7446917486380917
720575941625708187,0.7445280974923426
720575941431908449,0.7444076384296754
720575941431091887,0.7443431389906444
720575941608720617,0.7443268396076845
720575941576044982,0.7442643303234975
720575941572860047,0.7441700145135919
720575941471240256,0.7437822467998605
720575941511278290,0.7437453508143856
720575941445229332,0.7437093398555538
720575941501702338,0.7437081494952519
720575941440287167,0.7436987765063116
720575941515592291,0.7435473452168936
720575941544566452,0.7435065448199463
720575941477140017,0.7433754603005862
720575941640119839,0.7432318881317894
720575941459712196,0.7432052970407631
720575941654539732,0.743026789912152
720575941491348684,0.7428842903616688
720575941448593845,0.7428327450591129
720575941563273526,0.7427236835335366
720575941572050077,0.7426509122437693
720575941546693225,0.7426297972622183
720575941660831356,0.7424243698652928
720575941474921537,0.7423279794423745
720575941545450120,0.7422827237638333
720575941459895366,0.742281261610923
720575941561763373,0.7422083788804871
720575941579617873,0.7422079988271496
720575941527002649,0.7421891625728123
720575941562519906,0.7421125197603383
720575941535938314,0.7420625572656224
720575941553338778,0.7419897972050996
720575941496667776,0.7419654210623943
720575941542471004,0.7419642215017622
720575941630809531,0.7418690149154024
720575941458792006,0.7417158772605016
720575941554522195,0.7416999553336673
720575941458794480,0.7416896818548436
720575941491116238,0.741591794043663
720575941571330811,0.7415314508960764
720575941579762421,0.7415233584544534
720575941513788492,0.7415231251189877
720575941429231969,0.7414966123172128
720575941458292127,0.7414286591499374
720575941553310362,0.7412681760838611
720575941563848034,0.7411106160215764
720575941402085744,0.7410677162612552
720575941654083284,0.740792425859205
720575941600540201,0.7405928282829468
720575941623329132,0.7405558585171582
720575941474519582,0.7405053275160203
720575941424948308,0.7404578330793524
720575941580680825,0.7403323707664872
720575941535411226,0.7403085793292554
720575941533738986,0.7402830599918334
720575941564123026,0.7402392670552516
720575941490637799,0.7401497560103093
720575941594215207,0.7401467207678023
720575941534767336,0.7401064030826427
720575941628376290,0.7400953239641346
720575941413930641,0.7398864322932999
720575941518824620,0.7398432041114901
720575941552451073,0.7397785084266147
720575941602717881,0.739760338986426
720575941631830469,0.739724347835287
720575941681003965,0.7396665720810314
720575941483302397,0.7396621295616396
720575941525201154,0.7396381943062941
720575941481025466,0.7396245148009954
720575941480920003,0.7396042968353731
720575941592816086,0.7395204224499241
720575941544720820,0.7394718263159992
720575941483697149,0.7393768931059795
720575941655827736,0.7393233258558992
720575941507218014,0.7392673565119268
720575941516054188,0.7392560270509012
720575941431156183,0.7391894059792431
720575941462502544,0.739075703966203
720575941545638505,0.7390693915076687
720575941685958774,0.7390426601806134
720575941573266102,0.7390190924868582
720575941479216323,0.7388684903627487
720575941558887981,0.738865499893167
720575941461243859,0.7387766764671033
720575941631010491,0.7387475384569855
720575941626858278,0.7386057274440198
720575941577739609,0.7384916234818728
720575941479176643,0.7384638298251004
720575941559303539,0.7384633109603996
720575941549578301,0.7383865205438694
720575941568700916,0.7383418799733747
720575941547304509,0.7383395321245518
720575941569583474,0.7382492281227021
720575941643446117,0.7382025707883281
720575941489860583,0.7380615192708849
720575941494955134,0.738034584719814
720575941540205005,0.7379828752699358
720575941440710863,0.7379526203528349
720575941490414901,0.737923660234509
720575941519207384,0.7379166665550451
720575941498007625,0.737910982010053
720575941475591530,0.7378994372734534
720575941542905629,0.7378600828246628
720575941511238928,0.7378541589295474
720575941532492005,0.7377792331459683
720575941477159454,0.7377742253337912
720575941721163834,0.737566301192182
720575941501802178,0.737502211904918
720575941457217094,0.7374372912120792
720575941690941080,0.7373519112237253
720575941458481619,0.7373468728620269
720575941546443625,0.7373424209014837
720575941438442002,0.7373318389267637
720575941505888350,0.7373161626573158
720575941595814336,0.7372606412464241
720575941513303033,0.7372142594928884
720575941524856164,0.7371132490815866
720575941554792612,0.7371045328192691
720575941496256481,0.7370822876259365
720575941474818100,0.7370407875354726
720575941487849936,0.7369306963336323
720575941476372532,0.7368682368130005
720575941575575400,0.736805134647566
720575941524119117,0.7364372947555353
720575941625384761,0.7362312721386057
720575941521587019,0.736113593329749
720575941687911151,0.7361069799455808
720575941525912486,0.7361014651624164
720575941529767812,0.7360200651978639
720575941514602499,0.7358353102889644
720575941557515635,0.7357738674482517
720575941563526144,0.7357646865186295
720575941596400028,0.7356489728700485
720575941490726631,0.7356430785330264
720575941479243459,0.7356065964652242
720575941528751032,0.7355471367578199
720575941584423007,0.7352643873462431
720575941416637468,0.7350707547273639
720575941566479463,0.7350426342209796
720575941679008445,0.7350169487010912
720575941483841090,0.7348346469047725
720575941551997183,0.7347639842409116
720575941526067481,0.7346977019634073
720575941643200673,0.7346481764475064
720575941687463948,0.7346387544099939
720575941599463977,0.7344860297546911
720575941521595211,0.7344629164131213
720575941432810638,0.7343480699548998
720575941438384658,0.7343264162237505
720575941479153091,0.7342610761003517
720575941475329083,0.7342436004196672
720575941474832193,0.7340368806142673
720575941469696477,0.7339706283288202
720575941542314757,0.7339267309174321
720575941649209365,0.7338419424206845
720575941687917531,0.7336172880689161
720575941477820546,0.733560395407102
720575941633243067,0.7334676069998732
720575941530154424,0.7334613445069743
720575941551434394,0.7333447549191682
720575941500963211,0.7332873792507913
720575941457968287,0.7332345608038408
720575941461239440,0.7330112006579041
720575941656068688,0.7329999302126511
720575941451701831,0.732967319830108
720575941545357161,0.7329585338141623
720575941663471996,0.7329086665953645
720575941481622458,0.7328502836434898
720575941572103433,0.7327607550768938
720575941623817468,0.7327190878213878
720575941561313069,0.7326386046882705
720575941551045631,0.7325406109368943
720575941488478414,0.7324767692704338
720575941654374100,0.7324719446019049
720575941601314038,0.7324616727601091
720575941572687247,0.7324425398372643
720575941574047336,0.7324368103310993
720575941445224618,0.7323562795946814
720575941488750540,0.7323499398241464
720575941578352885,0.7320028244130458
720575941554888612,0.7318225533328255
720575941577209945,0.7317607276104069
720575941684842479,0.7315942236269267
720575941561428013,0.7315697156982968
720575941447054261,0.7315405090430552
720575941443636906,0.7314872586993623
720575941560438131,0.731482230164201
720575941662388280,0.7314529021762528
720575941525347074,0.731413594879541
720575941654987225,0.7313812156425498
720575941642956664,0.7311568653012331
720575941540185213,0.7310674662347977
720575941503710551,0.7310503545919098
720575941501965106,0.7310478221726923
720575941543631721,0.7310388826953669
720575941687660556,0.7309992878939034
720575941504460357,0.730836154017539
720575941411519855,0.7307405347347544
720575941571620872,0.7306435677231138
720575941556314963,0.730610281843739
720575941668583335,0.7305814010527654
720575941510499088,0.7305472770998905
720575941604984173,0.7305356003105696
720575941560564136,0.7304308992492848
720575941574194427,0.7303619704288803
720575941458666707,0.7303287620630794
720575941552451329,0.7301880972385589
720575941439195221,0.7301240362030759
720575941585860998,0.729989717036184
720575941670647719,0.7299375095109631
720575941515622659,0.7298454421142384
720575941575721817,0.7298432075112031
720575941489746151,0.7298106643299342
720575941455601645,0.7298033564698067
720575941687328495,0.7297802966058339
720575941447622478,0.7297376844667359
720575941430150063,0.7297190799462918
720575941540125469,0.7295507927154119
720575941564788231,0.7295339721718994
720575941528429496,0.7293638370210593
720575941555212545,0.7292855244899807
720575941565392430,0.7292172256880837
720575941506357598,0.7290434096617469
720575941584932486,0.7288913126756067
720575941700609242,0.72878135452343
720575941597421980,0.7286982091898642
720575941480378054,0.7286892719846932
720575941519452014,0.7286753127003012
720575941513823308,0.7286044391205849
720575941566829306,0.7285356557929391
720575941393492374,0.7284553380761682
720575941540281213,0.7284548147735774
720575941497035643,0.7283765294106527
720575941537832317,0.728362428499782
720575941515911258,0.728336454149809
720575941498642850,0.7281925228860956
720575941458911814,0.7280169715475969
720575941521516107,0.7279806586310703
720575941460170195,0.7278768138448773
720575941490670793,0.7276873461599218
720575941502805591,0.7276708039902853
720575941588003908,0.727640285596171
720575941732546603,0.7275049898179818
720575941628684258,0.7274396453364886
720575941468707805,0.727422275812286
720575941478402154,0.7272878339371158
720575941571899805,0.7272785814042223
720575941588970308,0.7272066522578426
720575941585933190,0.7272010050885445
720575941498429563,0.7271620412734319
720575941539353981,0.7271468465315507
720575941411676561,0.7270664555233998
720575941491639271,0.7270455571699779
720575941431930721,0.7269416489762965
720575941414326673,0.7269102979275635
720575941515421443,0.7267010254506491
720575941439393343,0.7266642648245437
720575941564336128,0.7265750385828592
720575941559009262,0.7265267863177127
720575941496350177,0.7264200715533232
720575941472661307,0.7263920224238162
720575941563370038,0.7263814277993411
720575941507350306,0.7263581141523603
720575941501059723,0.7262254330012347
720575941469720541,0.7261648758328468
720575941566787066,0.7261361659071928
720575941438496735,0.7261133537368136
720575941639326837,0.7260721777937325
720575941543634949,0.7257804840906743
720575941491625959,0.7257640428729522
720575941390336260,0.7257156751595779
720575941625561196,0.72567848845689
720575941512455747,0.7256766660626423
720575941390280452,0.7256153852176468
720575941557617011,0.7255489808449601
720575941631683042,0.7254473515832419
720575941481345987,0.725335093426223
720575941574569224,0.725225709556205
720575941527011865,0.7251897251473939
720575941543648105,0.7251865872547472
720575941522797899,0.7251474747279839
720575941610686054,0.7251204613269747
720575941572147721,0.7250641512978103
720575941505596997,0.7249323395576741
720575941392034198,0.7249287307793126
720575941438662079,0.7249147744415563
720575941471268192,0.7249053128294165
720575941535228353,0.7248941091905892
720575941456001520,0.7247835663269854
720575941458810864,0.7246848778687428
720575941595290151,0.7246349096421307
720575941686077814,0.7246185428282166
720575941669841073,0.7245508150966289
720575941571589640,0.7245042830911991
720575941583290758,0.7244722348524848
720575941661467192,0.7244655133268149
720575941490647527,0.724462273757746
720575941644093266,0.7244517312728149
720575941537648867,0.7244427092209118
720575941528807608,0.724430179772777
720575941560612211,0.7244255855513518
720575941565475479,0.724360344794868
720575941438421292,0.7242913914093168
720575941494961534,0.7240220622155775
720575941553691876,0.723961975159724
720575941507235422,0.7239135987607586
720575941625307961,0.7238787395232317
720575941657730328,0.7238698242525858
720575941611542957,0.7238318358310691
720575941458858436,0.723819168266861
720575941490803888,0.7237805011885464
720575941604950893,0.7236378498724196
720575941408508587,0.7236331586435213
720575941667236273,0.7236240028491973
720575941491628263,0.723539168553231
720575941552629822,0.7235152298599412
720575941592547879,0.7234471122517255
720575941486583046,0.7234204122137377
720575941478194083,0.7233905152146707
720575941456347807,0.7233172357900939
720575941524179787,0.723291682849932
720575941571326024,0.7232131531642352
720575941449417550,0.723179137891782
720575941450967162,0.7231749383477712
720575941645063329,0.7231157185751326
720575941551621786,0.7231067073669866
720575941480482755,0.7230851144454861
720575941536228501,0.7228580948259967
720575941502890583,0.7228561367727233
720575941433358112,0.7227185331098237
720575941515624291,0.7226399987095538
720575941495994055,0.7226155747508209
720575941536233621,0.7225534201856342
720575941481085693,0.7224709389194279
720575941438845919,0.7223918270453018
720575941622252796,0.7223611356540165
720575941440987327,0.7223467464297333
720575941592333782,0.7222805578969457
720575941576828753,0.722168001614881
720575941530880131,0.7220293342749049
720575941438207711,0.7219469345170133
720575941552374273,0.7217390171508654
720575941507802896,0.721715788081059
720575941352944176,0.7214716813535581
720575941558740974,0.7214188152281668
720575941645114273,0.7212882196294584
720575941503689893,0.721210400012815
720575941438458386,0.7211162460481657
720575941534956481,0.7210320683808233
720575941594091397,0.721006489370503
720575941519467630,0.7210006461922929
720575941567110446,0.7209653921265329
720575941563806055,0.7209381743922089
720575941565507735,0.7209224846135633
720575941636263285,0.7208932067050676
720575941530185163,0.7208811838360569
720575941549082996,0.7207677189030266
720575941415465756,0.7207655838018502
720575941567651186,0.7206125826363765
720575941595547269,0.7206014902714096
720575941481990083,0.7205248252171828
720575941606079853,0.720441085315649
720575941644907384,0.7204132552139996
720575941464915990,0.7203977520732788
720575941569895412,0.7202936872979326
720575941615294105,0.7202860517026726
720575941644094625,0.7202299572751
720575941402136944,0.7201881403891051
720575941611660051,0.7199268260996644
720575941558562093,0.719906252739424
720575941438483474,0.7196573985981799
720575941507217989,0.7195752860288555
720575941450085703,0.7195481477120715
720575941535926282,0.7194709824101841
720575941439727311,0.7194663275497977
720575941352943920,0.719388441708637
720575941411719279,0.7190815578066541
720575941560438643,0.719051794340914
720575941350424112,0.7190111249371063
720575941510502928,0.718995254436401
720575941459028639,0.7189590505608987
720575941547178932,0.7187749375512051
720575941438729407,0.718710757590617
720575941574009014,0.7185147139179633
720575941521271475,0.718497644045478
720575941614794197,0.7184876995965148
720575941517449107,0.7184307628878436
720575941688648088,0.7184228262129793
720575941436692031,0.7184071883862476
720575941482028227,0.7183659149803183
720575941462487184,0.7183269006708511
720575941562363911,0.7182160918798269
720575941594153509,0.7181157550740586
720575941507209029,0.7180508575124258
720575941589981751,0.7179003658443163
720575941503458283,0.7178744621875585
720575941558332708,0.7178699489776593
720575941559965199,0.7178584697456194
720575941584928390,0.7177597382727903
720575941557245476,0.7176526297552324
720575941655503828,0.7175801529912551
720575941468683229,0.7175692048558131
720575941667647219,0.7175557837262351
720575941549899892,0.7175375589695419
720575941552542209,0.7175346282032905
720575941557349903,0.7175221277090525
720575941521073591,0.7174785417268432
720575941535018674,0.7174521123141551
720575941468292471,0.7173808694892532
720575941505095740,0.7171835085108355
720575941627984697,0.7171520034853848
720575941574653853,0.7171296786672051
720575941597268124,0.7170629424716393
720575941644897144,0.71703088245353
720575941468717835,0.716853238739373
720575941495701115,0.7167837678826036
720575941722212922,0.7166346305797049
720575941560578472,0.7166311937699374
720575941602318782,0.7165009636693479
720575941537008370,0.7164077273185638
720575941587304759,0.7163843660752983
720575941512873804,0.7161482954154226
720575941496701056,0.7161164972922303
720575941519463790,0.7159262470029633
720575941574414223,0.7159120438811901
720575941434487438,0.7158106281756151
720575941467117277,0.7157398521299977
720575941466413590,0.7156927667534608
720575941609335213,0.7156903396257882
720575941482137018,0.7153827815095769
720575941629731110,0.7152695246491106
720575941507979870,0.7152240540858064
720575941447800142,0.7152235265020211
720575941434383246,0.7151385363558433
720575941667119025,0.7151235001555101
720575941481947075,0.7148712763395245
720575941540206973,0.714783121113239
720575941595309607,0.7147693858921309
720575941390740118,0.7147276755564943
720575941503420866,0.7146660798313476
720575941475637297,0.7145673066158299
720575941474319675,0.7145184244260684
720575941685803126,0.7143269236308956
720575941503984727,0.7142275176147542
720575941654951385,0.7141785970312493
720575941538082453,0.7141331824144577
720575941477633760,0.7140588798290322
720575941549809982,0.7140558179854587
720575941668287987,0.7140385991271149
720575941521065399,0.7139965179196782
720575941457619359,0.7139724370161221
720575941432739726,0.7139003393981929
720575941669828273,0.713813463366916
720575941600548393,0.7137752273359259
720575941700619226,0.7136952057112651
720575941436765759,0.7136501564025328
720575941518344375,0.713634154102845
720575941523051511,0.7135405173795107
720575941515920730,0.713488287142731
720575941598621481,0.7134804376636746
720575941642478241,0.7133789331242578
720575941577119825,0.7133443625743499
720575941407794862,0.7133151137500414
720575941554550938,0.7131891503664584
720575941591266956,0.7131817285410575
720575941534821608,0.7130799943650716
720575941523106295,0.7128766062407357
720575941520029107,0.7128264118661296
720575941532431704,0.7127938860749572
720575941548889716,0.7126791073687856
720575941642997586,0.7125183794587915
720575941553537252,0.712510036678258
720575941470831680,0.7124281261516391
720575941536229013,0.7123320131947061
720575941526389124,0.7120121461202075
720575941642641825,0.7118261250502811
720575941592202198,0.7117493181016775
720575941536151957,0.7116814293385945
720575941546508321,0.7116654158892712
720575941444630442,0.7116171916550534
720575941435766060,0.7115561150200738
720575941452313257,0.7114404131561848
720575941409035691,0.7112638676817252
720575941590285096,0.7112557843768744
720575941552922686,0.7112371069043633
720575941565348103,0.7108845997343917
720575941430357385,0.710848928390866
720575941464164950,0.7106944878642497
720575941619924863,0.7106940634124121
720575941488102857,0.7106858215119037
720575941629775586,0.7106776765135208
720575941483860290,0.7106627749728874
720575941597645248,0.710595613008902
720575941642353784,0.7105838119079286
720575941625121674,0.7105807358903178
720575941613397267,0.7105232912546829
720575941519394158,0.710433999959845
720575941479796610,0.7103294796923939
720575941722053178,0.7103217814832844
720575941515920889,0.7103031165231951
720575941490412007,0.7102604755001258
720575941557341455,0.7102097649303957
720575941685702924,0.7101655753219267
720575941496977058,0.7101508060444274
720575941631437036,0.7100403792576491
720575941584466527,0.7099883594575062
720575941429473495,0.7098895843814194
720575941703186906,0.7097668746255144
720575941483681533,0.7097361120938379
720575941575396105,0.7093108276377832
720575941672023207,0.7093107412059108
720575941679007677,0.709258323359067
720575941685023727,0.7091739775504889
720575941526438276,0.7091396004260142
720575941577078097,0.7091364014797366
720575941505812062,0.7091019769639455
720575941513680131,0.7090766523145475
720575941639340405,0.70907560710532
720575941511439057,0.7088092409585448
720575941535127274,0.7087905073412306
720575941432965902,0.7086236153402906
720575941413870364,0.708369801307547
720575941482245318,0.7082973139377251
720575941563311158,0.7082544685851431
720575941549372159,0.7081323710090797
720575941602833337,0.7080366483820385
720575941503119154,0.7080137043401177
720575941642450021,0.7078939542540242
720575941441611355,0.7078803729001266
720575941510858768,0.7077854895139242
720575941436725311,0.707648414670032
720575941540254669,0.7074032993143796
720575941486557702,0.7073559357591072
720575941481007299,0.7073513376363622
720575941538114197,0.7073068877933743
720575941504464709,0.707181090412069
720575941569769374,0.7071778414415715
720575941489452341,0.7070835620382517
720575941468896832,0.70706941828595
720575941527209144,0.707052061711271
720575941562804631,0.706940752695676
720575941649801457,0.7068869308055269
720575941631437292,0.7067008131879087
720575941431038817,0.7066522834702192
720575941632091589,0.706603223355225
720575941703184090,0.7064181933676691
720575941564911714,0.7064128452108857
720575941555212954,0.7061535452578879
720575941589592574,0.7060645953231646
720575941524094797,0.7060392225376524
720575941543641349,0.706020088442047
720575941574253051,0.7060045676830924
720575941533345923,0.7059835659676521
720575941487873488,0.7059557608202073
720575941526700621,0.7059346346781747
720575941470726208,0.7059114629090596
720575941589994551,0.7058619245845781
720575941499404683,0.7058223195152941
720575941508290338,0.7057660305582555
720575941433462304,0.70553323791824
720575941449454414,0.7054223309006272
720575941511013708,0.7053822804319204
720575941494121344,0.7053361774118058
720575941478608207,0.7052810802611804
720575941622236924,0.7052417431256811
720575941589962380,0.7052407940291111
720575941649945329,0.7051066034045913
720575941576934133,0.7050646040975833
720575941459917126,0.7050502749998799
720575941456448927,0.705027427354792
720575941490092238,0.705009564136556
720575941567112306,0.704977928872163
720575941474531870,0.7049596490962117
720575941661275704,0.7049434543129312
720575941466439958,0.7049379052131532
720575941458132895,0.7048304063828364
720575941497037218,0.7047753000627789
720575941471146103,0.7047680193177608
720575941531070923,0.7045911672910842
720575941574724617,0.7045072218469255
720575941501933250,0.7044951783904768
720575941628645346,0.7044180826286933
720575941517062803,0.7044146165066333
720575941630945733,0.7043008852910398
720575941547287101,0.704235540515033
720575941450875258,0.7041803195008127
720575941589995319,0.7040546520557684
720575941590294824,0.7040241836027913
720575941491129038,0.7038377307147979
720575941392658582,0.7035745455417276
720575941461232083,0.703538818615849
720575941575526760,0.7035163392233497
720575941437391378,0.7034227964370815
720575941513974851,0.7034119911722274
720575941527948932,0.7033796701080031
720575941611946669,0.7032463276577111
720575941446729748,0.7032027358770648
720575941547384381,0.7031495140424662
720575941585297286,0.7030770224493536
720575941458975428,0.7030063109243032
720575941603744441,0.7028953881422265
720575941722189370,0.7027835232065162
720575941688167832,0.7027119913431462
720575941644347848,0.7025829544555893
720575941572194825,0.7024704195193878
720575941626254986,0.702408481063299
720575941528447435,0.7023317373761375
720575941427899220,0.702251322434244
720575941468724235,0.7021024082164246
720575941539040405,0.7020671643796866
720575941555523667,0.7020063603826542
720575941518769580,0.7019380999701899
720575941448037725,0.7019275699465564
720575941576807669,0.7018778336120859
720575941562115840,0.7017529676309229
720575941441618523,0.7017193917300376
720575941514096019,0.7015588565197964
720575941555519315,0.7014270216927604
720575941660889724,0.7014222760898451
720575941623557484,0.7014169425029199
720575941583368543,0.7013469475267733
720575941656324944,0.7013353993821484
720575941562956183,0.7012997431682398
720575941610031434,0.7012681313844482
720575941652311513,0.7012333016666538
720575941450529193,0.7012240858679251
720575941547335284,0.70112259759398
720575941459655568,0.7010426605907304
720575941447785236,0.700852970624576
720575941452176041,0.7008182402201264
720575941458812742,0.7007958682893346
720575941532415363,0.7007937595463172
720575941506085189,0.7007724368518333
720575941555497555,0.7007638313402897
720575941470212471,0.7006986520133822
720575941526133581,0.7006565544053306
720575941477570784,0.7005570937379167
720575941496015559,0.7004276687835947
720575941630326213,0.700321265110742
720575941538750077,0.7002636025025925
720575941456067824,0.7002256657904121
720575941501800642,0.7000958353318183
720575941659115288,0.7000732013599683
720575941554765722,0.6999704499298056
720575941592411173,0.6999688262768251
720575941654998233,0.6999344288034184
720575941571335752,0.6998454905402249
720575941469018176,0.6996625900099991
720575941467287773,0.6996046962016313
720575941650848529,0.6994518043780381
720575941624983242,0.6991254416572857
720575941468700381,0.6990832331200314
720575941547150141,0.6990773219727229
720575941630003426,0.699064554787874
720575941665585139,0.6990068060355564
720575941610116426,0.6989445869456898
720575941574688925,0.6989353488542402
720575941531470821,0.6989093025303131
720575941565320238,0.698902630734165
720575941482476474,0.6988943975621505
720575941546186420,0.6988502308631139
720575941615267225,0.6987660305185198
720575941601333750,0.698749978839173
720575941576075446,0.6987410047188797
720575941440507483,0.6986218453839227
720575941441990607,0.6985623665379118
720575941439184213,0.69839711117789
720575941496600519,0.698286401639276
720575941513841475,0.6981991483481006
720575941571319198,0.6981733439299168
720575941508248098,0.6981361842845224
720575941576979793,0.6980773274230017
720575941470275703,0.6979837926889343
720575941574252283,0.6978301544302136
720575941614317075,0.6978217194766027
720575941503440578,0.6977693018072668
720575941656256336,0.6977374810646777
720575941575797337,0.6976537533048365
720575941471472395,0.6976436109833205
720575941457678576,0.6975798412738153
720575941518564531,0.6975267251732268
720575941614260755,0.6973846159701249
720575941414465684,0.6973398444164088
720575941485593094,0.6972294047323279
720575941496632192,0.6972126322767712
720575941703138522,0.6972121092152499
720575941639483679,0.6971870366123811
720575941457929200,0.6971525899501676
720575941435639084,0.6971265394241241
720575941588653964,0.696938179238433
720575941662374968,0.6967967940387482
720575941457800944,0.6965640143991313
720575941642444449,0.6965093732323364
720575941525727769,0.6964585937089232
720575941545314184,0.6964575772713483
720575941610941670,0.6964349495087658
720575941586409540,0.6964180824750296
720575941441961935,0.6964135701824397
720575941611258844,0.6963854652000941
720575941476532801,0.6963691317809588
720575941513164291,0.6963460004821878
720575941564426752,0.6963313832963909
720575941455232237,0.6962030360897546
720575941440728015,0.6962013025727055
720575941459359728,0.6961535922404448
720575941486581510,0.6961304065767903
720575941479139011,0.6961292790821239
720575941438913883,0.695745817402923
720575941408457902,0.6955806071617863
720575941503566757,0.6955172961101992
720575941518068696,0.695513875478059
720575941516584920,0.6954377558833817
720575941605006189,0.6952483359851146
720575941557579502,0.6951652197165834
720575941428352943,0.6950023376339004
720575941431138263,0.6948906524293663
720575941618919551,0.6947828370506056
720575941555493156,0.6947283218796582
720575941495496315,0.6946964394400055
720575941553338266,0.6946963269560318
720575941551976191,0.6945937841835226
720575941553466852,0.6945780758872262
720575941564848018,0.694435943228567
720575941579753973,0.6943797151059137
720575941484211642,0.694313955815326
720575941539723612,0.6941996510094586
720575941429488599,0.6939749898557612
720575941528557259,0.6938986393236868
720575941495621499,0.6938063867405624
720575941552926747,0.6938006767285018
720575941504471746,0.6937881598006498
720575941627612710,0.6937187452718379
720575941450556238,0.6936387635558433
720575941476034078,0.6930615603196442
720575941593516651,0.6929258401940636
720575941525779789,0.6928387655564399
720575941493349831,0.6927530481475319
720575941399164451,0.6927422132386906
720575941532386904,0.6927348422270689
720575941593877543,0.6920323731631134
720575941539688284,0.6919273257626563
720575941627125817,0.6918706741006955
720575941612568985,0.6918679947977519
720575941437338412,0.6918504994653938
720575941490409013,0.6918465990255691
720575941502007691,0.6918188294426122
720575941485242576,0.6916993023483984
720575941595426437,0.6916561642949999
720575941535150819,0.6914509213436424
720575941486424386,0.6913804390249396
720575941495728507,0.6913216575882766
720575941666790899,0.6912742655842459
720575941438427154,0.6912365269534566
720575941410088047,0.6911131113426728
720575941431154647,0.6910930345963123
720575941539006357,0.6910254008557014
720575941530206155,0.6909697526162679
720575941612590745,0.6909542848179779
720575941505830750,0.6909408870718879
720575941616501205,0.6909204220532309
720575941466751062,0.690919719465563
720575941503477739,0.6909064468139525
720575941507813392,0.690789255648834
720575941614314003,0.690722616766906
720575941428324344,0.6906022168946999
720575941611077450,0.6904013787136822
720575941572206345,0.6903731177494263
720575941643390408,0.6903082114596863
720575941533203210,0.6901985373306172
720575941514047555,0.6901196885212179
720575941413893148,0.690032820704526
720575941535420698,0.6899573260456927
720575941544695476,0.6898580182280776
720575941550687037,0.6898395946529015
720575941523194187,0.6898241486226185
720575941507224133,0.6898116292001569
720575941592568357,0.6897244975508094
720575941432274903,0.6896995770611669
720575941576043702,0.6896734857656304
720575941609460141,0.6896034234416588
720575941410061167,0.6895882841802271
720575941641621330,0.6895855329506722
720575941492200368,0.68951259269129
720575941459583632,0.6893862840429655
720575941434943776,0.6893217013774386
720575941625808330,0.6892526847074022
720575941425003604,0.6891408006762434
720575941352941360,0.6890226723149617
720575941481957315,0.6889657041060396
720575941514356300,0.6889655526145531
720575941522123595,0.6888304222385903
720575941592621861,0.6887716089734273
720575941543684201,0.6886656681023313
720575941571426206,0.6882697042267061
720575941538718706,0.688192782960164
720575941593433046,0.6881655032038464
720575941458304211,0.6880701533750094
720575941516095148,0.6880297137984688
720575941535511834,0.687786290267973
720575941623455340,0.6877809850698076
720575941536268786,0.6876210021172141
720575941661380476,0.6875235391942737
720575941573712054,0.687347105989899
720575941649726705,0.6871591541964126
720575941431932257,0.687126536160966
720575941485452685,0.6871140754661097
720575941608389194,0.6871098270418907
720575941486876112,0.6870666326548674
720575941471296096,0.6870412393460849
720575941589972876,0.6869662896091312
720575941429283681,0.686732991312205
720575941616497621,0.6867181801258458
720575941652225497,0.686627607683654
720575941457976479,0.6866027592016805
720575941453310121,0.6864634933003193
720575941623101898,0.6864031935222947
720575941496268361,0.6861727748860746
720575941405909934,0.6860743336921235
720575941607559533,0.685933002311557
720575941536110322,0.6858786938445504
720575941583601886,0.685872577043543
720575941614377881,0.6857755783405112
720575941592855080,0.685701933138885
720575941414228881,0.6856325500231448
720575941488598990,0.6854403852129743
720575941459438224,0.6854135868481045
720575941668293619,0.6854077182193283
720575941640448799,0.6853569061590927
720575941441612379,0.6852973525045489
720575941561406765,0.6851881854411883
720575941514603523,0.6849531216158633
720575941652162833,0.6849197374502632
720575941431017569,0.6848974401693679
720575941402383907,0.6848675282543827
720575941687554799,0.6848592124940565
720575941457677040,0.6848426241518505
720575941546711585,0.6848376174291
720575941483870605,0.6848059341497432
720575941649966577,0.6847759843859057
720575941670835623,0.6847600994327322
720575941588045566,0.6847157189502566
720575941603753401,0.6846749394231394
720575941504412951,0.6844362771925463
720575941579792117,0.6843708147955578
720575941585437662,0.6842318356996073
720575941629397996,0.6841929864618767
720575941503418172,0.6841167003225666
720575941432966432,0.6839018847799757
720575941533145537,0.6836967127795851
720575941350443312,0.6836127221792861
720575941614247443,0.6835294600529408
720575941534861505,0.6834907684146082
720575941649246741,0.6834869206194616
720575941507760656,0.6834465542705661
720575941514046819,0.683434247428904
720575941413896476,0.6834201599436972
720575941594853590,0.683413995889698
720575941581459039,0.6833889253187699
720575941592517925,0.6833458754306687
720575941488422965,0.6832982086804447
720575941651507217,0.6831902932367045
720575941555513427,0.6831484820816196
720575941496703104,0.6829097327527601
720575941407564718,0.6828068146145272
720575941573913960,0.6827956308411677
720575941536313842,0.6827762127269924
720575941660817020,0.6827127627371502
720575941536441330,0.6825814736013645
720575941560072942,0.6825640154036319
720575941530823811,0.6824091961639264
720575941612638054,0.6823557723395564
720575941595368662,0.6823530626603701
720575941579099001,0.6822653948904944
720575941456173983,0.6821801339540688
720575941458786288,0.6821279502747527
720575941513240666,0.6819634506912332
720575941495704443,0.6817507785853382
720575941457339117,0.6816632126416632
720575941351912496,0.6816306086773273
720575941553424211,0.6815983262998264
720575941639481887,0.6815973303772279
720575941548498721,0.6815906880890927
720575941566813690,0.6814883458045796
720575941464929046,0.6813233144805583
720575941411782036,0.6812440428483418
720575941508443090,0.681229489088701
720575941517831084,0.6811039554211844
720575941514039187,0.6807214817503056
720575941609006410,0.6806036484979344
720575941509003792,0.6805883959223237
720575941621618684,0.6805646630903965
720575941476220481,0.6804830500685082
720575941590040204,0.6803752555359913
720575941515945977,0.6803537262139757
720575941518551475,0.6803469904879583
720575941399292707,0.6803229420299496
720575941501090647,0.6803224199460791
720575941623072970,0.6803116678418817
720575941524040269,0.6802066632981737
720575941433438240,0.6801326137974021
720575941563984950,0.6799578496770953
720575941558333220,0.6798926483446582
720575941595205413,0.6797673077937069
720575941700434394,0.6796834557124034
720575941551960319,0.6796614438133812
720575941456166047,0.6796458582109708
720575941531475173,0.6795886706259597
720575941529805240,0.6795320407049987
720575941431628129,0.6795267481083134
720575941652626193,0.6795217871914845
720575941519786679,0.679501620131962
720575941574352797,0.6793787382729934
720575941481086205,0.6793763130911618
720575941352922928,0.6791386096725818
720575941609303469,0.6789487045080356
720575941553564388,0.6789333432906155
720575941499607521,0.6789167578657226
720575941538077426,0.6788757116633952
720575941519249624,0.6786943239449109
720575941626243978,0.6786000519341827
720575941497292923,0.6783943582737265
720575941548867389,0.6783406721067932
720575941489314613,0.6781071689768449
720575941595475845,0.6779892290366446
720575941642692040,0.6779852122029381
720575941573997928,0.6778809995528016
720575941430956641,0.6777968920665438
720575941530166731,0.6777678762769084
720575941642536609,0.6777077805149733
720575941571501819,0.6776860677990373
720575941572770703,0.6774815851591061
720575941512643916,0.6773136776880574
720575941390292996,0.6771770489480924
720575941505972609,0.6771643987425706
720575941517694380,0.6771330651649827
720575941524056420,0.6771113124239205
720575941597814313,0.6769227598086668
720575941624130698,0.6768428071243688
720575941489387061,0.6767593290278636
720575941545374825,0.676713841490099
720575941392697238,0.6766987996451215
720575941617325695,0.6766118355899055
720575941482004163,0.6763825916787443
720575941561319725,0.6761192011627865
720575941493480391,0.6760406052734399
720575941593912790,0.6759936241704129
720575941471145335,0.6759886409539021
720575941426736724,0.6758320144413612
720575941732169259,0.6758109335674044
720575941536965781,0.6757065896151268
720575941534912344,0.6755959399242355
720575941687525388,0.6754347539002404
720575941637780255,0.6753919414674785
720575941687455244,0.6753646338440016
720575941439314005,0.6751115451575495
720575941532387306,0.6750509559639872
720575941496364769,0.6750304441184015
720575941549987700,0.6749034823220408
720575941547189384,0.6748429082695018
720575941600522793,0.6747777454660109
720575941476081713,0.674718179574863
720575941678577341,0.6746935760478453
720575941629405164,0.6745813061570582
720575941449799605,0.6745204966653641
720575941414483604,0.6744821994372335
720575941485233616,0.6743598546056648
720575941539048434,0.6742216978481008
720575941477335860,0.6740245405569572
720575941591298814,0.6739646818252325
720575941478407018,0.6739439675212918
720575941434001550,0.6738985413910733
720575941486894800,0.6738166833663168
720575941482000067,0.6737407147103978
720575941507785232,0.6735055919854581
720575941574745865,0.6734939315834675
720575941552762963,0.6733720743790134
720575941525364994,0.6733559743017977
720575941503572133,0.6732356994539338
720575941612097811,0.6731653180367195
720575941558332964,0.6730368497521709
720575941535040234,0.6730229626308922
720575941540274381,0.6729897212907096
720575941567191598,0.672978557062146
720575941549488161,0.672958289795994
720575941471803712,0.6728768850182092
720575941645265784,0.6728200223334193
720575941474519326,0.6727274765157073
720575941657954072,0.6725133982132504
720575941493541063,0.6724970238748235
720575941534303576,0.6721489300710028
720575941501707714,0.6720809506886132
720575941586417118,0.6720004131423294
720575941440818639,0.6719291197360676
720575941502199275,0.6718950813127235
720575941480518786,0.6718827667349255
720575941657653528,0.6717501405256773
720575941546571700,0.6714710684769621
720575941577221465,0.6714525376942615
720575941608360522,0.6713987502136608
720575941429525463,0.6711648439535143
720575941520355575,0.6711538080448584
720575941623403116,0.6710600825870087
720575941453954867,0.6710399217568387
720575941629304812,0.6710366448802827
720575941607582317,0.6709495736217368
720575941474630442,0.6707817320642124
720575941663455868,0.6707225475616957
720575941529931749,0.6705961362499415
720575941602870262,0.6703539050101031
720575941505936663,0.6702369036495007
720575941566705658,0.6702028895342669
720575941534340289,0.6700481438806786
720575941588689292,0.6700424912154956
720575941513295450,0.6700125774725204
720575941659042328,0.6698523964118084
720575941456310175,0.6698218748483068
720575941502559426,0.669734387630679
720575941652216597,0.6697253334082326
720575941410004079,0.6696635375254013
720575941669857457,0.6696582554103039
720575941504440133,0.6694018348634996
720575941610042029,0.66932742283766
720575941569349626,0.6692363662297857
720575941546447465,0.6692039100912957
720575941350444592,0.6690253447416897
720575941535190499,0.6689493685628106
720575941502877527,0.668919845192508
720575941455598061,0.6688823044448324
720575941592568869,0.6686569039379924
720575941602321598,0.6685946194952593
720575941574383247,0.6685239819174346
720575941490407989,0.6681291609208595
720575941575688808,0.6680871593791422
720575941457108038,0.6680641525067224
720575941535551514,0.6679315732827121
720575941525941581,0.6679053164981792
720575941411673711,0.6678115873978208
720575941471132535,0.6676600690404151
720575941542866973,0.6676318556751916
720575941468970304,0.6676282366304195
720575941475452468,0.6673800086964262
720575941553497939,0.6673567922142712
720575941678510525,0.667349146950767
720575941559561454,0.6670018326742582
720575941612790035,0.6669456180224879
720575941506855262,0.6669156164666729
720575941449293946,0.6668909973534713
720575941667358963,0.6668899993032029
720575941488392245,0.6668779390283512
720575941643958904,0.666834662825105
720575941679685309,0.6668129933602139
720575941486552070,0.6665900456351852
720575941563119970,0.666480693165969
720575941468998720,0.6664586182054004
720575941451785031,0.6663455946849858
720575941524120676,0.6663104877281997
720575941428403081,0.6662158023497765
720575941551597210,0.666163580429767
720575941568245618,0.6660736319383518
720575941527825062,0.6660572406319146
720575941518834348,0.6658767566413368
720575941564236130,0.6657775067932311
720575941605081453,0.665654733000018
720575941653452249,0.6656184860734805
720575941503466917,0.665514320081458
720575941457663984,0.6654759774172
720575941408493103,0.6653901081744255
720575941507257157,0.6651690235687197
720575941478187841,0.6650874077168085
720575941612076646,0.6649851571675625
720575941610482140,0.6648463702768751
720575941729985835,0.6646781284744399
720575941623034058,0.6645618699514275
720575941668772785,0.6645546819240085
720575941552245822,0.6645268395633047
720575941449922894,0.6645156717228616
720575941593469803,0.6644921815177274
720575941496443361,0.6644140136777684
720575941546654497,0.6643986007633429
720575941549960052,0.6643945689551137
720575941414273937,0.6643476626540097
720575941512020178,0.664291029149241
720575941452213811,0.6642608329518859
720575941596492480,0.6639935175052031
720575941595299111,0.6639887146760527
720575941651035633,0.6639806635652972
720575941408480815,0.6636672895983633
720575941685010159,0.663522338657112
720575941474449457,0.6634944928287579
720575941611623443,0.6634657751637097
720575941577677657,0.6633778725680812
720575941480158799,0.6632932513987196
720575941509355536,0.6632775667435225
720575941583410015,0.6628450432146707
720575941532483813,0.6628399771271458
720575941525308582,0.662753342374226
720575941529197496,0.6626020223504289
720575941593980293,0.6624057304299384
720575941413952540,0.6623996660725583
720575941441591643,0.6622969673642838
720575941480374726,0.6622950832596963
720575941669833905,0.6622640988874483
720575941447811406,0.6622162834953889
720575941532440810,0.6621978761962202
720575941655896344,0.6621420277651058
720575941640466463,0.6619854282647184
720575941438373420,0.661841844155399
720575941518440814,0.6617633949091042
720575941515682819,0.6616788620432725
720575941633087648,0.6615894267203964
720575941546193332,0.6613615981263179
720575941659827512,0.6613523969903954
720575941511088204,0.6612858991505421
720575941447809812,0.6608988157910759
720575941456279021,0.6607445607650185
720575941598915008,0.6606505690608644
720575941506013975,0.6605865922150161
720575941481072893,0.6605274948063654
720575941555553363,0.6605151750043206
720575941572069129,0.6602081095756233
720575941559306355,0.6601220138922366
720575941568170542,0.6600911020361314
720575941665356787,0.660063127874274
720575941626759532,0.6599865786512653
720575941532534872,0.6599720060718794
720575941600782633,0.6595536145812371
720575941410034859,0.6591704537149436
720575941688448268,0.6590779690496857
720575941546767649,0.6589813750746351
720575941526660098,0.6588160618142647
720575941405843759,0.658807462640596
720575941488474318,0.6587195440902772
720575941645048993,0.6586597751466612
720575941533960938,0.6585254506553885
720575941650403861,0.6582552111688051
720575941495642752,0.6581257198667964
720575941540147229,0.6580234667266982
720575941611685139,0.6579816967711498
720575941602969846,0.6577614525383723
720575941448323509,0.6573075947505052
720575941633896891,0.6571644579610824
720575941506070657,0.6571372432653402
720575941661390972,0.6570992189623992
720575941461624845,0.6570487019389245
720575941645092769,0.6568684931290096
720575941562319879,0.6568346085140747
720575941462470544,0.6565086468173535
720575941636372085,0.6564671878139331
720575941438408511,0.6562730764224677
720575941441642843,0.6561990102885858
720575941623365996,0.6560821872393421
720575941541386076,0.6557923359024815
720575941527000857,0.655764434106618
720575941475950641,0.6557024093624646
720575941404713840,0.6555647328451735
720575941632897477,0.6554340208755002
720575941611369193,0.655393581507501
720575941649131285,0.655371753535171
720575941548073864,0.655333154826711
720575941523117815,0.6552309157202477
720575941437341228,0.6551939317558612
720575941456429471,0.6551928641646044
720575941529821368,0.6551483748316304
720575941405859631,0.6549676609989714
720575941492510590,0.6548975624729413
720575941433074446,0.6548860739519466
720575941451566714,0.6548718988654525
720575941508183586,0.654793943356825
720575941732543531,0.6547007805952637
720575941561420077,0.6543461004798481
720575941413448084,0.6543063702224554
720575941457499039,0.6543001788958677
720575941610567597,0.6541841346183949
720575941474442014,0.6541574205437852
720575941658937424,0.6540687960401247
720575941481937862,0.6538335905242606
720575941426696020,0.6537115842031432
720575941631750597,0.6534816418089425
720575941563226770,0.6532395216002539
720575941669856689,0.6531853836900688
720575941477365044,0.6531399395722234
720575941448594613,0.6529718098041323
720575941563850338,0.6528939946600227
720575941723679802,0.6527295415334858
720575941534305880,0.6526517670942003
720575941405895342,0.6526104252343389
720575941519428206,0.6524981490495202
720575941625333561,0.6521902154475895
720575941621704700,0.6520066179840909
720575941592166614,0.6519991012738735
720575941537809021,0.6518803448133649
720575941566889006,0.6518515442885349
720575941571946909,0.6518345334633192
720575941543511657,0.651790915453571
720575941540077341,0.651753704735454
720575941637979423,0.651612572938867
720575941462501008,0.6515651932698228
720575941447057077,0.6513728465717935
720575941447289181,0.651366791285252
720575941551983871,0.6513120766392596
720575941609374125,0.651178866180853
720575941515949817,0.6511245923189081
720575941611705619,0.6511237298930783
720575941438932059,0.6509752604813827
720575941461248211,0.650926005803726
720575941525147558,0.6508790661064539
720575941557573870,0.6505991204232474
720575941549489697,0.650362402072513
720575941477614560,0.6503401291296738
720575941493410503,0.650330976702488
720575941412578927,0.650259562835131
720575941453978861,0.6501746523254274
720575941508299810,0.6501373565724462
720575941496237281,0.6500879305709956
720575941626940966,0.6500208383768552
720575941517814444,0.6496622208886282
720575941729985579,0.6495034429444665
720575941428279544,0.6494918713427513
720575941477131550,0.6494575378370833
720575941566486631,0.6491215053655341
720575941528399051,0.648924772970987
720575941436205868,0.6488040314649919
720575941503132722,0.648732451920335
720575941539778652,0.6486824844849943
720575941438421036,0.648646290317463
720575941533111474,0.6484917802122946
720575941432264407,0.6482220253022555
720575941557235236,0.6481916348780352
720575941497290875,0.6479715798710532
720575941435309966,0.6479012731093459
720575941625549211,0.6477663053195057
720575941350420016,0.6477292448537755
720575941521020407,0.6474596358468977
720575941472597307,0.6473535207438952
720575941504434114,0.6472868410698539
720575941537831144,0.6472821707251751
720575941465765206,0.6472293505651472
720575941487818293,0.6469027185233073
720575941591873064,0.6468735947152355
720575941567461626,0.646790333684238
720575941659735096,0.6465004982106758
720575941432890583,0.6463967194597445
720575941603734457,0.6462379382370514
720575941430107640,0.6460670558164908
720575941657879632,0.6458474594972375
720575941610455273,0.6456926557011744
720575941631014882,0.6456220334002898
720575941491068725,0.6456130105491712
720575941610876390,0.6455508701397122
720575941571968413,0.6452822225970598
720575941515600227,0.6452458623953637
720575941574698249,0.6451992657822896
720575941566814714,0.6451864312899401
720575941498006857,0.6451647907809571
720575941558624813,0.6449639201640229
720575941496950178,0.6448205645584124
720575941510366162,0.6447927648251702
720575941549931837,0.6447889087934712
720575941480514434,0.6447629994075282
720575941723208762,0.6445763134452909
720575941526736740,0.6445441099168309
720575941548494881,0.6444388355320919
720575941688270744,0.6438719423938527
720575941445208340,0.6438237581462483
720575941498958665,0.643646934561779
720575941564134546,0.643646485097585
720575941449753269,0.6430780199285719
720575941517670828,0.6428439556141153
720575941547366516,0.6427441134691277
720575941476987953,0.642656677794118
720575941638346613,0.6425954526155417
720575941571878813,0.642458244987202
720575941577657689,0.642452234034212
720575941534136298,0.6423388842747597
720575941450546254,0.642170898603025
720575941622793212,0.6421311955347832
720575941472603963,0.6420976876893001
720575941637957407,0.64199919275114
720575941574163451,0.6419835690001758
720575941511168588,0.6419668758536896
720575941690031000,0.6419087558213307
720575941504343365,0.6418567417871648
720575941438642879,0.6418377458285459
720575941520046007,0.6417916930173055
720575941530676099,0.6416152949721
720575941592573221,0.6414450826227092
720575941628647138,0.6413892098385386
720575941638189173,0.6411988548065133
720575941483505082,0.6411324311773134
720575941436380690,0.6410664863608957
720575941407294638,0.6407537092379053
720575941505264188,0.6407111159756239
720575941567087730,0.6405829116583489
720575941532424170,0.6405651678691675
720575941575918425,0.6405227435617303
720575941621675516,0.640509690743858
720575941684913391,0.6403728632283873
720575941572674555,0.6401026947029407
720575941616442837,0.6396177612162924
720575941551713342,0.6394306359580625
720575941449276538,0.6394251479746629
720575941445350164,0.6393478233626098
720575941426691924,0.6392362885892429
720575941680083389,0.6391783506752413
720575941551048447,0.6391109451814359
720575941629314540,0.639091979687217
720575941452311977,0.6390740023024309
720575941563947830,0.6390425042209187
720575941411552111,0.638916943649178
720575941625889418,0.6387766541618124
720575941416656924,0.6387399471282189
720575941481972931,0.6383663178630887
720575941603753913,0.6382282367932108
720575941557884398,0.638170505013437
720575941479723427,0.6380548613597905
720575941483818818,0.6379029607368973
720575941567687156,0.6376147773280825
720575941461633220,0.6373586662222387
720575941564369408,0.6372797904941483
720575941679003069,0.637139428698203
720575941593275249,0.636707369658667
720575941525792356,0.636583768056302
720575941477189662,0.6365742795223595
720575941653191153,0.6364434000826524
720575941627735846,0.6363513853977805
720575941678533309,0.6361332987726382
720575941552996379,0.6360182797030487
720575941529857509,0.6353278015129817
720575941525240486,0.6350728562808092
720575941407052847,0.6350670849879525
720575941457187142,0.6350035905384495
720575941412310929,0.6349604989320676
720575941612574361,0.6348892806931088
720575941722049850,0.6345642352241019
720575941573590523,0.6343638575174113
720575941502573803,0.6343623196880295
720575941593904342,0.6343359879821515
720575941688488972,0.6342957411910092
720575941471932224,0.634259959936236
720575941496162633,0.6342583141162801
720575941562489186,0.6342432148062807
720575941598665664,0.6339011539834969
720575941564419584,0.6338244048898953
720575941730021931,0.6337842912273755
720575941561208232,0.6334289194401468
720575941610073958,0.6333955380938951
720575941571502075,0.6332352696936934
720575941587314743,0.6331488487245658
720575941536218354,0.6331459784417265
720575941623361947,0.6330897076004589
720575941655526868,0.633040135016026
720575941501559787,0.6329187772237745
720575941519977143,0.632766191863004
720575941527690628,0.6327556930191106
720575941601348342,0.6326406704663925
720575941592627493,0.6323923076156893
720575941567146228,0.6323577722621235
720575941629771234,0.6323226044705209
720575941703181786,0.632217519763913
720575941495665787,0.6321154862048224
720575941514064275,0.631887779911141
720575941690032792,0.6318013239769409
720575941535092963,0.6317352813727949
720575941584447839,0.6316871344222462
720575941566679598,0.6312268424107156
720575941537597389,0.6311867214013075
720575941480772259,0.6311251874422313
720575941558545709,0.6306907992077396
720575941519961271,0.6304962426078362
720575941613433308,0.6303694913384554
720575941594308721,0.6299590514124155
720575941518437230,0.62967807000657
720575941610561756,0.62966055859213
720575941612073574,0.6293681006518933
720575941558326052,0.629282397374519
720575941640954981,0.6292505622134548
720575941503523051,0.6291026301407501
720575941576990289,0.6290535879331057
720575941504425239,0.628975468494816
720575941644894328,0.6289196082187536
720575941549718334,0.6289149194422191
720575941501092951,0.6287273129811827
720575941626267786,0.6286243571708044
720575941489345589,0.6285315496566556
720575941416482844,0.628511249768197
720575941471926592,0.6279027166081044
720575941564211719,0.6277913536445969
720575941608324717,0.6277241455128844
720575941670593703,0.6276365446494075
720575941651598321,0.6274691109161701
720575941654938585,0.6274126021726799
720575941538289379,0.6271204837675629
720575941471168119,0.6270943242897048
720575941576493657,0.6270356534061051
720575941489670857,0.6269785666441942
720575941557155855,0.6267834605008935
720575941490713033,0.6265816021115111
720575941501934423,0.6261580781026491
720575941594855281,0.6259491504802227
720575941584765918,0.6257831688136367
720575941475714865,0.6252607474555643
720575941569721502,0.6252474632362113
720575941436280864,0.6252115629803748
720575941572231177,0.6251534685602851
720575941602938870,0.625084011872263
720575941480070223,0.6249279626680238
720575941557506286,0.6248306343411041
720575941483868346,0.6247904731628251
720575941564551575,0.6244797770546807
720575941611750419,0.6241873049289302
720575941549359103,0.6240540905560986
720575941504512050,0.6239648814442618
720575941563329078,0.6237916313524545
720575941610039981,0.6236810324630496
720575941571520776,0.6231894655221831
720575941616467669,0.6231308387415534
720575941461368976,0.6225299936439186
720575941548953917,0.6221705905319946
720575941410018159,0.6220902373469643
720575941430472801,0.621911069287283
720575941526134093,0.6217462579845076
720575941687658252,0.6217314779046181
720575941459526032,0.621251273376857
720575941573464328,0.6211607627035557
720575941622898172,0.6210831485105912
720575941507543425,0.6208316035345377
720575941486437186,0.6208147678234125
720575941533790746,0.6208137964804289
720575941413451156,0.6207941230460222
720575941456322207,0.6207472007013406
720575941595456389,0.6205111062176227
720575941462142864,0.6204344079914618
720575941390702742,0.6204225395609105
720575941461664964,0.6200705468149365
720575941438469932,0.6199448611252285
720575941474620970,0.6197379754151598
720575941511480529,0.6196287774845098
720575941549643838,0.6195591696018513
720575941526693476,0.619505093510596
720575941501352535,0.6193413569457187
720575941592636199,0.6192223599924138
720575941575517288,0.61918970401841
720575941483695869,0.6191634728130725
720575941399339811,0.6186587891975983
720575941549676606,0.6184937445393555
720575941533043466,0.6182777117751013
720575941547115656,0.6181035859784727
720575941483513274,0.6180250282971395
720575941538275555,0.6179335801102492
720575941570781768,0.6178919187929707
720575941592458789,0.6178504536976762
720575941611963053,0.6174584612805847
720575941429476823,0.6168182398402476
720575941642368712,0.6162861275817597
720575941553339290,0.6159946334652515
720575941642425189,0.6158259096768371
720575941512496707,0.6157110846896288
720575941408442542,0.615307735192251
720575941503504956,0.6149940039222661
720575941439040975,0.6149789411749998
720575941642474952,0.614923794338081
720575941561197736,0.6149017735390208
720575941548073608,0.61482008995683
720575941610895277,0.6146748329886144
720575941469677021,0.6146720061101294
720575941502163947,0.614538983448323
720575941437658965,0.614486022592407
720575941554567066,0.6143522169846221
720575941559974159,0.6142336280508535
720575941662389816,0.6141381601567204
720575941535151338,0.6136414878614151
720575941595562885,0.6135506093949996
720575941552481281,0.613400726134948
720575941562065920,0.6131130618025371
720575941405878831,0.6125756209557218
720575941614265753,0.6123882962911511
720575941456315039,0.6123879810497274
720575941510502416,0.6117117505034851
720575941543660220,0.6116505283221071
720575941488698572,0.6115720715212454
720575941535565505,0.6115409725395395
720575941575823449,0.6114745189237774
720575941630174917,0.611465056073634
720575941515924058,0.6110975553646923
720575941474742075,0.6110698577536364
720575941657329488,0.6106949458306384
720575941476556609,0.610251754733474
720575941689668059,0.6101609473263339
720575941437187116,0.6099285961834973
720575941566502247,0.6098059869087332
720575941702153178,0.6096268422856921
720575941437376786,0.6095176382136733
720575941547199549,0.6093272197289787
720575941411225771,0.6090609169660663
720575941428244216,0.6089763178403999
720575941550987143,0.6089365102226628
720575941437638741,0.6087355182685396
720575941458329811,0.6086929185609761
720575941540284109,0.6083501751687189
720575941508353490,0.6082858725113567
720575941508526721,0.6082326086629498
720575941449653853,0.6080823716599071
720575941442637519,0.6080425006777893
720575941390358788,0.6079457111464068
720575941496278241,0.6078634479362124
720575941469354251,0.6075535241272264
720575941485167824,0.6075043845555222
720575941593817302,0.6072679077175358
720575941632048108,0.6071917112151649
720575941560409715,0.6071790124831137
720575941595895708,0.607003066066519
720575941524649474,0.6068469360203563
720575941456988575,0.6067783637760686
720575941505773185,0.606556837620726
720575941448056413,0.6065039748399683
720575941592461093,0.6062097018219155
720575941474937153,0.605862554612838
720575941560635816,0.6057412334947212
720575941601097401,0.6052647252079874
720575941477170718,0.605247762353634
720575941411207535,0.6051471241118935
720575941533223690,0.605117554857983
720575941471912000,0.6051014131101886
720575941451705415,0.6047958831238761
720575941658005840,0.604311904899271
720575941477271361,0.603968727468876
720575941536288405,0.6038484459381774
720575941436628799,0.6037645095189909
720575941528718008,0.6037296974983474
720575941614478489,0.603709836083262
720575941481810255,0.6035638466416838
720575941625952923,0.6031169283011046
720575941477327924,0.6030323402327877
720575941573296822,0.6028411415383838
720575941702096602,0.6027659731167768
720575941524054861,0.6027378057581374
720575941506315173,0.6024271564647627
720575941611951789,0.6021598627540498
720575941566403431,0.6020733450425516
720575941528395723,0.6019614466278826
720575941610358761,0.6019511743208446
720575941628583206,0.6019439223081348
720575941411669649,0.6016707038239123
720575941508492673,0.6010356524461605
720575941547377725,0.6010324483887772
720575941686910191,0.6005794140094601
720575941485592838,0.6005561007179016
720575941587344695,0.6004949765908933
720575941591746600,0.6004433425567779
720575941512935779,0.6001249785240698
720575941533604122,0.5999288980756659
720575941521242035,0.5999007551351039
720575941611369705,0.5998836020108201
720575941578486105,0.5997586053743209
720575941662694712,0.5992853246279948
720575941632063904,0.5988776138039378
720575941586448708,0.5979606979617323
720575941530866307,0.5979211738613089
720575941542169180,0.5978046303354477
720575941586475076,0.5973246874153295
720575941478122659,0.5971643389043187
720575941438904155,0.5968362707452401
720575941489763017,0.5965102799767741
720575941514695171,0.5964081258350762
720575941565513623,0.5963393809344867
720575941654986969,0.5962425483752798
720575941689974680,0.5958233571361768
720575941524140621,0.5957930801614177
720575941551657114,0.5955355127063415
720575941438756543,0.5952367658446002
720575941626043244,0.5949327170549583
720575941533930778,0.5948502879424884
720575941665510899,0.5942615425694933
720575941430149551,0.5942432657899673
720575941507815184,0.5941782728951488
720575941433014286,0.5940254324605162
720575941659328848,0.5938325496139489
720575941550660095,0.5937833903399568
720575941562366727,0.5931026258055991
720575941447700405,0.5929554224811479
720575941651625457,0.5928958425684908
720575941431086551,0.5927155694580201
720575941592911400,0.592220244389466
720575941686474764,0.5921606110927072
720575941440755663,0.5916156730874489
720575941592242902,0.5913427715055308
720575941602465214,0.5913259349452066
720575941505020325,0.5912110883200059
720575941642506952,0.5909875628035245
720575941524186187,0.5905537156867359
720575941461305488,0.5905163329857734
720575941511264466,0.5904010859043054
720575941449038429,0.5900329997785603
720575941576045494,0.5891627896659893
720575941655800088,0.5889569976902417
720575941688219288,0.5884555528608006
720575941505857921,0.5880869478042114
720575941488452046,0.5876814381234995
720575941583153798,0.5876224395480293
720575941529876197,0.5875708531415796
720575941629395948,0.5874903520976333
720575941593961686,0.5870093587890679
720575941652643313,0.586756753226785
720575941542830877,0.5865212480535484
720575941429160545,0.5863755045255385
720575941449244538,0.5859748087170589
720575941564121746,0.5858113577254689
720575941540248957,0.5850325453266373
720575941688019062,0.5849244996810687
720575941551951359,0.5844931814482258
720575941508463826,0.5843403063876111
720575941514058307,0.5843356882882522
720575941515933018,0.5840352166141741
720575941479902371,0.5836753930817183
720575941479241411,0.5835735558789769
720575941547404148,0.5834233119348535
720575941391777540,0.5833039985116841
720575941562209938,0.5831636025246137
720575941561916416,0.5826012443341785
720575941655807188,0.5825111467619302
720575941438414610,0.5822042925523909
720575941492286078,0.5820726307458305
720575941477294644,0.5816873084190965
720575941477547841,0.58160881528224
720575941680809917,0.5815893862921794
720575941536475624,0.5815704284293395
720575941438659931,0.5815136002686487
720575941723204666,0.5808046622034513
720575941476173105,0.58060954726381
720575941496644224,0.5801507313212496
720575941731769899,0.5798765297247653
720575941609561190,0.5789880755582911
720575941550930175,0.5788778571258351
720575941561421458,0.5786192589280479
720575941606642285,0.5782863556362503
720575941544219068,0.5780575716024317
720575941449863495,0.5775796585536296
720575941515912282,0.5774266401635463
720575941633566395,0.5773040694972275
720575941351909680,0.5769297782504024
720575941612579993,0.576904770524641
720575941665281011,0.5767337952380616
720575941550890239,0.5766721710145665
720575941553558756,0.576241484476871
720575941628442082,0.5759726605049011
720575941433498656,0.5759322697749157
720575941504463810,0.5759214013342061
720575941590774924,0.5757849777879828
720575941652567281,0.5756123052763523
720575941667236785,0.5751865783527423
720575941569596830,0.5751280922192605
720575941523908610,0.5750478267003337
720575941552592519,0.5744298693579801
720575941561958144,0.574102903337918
720575941558607917,0.5735871616701477
720575941490356428,0.57315206538897
720575941534763240,0.573055980180047
720575941507292706,0.5730340992633219
720575941425056084,0.5729440343030505
720575941428378031,0.5724620233536584
720575941411805332,0.5724033230251505
720575941549963124,0.5721479342764327
720575941503486699,0.5715051705897973
720575941494009982,0.5709906075900679
720575941440865231,0.5709300275554245
720575941525713410,0.5708047264452821
720575941441276607,0.5706761595340335
720575941480250080,0.5705280080521178
720575941504686652,0.5702208934340868
720575941642442913,0.5701744669071204
720575941589487500,0.5701457763034891
720575941505970561,0.5700538046774904
720575941624168444,0.5700116515252565
720575941501058135,0.5697097977945852
720575941472436027,0.5678431990871258
720575941505209404,0.5678323358584538
720575941407340079,0.5677827569040389
720575941591532072,0.5677002093049527
720575941434483086,0.5676938379346252
720575941632317627,0.5672660902294231
720575941516750739,0.5670553400904904
720575941434845728,0.5668226774888496
720575941669260711,0.5668133844747586
720575941645259464,0.5664438478633049
720575941519992759,0.5663607309674847
720575941432074766,0.565994915463279
720575941657556816,0.5659465987222854
720575941408480683,0.5657207583310574
720575941574451343,0.5655014328558751
720575941543621308,0.5654067044915074
720575941454612717,0.5650547556511355
720575941564553479,0.56504316791859
720575941468942656,0.5642902768046967
720575941542431580,0.5641308018133425
720575941537892477,0.5639723634623219
720575941443858602,0.5639093123427102
720575941669813937,0.5635512215945472
720575941559153390,0.5631723972633038
720575941622999498,0.5630314606725921
720575941498932347,0.5630134981619502
720575941610080102,0.562892868231441
720575941489937358,0.5625787250193572
720575941611112934,0.5625194780555938
720575941457122374,0.5618428220524672
720575941531435237,0.5609071079299341
720575941561321005,0.5607824595593109
720575941561393965,0.5605289753789422
720575941436991506,0.5604476098277758
720575941630175685,0.5602404951436187
720575941521555019,0.5596299117911505
720575941687355766,0.5595641873011757
720575941511146828,0.5593091195228082
720575941597667264,0.559307737593631
720575941532440554,0.559206241319378
720575941413204625,0.5590560291246633
720575941455785709,0.5588594584148185
720575941573305270,0.5587115874471155
720575941623349659,0.558516762995574
720575941606545261,0.5576658806561864
720575941475793002,0.5571766560664906
720575941609404077,0.5567371385246155
720575941445310996,0.5565068310341003
720575941590549047,0.5561969717279274
720575941531292107,0.5560056267081278
720575941521264563,0.5558286153297727
720575941663467900,0.5554855269012109
720575941642166866,0.5545368041161286
720575941456664301,0.5544507110035545
720575941723218234,0.5544056386363998
720575941731770923,0.5542382538072106
720575941479468162,0.5536002939619815
720575941535102691,0.5525361203137967
720575941468989760,0.5520385237456478
720575941579926517,0.5516813734954759
720575941572056733,0.5516604959853065
720575941520130227,0.5510171615883519
720575941474746420,0.5505696036572422
720575941481960131,0.5492829077935564
720575941700500698,0.5484462346491891
720575941529921227,0.5481501922335115
720575941617237887,0.5478991802515337
720575941516095916,0.5476489953001538
720575941560402547,0.5476312096622022
720575941453283241,0.5472949411599949
720575941491175399,0.5465680485334078
720575941652916692,0.5461534024164714
720575941458808816,0.5460346197735153
720575941496614528,0.5459947906017294
720575941608905193,0.545853974334362
720575941592541223,0.5456301679993146
720575941508477313,0.5452816641389492
720575941600501545,0.5447738303980664
720575941535118058,0.5447440619386574
720575941687927003,0.5441516280003226
720575941611707923,0.5440862619673679
720575941562442338,0.5435359497354426
720575941643429221,0.5429907872836769
720575941574221563,0.5425371625710816
720575941476998193,0.542372271002807
720575941457981855,0.5417102666364333
720575941518412471,0.5415960404797278
720575941552935707,0.5401077887444634
720575941461258451,0.5395276935794262
720575941636491893,0.5391842070143706
720575941565510039,0.5387210024917749
720575941632684731,0.538620241213516
720575941449156986,0.5386018086094739
720575941504229911,0.5383798354539071
720575941494083712,0.5382794719113346
720575941654054105,0.5382668015061679
720575941559434611,0.5380668985781559
720575941450088007,0.5380346584179971
720575941645317832,0.5379074801197019
720575941458418387,0.5376859474665847
720575941489099495,0.5352124109915533
720575941431291095,0.5350558215031103
720575941488772044,0.5343042476027855
720575941573334344,0.5334846630166448
720575941629322988,0.5324681997167487
720575941628629218,0.5309118354545905
720575941504661061,0.5300963648049817
720575941441984207,0.5288160032218735
720575941537816213,0.5287203203790956
720575941602293177,0.5285025185116267
720575941479139523,0.5282481018940939
720575941610550236,0.5281155590355756
720575941574612637,0.5275391242930249
720575941407049775,0.5271176220040578
720575941510238930,0.5262659529399236
720575941578735349,0.5258172034211244
720575941447358557,0.5254127327559115
720575941526721380,0.523735357470325
720575941592616743,0.5233197119298155
720575941520027571,0.5232235557288261
720575941637954591,0.5215767179742299
720575941643469413,0.5213151956929079
720575941414483348,0.5211163171765529
720575941413677204,0.5177044216699506
720575941513386586,0.5172230488327723
720575941430552929,0.5167934117523459
720575941513230585,0.516563542849268
720575941686091894,0.5160904093308533
720575941543655173,0.5142837993824457
720575941506597505,0.5136931576155314
720575941525792100,0.5134959505249916
720575941503518002,0.5133170271286729
720575941514099091,0.5126023456353919
720575941633104544,0.512078661369037
720575941433078542,0.5115429541650319
720575941532367538,0.5113411320054435
720575941610613724,0.5106208027495077
720575941549040500,0.5104831741606842
720575941413468052,0.5081931865320829
720575941609395686,0.5073560394682233
720575941428327160,0.5070732350597978
720575941537344227,0.5062172623401864
720575941478804098,0.5019577873246089
720575941438679743,0.5013164074628171
720575941543636997,0.49866814775046703
720575941438850907,0.49612983400480265
720575941409960815,0.4958471877301628
720575941509040400,0.49479402817539203
720575941551563418,0.4938166434708246
720575941663119996,0.49347119785213645
720575941639492383,0.49344304929299126
720575941493352391,0.49180120019763773
720575941649830641,0.48968401396253464
720575941438392364,0.48933451400645245
720575941575421327,0.4890064301901464
720575941581682015,0.4884737402253349
720575941432805518,0.4873997319951345
720575941573362248,0.48710210663563636
720575941521964023,0.48445605731321056
720575941466424598,0.4824462650635731
720575941516038316,0.48226596058852955
720575941573369487,0.48194588383047704
720575941496337121,0.48171310941970275
720575941642406520,0.481614330362752
720575941573968456,0.48104893125722437
720575941476134705,0.48093132239723757
720575941549990004,0.480549706485142
720575941430041737,0.4794258439003913
720575941549472545,0.4784180060532303
720575941471470091,0.47726376167852186
720575941614254867,0.4760389305780219
720575941543634437,0.4754748109933735
720575941440461659,0.4735436374478813
720575941471044363,0.4674800608761278
720575941668716465,0.4635713223938285
720575941445324564,0.462986553325099
720575941561424274,0.46296347254210235
720575941498974433,0.4609678284435404
720575941415471644,0.45528273901328387
720575941408320430,0.4470329295657938
720575941558876275,0.43046060467610786
720575941532468458,0.4302872877869166
720575941496990882,0.42383194136769475
720575941543510121,0.4099356264773601
720575941563951207,0.394235674666735
720575941667985907,0.36375597690594635
720575941640866661,0.3484363131211311
720575941598676416,0.3216743191455903
720575941453805875,0.31280163945073186
