Cell ID,Cell Type,Dimorphism
720575941323656816,sensory_fragment,
720575941335401236,sensory_fragment,
720575941335934740,sensory_fragment,
720575941335940116,sensory_fragment,
720575941336070932,sensory_fragment,
720575941336211732,sensory_fragment,
720575941346907673,sensory_fragment,
720575941350550320,SNta09,
720575941350568496,SNta35,
720575941350569776,SNta37,
720575941350604336,SNta29,
720575941351530032,SNpp51,
720575941351536688,SNch11,
720575941351552816,SNxx33,dimorphic
720575941351652400,SNta29,
720575941352015920,SNta43,
720575941352016432,SNta38,
720575941352075568,SNta24,
720575941352076848,SNta27,
720575941352077104,SNta08,
720575941352082224,SNch09,dimorphic
720575941352087344,SNta44,
720575941352088624,SNxx14,dimorphic
720575941352535088,SNpp51,
720575941352906800,SNch10,
720575941352944688,LgLG1a,
720575941353553712,SNta21,
720575941353913136,SNpp45,
720575941354043696,SNabg13,dimorphic
720575941354084144,SNpp39,
720575941354104368,SNch01,
720575941354188080,SNxx03,
720575941354188848,SNta20,
720575941354239024,SNpp52,
720575941354243888,SNta30,
720575941354248496,SNta31,
720575941354261808,SNta29,
720575941354264368,SNta09,
720575941365796976,SNta38,
720575941366999190,SNta37,
720575941366999702,SNta45,
720575941390363396,SNta03,
720575941390521750,SNta35,
720575941390784918,SNpp47,
720575941390787076,WG2,
720575941390787478,SNta26,
720575941390798742,SNxx22,
720575941390812566,SNta37,
720575941390819222,SNta37,
720575941391425540,SNpp53,
720575941391840918,SNpp42,
720575941391853572,SNpp51,
720575941391859716,SNta04,
720575941391873796,SNta43,
720575941391874052,SNta34,
720575941391879172,SNta44,
720575941391879940,SNta40,
720575941391961238,SNxx30,
720575941391962628,SNta04,
720575941391983364,SNxx10,dimorphic
720575941391990532,SNch01,dimorphic
720575941391991044,WG2,
720575941391992836,SNabg12,
720575941392111254,SNta09,
720575941392178838,SNpp60,
720575941392197270,SNpp47,
720575941392252310,SNpp60,
720575941392289028,WG2,
720575941392327428,SNta30,
720575941392417174,SNpp50,
720575941392495876,SNta38,
720575941392556438,SNch02,
720575941392561558,SNta44,
720575941392562948,SNch12,
720575941392594070,SNta21,
720575941392596118,SNpp52,
720575941392605956,SNta20,
720575941392683670,SNabg25,
720575941392711684,SNta23,
720575941392720388,SNta44,
720575941393102998,SNpp08,
720575941393147140,SNta21,
720575941393202326,SNta20,
720575941393356694,SNch10,
720575941393480342,SNta40,
720575941393503382,SNpp52,
720575941393576196,LgLG3,dimorphic
720575941393893892,SNxx05,
720575941393978518,SNch06,
720575941394130582,SNabg29,
720575941394162582,SNta21,
720575941394327702,SNpp45,
720575941394357398,LgLG1b,
720575941394514326,SNch11,
720575941394531478,SNta02,
720575941394693782,SNpp52,
720575941394775190,SNxx03,
720575941394827926,SNabg20,
720575941394932374,SNxx03,
720575941395101846,SNabg27,
720575941395315517,unknown_sensory,
720575941399363107,SNta21,
720575941399364899,SNta26,
720575941399378979,SNta09,
720575941399392291,SNta37,
720575941399517475,SNpp60,
720575941400265763,SNpp58,
720575941400417827,SNta29,
720575941400423459,SNta21,
720575941400434979,SNta44,
720575941400580387,WG2,
720575941400789539,SNch01,
720575941400803875,SNta44,
720575941400814627,SNta41,
720575941400823843,SNta37,
720575941400827171,LgLG3,dimorphic
720575941400875043,sensory_fragment,
720575941400887331,unknown_sensory,
720575941400887587,SNta41,
720575941400907811,SNabg29,
720575941400947747,SNta43,
720575941401556771,LgLG3,dimorphic
720575941401657123,SNta30,
720575941401735203,SNch10,
720575941401760803,SNpp52,
720575941401782307,SNta09,
720575941401812771,SNta21,
720575941401852963,SNxx05,
720575941401994593,unknown_sensory,
720575941402023280,SNpp28,
720575941402188400,SNta09,
720575941402225008,SNta43,
720575941402503459,SNpp45,
720575941402625059,SNch05,
720575941402626595,SNpp45,
720575941402690160,SNta31,
720575941402824995,SNch05,
720575941403178275,SNpp41,
720575941403544944,LgLG3,dimorphic
720575941403879792,SNta44,
720575941403893360,SNta44,
720575941403910000,SNta21,
720575941403911536,SNch10,
720575941403918192,SNabg22,
720575941403926128,SNta39,
720575941404386160,SNta04,
720575941404451440,SNta43,
720575941404729968,SNxx33,
720575941404746352,SNpp18,
720575941405296752,SNta33,
720575941405318000,SNabg14,
720575941405352304,SNxx05,
720575941405748848,SNch05,
720575941405772656,SNpp50,
720575941405810862,SNch12,
720575941405872431,SNta09,
720575941405890928,SNta21,
720575941405904814,SNpp56,
720575941405908654,SNpp58,
720575941405939118,SNta09,
720575941405965486,SNta37,
720575941406002288,SNta21,
720575941406005360,SNpp45,
720575941406039408,SNta24,
720575941406059120,WG4,
720575941406099886,SNta29,
720575941406119342,SNta35,
720575941406216622,SNpp43,
720575941406945839,WG4,
720575941406989742,SNpp47,
720575941407048239,LgLG4,
720575941407050287,SNta44,
720575941407056558,SNpp61,
720575941407101870,SNta28,
720575941407143215,SNpp17,
720575941407335727,SNta09,
720575941407409582,SNabg23,
720575941407414319,SNpp29,
720575941407435823,SNta44,
720575941407437871,SNch07,dimorphic
720575941407469615,SNta29,
720575941407510319,SNta29,
720575941407518511,SNxx03,
720575941407520559,SNta42,
720575941407527471,SNabg10,dimorphic
720575941407529390,SNta09,
720575941407560239,SNta23,
720575941408164655,SNta43,
720575941408296875,SNta09,
720575941408355499,SNta44,
720575941408422062,SNxx33,
720575941408437934,SNta09,
720575941408447535,SNta29,
720575941408453423,WG2,
720575941408487471,SNta21,
720575941408521007,SNta30,
720575941408534831,SNta34,
720575941408541999,SNta21,
720575941408586923,SNta37,
720575941408587435,SNta43,
720575941408588203,SNta35,
720575941409200175,SNpp41,
720575941409226158,SNta20,
720575941409240367,SNta21,
720575941409262895,SNpp62,
720575941409503662,SNabg27,
720575941409557295,SNch05,dimorphic
720575941409581483,LgLG7,
720575941409598891,SNta21,
720575941409703342,SNta11,
720575941409731631,SNta20,
720575941409732399,SNppxx,
720575941409735215,SNpp45,
720575941409738287,SNpp43,
720575941409747115,SNta30,
720575941409753003,LgLG1b,
720575941409761839,SNxx05,
720575941409788783,SNta09,
720575941409798574,SNpp41,
720575941409864303,SNta09,
720575941409870254,SNta35,
720575941409879214,SNta33,
720575941409945647,SNta11,
720575941409992619,SNta43,
720575941410014319,SNta29,
720575941410029871,SNabg14,
720575941410047791,SNabg97f,sex_specific
720575941410107503,SNta09,
720575941410121327,SNta20,
720575941410140075,SNpp51,
720575941410180207,SNta26,
720575941410208111,SNpp26,
720575941410209195,SNta43,
720575941410219179,SNta11,
720575941410225323,SNxx01,
720575941410238635,SNta37,
720575941410573935,WG3,
720575941410790315,LgLG2,
720575941411173035,LgLG4,
720575941411188395,SNch10,
720575941411400815,SNpp52,
720575941411516587,SNabgxx,
720575941411564143,SNta45,
720575941411694447,LgLG1b,
720575941411775343,SNta44,
720575941411775855,LgLG1b,
720575941411791508,SNta09,
720575941411855508,SNta03,
720575941411872660,SNta09,
720575941411902609,SNpp28,
720575941411954347,SNta21,
720575941411961771,SNta21,
720575941411966868,SNta38,
720575941411985556,SNta26,
720575941412028331,SNta20,
720575941412228975,SNta29,
720575941412312747,SNta21,
720575941412514775,SNta34,
720575941412536491,LgLG1a,
720575941412589527,SNch10,
720575941412676055,SNta29,
720575941412681643,SNpp45,
720575941412717716,SNta37,
720575941412948369,LgLG3,dimorphic
720575941413112212,SNpp50,
720575941413120660,SNabg05,dimorphic
720575941413157847,SNpp47,
720575941413203567,SNta20,
720575941413217647,SNpp45,
720575941413300881,SNta39,
720575941413320337,SNpp60,
720575941413326737,SNch10,
720575941413338769,SNta32,
720575941413378961,SNta27,
720575941413384849,SNta37,
720575941413410449,SNta42,
720575941413438356,SNpp41,
720575941413537135,SNta20,
720575941413580180,SNta29,
720575941413599636,sensory_fragment,
720575941413600660,SNta24,
720575941413604756,LgLG2,
720575941413611887,SNxx03,
720575941413613716,SNxxxx,
720575941413616788,SNta32,
720575941413620628,SNta44,
720575941413625455,SNppxx,
720575941413628564,SNabg29,
720575941413640596,SNta45,
720575941413641620,SNta34,
720575941413642388,SNta21,
720575941413645204,SNta27,
720575941413645972,SNpp07,
720575941413651092,SNta42,
720575941413686895,SNabg14,
720575941413688431,SNabg14,
720575941413689711,SNxx03,
720575941413693039,SNxx04,
720575941413767279,SNch05,
720575941413819537,SNpp52,
720575941413833071,SNta21,
720575941413878044,WG3,
720575941413887260,SNpp58,
720575941413908113,SNta43,
720575941413950097,SNta30,
720575941414017820,SNta27,
720575941414245777,SNta41,
720575941414263953,SNpp45,
720575941414313617,SNta26,
720575941414502292,LgLG2,
720575941414520980,SNpp01,
720575941414947217,SNta11,
720575941415148316,SNpp45,
720575941415154460,SNta37,
720575941415159188,SNta02,
720575941415165844,SNxx20,
720575941415209876,SNpp51,
720575941415240340,SNpp45,
720575941415271060,SNta20,
720575941415396497,SNta21,
720575941415463708,WG2,
720575941415494940,SNch06,
720575941415571228,LgLG5,
720575941415674140,SNch14,dimorphic
720575941415677468,SNta41,
720575941415683100,WG2,
720575941415711636,SNppxx,
720575941415717404,SNta23,
720575941415737489,LgLG3,dimorphic
720575941415737492,SNpp50,
720575941415743121,WG2,
720575941416255516,SNabg01,dimorphic
720575941416635164,SNxx33,
720575941416636956,SNta34,
720575941417202460,SNta02,
720575941417249308,SNpp45,
720575941417261340,SNta21,
720575941417522204,SNta21,
720575941417584156,SNch05,
720575941417655324,SNabg27,
720575941421131735,SNta29,
720575941421365719,SNta37,
720575941423472087,SNta37,
720575941423705815,SNta37,
720575941423707351,SNta45,
720575941423723479,SNta37,
720575941425239892,SNpp28,
720575941426165588,LgLG3,dimorphic
720575941426670420,SNta38,
720575941426672212,SNta29,
720575941426694996,SNta26,
720575941426705492,SNta31,
720575941426769492,sensory_fragment,
720575941426786388,WG2,
720575941426794836,WG2,
720575941426798932,SNxx03,
720575941426807124,SNta23,
720575941426815060,SNch10,
720575941426821204,SNta28,
720575941426823764,SNabg14,
720575941426831444,SNxx29,
720575941426836308,SNxx17,dimorphic
720575941426840148,SNta42,
720575941426845012,SNpp60,
720575941426853204,SNta37,
720575941426856788,SNpp41,
720575941427393620,SNta39,
720575941427396692,SNta27,
720575941427534420,SNta43,
720575941428236792,SNpp06,
720575941428294025,SNta09,
720575941428331860,SNpp40,
720575941428332884,SNta30,
720575941428347529,SNxx03,
720575941428400265,WG2,
720575941428484015,SNta09,
720575941428518319,SNta09,
720575941428522488,SNta37,
720575941428529839,SNta37,
720575941428578900,SNch05,
720575941428666196,SNxx03,
720575941428754936,SNta04,
720575941428843951,SNta04,
720575941428854868,SNta21,
720575941428855124,SNxx03,
720575941428882772,SNpp45,
720575941428888495,WG3,
720575941428920148,SNta27,
720575941429017172,LgLG1b,
720575941429575777,SNta25,
720575941429581527,SNta37,
720575941429618273,SNta37,
720575941429636233,SNxxxx,dimorphic
720575941429693432,SNpp43,
720575941429713400,SNta44,
720575941429722031,SNta40,
720575941429793417,SNabg09,dimorphic
720575941429907927,SNta43,
720575941429959855,SNabg28,
720575941430024462,SNta04,
720575941430075128,SNta30,
720575941430095352,SNta44,
720575941430099704,SNpp50,
720575941430103433,SPSN,sex_specific
720575941430104713,SNch10,
720575941430106104,SNta32,
720575941430107785,SNta37,
720575941430111736,SNpp52,
720575941430113455,SNta41,
720575941430114552,SNta45,
720575941430129289,SNta44,
720575941430132216,LgLG1b,dimorphic
720575941430132472,LgLG4,
720575941430143480,SNta31,
720575941430151928,SNch07,dimorphic
720575941430155695,SNta34,
720575941430158767,SNta24,
720575941430176649,SNxx03,
720575941430177161,SNpp41,
720575941430189705,SNxx03,
720575941430194569,SNta24,
720575941430198665,SNta42,
720575941430209417,SNch10,
720575941430241199,SNta44,
720575941430244271,SNabg32,
720575941430245039,SNta31,
720575941430247343,SNta43,
720575941430252536,SNta42,
720575941430257839,SNta29,
720575941430262447,SNch12,
720575941430264824,SNta37,
720575941430267055,SNabg11,dimorphic
720575941430281464,SNabg24,
720575941430283000,SNabg29,
720575941430295032,SNta38,
720575941430295288,SNpp43,
720575941430298638,SNpp23,
720575941430303736,SNch07,dimorphic
720575941430390030,SNta34,
720575941430442510,LgLG3,dimorphic
720575941430461710,SNta44,
720575941430567182,SNta09,
720575941430639319,LgLG3,dimorphic
720575941430643297,SNxx26,
720575941430711689,SNpp58,
720575941430774231,SNabg23,
720575941430779863,SNta37,
720575941430841185,SNxxxx,
720575941430902542,WG2,
720575941430966625,SNta41,
720575941430980961,LgLG1b,
720575941430986593,SNta26,
720575941430992993,SNch10,
720575941430999649,SNta19,
720575941431007073,SNch04,
720575941431016033,SNabg29,
720575941431071407,SNch09,
720575941431090825,SNxx33,
720575941431100847,SNta37,
720575941431111521,sensory_fragment,
720575941431116897,LgLG3,dimorphic
720575941431128417,SNta31,
720575941431132769,SNabg30,
720575941431133025,SNch01,dimorphic
720575941431133537,SNabg09,dimorphic
720575941431139425,SNta42,
720575941431144545,SNta34,
720575941431145569,LgLG2,
720575941431145825,SNxxxx,
720575941431246295,SNta29,
720575941431275223,SNta37,
720575941431289559,SNcs01f,sex_specific
720575941431290839,SNta29,
720575941431294679,SNch10,
720575941431299543,SNta09,
720575941431305943,SNch07,dimorphic
720575941431310551,SNpp43,
720575941431314647,SNch10,
720575941431329239,SNta27,
720575941431337687,SNch07,
720575941431400151,SNta27,
720575941431406295,SNabg27,
720575941431432407,SNta32,
720575941431440087,SNxx14,
720575941431570958,SNpp44,
720575941431664910,SNta44,
720575941431670542,SNta38,
720575941431671566,SNta42,
720575941431686753,SNta04,
720575941431753313,SNabg23,
720575941431774895,SNpp39,
720575941431794391,SNpp47,
720575941431833519,SNpp45,
720575941431864969,SNabg29,
720575941431865225,SNabg29,
720575941431895288,SNabg15,dimorphic
720575941431905016,SNta20,
720575941431909335,SNta32,
720575941431911416,SNpp11,
720575941431911928,SNpp39,
720575941431920993,SNpp59,
720575941431924065,SNabg29,
720575941431969751,SNta38,
720575941432016009,SNpp45,
720575941432027273,SNta11,
720575941432092942,SNxx14,dimorphic
720575941432096014,SNta29,
720575941432098062,SNta26,
720575941432114958,SNta40,
720575941432116238,SNta34,
720575941432116494,SNta25,
720575941432126990,SNch05,
720575941432130735,SNabg29,
720575941432143374,SNpp40,
720575941432146446,SNabg27,
720575941432154071,SNpp52,
720575941432165295,SNpp39,
720575941432171512,SNta09,
720575941432182665,SNta21,
720575941432182959,SNch13,
720575941432184495,SNta40,
720575941432203278,SNta19,
720575941432214959,SNpp39,
720575941432216590,SNxx03,
720575941432221143,SNta37,
720575941432246542,SNta28,
720575941432247054,SNta37,
720575941432248078,SNch10,
720575941432255502,SNxx10,dimorphic
720575941432259287,SNch06,
720575941432325295,SNabg22,
720575941432374967,SNta44,
720575941432397705,SNta31,
720575941432414200,LgLG1b,
720575941432427183,SNxx33,
720575941432452527,SNpp60,
720575941432540408,SNxx03,
720575941432571640,SNta29,
720575941432664974,SNabg14,
720575941432807009,SNta02,
720575941432941527,SNta21,
720575941432953486,SNta45,
720575941432999950,SNta29,
720575941433018721,SNxx03,
720575941433022990,SNpp44,
720575941433052887,SNpp45,
720575941433074702,SNta04,
720575941433077902,SNabg32,
720575941433129486,SNabg27,
720575941433316896,SNta29,
720575941433360855,SNch10,
720575941433402912,LgLG3,dimorphic
720575941433440215,SNpp43,
720575941433458391,SNta20,
720575941433504471,SNta20,
720575941433509408,SNta09,
720575941433546272,SNta29,
720575941433556695,SNta29,
720575941433744910,SNabg15,dimorphic
720575941433754912,WG2,
720575941434027662,SNpp39,
720575941434065806,SNta43,
720575941434096910,SNpp50,
720575941434136846,SNch07,dimorphic
720575941434196407,SNta44,
720575941434204855,SNta44,
720575941434259127,SNta44,
720575941434303758,SNxx04,
720575941434322446,LgLG1b,dimorphic
720575941434351630,SNta09,
720575941434365454,SNta04,
720575941434465934,SNta44,
720575941434473102,SNta09,
720575941434474638,SNxx04,
720575941434483598,SNpp51,
720575941434486926,SNta43,
720575941434494350,SNpp60,
720575941434495630,SNch04,
720575941434540430,SNta30,
720575941434547854,SNch03,
720575941434563214,SNta44,
720575941434573710,LgLG2,
720575941434577038,SNta29,
720575941434577550,SNta37,
720575941434583223,SNta29,
720575941434830112,SNta21,
720575941434882487,SNta21,
720575941434926112,SNta28,
720575941434973326,SNta19,
720575941435038752,SNch06,
720575941435046176,SNabg09,dimorphic
720575941435067424,SNta19,
720575941435074080,SNta37,
720575941435082784,SNpp51,
720575941435147406,WG4,
720575941435254926,SNabg06,dimorphic
720575941435393439,LgLG3,dimorphic
720575941435404430,SNpp34,
720575941435441184,SNta29,
720575941435504160,SNta24,
720575941435575596,SNta02,
720575941435699744,SNpp20,
720575941435717164,SNta45,
720575941435751980,SNxx30,
720575941435754002,SNpp50,
720575941435776032,SNta32,
720575941435874066,SNpp40,
720575941435910583,SNta35,
720575941435931936,LgLG1b,
720575941435938190,SNta11,
720575941435984160,SNpp58,
720575941435996704,SNta26,
720575941436024864,SNpp52,
720575941436027790,SNabg23,
720575941436034958,LgLG3,dimorphic
720575941436047758,LgLG2,
720575941436155790,SNch05,
720575941436156460,WG3,
720575941436337426,SNxx33,
720575941436359310,LgLG1b,
720575941436362399,IN01B091,
720575941436639807,SNta30,
720575941436652686,SNabg06,dimorphic
720575941436804927,SNta37,
720575941436942239,SNta38,
720575941437067026,SNta37,
720575941437067538,SNta09,
720575941437199167,SNch04,
720575941437256492,SNpp52,
720575941437257516,SNch10,
720575941437266988,SNta42,
720575941437267756,SNta29,
720575941437268524,SNta39,
720575941437298220,SNta42,
720575941437308716,LgLG1b,
720575941437338156,SNta42,
720575941437347360,SNta20,
720575941437390751,SNta29,
720575941437396895,SNta29,
720575941437416736,SNta04,
720575941437445408,SNch10,
720575941437445664,SNta20,
720575941437456928,SNabg97f,sex_specific
720575941437474604,SNta40,
720575941437486124,SNxxxx,
720575941437486866,SNta38,
720575941437487122,SNta21,
720575941437511954,SNta41,
720575941437587730,SNabg29,
720575941437599317,SNta29,
720575941437701973,LgLG3,dimorphic
720575941437703765,SNta28,
720575941437781036,SNta04,
720575941437833301,SNta29,
720575941437883455,LgLG4,
720575941437939029,SNta20,
720575941438023999,SNta41,
720575941438077228,SNpp02,
720575941438262101,SNpp42,
720575941438343379,SNxx04,
720575941438351059,SNxx04,
720575941438351634,SNpp02,
720575941438363347,SNxx03,
720575941438368467,SNabg25,
720575941438371027,SNxx01,
720575941438371283,SNxx06,
720575941438373075,SNxx06,
720575941438377171,SNabg29,
720575941438377427,SNxx05,
720575941438396223,SNch01,
720575941438398015,SNta44,
720575941438400319,SNpp46,
720575941438410540,SNch12,
720575941438413779,SNabg25,
720575941438416172,SNpp45,
720575941438421459,SNabg24,
720575941438421715,SNxx04,dimorphic
720575941438422290,LgLG3,dimorphic
720575941438424531,SNabg13,dimorphic
720575941438425043,SNabg23,
720575941438425299,SNxx14,
720575941438425811,SNabg25,
720575941438427347,SNabg25,
720575941438434322,SNxx17,sex_specific
720575941438474258,SNpp50,
720575941438483986,SNxxxx,
720575941438498623,SNta39,
720575941438499795,unknown_sensory,
720575941438500307,unknown_sensory,
720575941438501183,SNta43,
720575941438580191,LgLG4,
720575941438593503,SNta23,
720575941438629599,SNxx03,
720575941438662111,SNta30,
720575941438802779,SNta09,
720575941438814299,SNta09,
720575941438824277,SNpp19,
720575941438938924,SNpp38,
720575941439013467,SNta09,
720575941439021403,SNta09,
720575941439042767,SNpp41,
720575941439082587,SNta26,
720575941439094802,SNch05,
720575941439175442,SNta14,
720575941439208210,SNta33,
720575941439213909,SNpp58,
720575941439243349,SNta35,
720575941439260972,LgLG1b,
720575941439295829,SNta37,
720575941439296597,SNta33,
720575941439296853,SNpp17,
720575941439299413,SNpp60,
720575941439302485,SNta29,
720575941439317471,SNta43,
720575941439329183,SNta28,
720575941439351967,SNta29,
720575941439413333,SNxx06,
720575941439416594,SNta20,
720575941439426133,WG2,
720575941439427413,SNta44,
720575941439449941,SNta37,
720575941439451477,SNpp50,
720575941439452501,WG2,
720575941439455067,WG2,
720575941439548639,SNta44,
720575941439558623,SNpp54,
720575941439565535,SNpp19,
720575941439600146,SNpp40,
720575941439665682,SNpp50,
720575941439670290,SNpp52,
720575941439676716,SNta20,
720575941439708690,SNabg27,
720575941439717676,SNpp39,
720575941439717932,SNta32,
720575941439718444,SNpp58,
720575941439725842,SNxx05,
720575941439757330,SNta21,
720575941439759634,SNta20,
720575941439762706,SNta20,
720575941439868863,SNta42,
720575941439870143,SNta24,
720575941439919423,SNxx03,
720575941439925292,SNpp41,
720575941439928108,SNpp41,
720575941440153791,SNxx33,
720575941440175707,SNta28,
720575941440178523,SNta45,
720575941440179547,SNabg25,
720575941440182363,SNta29,
720575941440228693,SNabg26,
720575941440231871,SNta04,
720575941440235711,SNpp28,
720575941440244287,SNch05,
720575941440260543,SNta45,
720575941440267455,SNta21,
720575941440290495,SNxx04,
720575941440302303,SNta33,
720575941440303327,SNxx03,
720575941440308053,SNta43,
720575941440317887,SNta29,
720575941440318655,SNta41,
720575941440349887,SNxx03,
720575941440358111,SNpp45,
720575941440359999,SNabg13,dimorphic
720575941440375637,SNpp32,
720575941440375999,SNxx06,
720575941440376511,SNxx33,
720575941440393407,LgLG3b,
720575941440395455,SNta37,
720575941440395711,SNch14,
720575941440410047,SNta37,
720575941440411839,SNta42,
720575941440414911,WG2,
720575941440419519,SNxx33,
720575941440422591,SNta20,
720575941440423887,SNta29,
720575941440424639,SNpp56,
720575941440428495,SNta04,
720575941440429247,SNta25,
720575941440432831,SNpp60,
720575941440434623,SNta45,
720575941440437951,SNta38,
720575941440438975,SNta43,
720575941440439999,SNxx03,
720575941440442047,SNta38,
720575941440442815,SNpp17,
720575941440447423,SNpp52,
720575941440447935,SNpp47,
720575941440448191,SNabg09,dimorphic
720575941440519887,SNpp18,
720575941440521679,SNpp18,
720575941440530495,SNch05,dimorphic
720575941440548443,SNch05,
720575941440561499,LgLG2,
720575941440568155,SNpp40,
720575941440578651,SNch12,
720575941440579419,SNta30,
720575941440584795,LgLG3,dimorphic
720575941440594779,WG3,
720575941440598079,LgLG3,dimorphic
720575941440613211,WG3,
720575941440626523,SNta29,
720575941440645951,SNabg25,
720575941440662634,unknown_sensory,
720575941440668223,SNta29,
720575941440670299,SNxx01,
720575941440685915,SNta42,
720575941440686171,SNxx16,
720575941440687451,SNxx06,
720575941440692571,SNta31,
720575941440695643,SNch12,
720575941440699615,SNabg29,
720575941440704603,SNta37,
720575941440714331,SNxx03,
720575941440756127,SNta26,
720575941440800223,SNta20,
720575941440821983,SNta14,
720575941440823007,SNta14,
720575941440855759,SNpp41,
720575941440857807,SNta28,
720575941440893135,LgLG1b,
720575941440900303,WG4,
720575941440904655,SNabg31,
720575941440918479,SNpp22,
720575941440922575,SNch02,
720575941440969301,SNta21,
720575941440998863,SNta34,
720575941441112155,SNta29,
720575941441201855,SNta45,
720575941441217983,SNabg05,dimorphic
720575941441276757,SNabg31,
720575941441280347,SNta29,
720575941441301203,SNta38,
720575941441366619,SNabg29,
720575941441514069,SNpp52,
720575941441603157,SNpp01,
720575941441635931,SNta34,
720575941441725391,SNxx30,
720575941441792463,SNpp20,
720575941441878719,SNabg06,dimorphic
720575941441880271,SNta44,
720575941441924563,SNta43,
720575941441928639,SNabg14,
720575941441953743,SNpp16,
720575941441953999,SNta35,
720575941441982927,SNpp39,
720575941441992399,LgLG3,dimorphic
720575941442066111,SNta21,
720575941442197595,SNpp45,
720575941442256475,SNabg27,
720575941442258523,SNxx05,
720575941442265435,SNpp45,
720575941442272859,SNpp43,
720575941442297514,SNta25,
720575941442317994,SNpp19,
720575941442477994,WG4,
720575941442531519,SNpp52,
720575941442543295,SNabg14,
720575941442560207,SNch05,
720575941442608591,SNabg13,dimorphic
720575941442608987,SNabg27,
720575941442623323,WG4,
720575941442644943,SNpp52,
720575941442664911,SNabg27,
720575941442686415,SNta21,
720575941442739663,SNxx03,
720575941442837674,WG4,
720575941442976207,SNpp50,
720575941443108815,SNxx04,
720575941443322575,SNta11,
720575941443620778,WG2,
720575941443621034,SNpp18,
720575941443624362,SNta38,
720575941443628714,SNta30,
720575941443635370,SNch09,dimorphic
720575941443727786,SNpp21,
720575941443938474,SNta25,
720575941443951530,SNta29,
720575941443967402,SNta04,
720575941443974826,SNta44,
720575941443979946,SNta35,
720575941443982506,SNta34,
720575941444035754,SNabg31,
720575941444049322,SNta36,
720575941444049578,SNta23,
720575941444058026,SNta21,
720575941444074922,SNxx08,dimorphic
720575941444306090,SNpp07,
720575941444486314,SNpp60,
720575941444493495,SNpp51,
720575941444576695,SNpp51,
720575941444841130,SNpp45,
720575941444882090,SNabg25,
720575941444968106,SNta29,
720575941445349908,SNta09,
720575941445456916,SNta25,
720575941445494548,SNta25,
720575941445706154,SNabg29,
720575941446076330,SNabg27,
720575941446076586,SNabg29,
720575941446081962,SNta24,
720575941446265770,SNpp45,
720575941446282154,SNta29,
720575941446305194,SNxx29,
720575941446575380,SNch05,
720575941446604308,SNpp18,
720575941446820628,SNta45,
720575941446901524,SNta30,
720575941446903316,SNta03,
720575941446918676,SNta04,
720575941446919444,SNta44,
720575941446919956,SNta26,
720575941446935828,SNta04,
720575941446937876,SNta42,
720575941446989749,WG4,
720575941447000757,SNpp50,
720575941447003573,WG4,
720575941447005365,WG3,
720575941447023029,WG2,
720575941447031572,LgLG3,dimorphic
720575941447032852,SNta44,
720575941447039157,SNta29,
720575941447043604,SNta27,
720575941447208117,SNta35,
720575941447215797,SNta25,
720575941447414197,SNta29,
720575941447712861,SNta29,
720575941447758442,SPSN,sex_specific
720575941447760490,SPSN,sex_specific
720575941447770388,SNxx08,dimorphic
720575941447785322,SNxx10,dimorphic
720575941447788052,SNxx32,
720575941447815700,SNta13,
720575941447825684,SNpp50,
720575941447826452,LgLG2,
720575941447837546,SNch06,
720575941447846164,SNta28,
720575941447865194,SNta25,
720575941447893582,SNta09,
720575941448133045,LgLG4,
720575941448193614,SNta18,
720575941448315573,SNabg27,
720575941448316085,SNpp52,
720575941448520468,SNabg19,
720575941448523540,SNabg06,dimorphic
720575941448561172,SNpp51,
720575941448681053,SNta08,
720575941448739509,SNta21,
720575941448740277,SNch09,dimorphic
720575941448741813,SNta29,
720575941448753333,SNta04,
720575941448773908,SNta21,
720575941448805301,sensory_fragment,
720575941448813237,SNxx05,
720575941448818357,SNta30,
720575941448819293,WG2,
720575941448821941,SNta26,
720575941448826805,SNpp50,
720575941448829877,SNta32,
720575941448842165,SNch10,
720575941448846773,SNta29,
720575941448909237,SNta04,
720575941448909493,SNta04,
720575941448973134,SNpp41,
720575941449030237,SNta45,
720575941449040221,SNta18,
720575941449041501,SNta24,
720575941449053277,SNch06,
720575941449053789,SNxx03,
720575941449063188,SNta33,
720575941449119837,SNxx06,
720575941449126749,sensory_fragment,
720575941449140302,SNabg12,sex_specific
720575941449154382,SNta28,
720575941449363322,SNabg29,
720575941449399733,SNta24,
720575941449447861,SNta03,
720575941449554298,SNta45,
720575941449601205,SNta38,
720575941449613390,SNta43,
720575941449619278,SNabg29,
720575941449640885,SNta45,
720575941449674574,SNta37,
720575941449676110,WG2,
720575941449737397,SNta43,
720575941449784413,SNpp53,
720575941449959517,SNta43,
720575941449973341,SNta45,
720575941449989981,SNabg03,dimorphic
720575941449992797,LgLG3,dimorphic
720575941450045262,unknown_sensory,
720575941450131271,SNta09,
720575941450199886,LgLG4,
720575941450359221,SNpp41,
720575941450397109,SNta21,
720575941450422965,SNta20,
720575941450425269,SNta14,
720575941450530382,SNta04,
720575941450534478,WG4,
720575941450560378,SNpp19,
720575941450591866,SNta45,
720575941450629545,SNta37,
720575941450753607,SNpp15,
720575941450753658,SNpp60,
720575941450770781,SNch05,
720575941450874746,LgLG4,
720575941450891386,SNxx04,
720575941450926773,SNabg30,
720575941450941533,SNabg29,
720575941450968698,SNpp41,
720575941451009973,SNta23,
720575941451068538,SNpp50,
720575941451070301,SNxx04,dimorphic
720575941451072605,SNch05,
720575941451073146,SNta21,
720575941451075450,SNta39,
720575941451107933,SNta11,
720575941451131741,SNpp45,
720575941451132238,SNta42,
720575941451147591,SNta29,
720575941451184221,SNxx03,
720575941451304270,SNta02,
720575941451324750,SNta29,
720575941451333710,SNta21,
720575941451341134,SNta20,
720575941451365710,SNxx03,
720575941451369038,SNta20,
720575941451454286,SNpp45,sex_specific
720575941451533946,SNta28,
720575941451535438,SNta14,
720575941451573882,SNpp43,
720575941451628878,LgLG1b,
720575941451657038,SNta21,
720575941451761998,SNpp39,
720575941451788615,WG3,
720575941451805255,SNta37,
720575941451810119,SNta37,
720575941451820871,SNxx04,dimorphic
720575941451826042,SNta25,
720575941451832647,SNta03,
720575941451840334,SNxx04,
720575941451858345,SNta04,
720575941451866439,SNta32,
720575941451880014,SNpp45,
720575941451885902,SNabg01,dimorphic
720575941451915847,SNabg27,
720575941451917481,SNpp19,
720575941451921735,WG2,
720575941451923015,SNch03,
720575941451935303,SNta37,
720575941451957114,SNpp32,
720575941451958087,SNta30,
720575941451960903,SNta21,
720575941452061518,SNpp16,
720575941452123443,SNta09,
720575941452150953,SNabg13,dimorphic
720575941452277673,SNta29,
720575941452297385,SNta42,
720575941452356147,SNta09,
720575941452382889,SNch06,
720575941452389703,SNta38,
720575941452394963,SNta29,
720575941452404275,SNta38,
720575941452405673,SNxx03,
720575941452424873,SNta28,
720575941452436551,LgLG8,
720575941452443561,SNta34,
720575941452449961,SNch09,dimorphic
720575941452462505,SNpp40,
720575941452464041,SNabg23,
720575941452465833,SNxx31,
720575941452570490,SNabg09,dimorphic
720575941452587386,SNpp39,
720575941452590458,SNta33,
720575941452612659,LgLG3,dimorphic
720575941452627322,SNpp22,
720575941452628858,SNta20,
720575941452630394,SNpp45,
720575941452744775,LgLG2,
720575941452754247,SNpp30,
720575941452926633,SNta18,
720575941452949929,SNpp43,
720575941452966313,SNpp41,
720575941452996521,SNta04,
720575941453198714,SNta20,
720575941453311657,SNta04,
720575941453318313,SNta23,
720575941453372794,SNta21,
720575941453506119,SNabg14,
720575941453508423,SNabg14,
720575941453644201,SNta41,
720575941453645481,SNta44,
720575941453647273,SNch01,
720575941453820266,SNabg09,dimorphic
720575941453919047,SNta04,
720575941453924935,SNta02,
720575941453925427,SNta30,
720575941453927987,LgLG1a,
720575941453994803,SNch03,
720575941454005555,SNabg30,
720575941454007859,SNch10,
720575941454016819,sensory_fragment,
720575941454018611,SNta25,
720575941454024243,SNch10,
720575941454034227,SNta45,
720575941454061481,SNta33,
720575941454089453,SNta09,
720575941454118727,SNta20,
720575941454133485,SNta37,
720575941454137069,SNta37,
720575941454171463,SNpp45,
720575941454200135,SNta02,
720575941454277289,SNch05,
720575941454278057,SNch05,dimorphic
720575941454576947,SNta29,
720575941454633641,SNpp51,
720575941454665129,SNpp52,
720575941454760617,SNta20,
720575941454965866,SNta38,
720575941455306221,SNpp50,
720575941455311597,SNta29,
720575941455312621,SNta25,
720575941455317741,SNta29,
720575941455320301,SNta44,
720575941455434477,SNpp47,
720575941455521130,SNabg14,
720575941455534954,SNabg15,dimorphic
720575941455575146,SNxx02,dimorphic
720575941455575402,SNabg09,dimorphic
720575941455590762,SNta29,
720575941455750893,SNta08,
720575941455760877,SNpp50,
720575941455764717,SNta30,
720575941455793901,SNta37,
720575941455801581,SNta04,
720575941455829744,SNta21,
720575941455839213,LgLG1a,
720575941455912176,SNta43,
720575941455968819,SNxx05,
720575941456011827,SNabg27,
720575941456134707,SNpp04,
720575941456211014,sensory_fragment,
720575941456225520,SNpp28,
720575941456263274,SNpp56,
720575941456265578,SNpp60,
720575941456275050,SNabg97f,sex_specific
720575941456276550,sensory_fragment,
720575941456335315,SNta43,
720575941456392006,sensory_fragment,
720575941456478534,sensory_fragment,
720575941456491757,SNta28,
720575941456615071,SNxx26,
720575941456665069,SNta43,
720575941456665325,SNvnc12f,sex_specific
720575941456760735,SNta35,
720575941456766879,SNpp43,
720575941456783853,SNpp20,
720575941457013919,SNpp60,
720575941457274694,SNta01,
720575941457322221,SNabg29,
720575941457352262,SNpp29,
720575941457353286,SNpp61,
720575941457373424,WG4,
720575941457380906,SNta45,
720575941457382896,SNta44,
720575941457404486,SNabg29,
720575941457413613,SNta21,
720575941457441773,SNta20,
720575941457475142,SNpp44,
720575941457503046,WG2,
720575941457518061,SNxx05,
720575941457521389,LgLG1b,
720575941457550320,SNta37,
720575941457595039,SNxx33,
720575941457596063,LgLG4,
720575941457596909,SNpp45,
720575941457704863,SNpp50,
720575941457716717,SNch05,
720575941457763824,SNxx33,
720575941457770480,SNta38,
720575941457803504,SNta37,
720575941457845488,SNta29,
720575941457846768,sensory_fragment,
720575941457848301,SNpp45,
720575941457882096,SNta31,
720575941457891056,SNta43,
720575941457922719,LgLG4,
720575941457923231,SNta28,
720575941457943533,SNta21,
720575941457962989,SNta18,
720575941458005741,SNta02,
720575941458069407,SNxx33,
720575941458086125,SNta38,
720575941458092447,SNxx02,dimorphic
720575941458097567,LgLG3,dimorphic
720575941458160799,LgLG3,dimorphic
720575941458166175,SNta19,
720575941458201247,SNta38,
720575941458206879,SNpp20,
720575941458208927,SNta31,
720575941458217887,SNta43,
720575941458374637,SNxxx,
720575941458475760,SNpp01,
720575941458551507,SNta25,
720575941458611440,SNabg29,
720575941458695494,SNxx06,
720575941458773232,SNabg27,
720575941458792176,SNabg24,
720575941458879984,SNpp34,
720575941458891590,SNta30,
720575941458896454,SNta37,
720575941458925126,SNta29,
720575941458928710,SNta29,
720575941458982726,SNta34,
720575941458985286,SNch06,
720575941459002015,SNpp50,
720575941459007046,SNpp15,
720575941459021126,SNabg14,
720575941459029830,SNabg31,
720575941459034182,SNabg29,
720575941459037510,SNta42,
720575941459042886,SNch10,
720575941459043910,SNpp51,
720575941459054495,SNpp52,
720575941459060932,SNta09,
720575941459083167,SNxx03,
720575941459136708,SNta41,
720575941459224516,SNta41,
720575941459537296,SNta29,
720575941459588934,SNta34,
720575941459627152,SNpp19,
720575941459671440,SNta09,
720575941459681936,SNta11,
720575941459688080,SNabg25,
720575941459742111,SNxx05,
720575941459761055,SNch05,
720575941459764880,SNta30,
720575941459899974,SNch10,
720575941459926854,SNpp20,
720575941459983248,SNta28,
720575941460095135,SNta21,
720575941460105939,SNta12,
720575941460111556,LgLG3,dimorphic
720575941460114884,SNpp60,
720575941460125248,SNpp19,
720575941460158367,SNxx20,
720575941460187332,SNta03,
720575941460198384,SNta11,
720575941460200256,SNpp56,
720575941460202048,SNpp55,
720575941460204243,SNxx30,
720575941460204703,SNxx03,
720575941460217920,SNta37,
720575941460223443,SNch11,
720575941460225008,SNta38,
720575941460226544,SNta29,
720575941460227795,SNta44,
720575941460232256,SNta37,
720575941460257732,SNxx33,
720575941460257747,SNta43,
720575941460269727,SNta20,
720575941460302035,SNabg09,dimorphic
720575941460314323,SNta38,
720575941460316736,SNpp02,
720575941460317139,SNta40,
720575941460317760,SNpp01,
720575941460319808,SNabg20,
720575941460336851,SNch10,
720575941460344019,SNta35,
720575941460346835,SNabg30,
720575941460352467,SNta29,
720575941460353491,SNch11,
720575941460410688,LgLG5,
720575941460420255,SNta14,
720575941460561860,WG3,
720575941460565568,SNpp19,
720575941460572480,SNch14,
720575941460659014,SNpp22,
720575941460659652,SNta25,
720575941460659782,SNta21,
720575941460662980,SNta44,
720575941460663236,SNta37,
720575941460663748,SNxx06,
720575941460668612,SNta44,
720575941460681156,SNch10,
720575941460735814,SNxx04,dimorphic
720575941460740548,SNpp02,
720575941460740672,SNta35,
720575941460740928,SNta35,
720575941460750532,SNabg30,
720575941460756676,LgLG3,dimorphic
720575941460757444,SNabg31,
720575941460757956,SNta09,
720575941460764868,LgLG4,
720575941460767428,SNta36,
720575941460857232,SNpp50,
720575941460957651,SNpp41,
720575941461069069,SNta20,
720575941461085197,SNta44,
720575941461155654,SNta11,
720575941461168653,SNta09,
720575941461181395,SNta20,
720575941461187027,SNta38,
720575941461204164,SNpp26,
720575941461206541,SNta21,
720575941461206724,SNta04,
720575941461248525,SNta28,
720575941461275536,WG3,
720575941461313094,LgLG1a,
720575941461334928,SNta19,
720575941461358992,SNta29,
720575941461372486,SNta37,
720575941461376326,WG2,
720575941461376838,WG3,
720575941461379472,SNta34,
720575941461385286,SNta38,
720575941461390480,SNabg27,
720575941461390736,SNta11,
720575941461441805,SNpp47,
720575941461519248,SNabg31,
720575941461532816,SNta45,
720575941461539984,SNta23,
720575941461545104,LgLG5,
720575941461556880,SNta43,
720575941461571216,SNta44,
720575941461574544,SNch10,
720575941461589392,SNta23,
720575941461590160,SNta29,
720575941461600912,SNta44,
720575941461601424,SNta37,
720575941461607824,SNta23,
720575941461613456,unknown_sensory,
720575941461831891,SNxx03,
720575941461910227,LgLG1a,
720575941461934035,SNabg27,
720575941461950163,SNpp45,
720575941461950864,SNta30,
720575941461993683,SNta21,
720575941461998547,SNta21,
720575941461999059,SNta20,
720575941462003923,SNabg15,dimorphic
720575941462004435,SNta21,
720575941462115795,SNpp45,
720575941462204627,SNppxx,
720575941462205328,SNta38,
720575941462254736,bCS,sex_specific
720575941462295952,SNta37,
720575941462307539,SNabg29,
720575941462357188,SNta20,
720575941462371085,SNpp41,
720575941462391763,SNta20,
720575941462409939,SNpp39,
720575941462412243,SNta02,
720575941462454580,SNta25,
720575941462469520,SNta42,
720575941462473171,SNta33,
720575941462506707,LgLG1b,
720575941462527540,SNta25,
720575941462530259,SNxx20,
720575941462542388,SNta38,
720575941462586067,SNabg31,
720575941462708237,SNpp47,
720575941462764301,WG2,
720575941462796499,SNvnc12f,sex_specific
720575941462806285,SNxxxx,dimorphic
720575941462818244,SNta20,
720575941462823949,SNta43,
720575941462828301,SNta32,
720575941462841613,SNta37,
720575941462851853,SNpp51,
720575941462980916,SNta45,
720575941463001540,LgLG1a,
720575941463020996,SNxx01,
720575941463174544,SNpp45,
720575941463289664,LgLG2,
720575941463503504,LgLG1b,
720575941463504528,LgLG1b,
720575941463516048,SNabg27,
720575941463569677,SNpp47,
720575941463648525,SNta44,
720575941463707024,SNabg26,
720575941463771536,SNta29,
720575941463792272,SNxx33,
720575941463847056,SNabg27,
720575941464060246,SNabg25,
720575941464136500,SNpp28,
720575941464186454,SNta41,
720575941464318806,SNabg20,
720575941464336692,SNta38,
720575941464372276,SNta28,
720575941464396045,SNpp52,
720575941464399373,SNch11,
720575941464779798,SNta01,
720575941464859926,SNta38,
720575941464860182,SNta09,
720575941464959245,SNpp40,
720575941464963341,SNpp39,
720575941464986381,SNpp41,
720575941465149197,SNxx03,
720575941465428054,SNpp45,
720575941465731670,SNta21,
720575941465763670,SNta43,
720575941465772886,SNta29,
720575941465817174,SNta38,
720575941465819478,SNta27,
720575941465877590,SNta41,
720575941465894230,SNta32,
720575941465894486,SNxx05,
720575941465896534,SNxx04,
720575941465967894,SNpp59,
720575941466112022,SNxx26,
720575941466184470,SNpp17,
720575941466321750,SNxx03,
720575941466495510,SNxx33,
720575941466500374,SNta42,
720575941466527510,SNta43,
720575941466533910,SNta03,
720575941466537238,SNpp59,
720575941466538518,SNpp29,
720575941466546710,SNta29,
720575941466547222,LgLG1b,
720575941466547990,SNta04,
720575941466629654,SNta21,
720575941466639126,SNta31,
720575941466649366,SNta31,
720575941466652438,SNta37,
720575941466670870,SNta38,
720575941466672150,SNta31,
720575941466695190,SNta26,
720575941466696470,SNta43,
720575941466699798,SNxx16,
720575941466707222,SNpp50,
720575941466726742,SNta03,
720575941466750486,SNpp52,
720575941466998493,SNta26,
720575941467184214,SNxx25,
720575941467260381,SNch05,dimorphic
720575941467303133,SNta34,
720575941467323357,SNta19,
720575941467323613,SNta35,
720575941467345204,SNta21,
720575941467374045,SNta42,
720575941467386710,SNpp51,
720575941467391453,SNpp57,
720575941467413078,SNabg27,
720575941467765300,SNta26,
720575941467773782,SNta33,
720575941467786326,SNta20,
720575941467826518,SNabg26,
720575941468113494,SNta21,
720575941468128854,SNta26,
720575941468372246,SNxx04,dimorphic
720575941468409110,SNch05,
720575941468423446,SNabg27,
720575941468427542,SNta20,
720575941468448375,SNta38,
720575941468474646,SNabg27,
720575941468479510,SNabg16,dimorphic
720575941468488470,SNabg27,
720575941468532343,SNpp52,
720575941468546167,SNta29,
720575941468551947,SNpp47,
720575941468570379,SNpp60,
720575941468590347,SNta09,
720575941468617335,SNpp28,
720575941468647133,SNpp53,
720575941468784349,SNta38,
720575941468834827,LgLG3,dimorphic
720575941468841995,SNta45,
720575941468852957,SNta24,
720575941468972310,SNta35,
720575941468972566,SNxx30,
720575941469158464,SNta30,
720575941469175830,WG2,
720575941469189910,SNta44,
720575941469229021,SNpp41,
720575941469244992,SNta35,
720575941469248064,SNpp16,
720575941469695453,SNch03,
720575941469716701,SNpp30,
720575941469820279,SNabg01,dimorphic
720575941469846135,SNabg23,
720575941469863543,SNta27,
720575941469980427,LgLG4,
720575941470084363,SNpp19,
720575941470088203,SNpp50,
720575941470129527,SNpp41,
720575941470187895,SNpp52,
720575941470197623,SNta27,
720575941470220663,SNta09,
720575941470247744,SNpp56,
720575941470279543,SNta44,
720575941470281335,SNta42,
720575941470301047,SNpp43,
720575941470307959,SNta23,
720575941470313847,SNta24,
720575941470320861,SNta21,
720575941470380253,SNpp61,
720575941470390493,SNta20,
720575941470392797,SNpp45,
720575941470410973,SNxx03,
720575941470426379,SNpp17,
720575941470426432,SNabg07,dimorphic
720575941470429504,SNta37,
720575941470430016,SNta29,
720575941470432832,SNta08,
720575941470447669,SNabg32,
720575941470482443,SNta29,
720575941470484747,SNta37,
720575941470498315,WG4,
720575941470507019,SNxx04,
720575941470537478,sensory_fragment,
720575941470582283,SNabg30,
720575941470582493,SNta04,
720575941470592779,SNxx06,
720575941470595851,SNpp52,
720575941470596875,SNta21,
720575941470719197,SNabg29,
720575941470782583,SNta38,
720575941470783095,SNta38,
720575941470807671,LgLG6,
720575941470823543,SNta21,
720575941470832192,SNta29,
720575941470833472,SNta41,
720575941470840128,SNabg28,
720575941470840896,LgLG1a,
720575941470865984,SNabg31,
720575941470922538,LgLG2,
720575941470929728,SNch10,
720575941470930496,SNta45,
720575941470931242,LgLG2,
720575941470939178,SNta37,
720575941470943018,SNta37,
720575941470966592,SNta34,
720575941470967104,SNta35,
720575941470973248,SNta28,
720575941470988842,SNta25,
720575941471057675,SNta42,
720575941471146871,SNxx04,dimorphic
720575941471167607,SNch06,
720575941471180151,SNxx33,
720575941471225184,SNch12,
720575941471413312,SNta11,
720575941471425632,SNta38,
720575941471487499,SNpp20,
720575941471495543,SNpp53,
720575941471497536,SNch01,dimorphic
720575941471644202,SNta20,
720575941471656490,SNta35,
720575941471674666,SNpp50,
720575941471682346,SNta21,
720575941471734570,SNta35,
720575941471740458,SNpp43,
720575941471742762,SNpp43,
720575941471747114,LgLG1b,dimorphic
720575941471805559,LgLG1b,dimorphic
720575941471878263,SNpp39,
720575941472131339,SNabg14,
720575941472157707,SNxx20,
720575941472168715,SNta21,
720575941472177962,SNpp46,
720575941472200715,LgLG1b,
720575941472204896,SNta44,
720575941472213034,SNta37,
720575941472218154,SNta37,
720575941472219690,SNta30,
720575941472298359,SNta20,
720575941472316458,SNta26,
720575941472330359,SNta19,
720575941472330871,SNta30,
720575941472342903,SNabg14,
720575941472378427,SNta29,
720575941472444791,LgLG1b,
720575941472460640,SNta25,
720575941472513911,SNabg14,
720575941472518459,SNta01,
720575941472518775,SNabg29,
720575941472538487,SNxx17,dimorphic
720575941472547136,SNabg14,
720575941472547447,SNpp60,
720575941472730464,WG2,
720575941472738315,SNta20,
720575941472813664,SNta38,
720575941472829243,SNta41,
720575941472832011,SNabg97f,sex_specific
720575941472835936,SNta42,
720575941472840288,SNta30,
720575941472846176,SNta37,
720575941472847456,WG3,
720575941472851552,SNta44,
720575941472878432,SNta28,
720575941472888160,SNxxxx,
720575941472921152,SNpp52,
720575941472933216,unknown_sensory,
720575941472935008,WG2,
720575941472964192,SNta44,
720575941472965984,SNxxxx,dimorphic
720575941472970592,SNpp41,
720575941473329450,SNxx29,
720575941473362016,SNpp50,
720575941473385770,SNpp53,
720575941473438048,SNta27,
720575941473441120,SNch03,
720575941473561440,SNta37,
720575941473757226,SNxx33,
720575941473770538,SNta43,
720575941473807200,SNpp50,
720575941473819178,LgLG2,
720575941473828704,SNta38,
720575941473829674,SNabg31,
720575941473832544,SNpp50,
720575941473837408,SNpp52,
720575941473842218,SNta39,
720575941473849386,SNta37,
720575941473849898,SNpp51,
720575941473852458,SNta43,
720575941474155147,sensory_fragment,
720575941474330666,SNta32,
720575941474396987,SNta38,
720575941474400059,SNta30,
720575941474402875,SNta43,
720575941474404411,SNabg20,
720575941474460475,sensory_fragment,
720575941474489915,SNta30,
720575941474504763,SNpp50,
720575941474508091,SNch10,
720575941474574890,SNabg27,
720575941474606122,SNch11,
720575941474606890,SNpp23,
720575941474639146,SNpp52,
720575941474641194,SNta19,
720575941474647850,SNta42,
720575941474661918,SNpp62,
720575941474791745,SNabg27,
720575941474798145,SNxx04,dimorphic
720575941474841403,SNta03,
720575941474926944,SNxx03,
720575941475099744,SNppxx,
720575941475104608,SNpp50,
720575941475127648,SNta43,
720575941475137595,SNta38,
720575941475211616,SNta20,
720575941475224672,SNpp59,
720575941475322976,SNpp45,
720575941475349563,SNta32,
720575941475371835,SNta31,
720575941475372091,SNta40,
720575941475401824,SNpp60,
720575941475417147,SNxx03,
720575941475535402,SNabg15,dimorphic
720575941475558449,LgLG3,dimorphic
720575941475702833,SNch01,dimorphic
720575941475824746,SNta09,
720575941475862058,SNta25,
720575941475899242,LgLG1a,
720575941475946794,SNta21,
720575941475949371,SNabg06,dimorphic
720575941475953450,SNta02,
720575941475956283,SNta21,
720575941475957546,SNta20,
720575941475972145,SNta28,
720575941475998506,SNabg27,
720575941476020795,SNta02,
720575941476024362,SNta20,
720575941476059185,SNta34,
720575941476060465,SNta29,
720575941476060721,SNta29,
720575941476066090,SNta10,
720575941476079665,SNpp23,
720575941476083562,WG4,
720575941476089137,WG4,
720575941476105265,SNta28,
720575941476124446,SNta29,
720575941476127518,SNta28,
720575941476131614,SNch10,
720575941476138292,SNpp43,
720575941476141598,SNta40,
720575941476145182,SNta43,
720575941476149022,SNta44,
720575941476154142,SNch10,
720575941476161585,SNpp60,
720575941476174657,LgLG4,
720575941476176177,SNabg31,
720575941476176689,SNta30,
720575941476177438,SNta44,
720575941476177950,LgLG3,dimorphic
720575941476178737,SNta37,
720575941476180766,SNta11,
720575941476185374,SNta09,
720575941476260916,SNpp58,
720575941476268574,SNta30,
720575941476289089,SNcs01f,sex_specific
720575941476389441,SNpp17,
720575941476404283,SNta20,
720575941476428091,SNta02,
720575941476488251,SNpp51,
720575941476491323,LgLG1b,
720575941476500276,SNta40,
720575941476502580,SNta32,
720575941476504628,SNta19,
720575941476521780,SNpp44,
720575941476540212,SNch09,dimorphic
720575941476542260,SNxx21,
720575941476560945,SNxx11,dimorphic
720575941476577076,SNta44,
720575941476577585,SNta29,
720575941476589620,SNta04,
720575941476589876,SNabg27,
720575941476590644,SNta38,
720575941476591156,SNch02,
720575941476599860,SNxxxx,
720575941476621121,SNch07,dimorphic
720575941476623425,SNta37,
720575941476624961,SNta41,
720575941476627777,SNta34,
720575941476644929,SNta11,
720575941476658491,LgLG3,dimorphic
720575941476682561,sensory_fragment,
720575941476685617,SNta39,
720575941476692545,SNabg29,
720575941476714561,SNta30,
720575941476723521,SNta42,
720575941476725825,SNta43,
720575941476726849,SNpp04,
720575941476734529,SNpp56,
720575941476810595,sensory_fragment,
720575941476929844,SNta04,
720575941476939329,SNta33,
720575941476966449,SNta44,
720575941476971057,SNta32,
720575941476972138,SNch08,
720575941477122410,SNpp24,
720575941477162526,SNta38,
720575941477227073,SNta03,
720575941477300532,SNta39,
720575941477328436,SNpp16,
720575941477360180,SNta04,
720575941477361204,SNpp25,
720575941477379121,SNpp38,
720575941477479018,SNpp52,
720575941477488490,WG4,
720575941477503338,SNxx04,
720575941477512810,LgLG3,dimorphic
720575941477513834,SNpp39,
720575941477557313,LgLG4,
720575941477575489,SNcs01f,sex_specific
720575941477598570,SNta42,
720575941477600106,SNta37,
720575941477607786,SNta40,
720575941477624544,SNpp40,
720575941477624938,SNta42,
720575941477631338,SNabg25,
720575941477636458,SNpp41,
720575941477639530,unknown_sensory,
720575941477641322,SNpp40,
720575941477649258,SNta09,
720575941477654890,SNta29,
720575941477676768,SNpp56,
720575941477689824,SNta09,
720575941477819522,SNabg22,
720575941477878580,SNta02,
720575941477895843,LgLG2,
720575941477912372,SNpp39,
720575941477919262,SNpp51,
720575941477927476,CS,
720575941477936436,SNta20,
720575941477940354,SNta03,
720575941477958430,SNabg09,dimorphic
720575941478002818,SNta42,
720575941478015362,SNpp60,
720575941478027427,SNpp51,
720575941478054786,SNta37,
720575941478061987,SNch12,
720575941478068529,SNpp39,
720575941478080106,SNabg29,
720575941478080362,SNxx03,
720575941478201409,SNch01,
720575941478206513,SNpp41,
720575941478207025,SNta21,
720575941478213684,LgLG3,dimorphic
720575941478232350,SNpp45,
720575941478257827,SNta45,
720575941478267360,WG2,
720575941478281602,SNta43,
720575941478334513,LgLG1a,
720575941478349361,SNpp62,
720575941478387050,SNpp10,
720575941478391348,SNpp39,
720575941478404687,LgLG1b,dimorphic
720575941478415681,SNpp45,
720575941478428209,SNta26,
720575941478429455,sensory_fragment,
720575941478502209,SNpp51,
720575941478532929,SNpp39,
720575941478616094,SNpp61,
720575941478644788,SNxx05,
720575941478649423,SNta09,
720575941478756431,SNpp41,
720575941478762319,SNxx28,
720575941478798366,LgLG1b,
720575941478969568,SNch09,dimorphic
720575941479082090,SNta20,
720575941479106690,INXXX360,dimorphic
720575941479136618,SNta20,
720575941479198432,SNpp50,
720575941479223264,SNabg09,dimorphic
720575941479259242,SNch05,
720575941479283936,SNpp57,
720575941479290819,SNta09,
720575941479294432,SNta21,
720575941479296992,SNch10,
720575941479305952,SNpp20,
720575941479368928,unknown_sensory,
720575941479375072,SNta23,
720575941479376096,SNta37,
720575941479377120,SNta23,
720575941479381472,SNta32,
720575941479381984,SNta43,
720575941479388640,SNta42,
720575941479419331,SNta35,
720575941479419843,SNta35,
720575941479428035,SNta25,
720575941479475479,unknown_sensory,
720575941479552642,SNta44,
720575941479553987,SNta25,
720575941479555714,SNta30,
720575941479570306,SNta43,
720575941479587714,LgLG3,dimorphic
720575941479605378,WG2,
720575941479653250,SNta34,
720575941479664490,SNta04,
720575941479664719,LgLG4,
720575941479665282,SNxx06,
720575941479670914,SNta40,
720575941479677058,SNabg25,
720575941479697770,SNta20,
720575941479737507,WG2,
720575941479827363,SNpp50,
720575941479834531,SNta38,
720575941479853475,SNta08,
720575941479859050,SNta11,
720575941479883599,SNpp47,
720575941479890851,SNxx03,
720575941479899811,SNxx06,
720575941479957923,SNta32,
720575941479959715,SNta38,
720575941479973539,SNta38,
720575941479990691,SNta42,
720575941480087275,SNpp56,
720575941480093163,SNta45,
720575941480094699,SNpp43,
720575941480100587,SNta45,
720575941480100843,SNta37,
720575941480105195,SNpp48,
720575941480134635,SNta38,
720575941480140523,SNxx33,
720575941480145131,SNta39,
720575941480153679,LgLG1b,
720575941480154091,SNta45,
720575941480157675,SNch06,
720575941480157931,SNxx33,
720575941480163563,SNta29,
720575941480168171,SNta38,
720575941480171755,SNta29,
720575941480172267,SNta45,
720575941480172523,SNta28,
720575941480175595,SNta28,
720575941480180203,SNta29,
720575941480183531,SNta43,
720575941480184655,SNta29,
720575941480185579,SNpp47,
720575941480218787,SNch06,
720575941480218959,SNxx06,
720575941480226357,SNta38,
720575941480235087,SNxx22,
720575941480235343,SNabg05,dimorphic
720575941480240352,SNpp45,
720575941480332930,SNch10,
720575941480366755,SNabg97f,sex_specific
720575941480372934,LgLG1a,
720575941480419267,LgLG3,dimorphic
720575941480458691,SNpp19,
720575941480492483,LgLG3,dimorphic
720575941480493186,SNxx08,dimorphic
720575941480502402,SNabg05,
720575941480508802,SNpp51,
720575941480511430,SNta02,
720575941480522950,SNpp01,
720575941480527413,SNta38,
720575941480563586,SNxx03,
720575941480585346,SNpp51,
720575941480744527,SNta32,
720575941480754400,SNta02,
720575941480772431,SNpp59,
720575941480796835,SNpp52,
720575941480808867,SNta35,
720575941480836687,SNta18,
720575941480894287,SNpp45,
720575941480913338,SNta02,
720575941480945917,SNxx33,dimorphic
720575941480946883,SNpp01,
720575941480947386,SNxx12,dimorphic
720575941481030083,SNta23,
720575941481038531,SNxx01,
720575941481040975,SNta34,
720575941481061199,SNpp19,
720575941481082554,SNch06,dimorphic
720575941481093885,SNpp51,
720575941481100623,SNta40,
720575941481109699,SNta27,
720575941481114819,SNta32,
720575941481118403,SNxx33,
720575941481119930,SNta21,
720575941481125088,SNta02,
720575941481128445,SNta31,
720575941481133309,SNpp20,
720575941481166266,SNta37,
720575941481167101,SNabg20,
720575941481190330,SNta35,
720575941481247456,SNta21,
720575941481287421,SNta11,
720575941481470594,SNta33,
720575941481516674,SNta20,
720575941481541762,SNpp45,
720575941481576611,SNxx05,
720575941481617859,SNpp44,
720575941481639298,SNabg30,
720575941481639363,SNta32,
720575941481721474,SNxx03,
720575941481766051,SNta20,
720575941481817679,SNabg29,
720575941481819215,SNabg14,
720575941481850307,SNpp52,
720575941481899855,SNch05,dimorphic
720575941481935811,SNta28,
720575941481950659,SNpp50,
720575941481962147,SNta14,
720575941481985955,SNta21,
720575941482004610,SNpp52,
720575941482006211,SNpp41,
720575941482016963,SNxx26,
720575941482054086,SNta20,
720575941482068934,SNta44,
720575941482077775,SNxx03,
720575941482080454,SNch10,
720575941482083526,SNta26,
720575941482093510,SNabgxx,dimorphic
720575941482111567,SNxx03,
720575941482120355,LgLG1b,
720575941482153926,SNpp57,
720575941482156998,WG3,
720575941482161094,SNta45,
720575941482162851,SNch01,dimorphic
720575941482165667,SNta22,
720575941482173382,SNpp30,
720575941482186182,SNch02,
720575941482190790,SNabg30,
720575941482202275,SNta20,
720575941482405629,SNpp18,
720575941482430799,SNta05,
720575941482561533,SNabg13,dimorphic
720575941482572730,SNpp61,
720575941482636986,SNpp41,
720575941482677434,SNch06,
720575941482680262,LgLG2,
720575941482690746,SNxxxx,
720575941482705082,SNta23,
720575941482715578,SNxx10,dimorphic
720575941482723514,SNta37,
720575941482734266,SNabg21,
720575941482742781,SNta29,
720575941482745085,SNta45,
720575941482748925,SNch10,
720575941482752765,SNta26,
720575941482761213,SNta26,
720575941482768381,SNta21,
720575941482795005,SNpp51,
720575941482797309,SNta35,
720575941482816186,SNpp23,
720575941482827005,SNta37,
720575941482831869,SNta45,
720575941482846717,SNabg20,
720575941482847485,LgLG2,
720575941482854141,SNta44,
720575941482858947,SNta21,
720575941482869757,SNpp47,
720575941482887875,SNch05,
720575941482890691,SNxx01,
720575941482890947,SNxx03,
720575941482966726,SNta42,
720575941483057859,SNxx01,
720575941483102150,SNpp25,
720575941483125245,SNpp29,
720575941483163075,SNpp51,
720575941483300349,SNpp53,
720575941483371459,SNch05,
720575941483372227,SNabg13,dimorphic
720575941483384515,SNpp51,
720575941483534787,SNabg15,dimorphic
720575941483570115,SNabg14,
720575941483599299,SNpp52,
720575941483610563,SNta37,
720575941483612611,SNpp52,
720575941483643578,SNpp20,
720575941483722694,SNpp45,
720575941483740358,SNxx04,dimorphic
720575941483775686,SNch05,
720575941483834946,SNpp40,
720575941483864262,SNta20,
720575941483890061,SNpp60,
720575941483898434,SNpp47,
720575941483899277,LgLG1a,
720575941483904066,SNta38,
720575941483912258,SNta29,
720575941483927106,SNpp41,
720575941483951046,LgLG1a,
720575941484000198,SNpp43,
720575941484143622,SNpp13,
720575941484176314,SNpp45,
720575941484179130,SNpp39,
720575941484207034,SNabg29,
720575941484223177,SNta04,
720575941484268474,SNpp39,
720575941484327677,SNabg32,
720575941484334598,SNta35,
720575941484522758,WG3,
720575941484579581,SNch09,dimorphic
720575941484596410,SNpp50,
720575941484695994,SNta24,
720575941484698365,SNpp45,
720575941484748541,SNta11,
720575941484787965,SNabg11,dimorphic
720575941484814333,LgLG1b,
720575941484908285,SNta21,
720575941484945594,SNta37,
720575941485007938,LgLG1a,
720575941485012802,LgAG3,
720575941485088397,SNta38,
720575941485089421,SNta20,
720575941485195261,SNpp45,
720575941485211533,SNpp47,
720575941485295824,WG3,
720575941485347280,SNxx03,
720575941485376464,SNpp47,
720575941485398669,SNta38,
720575941485400528,SNpp58,
720575941485401741,SNta01,
720575941485402178,SNta30,
720575941485419661,SNch02,
720575941485432461,SNpp60,
720575941485442370,SNta29,
720575941485445698,SNpp18,
720575941485447490,SNta21,
720575941485449357,WG2,
720575941485450893,SNch10,
720575941485462850,SNta29,
720575941485500557,SNta27,
720575941485526925,LgLG1b,
720575941485527437,SNpp40,
720575941485530509,SNta29,
720575941485538701,SNta29,
720575941485540237,SNta29,
720575941485560386,SNta40,
720575941485561922,SNta41,
720575941485569346,SNta32,
720575941485575174,SNpp51,
720575941485576002,SNch07,
720575941485577026,SNpp50,
720575941485578960,SNabg20,
720575941485737478,SNpp58,
720575941485805776,SNta04,
720575941486397250,SNxx33,
720575941486467981,SNpp60,
720575941486870736,SNch11,
720575941486912976,SNta38,
720575941486927824,SNpp44,
720575941486934992,SNta34,
720575941486939856,SNta34,
720575941487014864,SNta40,
720575941487020496,SNch10,
720575941487021264,SNta39,
720575941487025104,WG2,
720575941487026640,SNta37,
720575941487028688,SNta43,
720575941487031504,SNta37,
720575941487039440,SNxx29,
720575941487075981,SNxx04,
720575941487087824,SNpp19,
720575941487146050,SNabg05,dimorphic
720575941487174918,SNpp39,
720575941487195970,SNxx03,
720575941487260873,SNta18,
720575941487289485,SNta21,
720575941487384461,SNxx05,
720575941487466381,SNxx03,
720575941487496400,SNta44,
720575941487508802,SNxx04,dimorphic
720575941487616322,SNta28,
720575941487618114,SNabg14,
720575941487661634,LgLG1b,
720575941487662658,SNta06,
720575941487662989,SNpp45,
720575941487700533,SNabg24,
720575941487702925,SNta29,
720575941487706374,SNta11,
720575941487714370,SNta04,
720575941487761973,WG3,
720575941487798480,SNabg30,
720575941487806672,SNta40,
720575941487843590,SNta26,
720575941487844674,SNta20,
720575941487845442,SNpp52,
720575941487849734,SNpp32,
720575941487851984,SNabg07,dimorphic
720575941487856134,SNta11,
720575941487859718,SNta21,
720575941488171721,SNta09,
720575941488293321,SNxx22,
720575941488307662,SNta02,
720575941488346574,SNta37,
720575941488370382,SNta09,
720575941488386512,SNpp04,
720575941488470224,SNpp43,
720575941488505038,SNta42,
720575941488535760,SNxx04,dimorphic
720575941488605390,SNta20,
720575941488639182,LgLG3,dimorphic
720575941488647886,SNta37,
720575941488734156,SNta29,
720575941488789198,SNpp08,
720575941488886066,SNta38,
720575941488887858,SNta44,
720575941488892978,SNta44,
720575941488986828,SNpp37,
720575941489017808,SNxx04,
720575941489041205,SNta21,
720575941489091815,SNta09,
720575941489097936,SNxx03,
720575941489099751,SNta01,
720575941489148624,SNpp39,
720575941489223888,SNpp20,
720575941489242599,SNpp61,
720575941489251792,SNabg27,
720575941489286631,SNta23,
720575941489292240,SNpp45,
720575941489292341,SNpp51,
720575941489304629,SNta18,
720575941489387977,SNta24,
720575941489388233,SNta30,
720575941489388489,SNta14,
720575941489390281,SNpp49,
720575941489391561,SNta03,
720575941489399349,SNta11,
720575941489402316,SNta44,
720575941489408565,SNta30,
720575941489411637,SNta34,
720575941489418805,SNabg25,
720575941489436213,SNta34,
720575941489440053,SNta44,
720575941489443893,SNta38,
720575941489453877,SNabg98f,sex_specific
720575941489454389,SNta38,
720575941489455669,SNta23,
720575941489469385,SNpp22,
720575941489521717,SNta38,
720575941489694914,SNta37,
720575941489741001,SNta18,
720575941489742018,SNta24,
720575941489745609,SNta37,
720575941489752265,SNta41,
720575941489758665,SNta24,
720575941489760962,SNta24,
720575941489801422,SNta29,
720575941489804750,SNch10,
720575941489821641,SNta31,
720575941489844681,SNta20,
720575941489846217,SNta32,
720575941489853385,SNpp43,
720575941489855945,SNabg25,
720575941489885132,LgLG4,
720575941490167246,SNta28,
720575941490210766,LgLG2,
720575941490212302,SNta42,
720575941490221006,SNch10,
720575941490228430,SNta03,
720575941490228686,SNta30,
720575941490229710,SNta23,
720575941490247886,SNxx04,
720575941490354636,SNta34,
720575941490355404,SNta34,
720575941490368972,SNta31,
720575941490391756,SNta30,
720575941490411212,WG4,
720575941490412775,SNta19,
720575941490430439,SNabg04,dimorphic
720575941490524620,INXXX381,dimorphic
720575941490648009,SNxxxx,
720575941490695625,SNpp52,
720575941490715879,SNta23,
720575941490732775,SNta25,
720575941490772942,SNta37,
720575941490774247,SNta35,
720575941490792654,SNta41,
720575941490807728,SNta44,
720575941490808295,SNta27,
720575941490846951,SNta03,
720575941490893518,SNta18,
720575941491022178,sensory_fragment,
720575941491061708,SNta37,
720575941491068108,SNta29,
720575941491091662,SNpp10,
720575941491131854,SNpp52,
720575941491144423,SNta44,
720575941491144935,SNta29,
720575941491154741,SNxx03,
720575941491271881,SNta18,
720575941491345584,SNta44,
720575941491349452,SNta38,
720575941491397833,SNpp47,
720575941491412937,SNta14,
720575941491443401,SNta20,
720575941491461429,SNta20,
720575941491462631,SNpp48,
720575941491586357,SNta11,
720575941491611189,SNxx01,
720575941491664181,SNpp45,
720575941491683381,LgLG1a,
720575941491684149,LgLG1b,
720575941491707081,LgLG1b,
720575941491725518,SNch05,dimorphic
720575941491741671,SNxx03,
720575941491762377,SNta20,
720575941491767502,SNxx04,
720575941491786190,SNxx01,
720575941491805385,SNpp50,
720575941491825353,SNpp43,
720575941491903408,SNta45,
720575941491904432,SNta26,
720575941491940553,SNxx30,
720575941491944396,SNxx03,
720575941491950281,SNabg31,
720575941491951310,SNpp20,
720575941491969740,SNta21,
720575941491974604,SNpp45,
720575941491995852,SNta02,
720575941492005580,SNpp22,
720575941492072140,SNabg29,
720575941492111566,SNta02,
720575941492127614,SNta29,
720575941492298416,SNta29,
720575941492320944,SNta42,
720575941492338380,SNta20,
720575941492340967,SNta02,
720575941492355532,SNta20,
720575941492366055,SNta44,
720575941492375246,SNxx33,
720575941492375984,SNta29,
720575941492377776,SNta27,
720575941492385968,SNta44,
720575941492387504,SNabg27,
720575941492417200,SNpp50,
720575941492422576,SNxx10,dimorphic
720575941492423374,SNpp45,
720575941492425166,SNta21,
720575941492527822,SNta10,
720575941492589031,SNpp39,
720575941492608382,SNta30,
720575941492611710,SNta20,
720575941492625356,SNta26,
720575941492626892,SNta38,
720575941492693991,SNpp22,
720575941492695746,SNta43,
720575941492774375,SNpp52,
720575941492818919,LgLG1a,
720575941492854759,SNta12,
720575941492918503,SNxx05,
720575941493093058,LgLG3,dimorphic
720575941493120231,SNpp62,
720575941493124327,SNxx04,
720575941493198567,SNta42,
720575941493257154,LgLG1b,
720575941493259714,LgLG3,dimorphic
720575941493269936,SNta38,
720575941493274032,SNta43,
720575941493277383,LgLG2,
720575941493293488,SNpp45,
720575941493303216,SNxxxx,
720575941493399490,LgLG3,dimorphic
720575941493409986,LgLG1b,
720575941493433538,LgLG3,dimorphic
720575941493438919,SNta04,
720575941493451207,SNta09,
720575941493476290,LgLG3,dimorphic
720575941493507010,SNta19,
720575941493514946,LgLG3,dimorphic
720575941493535943,SNta09,
720575941493547975,SNpp45,
720575941493598407,SNpp43,
720575941493622727,SNta37,
720575941493708414,SNta29,
720575941493711486,SNabg30,
720575941493712254,SNta42,
720575941493737415,SNta29,
720575941493918128,SNabg11,dimorphic
720575941493955248,LgLG1a,
720575941494026628,LgLG1a,
720575941494050430,SNta30,
720575941494055806,SNta44,
720575941494063232,SNta29,
720575941494084992,WG2,
720575941494130046,SNta42,
720575941494140286,SNxx33,
720575941494144126,SNta39,
720575941494144382,SNta44,
720575941494149502,SNta28,
720575941494241152,WG4,
720575941494341552,SNta20,
720575941494409136,SNpp22,
720575941494410928,SNta09,
720575941494637182,SNxxxx,
720575941494794439,SNta29,
720575941494929534,SNta30,
720575941494993095,SNpp29,
720575941495078599,SNta40,
720575941495084999,SNta40,
720575941495086791,SNpp59,
720575941495113671,SNta40,
720575941495120071,SNta21,
720575941495120327,SNxx30,
720575941495187655,LgLG1b,
720575941495192519,SNpp50,
720575941495193287,SNta37,
720575941495194055,SNxx33,
720575941495194567,SNpp60,
720575941495196615,SNta14,
720575941495205063,SNpp50,
720575941495388800,LgLG1b,
720575941495678846,SNpp45,
720575941495680123,SNxx04,dimorphic
720575941495700862,LgLG1b,
720575941495701374,SNxx03,
720575941495734654,SNabg29,
720575941495736007,SNta09,
720575941495748731,SNpp45,
720575941495799424,SNta42,
720575941496029054,SNabg29,
720575941496089732,SNta31,
720575941496089988,SNta35,
720575941496091006,SNabg29,
720575941496093060,SNta41,
720575941496093566,SNta11,
720575941496094596,SNta41,
720575941496095364,SNta41,
720575941496170977,SNta45,
720575941496177225,SNabg25,
720575941496178887,SNpp34,
720575941496189409,SNta09,
720575941496257761,SNta03,
720575941496295294,SNpp45,
720575941496342398,SNch05,
720575941496344190,LgLG1b,
720575941496381921,SNta29,
720575941496397129,SNta22,
720575941496414689,SNta30,
720575941496417761,SNta37,
720575941496477639,SNabg05,
720575941496633472,SNpp51,
720575941496657024,SNta37,
720575941496678272,SNpp41,
720575941496689536,SNabg03,dimorphic
720575941496692096,SNpp05,
720575941496726857,LgLG4,
720575941496737223,SNta21,
720575941496737479,SNabg12,
720575941496739015,SNta21,
720575941496750279,SNabg14,
720575941496754119,SNxx04,dimorphic
720575941496757447,SNxx04,
720575941496827335,SNxx04,dimorphic
720575941496878203,SNch07,dimorphic
720575941496935074,WG2,
720575941497002951,SNabg29,
720575941497075328,SNta44,
720575941497078946,SNta09,
720575941497079751,SNxx05,
720575941497088162,SNta34,
720575941497187490,SNta30,
720575941497335168,SNch05,
720575941497349248,SNta14,
720575941497358791,SNta21,
720575941497375138,SNta28,
720575941497379195,SNpp60,
720575941497384571,SNta26,
720575941497388923,SNxx04,
720575941497394505,SNch11,
720575941497396347,SNpp60,
720575941497407611,SNta04,
720575941497443809,SNta44,
720575941497471611,SNch03,
720575941497473659,SNch03,
720575941497477499,SNabg29,
720575941497495163,SNta37,
720575941497502587,WG3,
720575941497516411,SNta30,
720575941497518203,SNpp39,
720575941497519483,SNta43,
720575941497541319,SNabg27,
720575941497620608,SNta20,
720575941497641185,SNta29,
720575941497760128,SNta02,
720575941497823616,LgLG1b,
720575941497863300,SNta24,
720575941497876352,SNpp39,
720575941497960521,SNta26,
720575941497962313,SNta20,
720575941497975163,SNpp41,
720575941497985920,SNta21,
720575941497988681,SNta29,
720575941497991803,SNta28,
720575941497992673,SNta34,
720575941497993801,SNta29,
720575941497996361,SNta21,
720575941497999073,SNpp45,
720575941498022985,SNta24,
720575941498045312,SNta29,
720575941498066657,SNabg29,
720575941498066820,SNta37,
720575941498083041,SNta19,
720575941498084321,WG2,
720575941498087649,SNpp51,
720575941498091233,SNxxxx,sex_specific
720575941498100809,unknown_sensory,
720575941498128201,SNta37,
720575941498133321,SNxx11,dimorphic
720575941498133577,SNta43,
720575941498143713,SNpp14,
720575941498146889,SNta38,
720575941498155081,SNta36,
720575941498156617,SNabg20,
720575941498210948,SNta30,
720575941498221700,SNta25,
720575941498246050,WG2,
720575941498311035,SNta40,
720575941498354564,SNta25,
720575941498376324,SNta25,
720575941498403716,SNta45,
720575941498411170,SNpp60,
720575941498420859,SNpp43,
720575941498472059,SNch01,dimorphic
720575941498563809,SNta37,
720575941498642338,SNta37,
720575941498749051,SNta38,
720575941498781602,SNta18,
720575941498795938,SNta23,
720575941498798498,SNta37,
720575941498808994,SNta30,
720575941498815906,SNta32,
720575941498827170,SNpp19,
720575941498832516,SNta24,
720575941498887842,LgLG3,dimorphic
720575941498917601,SNpp51,
720575941498947401,SNta38,
720575941498950881,SNxx12,dimorphic
720575941498984777,SNta37,
720575941498988873,SNpp14,
720575941498997251,LgLG3,dimorphic
720575941499040891,LgLG3,dimorphic
720575941499081731,SNta30,
720575941499209851,SNxxxx,
720575941499269794,SNpp51,
720575941499347106,SNta26,
720575941499381643,SNta28,
720575941499385250,LgLG2,
720575941499419977,SNpp45,
720575941499441531,SNch05,
720575941499510434,SNabg09,dimorphic
720575941499531170,SNch09,dimorphic
720575941499543675,SNch05,
720575941499569633,SNpp50,
720575941499580795,SNabg27,
720575941499637410,SNta44,
720575941499641227,SNta43,
720575941499716611,LgLG1b,
720575941499781282,SNch10,
720575941499796809,SNxx05,
720575941499825019,SNta14,
720575941499859323,SNta35,
720575941499862651,SNta05,
720575941499939297,SNpp52,
720575941499979745,SNta21,
720575941500011081,SNpp57,
720575941500102985,SNabg29,
720575941500195145,SNabg14,
720575941500197705,SNxx04,
720575941500272969,WG2,
720575941500282786,SNta31,
720575941500313161,SNpp39,
720575941500320225,SNta26,
720575941500330914,SNxx03,
720575941500363593,LgLG1b,
720575941500366153,SNabg97f,sex_specific
720575941500449464,SNta40,
720575941500540066,SNabg14,
720575941500602530,SNpp45,
720575941500608162,SNta20,
720575941500637858,LgLG1b,
720575941500644491,SNch10,
720575941500651659,SNxx04,dimorphic
720575941500658571,SNta26,
720575941500660363,SNpp01,
720575941500662667,SNta18,
720575941500840939,LgLG4,
720575941500858507,SNpp40,
720575941500876523,SNabg27,
720575941500887383,SNta21,
720575941500891883,SNta29,
720575941500925419,SNta02,
720575941500998795,SNta45,
720575941501000791,SNpp42,
720575941501002123,SNta38,
720575941501006219,SNta38,
720575941501018763,SNta30,
720575941501039755,SNta30,
720575941501048459,LgLG1b,dimorphic
720575941501080226,SNxx03,
720575941501099755,SNpp39,
720575941501114603,SNxx22,
720575941501140875,sensory_fragment,
720575941501166475,WG3,
720575941501171851,SNta29,
720575941501180811,SNta32,
720575941501182091,SNta31,
720575941501182603,SNch11,
720575941501195915,SNxx29,
720575941501207179,SNch06,
720575941501248343,SNta43,
720575941501280855,SNta09,
720575941501358679,SNta38,
720575941501757122,SNta09,
720575941501783746,SNta44,
720575941501807243,SNta32,
720575941501893003,unknown_sensory,
720575941501961666,SNta34,
720575941501974210,SNta09,
720575941501993355,SNxx20,
720575941501994123,SNta35,
720575941502024587,SNta09,
720575941502076866,LgLG2,
720575941502103531,SNxx30,
720575941502233995,SNpp34,
720575941502596587,SNxx33,
720575941502605035,SNta38,
720575941502691211,SNabg23,
720575941502698123,SNabg09,dimorphic
720575941502717931,SNta26,
720575941502724331,SNpp32,
720575941502763915,SNxx03,
720575941502784343,SNpp32,
720575941502801035,SNxx05,
720575941502831959,SNta29,
720575941502839383,SNta27,
720575941502840663,SNta23,
720575941502871127,SNta34,
720575941502873995,SNta20,
720575941502880855,SNta38,
720575941502927959,SNta44,
720575941502938967,SNxx04,
720575941502982283,LgLG1b,
720575941502993602,LgLG2,
720575941502993858,LgLG4,
720575941503006658,LgLG3,dimorphic
720575941503149451,SNta21,
720575941503187506,SNch10,
720575941503188018,SNta38,
720575941503298108,LgLG3,dimorphic
720575941503307068,SNabg20,
720575941503372092,SNta01,
720575941503374652,SNta09,
720575941503402149,SNta44,
720575941503449026,SNabg22,
720575941503477564,SNta44,
720575941503508162,SNta28,
720575941503516907,SNta04,
720575941503527986,SNabg28,
720575941503552962,SNta37,
720575941503558082,SNch05,
720575941503563714,SNta37,
720575941503584194,SNta35,
720575941503602226,SNta45,
720575941503614258,SNta27,
720575941503623874,SNabg29,
720575941503636418,SNta26,
720575941503638834,SNta24,
720575941503646514,SNpp41,
720575941503649330,SNta44,
720575941503655474,SNabg25,
720575941503657922,SNta32,
720575941503658405,SNta37,
720575941503659202,SNxx03,
720575941503667762,LgLG3,dimorphic
720575941503698341,SNta29,
720575941503701308,SNpp49,
720575941503716146,SNxx05,
720575941503722546,SNta41,
720575941503727922,SNta03,
720575941503773955,SNta43,
720575941504132843,SNch05,
720575941504153067,SNta20,
720575941504217323,LgLG2,
720575941504233047,SNpp23,
720575941504409282,SNta32,
720575941504445207,SNta42,
720575941504447682,SNxx33,
720575941504466711,SNabg31,
720575941504557106,SNch10,
720575941504614981,SNch11,
720575941504617541,SNch03,
720575941504645611,SNta20,
720575941504656619,SNta04,
720575941504666940,SNpp52,
720575941504699671,SNta04,
720575941504707653,SNpp16,
720575941504709957,SNta38,
720575941504763045,SNta18,
720575941504776357,WG3,
720575941504784549,SNpp40,
720575941504849239,LgLG1b,
720575941504882775,SNxx04,
720575941504898981,SNta04,
720575941504911013,SNta27,
720575941504978308,SNta32,
720575941505064261,SNta29,
720575941505075906,SNpp52,
720575941505076674,SNta33,
720575941505092695,SNta11,
720575941505118658,SNta21,
720575941505162405,SNta30,
720575941505199420,SNta35,
720575941505204293,SNpp52,
720575941505214268,SNta19,
720575941505215548,SNta34,
720575941505255986,SNta02,
720575941505257010,SNpp45,
720575941505261762,SNabg30,
720575941505265829,SNta09,
720575941505270851,SNta44,
720575941505281084,SNabg29,
720575941505281445,SNta09,
720575941505282213,SNch12,
720575941505288101,SNta24,
720575941505288252,SNch11,
720575941505288279,SNta14,
720575941505288613,SNta31,
720575941505290044,sensory_fragment,
720575941505291324,SNch10,
720575941505296293,SNta24,
720575941505304997,WG3,
720575941505312677,SNch10,
720575941505314469,SNta04,
720575941505316402,SNta11,
720575941505358274,SNch05,
720575941505386290,SNxx01,
720575941505387314,SNpp55,
720575941505400997,SNta38,
720575941505403557,SNta23,
720575941505404581,SNta39,
720575941505405861,LgLG3,dimorphic
720575941505427877,SNta43,
720575941505489987,SNta29,
720575941505499927,SNta42,
720575941505555138,SNabg14,
720575941505574338,SNch05,
720575941505584418,SNta09,
720575941505593378,SNta09,
720575941505608482,SNta29,
720575941505660706,SNta19,
720575941505698620,LgLG3,dimorphic
720575941505711410,WG2,
720575941505718722,SNch05,
720575941505732421,SNpp50,
720575941505749176,SNpp59,
720575941505770369,SNta02,
720575941505785182,SNpp23,
720575941505802369,SNta04,
720575941505824050,SNxx01,
720575941505856194,SNpp51,
720575941505871042,SNta26,
720575941505888933,LgLG1b,dimorphic
720575941505889218,SNta21,
720575941505903710,SNta41,
720575941505924668,SNta04,
720575941505926995,sensory_fragment,
720575941505973042,SNta34,
720575941505975063,SNta02,
720575941505997079,SNta44,
720575941505998615,SNta37,
720575941506003479,SNta43,
720575941506004540,SNta25,
720575941506006807,SNta44,
720575941506010903,SNta28,
720575941506011813,SNta32,
720575941506015255,SNta37,
720575941506017815,SNta35,
720575941506032151,SNpp20,
720575941506045207,SNta35,
720575941506054434,SNta38,
720575941506057566,SNta31,
720575941506084421,SNabg21,
720575941506107265,SNta35,
720575941506107973,SNpp09,
720575941506128919,LgLG3,dimorphic
720575941506130455,SNta44,
720575941506133271,SNpp39,
720575941506138903,SNpp50,
720575941506158882,WG2,
720575941506185125,SNxx03,
720575941506202949,SNta28,
720575941506218300,SNxxxx,
720575941506231365,SNabg09,dimorphic
720575941506231621,SNta35,
720575941506235708,SNpp30,
720575941506267205,SNta20,
720575941506291269,SNpp57,
720575941506296389,SNta43,
720575941506301861,SNpp50,
720575941506302373,SNxx28,
720575941506305093,SNta32,
720575941506309701,SNta38,
720575941506318917,SNta40,
720575941506427521,WG3,
720575941506463364,SNxx33,
720575941506477441,SNpp41,
720575941506597971,sensory_fragment,
720575941506672956,SNpp45,
720575941506693459,sensory_fragment,
720575941506721815,SNta03,
720575941506754071,LgLG4,
720575941506789445,SNpp41,
720575941506829125,SNta38,
720575941506863013,SNppxx,
720575941506873916,SNpp39,
720575941506927710,SNta37,
720575941506928700,SNta20,
720575941506950460,SNabg27,
720575941506966437,SNpp60,
720575941506984482,SNpp50,
720575941506987554,SNpp52,
720575941506989372,SNpp52,
720575941506990626,SNabg21,
720575941506998693,SNch05,dimorphic
720575941507004194,SNpp50,
720575941507004962,LgLG3,dimorphic
720575941507053335,SNta19,
720575941507085697,LgLG4,
720575941507201349,SNpp47,
720575941507210565,SNxx29,
720575941507215710,SNta37,
720575941507227461,SNta26,
720575941507228997,SNpp32,
720575941507236165,SNpp52,
720575941507236993,SNpp47,
720575941507241089,SNta27,
720575941507241601,SNxx33,
720575941507242625,SNta37,
720575941507253317,SNpp45,
720575941507295301,SNta23,
720575941507325218,SNta20,
720575941507325986,SNta37,
720575941507335458,SNta38,
720575941507337762,SNta23,
720575941507339810,SNpp35,
720575941507349564,SNta24,
720575941507354206,SNta44,
720575941507355230,SNta42,
720575941507357790,SNta35,
720575941507364386,SNpp51,
720575941507383902,SNta24,
720575941507398565,SNabg14,
720575941507408162,SNta43,
720575941507418940,SNta07,
720575941507430178,SNta37,
720575941507431518,SNxx06,
720575941507434274,SNta38,
720575941507438882,SNch06,
720575941507448354,SNta38,
720575941507452254,SNta41,
720575941507460446,SNta37,
720575941507460898,SNxx14,
720575941507462690,SNta43,
720575941507462750,SNxx29,
720575941507466018,SNta43,
720575941507515671,SNta32,
720575941507528577,SNta43,
720575941507530369,SNxx24,
720575941507551416,SNta44,
720575941507555201,SNxx22,
720575941507564673,WG4,
720575941507567420,SNta14,
720575941507570236,SNabg28,
720575941507626625,SNxx23,dimorphic
720575941507640449,SNch03,
720575941507644033,SNta44,
720575941507658625,SNta37,
720575941507728709,SNxx26,
720575941507745559,SNabg14,
720575941507886405,SNta42,
720575941507910928,SNta19,
720575941507931920,WG3,
720575941507967813,SNabg07,dimorphic
720575941508000069,SNpp39,
720575941508068190,SNta42,
720575941508073239,SNxx01,
720575941508080919,SNxx03,
720575941508166935,SNta04,
720575941508169089,SNpp41,
720575941508171031,SNxx29,
720575941508197761,SNta42,
720575941508206721,SNta23,
720575941508246818,SNxx20,
720575941508262946,SNta30,
720575941508269185,SNta32,
720575941508274967,SNpp60,
720575941508280645,SNpp50,
720575941508292642,unknown_sensory,
720575941508346135,LgLG1a,
720575941508384385,SNta20,
720575941508404759,SNta14,
720575941508428101,SNabg27,
720575941508430149,SNabg15,dimorphic
720575941508505729,SNpp59,
720575941508572741,LgLG1b,
720575941508594130,SNta09,
720575941508607301,SNxx03,
720575941508668370,SNta25,
720575941508718370,SNpp37,
720575941508719233,SNpp25,
720575941508742354,SNpp37,
720575941508820574,SNpp52,
720575941508823134,SNta29,
720575941508835457,SNpp52,
720575941508853086,SNvnc12f,sex_specific
720575941508955090,SNta18,
720575941509017378,SNxx03,
720575941509038096,SNta18,
720575941509108609,SNpp45,
720575941509176670,SNpp39,
720575941509208866,SNabg30,
720575941509263489,SNpp52,
720575941509268097,SNxx04,
720575941509286017,SNta20,
720575941509287553,SNpp45,
720575941509294721,SNch05,
720575941509343361,LgLG1a,
720575941509347106,SNpp39,
720575941509377570,SNabg27,
720575941509480464,SNxx14,
720575941509501200,SNta28,
720575941509501968,SNch11,
720575941509514274,SNta30,
720575941509554782,SNpp45,
720575941509729234,WG3,
720575941509732306,LgLG4,
720575941509737601,SNta24,
720575941509852289,LgLG1b,
720575941510305234,SNta45,
720575941510308818,SNta45,
720575941510309842,SNta24,
720575941510311634,SNta44,
720575941510343122,LgLG3,dimorphic
720575941510374098,SNta19,
720575941510383570,SNta39,
720575941510387666,LgLG3,dimorphic
720575941510436368,SNta43,
720575941510486544,SNta42,
720575941510487056,SNpp43,
720575941510655760,SNpp25,
720575941511103185,SNta43,
720575941511159505,SNta44,
720575941511171282,SNta37,
720575941511316752,SNabg27,
720575941511328528,LgLG1b,
720575941511341521,SNta44,
720575941511368012,SNta41,
720575941511470864,SNpp41,
720575941511548370,SNpp20,
720575941511666704,SNxx04,
720575941511887569,SNpp42,
720575941512019410,SNta20,
720575941512369873,LgLG4,
720575941512445650,SNcs01f,sex_specific
720575941512485330,SNpp39,
720575941512619218,SNta26,
720575941512816337,SNta29,
720575941512823505,SNta42,
720575941512836561,SNta29,
720575941512916433,SNxx03,
720575941512932195,SNta09,
720575941512933073,SNpp56,
720575941512933708,SNta43,
720575941512942289,SNabg11,dimorphic
720575941512947276,SNch06,
720575941513021955,SNta26,
720575941513028707,SNpp58,
720575941513081187,SNta09,
720575941513121123,SNta37,
720575941513197561,WG2,
720575941513299788,SNpp21,
720575941513303898,SNta09,
720575941513332812,SNxx06,
720575941513348601,SNta42,
720575941513374810,SNta03,
720575941513377529,SNta09,
720575941513378041,SNta09,
720575941513393996,SNpp32,
720575941513479417,SNta37,
720575941513553242,SNta38,
720575941513651532,SNxx29,
720575941513665868,SNpp40,
720575941513732326,sensory_fragment,
720575941513739843,SNta29,
720575941513764172,SNpp45,
720575941513883027,SNta45,
720575941514072467,SNxx33,
720575941514126915,SNta29,
720575941514137155,SNta23,
720575941514149187,SNta24,
720575941514165651,SNta37,
720575941514168723,SNta45,
720575941514184291,LgLG4,
720575941514187363,SNta38,
720575941514220099,SNta29,
720575941514220179,SNta35,
720575941514240579,SNta19,
720575941514272067,SNch10,
720575941514277955,SNta43,
720575941514308867,CS,
720575941514375377,SNta14,
720575941514387921,SNpp22,
720575941514493433,SNta04,
720575941514504441,SNta21,
720575941514539610,SNta25,
720575941514603513,SNta29,
720575941514683395,SNta38,
720575941514695523,SNch03,
720575941514695756,SNpp45,
720575941514696803,SNxx06,
720575941514697731,SNch04,
720575941514711299,SNpp44,
720575941514716771,SNta21,
720575941514720099,SNch10,
720575941514722563,SNta31,
720575941514728291,SNta31,
720575941514749443,SNxxxx,
720575941514766545,SNpp22,
720575941514787793,SNpp58,
720575941514788867,SNpp56,
720575941514794499,SNch10,
720575941514806019,SNpp43,
720575941514810202,SNxx26,
720575941514814467,SNpp52,
720575941514819192,sensory_fragment,
720575941514912346,SNta44,
720575941514935898,sensory_fragment,
720575941514951417,SNta43,
720575941514973649,SNpp45,
720575941514985036,WG2,
720575941514996985,SNta44,
720575941515009529,SNta38,
720575941515018330,SNta30,
720575941515026522,SNta18,
720575941515030009,SNta23,
720575941515043537,SNabg30,
720575941515067129,unknown_sensory,
720575941515067385,SNxx03,
720575941515077187,SNta04,
720575941515081425,SNta26,
720575941515083001,SNabg29,
720575941515094362,sensory_fragment,
720575941515096666,SNxx06,
720575941515098361,SNabg31,
720575941515111673,SNta26,
720575941515112185,SNch06,
720575941515115866,SNxx10,dimorphic
720575941515120889,SNta28,
720575941515126777,LgLG1b,
720575941515127642,SNta04,
720575941515129593,SNta29,
720575941515130714,SNta29,
720575941515137370,SNta28,
720575941515139577,SNta04,
720575941515159955,SNabg22,
720575941515201612,LgLG1a,
720575941515254115,SNta37,
720575941515300755,SNta18,
720575941515426915,SNabg27,
720575941515461987,unknown_sensory,
720575941515574371,LgLG8,
720575941515586915,SNpp45,
720575941515591011,SNta21,
720575941515654243,LgLG3,dimorphic
720575941515666435,SNta39,
720575941515667802,SNta37,
720575941515669251,SNxxxx,
720575941515702163,SNch09,dimorphic
720575941515726403,SNch05,
720575941515726659,SNta14,
720575941515737235,SNpp41,
720575941515743635,SNta29,
720575941515744403,SNta44,
720575941515750291,SNta43,
720575941515756691,SNta38,
720575941515759763,SNta19,
720575941515764627,SNxx04,dimorphic
720575941515777091,SNta21,
720575941515782291,SNta30,
720575941515789123,SNta21,
720575941515791251,SNpp50,
720575941515810371,SNpp52,
720575941515828035,SNabg27,
720575941515844755,SNta19,
720575941515882051,SNta21,
720575941515893139,SNta23,
720575941515899459,SNppxx,
720575941515915155,SNch10,
720575941515926106,SNabg24,
720575941515934457,SNpp50,
720575941515969452,SNta40,
720575941516050092,SNxx03,
720575941516093612,SNta09,
720575941516159660,SNta09,
720575941516182339,SNabg27,
720575941516191555,SNch05,dimorphic
720575941516207532,SNpp45,
720575941516226627,LgLG2,
720575941516244908,SNpp39,
720575941516252076,SNabg25,
720575941516281667,SNpp52,
720575941516396204,SNta29,
720575941516408419,SNta11,
720575941516411795,unknown_sensory,
720575941516474979,SNta21,
720575941516488953,SNta23,
720575941516493561,SNabg09,dimorphic
720575941516533753,SNpp52,
720575941516578926,SNta09,
720575941516589402,SNta11,
720575941516591064,SNpp28,
720575941516641114,SNabg15,dimorphic
720575941516667246,SNta01,
720575941516679779,SNta02,
720575941516716910,SNta04,
720575941516720643,SNpp51,
720575941516726232,SNta01,
720575941516772499,SNxx21,
720575941516789720,SNta30,
720575941516817880,SNta43,
720575941516845059,SNpp60,
720575941516856280,SNpp08,
720575941516862051,SNpp51,
720575941516869219,SNta21,
720575941516913923,SNta07,
720575941516925550,SNpp47,
720575941517086819,SNta20,
720575941517114979,LgLG1b,
720575941517118307,LgLG1a,
720575941517163610,LgLG1b,
720575941517167971,SNpp50,
720575941517304057,SNta02,
720575941517306467,SNta20,
720575941517341433,SNpp55,
720575941517342201,SNta02,
720575941517342969,SNta02,
720575941517344505,SNabg03,dimorphic
720575941517354489,SNabg29,
720575941517380698,SNta26,
720575941517438867,SNabg27,
720575941517461907,SNta14,
720575941517493932,SNta09,
720575941517747091,SNabg29,
720575941517795756,SNta31,
720575941517802412,SNta43,
720575941517802668,SNta09,
720575941517805996,SNta38,
720575941517809324,SNta04,
720575941517818796,SNta04,
720575941517841580,SNta44,
720575941517884888,SNpp18,
720575941517889196,SNch10,
720575941517896620,SNch10,
720575941517907347,SNta14,
720575941517926828,SNta30,
720575941517946540,SNpp60,
720575941517967788,SNta38,
720575941517968044,SNta23,
720575941517969299,SNta02,
720575941517971372,LgLG1b,dimorphic
720575941518148568,SNpp58,
720575941518159832,SNta42,
720575941518167768,SNta38,
720575941518174680,SNch06,
720575941518176915,SNabg26,
720575941518183571,SNpp40,
720575941518203352,SNta09,
720575941518206099,SNpp47,
720575941518227416,SNabg31,
720575941518283480,SNabg27,
720575941518288600,SNabg29,
720575941518314712,SNabg27,
720575941518317016,SNxx04,
720575941518438060,SNch10,
720575941518492343,SNta09,
720575941518508471,SNabg22,
720575941518522990,SNta25,
720575941518526830,SNpp47,
720575941518527086,SNta41,
720575941518556343,WG2,
720575941518607276,SNta27,
720575941518609774,SNta35,
720575941518610615,SNta30,
720575941518619575,SNta41,
720575941518621294,SNta37,
720575941518625902,SNta42,
720575941518634606,SNch06,
720575941518637678,LgLG3,dimorphic
720575941518640494,SNta29,
720575941518642030,SNpp20,
720575941518678894,SNabg24,
720575941518751404,SNta21,
720575941518757804,SNta34,
720575941518801836,LgLG1b,
720575941518820524,SNabg97f,sex_specific
720575941518854360,SNta26,
720575941518926212,SNpp47,
720575941518933427,SNpp43,
720575941519105646,SNpp45,
720575941519127797,sensory_fragment,
720575941519167086,SNta28,
720575941519168388,SNta34,
720575941519216856,SNch03,
720575941519282904,SNch10,
720575941519296428,SNpp51,
720575941519371736,SNpp34,
720575941519403374,SNch10,
720575941519433144,SNta34,
720575941519645100,SNta21,
720575941519646852,SNta29,
720575941519647364,SNta29,
720575941519647876,SNta29,
720575941519658884,LgLG3,dimorphic
720575941519676036,SNpp47,
720575941519685764,SNch07,dimorphic
720575941519689092,SNxx33,
720575941519689860,SNxx33,
720575941519696044,SNabg27,
720575941519697836,SNabg27,
720575941519699372,SNta33,
720575941519703256,SNcs01f,sex_specific
720575941519706284,SNabg29,
720575941519745203,SNta38,
720575941519755908,SNta29,
720575941519763384,SNta42,
720575941519870596,SNta34,
720575941519897016,SNxxxx,
720575941519908791,SNta29,
720575941519923628,SNta33,
720575941519987383,SNpp43,
720575941520036536,SNta34,
720575941520049079,SNta44,
720575941520052140,SNpp59,
720575941520107955,SNta39,
720575941520111276,SNxx03,
720575941520112819,SNta45,
720575941520114099,SNta38,
720575941520127411,SNta29,
720575941520179884,LgLG1a,
720575941520202679,SNpp43,
720575941520210604,SNta21,
720575941520220014,SNxx03,
720575941520223598,SNabg29,
720575941520224622,SNxx03,
720575941520242099,SNta37,
720575941520248243,SNta37,
720575941520248499,SNta45,
720575941520251571,SNta32,
720575941520306904,SNabg27,
720575941520333815,SNxx28,
720575941520415991,SNta09,
720575941520482158,LgLG1a,
720575941520588398,SNxx03,
720575941520667608,SNta11,
720575941520700120,SNta14,
720575941520710616,SNta21,
720575941520761454,SNta28,
720575941520767342,SNpp45,
720575941520774766,SNxx10,dimorphic
720575941520957623,SNch05,dimorphic
720575941520965879,WG2,
720575941520979123,SNta03,
720575941521039283,SNpp60,
720575941521393739,SNabg25,
720575941521576779,SNta34,
720575941521640011,SNta35,
720575941521640267,SNta35,
720575941521643851,SNxx22,
720575941521662135,SNta21,
720575941521722547,SNpp23,
720575941521747787,SNta04,
720575941521749431,SNpp45,
720575941521753015,SNabg28,
720575941521754615,SNta04,
720575941521757879,SNxx04,
720575941521758647,SNta21,
720575941521759479,SNta43,
720575941521763319,SNta27,
720575941521903435,SNta26,
720575941521939635,SNpp52,
720575941522080247,SNta38,
720575941522090487,SNpp02,
720575941522099191,SNta23,
720575941522114551,SNch08,
720575941522116855,SNta44,
720575941522159863,SNta04,
720575941522210551,SNta29,
720575941522236663,WG2,
720575941522244855,SNta42,
720575941522247159,SNch10,
720575941522247671,SNta45,
720575941522250999,SNta23,
720575941522254327,LgLG3,dimorphic
720575941522273271,SNxx06,
720575941522288375,SNppxx,
720575941522291959,SNta39,
720575941522294263,SNta35,
720575941522296055,SNta27,
720575941522296567,SNta29,
720575941522297523,LgLG1b,
720575941522297591,SNta32,
720575941522298359,SNta37,
720575941522299127,WG3,
720575941522303991,SNxx14,
720575941522331827,SNxx04,dimorphic
720575941522340024,SNta25,
720575941522374840,SNta43,
720575941522375608,SNta35,
720575941522420659,SNabg29,
720575941522424503,WG4,
720575941522443447,SNta44,
720575941522525624,SNta35,
720575941522526136,SNta35,
720575941522948757,SNta03,
720575941523084535,SNta29,
720575941523120631,SNta27,
720575941523148619,SNpp45,
720575941523156043,SNta37,
720575941523161419,SNch10,
720575941523172171,SNch09,dimorphic
720575941523175243,SNta20,
720575941523183435,SNpp50,
720575941523208011,SNta42,
720575941523231563,SNpp40,
720575941523270731,LgLG2,
720575941523272011,SNta19,
720575941523286091,SNta32,
720575941523297099,SNta37,
720575941523303243,LgLG1b,
720575941523310667,SNabg14,
720575941523311947,SNabg26,
720575941523326283,SNpp52,
720575941523774466,SNxx03,
720575941523774797,SNta43,
720575941523814903,SNppxx,sex_specific
720575941524064184,SNta09,
720575941524096077,SNta25,
720575941524123650,SNta28,
720575941524124674,SNta30,
720575941524126466,SNta37,
720575941524145508,LgLG4,
720575941524170059,SNpp41,
720575941524190283,SNpp52,
720575941524191332,SNta29,
720575941524197732,WG4,
720575941524199755,SNabg01,dimorphic
720575941524207351,SNabg15,dimorphic
720575941524241227,SNta38,
720575941524297241,SNta09,
720575941524345700,SNta35,
720575941524369741,SNta35,
720575941524391501,SNxx03,
720575941524424473,SNta09,
720575941524425207,WG2,
720575941524544793,SNta25,
720575941524984651,SNta07,
720575941524999755,SNabg14,
720575941525191682,LgLG4,
720575941525209766,SNpp19,
720575941525265485,SNpp19,
720575941525297739,SNxx03,
720575941525302694,SNpp14,
720575941525327362,SNta29,
720575941525329410,SNpp45,
720575941525339650,SNta29,
720575941525340674,SNta28,
720575941525349634,SNppxx,sex_specific
720575941525354918,SNta09,
720575941525363970,SNta18,
720575941525373350,SNta25,
720575941525381634,SNta30,
720575941525391526,SNpp59,
720575941525451960,SNpp18,
720575941525496164,SNpp41,
720575941525498212,SNxx20,
720575941525500749,SNpp42,
720575941525522276,SNta25,
720575941525578662,SNpp58,
720575941525580363,SNpp11,
720575941525606914,SNta38,
720575941525652714,SNabg03,dimorphic
720575941525723138,SNch09,dimorphic
720575941525804546,SNxx06,
720575941525814349,SNpp01,
720575941525823051,SNpp39,
720575941525847810,SNabg27,
720575941525851394,SNta39,
720575941525853698,SNta39,
720575941525864013,LgLG2,
720575941525872717,,
720575941525886564,SNta44,
720575941525890660,SNta24,
720575941525931341,SNta32,
720575941525933389,SNxx22,
720575941525943885,SNpp45,
720575941525957732,SNabg30,
720575941525960548,SNta29,
720575941525962084,SNabg25,
720575941525962340,SNpp39,
720575941526032409,SNta28,
720575941526034969,SNta29,
720575941526038041,SNpp50,
720575941526116633,SNta43,
720575941526144793,SNta40,
720575941526148633,SNta32,
720575941526168601,SNta29,
720575941526177817,SNch02,
720575941526183449,SNch02,
720575941526190105,SNabgxx,
720575941526195481,SNta32,
720575941526317240,SNta28,
720575941526343096,SNta29,
720575941526343352,SNta29,
720575941526344376,SNta29,
720575941526344632,LgLG3,dimorphic
720575941526376962,SNta23,
720575941526496388,SNxx33,
720575941526525284,SNta03,
720575941526545318,SNxx04,dimorphic
720575941526624184,SNta35,
720575941526629816,SNta35,
720575941526639362,SNta24,
720575941526640386,SNta43,
720575941526678093,IN13B001,sex_specific
720575941526696292,SNta39,
720575941526720589,SNpp20,
720575941526759096,LgLG2,
720575941526785636,LgLG1b,
720575941526919078,SNta09,
720575941526924198,WG4,
720575941526927270,SNta37,
720575941526940326,SNta28,
720575941526942374,SNta04,
720575941526950681,unknown_sensory,
720575941526953894,SNta24,
720575941526995878,SNta38,
720575941526999718,LgLG4,
720575941527005465,LgLG7,
720575941527008184,SNta30,
720575941527012774,SNta44,
720575941527020710,WG4,
720575941527039142,SNta40,
720575941527046566,SNta38,
720575941527074232,WG3,
720575941527076377,SNta38,
720575941527089666,SNxxxx,
720575941527112870,SNta21,
720575941527284738,SNxx32,
720575941527285176,SNta37,
720575941527311949,SNch05,
720575941527330404,SNta20,
720575941527345922,SNta20,
720575941527360868,SNta21,
720575941527381250,SNpp50,
720575941527390052,SNta32,
720575941527399170,SNxx03,
720575941527400706,SNabg27,
720575941527407362,SNppxx,
720575941527464269,SNxxxx,
720575941527481254,SNabg27,
720575941527553049,SNabg05,dimorphic
720575941527580237,SNch05,
720575941527675524,SNpp41,
720575941527681636,LgLG1b,
720575941527684866,SNabg05,dimorphic
720575941527685378,LgLG1b,
720575941527698532,SNta33,
720575941527706980,SNta21,
720575941527708260,SNta21,
720575941527748354,unknown_sensory,
720575941527750733,SNpp39,
720575941527750989,SNta21,
720575941527796557,WG4,
720575941527811609,SNxx03,
720575941527825830,SNpp47,
720575941527843512,SNpp42,
720575941527849638,SNta29,
720575941527856228,SNpp39,
720575941527860301,SNpp51,
720575941527867236,SNch02,
720575941527870541,SNta20,
720575941527877634,SNta02,
720575941527947908,SNta43,
720575941527950468,WG3,
720575941527984461,SNta09,
720575941527988557,SNabg23,
720575941528020324,SNabg06,dimorphic
720575941528027012,SNxx25,
720575941528030596,SNpp17,
720575941528057220,SNxx21,
720575941528061316,SNta43,
720575941528062084,SNta23,
720575941528064132,SNch10,
720575941528068228,SNch09,dimorphic
720575941528074009,SNpp43,
720575941528084868,SNabg06,
720575941528088708,SNabg17,dimorphic
720575941528173700,WG2,
720575941528178308,SNabg25,
720575941528180100,SNch07,dimorphic
720575941528180356,SNta29,
720575941528280066,SNpp51,
720575941528441528,SNta29,
720575941528443814,LgLG1a,
720575941528446136,SNta45,
720575941528448422,SNxx04,
720575941528450982,SNxx05,
720575941528454584,SNta37,
720575941528700875,SNta34,
720575941528715960,SNpp41,
720575941528750520,SNpp16,
720575941528891576,SNabg20,
720575941528902072,SNta38,
720575941528902840,SNta29,
720575941528925624,SNta44,
720575941528930232,SNxx29,
720575941528941496,SNabg21,
720575941528972932,SNta42,
720575941528979110,SNta11,
720575941528980408,SNabg29,
720575941528983992,SNta43,
720575941529000888,SNta23,
720575941529023398,SNta25,
720575941529108134,SNxx05,
720575941529186507,SNta40,
720575941529435832,SNta44,
720575941529511352,SNta37,
720575941529743236,SNpp52,
720575941529766532,SNpp39,
720575941529815940,SNabg27,
720575941529868676,SNta02,
720575941530028472,SNta30,
720575941530120933,SNta35,
720575941530148555,SNta30,
720575941530163128,SNpp39,
720575941530164868,SNch04,
720575941530183115,SNpp09,
720575941530214020,SNpp41,
720575941530233291,SNpp07,
720575941530245579,SNpp60,
720575941530269643,SNta41,
720575941530275531,SNta39,
720575941530280139,SNabg25,
720575941530285259,SNta28,
720575941530288331,SNpp44,
720575941530305483,SNta24,
720575941530313931,SNch11,
720575941530319051,SNta43,
720575941530335435,SNta44,
720575941530336459,SNpp07,
720575941530342859,SNta08,
720575941530367876,SNta29,
720575941530419147,SNta24,
720575941530457547,SNta32,
720575941530464203,SNta33,
720575941530492619,SNta01,
720575941530529002,SNabg17,dimorphic
720575941530534584,SNabg15,dimorphic
720575941530739384,LgLG3,dimorphic
720575941530816952,SNta02,
720575941530817208,LgLG1b,
720575941530827651,SNta42,
720575941530910851,SNta09,
720575941531010532,SNta30,
720575941531020773,SNta04,
720575941531031012,SNta30,
720575941531085240,SNpp51,
720575941531243237,SNpp17,
720575941531246116,SNpp44,
720575941531254731,SNxx07,dimorphic
720575941531310264,SNpp39,
720575941531356107,SNpp34,
720575941531378104,SNch01,dimorphic
720575941531470309,sensory_fragment,
720575941531552229,SNta38,
720575941531553765,SNta38,
720575941531564773,SNch10,
720575941531571685,SNta26,
720575941531574501,SNta29,
720575941531578404,SNppxx,
720575941531591652,SNta30,
720575941531657701,SNch02,
720575941531668453,SNta04,
720575941531929547,SNabg06,dimorphic
720575941532111908,SNpp43,
720575941532130021,SNpp43,
720575941532146212,SNpp60,
720575941532184100,SNpp60,
720575941532216779,SNabg27,
720575941532235556,SNpp47,
720575941532268747,SNpp45,
720575941532317571,SNpp53,
720575941532346315,SNta20,
720575941532353880,SNabg14,
720575941532402866,SNta29,
720575941532408754,SNxx04,dimorphic
720575941532457091,CoHP8,sex_specific
720575941532486885,SNch01,
720575941532514251,SNta20,
720575941532524978,SNta09,
720575941532534616,SNta09,
720575941532543107,SNta09,
720575941532546392,SNta09,
720575941532553394,SNta37,
720575941532554072,SNta29,
720575941532567384,SNta37,
720575941532568195,SNta20,
720575941532570755,SNta35,
720575941532572035,SNta44,
720575941532579459,SNta39,
720575941532581323,LgLG4,
720575941532582787,SNxx21,
720575941532584323,SNpp43,
720575941532636452,SNta21,
720575941532937304,SNta04,
720575941533068810,SNta25,
720575941533109635,SNta03,
720575941533120522,SNabg27,
720575941533171466,SNta38,
720575941533174564,SNta21,
720575941533206282,SNta29,
720575941533226724,SNpp19,
720575941533239701,SNpp60,
720575941533301514,SNta32,
720575941533303525,SNch05,
720575941533331843,unknown_sensory,
720575941533341194,SNta42,
720575941533373669,SNxx03,
720575941533382117,SNta20,
720575941533382629,SNxx04,dimorphic
720575941533402634,SNta38,
720575941533411301,LgLG1a,
720575941533422116,SNta29,
720575941533426980,SNta32,
720575941533451812,SNta40,
720575941533455396,SNta21,
720575941533476132,SNpp43,
720575941533485505,SNpp57,
720575941533501220,SNta32,
720575941533516580,SNta41,
720575941533516836,SNta44,
720575941533517604,SNta31,
720575941533518372,SNta29,
720575941533521700,SNta29,
720575941533521956,SNta44,
720575941533522980,SNta44,
720575941533535320,WG2,
720575941533540900,SNta29,
720575941533559274,LgLG3,dimorphic
720575941533587122,LgLG1b,
720575941533616164,SNta29,
720575941533616420,SNta34,
720575941533628708,LgLG3,dimorphic
720575941533629476,SNta21,
720575941533629988,SNta30,
720575941533640484,SNta29,
720575941533641252,SNta44,
720575941533655332,SNta29,
720575941533655844,SNpp60,
720575941533657114,SNta09,
720575941533657380,SNta40,
720575941533657636,SNta21,
720575941533658148,SNta44,
720575941533658660,SNpp60,
720575941533660186,SNta02,
720575941533660708,SNta29,
720575941533661220,SNpp51,
720575941533663268,SNpp47,
720575941533663524,SNpp47,
720575941533664538,SNta09,
720575941533668696,SNta26,
720575941533688858,SNta09,
720575941533690817,SNpp43,
720575941533702948,SNta29,
720575941533703716,SNta29,
720575941533704484,SNta29,
720575941533707300,SNta21,
720575941533707556,SNta21,
720575941533708836,SNpp43,
720575941533709348,SNpp43,
720575941533709604,SNpp43,
720575941533709860,SNpp43,
720575941533710628,SNpp40,
720575941533711396,SNpp43,
720575941533711908,SNpp44,
720575941533714212,SNta29,
720575941533714980,SNta29,
720575941533715429,SNabg09,dimorphic
720575941533717028,SNta29,
720575941533733156,LgLG4,
720575941533733866,SNta18,
720575941533736682,SNta44,
720575941533737706,SNta37,
720575941533768228,SNch11,
720575941533911269,LgLG1b,
720575941533922586,SNpp16,
720575941533930266,SNpp43,
720575941533954482,SNta37,
720575941533968277,SNta28,
720575941533972885,SNta26,
720575941533976090,SNta23,
720575941533990232,WG2,
720575941533992165,SNpp52,
720575941533999765,SNta29,
720575941534010261,SNpp47,
720575941534015125,SNta29,
720575941534019715,SNxx03,
720575941534028978,SNta23,
720575941534033586,SNta41,
720575941534038165,LgLG3,dimorphic
720575941534044394,SNta37,
720575941534046552,SNta45,
720575941534046949,SNta44,
720575941534049624,WG3,
720575941534050904,SNta35,
720575941534053298,SNta32,
720575941534060722,SNch05,
720575941534071896,SNta42,
720575941534088792,SNta45,
720575941534090418,SNxx29,
720575941534106968,SNta41,
720575941534107992,SNta11,
720575941534109418,SNta32,
720575941534121194,SNta32,
720575941534124632,SNta18,
720575941534127338,SNta36,
720575941534130008,SNabg27,
720575941534131178,SNta38,
720575941534135274,SNpp07,
720575941534139314,SNxx03,
720575941534146482,SNabg30,
720575941534175978,SNta33,
720575941534186218,LgLG2,
720575941534197994,SNxx14,
720575941534218469,SNta33,
720575941534221546,SNta42,
720575941534225898,SNxx04,dimorphic
720575941534226154,SNch10,
720575941534227178,SNpp60,
720575941534227434,SNta19,
720575941534281738,SNpp60,
720575941534305667,SNpp39,
720575941534384472,SNta29,
720575941534448216,LgLG3,dimorphic
720575941534455896,SNabg29,
720575941534574979,SNta29,
720575941534646026,SNpp45,
720575941534647562,LgLG2,
720575941534647939,SNta20,
720575941534652938,SNta29,
720575941534664970,SNta37,
720575941534696835,SNta43,
720575941534738008,SNta37,
720575941534739178,SNta38,
720575941534769330,SNpp02,
720575941534856024,SNxx06,
720575941534873432,SNxx29,
720575941534939841,SNta37,
720575941534948289,SNta43,
720575941534950081,SNxx02,dimorphic
720575941534955457,SNxx03,
720575941534972353,SNta29,
720575941535028234,SNta09,
720575941535042241,SNch06,
720575941535072193,SNta35,
720575941535102986,SNxx14,
720575941535121379,SNpp45,
720575941535122922,SNta28,
720575941535126762,SNch06,
720575941535133667,SNta10,
720575941535138074,SNpp58,
720575941535149802,SNpp39,
720575941535154458,SNta30,
720575941535154970,SNpp52,
720575941535167770,SNta43,
720575941535290378,SNabgxx,
720575941535391459,LgLG4,
720575941535410714,SNch05,
720575941535524890,SNta30,
720575941535530689,SNabg29,
720575941535543066,LgLG3,dimorphic
720575941535557914,SNta43,
720575941535558682,LgLG2,
720575941535643930,SNta44,
720575941535660314,SNta41,
720575941535666970,SNxx06,
720575941535699994,SNpp50,
720575941535700250,SNta43,
720575941535708954,SNpp44,
720575941535716801,SNta04,
720575941535725912,SNta20,
720575941535731032,SNch05,
720575941535779506,SNta21,
720575941535829994,SNch01,dimorphic
720575941535919370,SNch03,
720575941535923137,SNta43,
720575941535929834,LgLG1b,
720575941535932760,SNta20,
720575941535938792,SNpp40,
720575941535939521,SNta23,
720575941535946945,SNta32,
720575941535973569,SNch10,
720575941536000234,SNta20,
720575941536007450,SNpp12,
720575941536010984,SNpp60,
720575941536066136,SNch05,
720575941536088152,SNabg14,
720575941536144472,SNta20,
720575941536148712,SNpp19,
720575941536164274,SNabg15,dimorphic
720575941536223922,LgLG1b,
720575941536224434,SNch05,
720575941536309994,SNta21,
720575941536313322,SNpp39,
720575941536369330,SNta34,
720575941536395413,SNta37,
720575941536409571,SNpp60,
720575941536471834,SNpp56,
720575941536485402,SNta40,
720575941536490901,SNta04,
720575941536544995,SNpp45,
720575941536546074,SNta24,
720575941536568725,SNta38,
720575941536609512,SNabg25,
720575941536609729,SNta09,
720575941536618216,SNxx02,dimorphic
720575941536621802,SNpp52,
720575941536624362,SNta37,
720575941536629514,SNta14,
720575941536633576,SNta29,
720575941536674290,SNta04,
720575941536686529,SNabg23,
720575941536693731,SNta27,
720575941536695528,SNch03,
720575941536695784,SNta42,
720575941536699658,SNta20,
720575941536700387,SNta41,
720575941536703208,SNta43,
720575941536706019,LgLG3,dimorphic
720575941536706787,SNta24,
720575941536717544,SNch11,
720575941536717800,SNch10,
720575941536724968,SNta27,
720575941536728808,SNpp56,
720575941536730817,SNta02,
720575941536738753,SNxx04,dimorphic
720575941536747713,SNxx05,
720575941536766947,SNta28,
720575941536928498,SNta18,
720575941536942858,SNta21,
720575941537081098,SNta21,
720575941537137930,SNpp59,
720575941537142298,SNxx03,
720575941537159105,SNxx04,
720575941537161665,SNta21,
720575941537184538,LgLG1a,
720575941537197082,SNxx01,
720575941537197338,SNabg15,dimorphic
720575941537210394,SNta21,
720575941537210595,SNabg30,
720575941537279514,SNxx03,
720575941537280227,SNta30,
720575941537321738,SNpp57,
720575941537339841,SNta11,
720575941537386762,SNta30,
720575941537391626,SNta26,
720575941537392906,SNta30,
720575941537397731,SNta25,
720575941537488616,SNpp45,
720575941537498088,SNpp19,
720575941537511912,SNxxxx,
720575941537597155,SNta19,
720575941537607907,SNta39,
720575941537631459,SNta29,
720575941537634330,SNta20,
720575941537635826,SNta42,
720575941537643213,SNta08,
720575941537643925,SNta09,
720575941537648021,SNta26,
720575941537649301,SNxx25,
720575941537666842,SNta20,
720575941537667098,SNta20,
720575941537672853,SNta37,
720575941537680410,SNpp51,
720575941537681946,SNta20,
720575941537702371,WG2,
720575941537710819,SNabg24,
720575941537743821,SNxx22,
720575941537744100,SNpp58,
720575941537774029,SNta09,
720575941537796045,SNta37,
720575941537824740,SNpp40,
720575941537898189,LgLG3,dimorphic
720575941537915005,SNta09,
720575941537935080,SNxx26,
720575941537939994,SNta20,
720575941538018034,SNta18,
720575941538036978,SNpp45,
720575941538039026,SNta42,
720575941538040306,SNxx08,dimorphic
720575941538042610,SNta42,
720575941538047637,SNta44,
720575941538057202,SNta24,
720575941538058211,SNpp52,
720575941538058901,SNta27,
720575941538080242,SNta38,
720575941538081266,SNpp02,
720575941538112661,SNpp50,
720575941538115221,SNta29,
720575941538116989,SNta42,
720575941538119829,SNta03,
720575941538121960,SNxx03,
720575941538139378,SNta43,
720575941538143986,SNta28,
720575941538144405,SNpp18,
720575941538165885,SNpp27,
720575941538178280,SNch05,
720575941538179816,SNch05,
720575941538187925,SNta37,
720575941538193301,WG2,
720575941538205589,SNta29,
720575941538206101,SNta11,
720575941538228712,SNabg27,
720575941538229987,SNch05,
720575941538237160,SNpp39,
720575941538267107,SNpp45,
720575941538283235,SNabg27,
720575941538293992,SNabg29,
720575941538525416,SNta20,
720575941538530531,SNxx03,
720575941538543346,SNta38,
720575941538560227,SNta20,
720575941538669283,SNxx04,
720575941538745059,SNpp39,
720575941538776213,SNta37,
720575941538788584,SNpp50,
720575941538790115,WG3,
720575941538791139,SNpp39,
720575941538867358,sensory_fragment,
720575941538885091,SNabg14,
720575941538892925,LgLG8,
720575941539017597,SNta27,
720575941539022741,SNta29,
720575941539026674,SNpp30,
720575941539045581,SNpp43,
720575941539053517,SNpp10,
720575941539056845,SNta04,
720575941539067285,SNpp41,
720575941539248253,SNpp43,
720575941539332557,SNpp45,
720575941539341949,SNta03,
720575941539343229,SNxxxx,
720575941539343997,SNta32,
720575941539345021,SNta09,
720575941539353037,SNta44,
720575941539353549,SNch10,
720575941539357133,SNxx33,
720575941539365581,SNta37,
720575941539371725,LgLG1b,
720575941539399629,SNpp51,
720575941539406285,LgLG4,
720575941539415421,SNabg31,
720575941539436925,SNta39,
720575941539437693,SNta37,
720575941539438461,SNta41,
720575941539438741,SNpp52,
720575941539439997,SNch10,
720575941539442301,SNta26,
720575941539445373,SNch05,
720575941539447933,SNpp61,
720575941539450749,SNabg04,dimorphic
720575941539505101,LgLG5,
720575941539524324,SNpp47,
720575941539707634,SNpp39,
720575941539723506,SNxx03,
720575941539760789,SNta20,
720575941539827698,SNpp62,
720575941539831282,SNpp45,
720575941539856732,SNta35,
720575941539866773,SNxx06,
720575941539891804,SNta29,
720575941539919997,SNpp45,
720575941539978332,SNta29,
720575941540104853,SNxx03,
720575941540132221,SNpp50,
720575941540239997,SNpp17,
720575941540241533,SNpp32,
720575941540242268,SNpp43,
720575941540248445,SNpp51,
720575941540249373,LgLG1b,dimorphic
720575941540252109,SNta29,
720575941540252309,SNpp39,
720575941540262093,SNta29,
720575941540283597,SNpp19,
720575941540337789,SNch10,
720575941540394133,SNpp11,
720575941540477426,SNta14,
720575941540812669,SNpp28,
720575941540850381,SNta42,
720575941540973773,SNpp45,
720575941540986829,SNta21,
720575941541012685,SNpp51,
720575941541041021,SNta09,
720575941541110477,SNxx05,
720575941541128573,SNxx03,
720575941541129597,LgLG1b,
720575941541251533,SNta33,
720575941541290781,SNch09,dimorphic
720575941541376381,SNabg29,
720575941541413757,SNpp39,
720575941541443277,LgLG1a,
720575941541452829,SNta24,
720575941541459485,SNta19,
720575941541465725,LgLG1b,
720575941541466972,LgLG1b,
720575941541470044,SNta20,
720575941541476444,WG2,
720575941541492572,SNta38,
720575941541552589,LgLG1a,
720575941541591900,SNxx04,dimorphic
720575941541592924,SNta37,
720575941541599068,SNabg13,dimorphic
720575941541602652,SNta42,
720575941541610076,SNta37,
720575941541632893,LgLG1b,
720575941541645949,SNpp39,
720575941541695181,WG4,
720575941541706189,SNta14,
720575941541715917,SNta29,
720575941541767037,SNpp52,
720575941541776509,SNxx04,dimorphic
720575941541788541,SNpp51,
720575941541789565,SNta04,
720575941541878813,WG2,
720575941541883421,SNta23,
720575941541893149,SNta30,
720575941541895965,SNta37,
720575941541941709,SNxx04,dimorphic
720575941541966365,SNta37,
720575941541968157,SNpp55,
720575941541980165,SNxx33,
720575941541986140,SNpp60,
720575941541987357,SNta39,
720575941541992733,SNxx03,
720575941542001437,SNta25,
720575941542009373,SNta37,
720575941542032220,LgLG1a,
720575941542087004,LgLG2,
720575941542087453,SNpp04,
720575941542169349,SNta34,
720575941542366469,SNta09,
720575941542392837,LgLG3,dimorphic
720575941542482524,SNcs01f,sex_specific
720575941542576413,SNpp52,
720575941542681093,WG2,
720575941542829085,SNpp39,
720575941542848604,SNpp45,
720575941542858525,SNabg08,dimorphic
720575941543148549,SNpp60,
720575941543238492,SNabg29,
720575941543241564,LgLG1b,
720575941543388421,SNpp20,
720575941543396969,SNta09,
720575941543431868,SNta21,
720575941543472233,SNta20,
720575941543550140,SNta09,
720575941543600100,SNpp60,
720575941543600612,SNpp47,
720575941543668060,SNabg29,
720575941543676508,SNta37,
720575941543709628,SNta23,
720575941543713724,SNta09,
720575941543766533,SNta34,
720575941543772933,WG4,
720575941543791109,SNta37,
720575941543853853,SNpp58,
720575941543857157,SNch11,
720575941543874077,SNxx04,dimorphic
720575941543874140,SNta18,
720575941543884573,SNabg05,dimorphic
720575941543889669,SNabg27,
720575941543890693,LgLG1b,
720575941543900677,SNabg31,
720575941543955229,SNabg06,dimorphic
720575941544083804,SNpp52,
720575941544157213,SNpp39,
720575941544177124,SNpp47,
720575941544192740,SNpp47,
720575941544255005,SNta21,
720575941544349469,SNpp52,
720575941544483101,SNta35,
720575941544489245,SNta04,
720575941544495645,SNpp50,
720575941544537780,SNta09,
720575941544677556,LgLG4,
720575941544701957,SNpp41,
720575941544751877,SNpp50,
720575941544826804,SNta37,
720575941544841188,LgLG2,
720575941544977340,SNch11,
720575941544978916,LgLG2,
720575941544991164,SNpp28,
720575941545122696,SNabg20,
720575941545205253,SNpp45,
720575941545352584,SNta30,
720575941545369961,SNta23,
720575941545403141,SNpp47,
720575941545442952,SNta03,
720575941545449065,SNpp50,
720575941545456233,SNta38,
720575941545463401,SNta23,
720575941545463657,LgLG4,
720575941545469801,SNpp50,
720575941545476796,SNta37,
720575941545482428,SNch10,
720575941545484137,SNpp50,
720575941545491205,SNabg28,
720575941545497276,SNta29,
720575941545550780,SNta37,
720575941545551036,SNta21,
720575941545558204,SNxx03,
720575941545558972,LgLG1b,
720575941545562044,SNta37,
720575941545562629,SNabg27,
720575941545563068,SNta34,
720575941545568700,SNta20,
720575941545572232,SNta30,
720575941545580732,SNta43,
720575941545585084,SNabg20,
720575941545613417,SNta44,
720575941545857212,SNta28,
720575941545863273,SNta11,
720575941545912500,SNta37,
720575941545917876,SNta44,
720575941545919412,SNta09,
720575941545925893,SNabg19,
720575941546013033,LgLG4,
720575941546176873,SNta18,
720575941546187781,SNxx04,dimorphic
720575941546210228,LgLG3,dimorphic
720575941546233572,SNta03,
720575941546243177,SNta20,
720575941546266804,SNta28,
720575941546279860,SNta30,
720575941546361605,SNabg24,
720575941546371764,LgLG3,dimorphic
720575941546389684,SNpp40,
720575941546389940,SNta32,
720575941546391220,SNabg25,
720575941546445929,SNta32,
720575941546518305,LgLG4,
720575941546713971,SNpp50,
720575941546850184,SNta30,
720575941546858120,SNxx23,dimorphic
720575941546858632,SNta37,
720575941546890017,SNpp54,
720575941546902633,SNpp45,
720575941546919969,SNxx22,
720575941546962721,SNpp41,
720575941546985148,SNpp52,
720575941547003937,SNpp61,
720575941547007777,SNpp60,
720575941547010081,SNta28,
720575941547019452,SNabg15,dimorphic
720575941547111092,SNta32,
720575941547182728,SNta30,
720575941547190408,WG4,
720575941547200617,SNxx03,
720575941547208124,SNch05,
720575941547214964,SNta25,
720575941547217288,SNta29,
720575941547272584,SNta23,
720575941547288456,SNabg29,
720575941547352381,SNpp52,
720575941547382077,SNpp47,
720575941547398515,SNta31,
720575941547411517,WG2,
720575941547419763,SNta31,
720575941547440500,SNta09,
720575941547508924,SNta44,
720575941547517033,SNpp52,
720575941547523177,SNch05,
720575941547542132,SNta35,
720575941547596148,SNch06,
720575941547703913,SNta21,
720575941547721916,SNta21,
720575941547740604,SNta21,
720575941547773116,SNta04,
720575941547828585,SNabg15,dimorphic
720575941547889697,SNpp41,
720575941547924769,SNch09,dimorphic
720575941548054408,SNta39,
720575941548059681,SNta43,
720575941548069512,SNta27,
720575941548135048,SNpp34,
720575941548148769,SNpp35,
720575941548374708,SNta19,
720575941548415777,SNpp51,
720575941548423713,SNta20,
720575941548424481,SNta24,
720575941548442401,SNabg97f,sex_specific
720575941548454068,SNta21,
720575941548457761,SNch01,
720575941548467380,SNta04,
720575941548470561,SNta34,
720575941548470817,SNpp47,
720575941548479265,SNta45,
720575941548491297,LgLG1b,
720575941548496756,SNch09,dimorphic
720575941548498465,SNta33,
720575941548509985,SNta38,
720575941548510241,SNta09,
720575941548511265,WG3,
720575941548513313,WG3,
720575941548518689,LgLG3,dimorphic
720575941548519713,SNta03,
720575941548522813,SNpp41,
720575941548597108,SNpp35,
720575941548597537,SNta29,
720575941548605985,SNch09,
720575941548611764,SNta20,
720575941548614433,SNta32,
720575941548626568,LgLG1b,
720575941548627848,SNpp62,
720575941548640436,WG4,
720575941548642164,SNxxxx,
720575941548642952,SNxx04,dimorphic
720575941548715325,SNpp44,
720575941548727432,SNpp55,
720575941548810676,SNpp45,
720575941548837949,SNta03,
720575941548924989,SNch10,
720575941548935741,SNta38,
720575941548938356,SNxx25,
720575941548943165,SNta29,
720575941548951613,SNta38,
720575941548955197,SNta19,
720575941548959549,SNta30,
720575941548962932,SNta30,
720575941548964669,SNpp58,
720575941548965693,SNta26,
720575941548966516,SNta25,
720575941548977213,SNta35,
720575941548978292,SNta27,
720575941548978721,SNta01,
720575941548982845,SNta19,
720575941548990324,SNta09,
720575941548992884,SNta34,
720575941549006984,SNta02,
720575941549014900,SNta44,
720575941549056061,SNpp57,
720575941549062717,SNta37,
720575941549064253,LgLG3,dimorphic
720575941549066045,SNta29,
720575941549076541,SNta32,
720575941549099636,SNta37,
720575941549120116,LgLG1b,dimorphic
720575941549124468,SNta27,
720575941549124724,SNta32,
720575941549133428,SNch09,dimorphic
720575941549171572,SNta34,
720575941549178760,SNpp40,
720575941549251208,SNta20,
720575941549269896,SNabg29,
720575941549352819,SNpp57,
720575941549450785,SNabg04,dimorphic
720575941549461793,SNxxxx,
720575941549471231,SNta02,
720575941549508095,SNpp56,
720575941549686078,SNpp14,
720575941549742142,SNta09,
720575941549844542,SNta09,
720575941549868093,SNxx18,dimorphic
720575941549896510,SNta42,
720575941549916927,WG2,
720575941549932093,SNpp50,
720575941549947965,SNta36,
720575941550009889,SNpp45,
720575941550036340,SNta42,
720575941550075169,SNabg14,
720575941550077502,SNta35,
720575941550108961,SNpp52,
720575941550282558,SNch03,
720575941550437949,SNabg32,
720575941550601076,SNta02,
720575941550629921,SNta20,
720575941550638397,SNpp45,
720575941550652159,SNxx33,
720575941550652415,SNpp45,
720575941550689396,SNpp39,
720575941550725747,SNta45,
720575941550763123,SNta38,
720575941550813473,SNta25,
720575941550835059,SNta28,
720575941550845812,SNabg23,
720575941550859575,SNxxx,
720575941550870132,SNabg29,
720575941550879367,SNta09,
720575941550880627,SNpp58,
720575941550883955,SNta44,
720575941550899967,SNta43,
720575941550933988,SNta09,
720575941550934919,SNta32,
720575941550959219,SNta44,
720575941550959475,SNta44,
720575941550959731,SNta20,
720575941550961268,SNabg27,
720575941550961524,SNabg27,
720575941550977671,SNta29,
720575941550993287,LgLG2,
720575941550995967,SNxx29,
720575941551004415,SNpp39,
720575941551012351,SNta37,
720575941551014911,WG2,
720575941551036415,WG2,
720575941551049471,LgLG5,
720575941551070719,SNpp30,
720575941551082099,SNpp45,
720575941551100733,SNta20,
720575941551109181,SNabg13,dimorphic
720575941551121031,SNabg20,
720575941551123335,SNta38,
720575941551124339,SNpp60,
720575941551124595,SNpp57,
720575941551125107,SNpp60,
720575941551125619,SNta41,
720575941551126131,SNta44,
720575941551127155,SNta23,
720575941551127551,SNta23,
720575941551167604,SNpp47,
720575941551176510,SNta44,
720575941551177022,SNta18,
720575941551185267,SNta31,
720575941551186547,SNta23,
720575941551188851,SNta31,
720575941551190387,SNta34,
720575941551191155,SNta31,
720575941551193971,SNta23,
720575941551194227,SNta34,
720575941551256947,SNpp56,
720575941551257203,SNpp57,
720575941551257661,SNta20,
720575941551323251,SNpp60,
720575941551323507,SNta23,
720575941551323763,SNta34,
720575941551332723,SNta23,
720575941551342707,SNta44,
720575941551343219,SNta44,
720575941551361307,SNch12,
720575941551386484,LgLG1b,
720575941551433243,SNta03,
720575941551459902,SNch12,
720575941551473947,SNta01,
720575941551475940,SNpp47,
720575941551491390,SNta43,
720575941551557786,WG2,
720575941551565630,SNxxxx,
720575941551567934,SNch06,
720575941551595070,SNta21,
720575941551603483,SNpp29,
720575941551640091,SNabg20,
720575941551666238,SNabg29,
720575941551673242,SNta42,
720575941551699455,SNta09,
720575941551701310,SNta37,
720575941551712154,SNta37,
720575941551715134,SNxx22,
720575941551715646,SNta35,
720575941551721278,SNch10,
720575941551725630,SNta37,
720575941551729214,SNta37,
720575941551731518,SNta20,
720575941551787326,SNpp28,
720575941551838618,SNta29,
720575941551961599,SNta33,
720575941551971583,SNta37,
720575941552004095,SNabg04,dimorphic
720575941552025343,SNxx02,
720575941552353671,SNpp24,
720575941552358199,SNta29,
720575941552426497,SNpp56,
720575941552461111,SNta30,
720575941552476673,SNta42,
720575941552521271,SNta29,
720575941552566043,SNpp50,
720575941552583167,SNabg14,
720575941552583303,SNta29,
720575941552584731,SNta04,
720575941552587009,SNta35,
720575941552596737,LgLG2,
720575941552690055,SNta28,
720575941552696711,WG3,
720575941552699015,SNta42,
720575941552725127,LgLG1b,
720575941552763527,SNch06,
720575941552769671,WG2,
720575941552775223,LgLG4,
720575941552778039,SNxxxx,
720575941552780167,SNta04,
720575941552793479,LgLG2,
720575941552794247,SNta28,
720575941552795271,SNta43,
720575941552805255,SNabg26,
720575941552806279,SNta42,
720575941552811655,SNxx03,
720575941552815239,SNta45,
720575941552815495,unknown_sensory,
720575941552831233,SNta04,
720575941552935507,SNta02,
720575941552942163,SNta37,
720575941552945235,SNta38,
720575941552974163,SNta41,
720575941553015579,SNta37,
720575941553028435,SNch05,
720575941553051675,SNta33,
720575941553057307,LgLG3,dimorphic
720575941553060635,SNta42,
720575941553139940,SNpp47,
720575941553162239,SNta24,
720575941553181695,SNta11,
720575941553274879,SNxx17,sex_specific
720575941553311898,WG2,
720575941553324543,SNta20,
720575941553414554,SNta29,
720575941553441178,SNta40,
720575941553444506,SNta38,
720575941553446042,LgLG2,
720575941553449626,SNta34,
720575941553455514,SNta44,
720575941553495175,unknown_sensory,
720575941553508999,sensory_fragment,
720575941553514138,SNxx05,
720575941553529242,SNxx06,
720575941553560474,SNxx22,
720575941553564058,SNabg30,
720575941553588122,SNta37,
720575941553602110,SNpp45,
720575941553606298,SNabg30,
720575941553608346,SNta30,
720575941553624474,SNta39,
720575941553625242,SNta37,
720575941553633178,SNta30,
720575941553635226,SNta19,
720575941553637786,SNpp44,
720575941553646910,SNxx03,
720575941553654407,SNpp34,
720575941553683483,SNxx06,
720575941553708954,SNta19,
720575941553736731,SNpp50,
720575941553752577,SNta30,
720575941553757185,SNpp55,
720575941553837118,SNxx01,
720575941553870820,SNta31,
720575941553883163,SNta42,
720575941554021403,SNabg29,
720575941554028059,SNpp45,
720575941554044727,SNta38,
720575941554058039,SNta40,
720575941554158931,SNta35,
720575941554160211,SNta29,
720575941554163539,SNta38,
720575941554175031,SNta21,
720575941554221703,SNabg26,
720575941554246042,SNta04,
720575941554247559,SNpp45,
720575941554249729,SNta09,
720575941554267219,SNpp35,
720575941554269953,LgLG1a,
720575941554308762,SNta28,
720575941554318081,SNta30,
720575941554319873,SNta37,
720575941554344705,SNta28,
720575941554420507,SNpp37,
720575941554499975,SNabg31,
720575941554534739,SNta43,
720575941554549639,SNabg11,dimorphic
720575941554560666,LgLG1b,
720575941554596743,SNpp39,
720575941554608723,SNta42,
720575941554610771,SNta26,
720575941554613587,SNxx06,
720575941554641747,SNta38,
720575941554667547,SNta38,
720575941554774756,SNabg24,
720575941554831495,SNpp45,
720575941554868388,SNxx14,
720575941554874340,SNxx07,dimorphic
720575941554880228,SNpp51,
720575941554894727,SNta04,
720575941554970340,SNch10,
720575941554983834,WG3,
720575941554989732,SNta30,
720575941555049863,SNpp45,
720575941555072339,unknown_sensory,
720575941555101850,SNpp43,
720575941555141274,SNpp52,
720575941555174483,SNabg30,
720575941555175169,SNpp41,
720575941555188378,LgLG1b,
720575941555195620,SNta29,
720575941555208193,SNta21,
720575941555209956,SNpp20,
720575941555212186,SNta21,
720575941555213722,SNta14,
720575941555215514,SNta20,
720575941555215770,SNta07,
720575941555229185,SNpp40,
720575941555233281,SNta24,
720575941555236068,LgLG3,dimorphic
720575941555236762,SNabg29,
720575941555258596,SNta24,
720575941555287194,SNpp39,
720575941555319780,SNta35,
720575941555323108,SNta44,
720575941555359059,SNta39,
720575941555485779,SNta19,
720575941555521178,LgLG1b,
720575941555561626,SNta20,
720575941555640740,SNpp24,
720575941555672356,SNabg20,
720575941555774977,SNxx05,
720575941555797540,SNta19,
720575941555805338,SNabg26,
720575941555810970,SNta20,
720575941555869476,SNta28,
720575941555959972,SNxx08,dimorphic
720575941555969700,SNabg01,dimorphic
720575941555977892,WG2,
720575941556026625,LgLG1b,dimorphic
720575941556059620,SNta20,
720575941556080129,SNta11,
720575941556189185,SNta20,
720575941556193508,SNta39,
720575941556197860,SNta03,
720575941556210689,SNta21,
720575941556215524,SNpp39,
720575941556220417,SNabg29,
720575941556243108,SNta30,
720575941556245924,SNpp06,
720575941556270675,SNch05,
720575941556298323,SNppxx,
720575941556313171,SNpp52,
720575941556314451,LgLG1b,
720575941556319059,SNabg29,
720575941556340225,LgLG1b,
720575941556361892,SNta04,
720575941556370852,SNta04,
720575941556378276,SNta45,
720575941556385444,SNta04,
720575941556457636,LgLG2,
720575941556488356,SNta23,
720575941556488868,SNta37,
720575941556493732,LgLG4,
720575941556518308,SNpp50,
720575941556630611,SNta21,
720575941556634625,SNpp45,
720575941556736804,LgLG3,dimorphic
720575941556747891,SNpp39,
720575941556816467,SNabg29,
720575941556848385,SNta29,
720575941556858881,SNta29,
720575941556890660,SNpp07,
720575941556892388,SNabg30,
720575941556969555,WG4,
720575941556978340,SNpp52,
720575941556985089,SNpp52,
720575941557157903,SNta09,
720575941557241871,SNta29,
720575941557296292,SNta37,
720575941557301156,SNta34,
720575941557303844,SNta40,
720575941557308196,SNta37,
720575941557314276,SNch01,dimorphic
720575941557318180,SNabg23,
720575941557318692,SNta45,
720575941557322660,SNpp50,
720575941557326884,SNta02,
720575941557335332,SNta44,
720575941557351204,SNta03,
720575941557375247,SNta09,
720575941557375268,SNta32,
720575941557399534,SNxx14,
720575941557421092,SNabg25,
720575941557453860,SNta43,
720575941557458447,SNpp10,
720575941557485550,SNta09,
720575941557491215,WG2,
720575941557515246,SNta35,
720575941557564142,SNta44,
720575941557623923,SNta30,
720575941557665774,SNta28,
720575941557710062,SNabg29,
720575941557736356,SNpp45,
720575941557812083,LgLG1b,
720575941557935012,unknown_sensory,
720575941557939950,SNpp43,
720575941557956772,SNpp45,
720575941558001956,SNch06,
720575941558006564,SNta24,
720575941558018163,SNpp50,
720575941558101924,SNpp22,
720575941558109860,SNabg29,
720575941558310180,SNta26,
720575941558316068,SNch01,dimorphic
720575941558317860,SNabg01,dimorphic
720575941558324004,SNta38,
720575941558353709,SNta02,
720575941558427663,LgLG4,
720575941558434093,SNta09,
720575941558435855,SNta04,
720575941558436004,SNpp43,
720575941558455085,SNpp14,
720575941558461455,SNpp47,
720575941558489508,SNta21,
720575941558514221,SNta37,
720575941558603172,LgLG1a,
720575941558634511,SNta41,
720575941558636815,SNta42,
720575941558638607,SNta28,
720575941558667309,SNta01,
720575941558677549,SNta24,
720575941558678254,SNpp52,
720575941558743853,SNta40,
720575941558786596,SNxx03,
720575941558870052,CS,
720575941558878253,SNta28,
720575941558898959,SNta28,
720575941558936079,SNta29,
720575941558945807,LgLG3,dimorphic
720575941558962547,SNta21,
720575941558963827,SNta37,
720575941558964751,SNta23,
720575941558969871,LgLG2,
720575941558970639,SNta34,
720575941558982126,SNpp14,
720575941558985252,LgLG1b,
720575941558985999,SNta44,
720575941559025523,SNabg98f,sex_specific
720575941559037455,SNxx06,
720575941559047539,SNta42,
720575941559066639,SNch05,
720575941559067151,SNta45,
720575941559084559,LgLG3,dimorphic
720575941559102223,SNta39,
720575941559114767,SNch14,dimorphic
720575941559116815,SNta21,
720575941559119342,SNta30,
720575941559126287,SNpp41,
720575941559134190,SNta32,
720575941559135214,SNta09,
720575941559145454,SNta29,
720575941559152622,SNta27,
720575941559154926,SNpp16,
720575941559214125,WG2,
720575941559236078,SNch07,
720575941559243502,SNta04,
720575941559251694,SNta43,
720575941559252516,SNxx03,
720575941559254254,SNta24,
720575941559260654,SNxx10,dimorphic
720575941559262958,SNpp55,
720575941559275379,SNta37,
720575941559424883,SNta14,
720575941559425139,SNta26,
720575941559432563,SNta38,
720575941559439987,SNta11,
720575941559441779,SNta44,
720575941559478387,SNabg26,
720575941559487347,SNch12,
720575941559499123,SNta39,
720575941559507315,SNta21,
720575941559529587,SNta39,
720575941559538547,SNta29,
720575941559552371,SNta32,
720575941559561587,SNpp60,
720575941559563379,SNch10,
720575941559689508,LgLG3,dimorphic
720575941559694884,WG4,
720575941559903247,SNxxxx,
720575941559953935,SNta29,
720575941559971087,SNabg22,
720575941559979123,SNpp23,
720575941560134515,SNxx06,
720575941560198003,SNta35,
720575941560267053,SNta27,
720575941560295725,SNta04,
720575941560365806,SNpp28,
720575941560400173,SNta25,
720575941560404595,SNta35,
720575941560408621,SNta38,
720575941560419373,SNta39,
720575941560423469,SNch10,
720575941560426029,SNta32,
720575941560431219,SNpp50,
720575941560437805,SNta39,
720575941560533486,SNpp52,
720575941560550951,SNta04,
720575941560552207,SNpp40,
720575941560559375,SNxx03,
720575941560600744,SNta09,
720575941560602024,SNta08,
720575941560640783,SNpp51,
720575941560641262,SNpp41,
720575941560665838,SNabg27,
720575941560719272,SNta37,
720575941560758643,SNpp43,
720575941560805032,SNta34,
720575941560827431,LgLG3,dimorphic
720575941560833575,SNta19,
720575941560833831,SNta19,
720575941560839207,LgLG3,dimorphic
720575941560844327,SNta30,
720575941560855591,LgLG1b,dimorphic
720575941560859431,SNta29,
720575941560886311,SNta41,
720575941560886823,SNta44,
720575941560891687,SNta29,
720575941560891943,SNta29,
720575941560892711,SNta38,
720575941560893479,SNxxxx,
720575941560894247,SNpp50,
720575941560895015,SNpp43,
720575941560944429,SNpp53,
720575941561003891,SNabg23,
720575941561094671,LgLG1a,
720575941561127406,SNta11,
720575941561136143,SNta32,
720575941561153907,SNxx01,
720575941561156590,SNpp39,
720575941561195791,SNta29,
720575941561203438,SNch05,
720575941561318638,SNta21,
720575941561345551,SNta21,
720575941561355535,SNpp45,
720575941561357327,SNpp09,
720575941561362158,SNta14,
720575941561362291,SNch01,dimorphic
720575941561377039,SNpp45,
720575941561382189,SNpp52,
720575941561384237,SNta29,
720575941561387635,SNta20,
720575941561387891,SNta20,
720575941561395471,SNta30,
720575941561411373,SNch10,
720575941561416563,SNxx04,
720575941561422451,SNpp52,
720575941561485714,SNta09,
720575941561487342,SNta21,
720575941561487598,SNppxx,sex_specific
720575941561490547,SNabg09,dimorphic
720575941561505170,SNta43,
720575941561536883,SNabg09,dimorphic
720575941561612915,SNpp39,
720575941561673075,SNta09,
720575941561776552,SNta34,
720575941561777064,SNta37,
720575941562060712,SNpp37,
720575941562111271,SNta41,
720575941562112551,SNta41,
720575941562115367,SNta29,
720575941562163368,SNta42,
720575941562169383,SNta30,
720575941562169895,SNta30,
720575941562170407,SNta30,
720575941562178304,SNta22,
720575941562178599,SNch05,
720575941562178728,SNxx03,
720575941562179367,LgLG3,dimorphic
720575941562182439,SNch05,
720575941562182695,SNpp43,
720575941562182951,SNpp47,
720575941562193576,SNta28,
720575941562201383,SNpp59,
720575941562201901,SNabg29,
720575941562203181,SNxx04,
720575941562206503,SNch08,
720575941562206759,SNch08,dimorphic
720575941562208807,SNta30,
720575941562210855,LgLG3,dimorphic
720575941562221607,SNta40,
720575941562222375,SNta44,
720575941562222887,SNta44,
720575941562224167,SNta44,
720575941562227239,SNta45,
720575941562227751,SNpp39,
720575941562262184,SNta37,
720575941562262317,SNta11,
720575941562266669,SNpp45,
720575941562280872,LgLG1b,
720575941562290600,SNta42,
720575941562294440,SNta35,
720575941562306728,SNpp02,
720575941562316456,SNabg09,dimorphic
720575941562470151,SNabg31,
720575941562515207,SNch05,
720575941562541666,SNxx22,
720575941562546834,SNpp55,
720575941562599687,SNta44,
720575941562671506,SNta44,
720575941562675602,SNpp60,
720575941562747437,SNta02,
720575941562918295,LgLG3,dimorphic
720575941562929709,SNxx04,dimorphic
720575941562962951,WG2,
720575941563000471,SNpp42,
720575941563003693,SNpp45,
720575941563124370,SNch10,
720575941563139986,SNta28,
720575941563142056,SNabg09,dimorphic
720575941563158440,LgLG1b,
720575941563170984,SNpp45,
720575941563196562,SNta23,
720575941563198610,SNta34,
720575941563205010,LgLG1b,
720575941563234194,SNta39,
720575941563247506,LgLG2,
720575941563248542,SNta38,
720575941563249042,SNta44,
720575941563251090,SNta19,
720575941563276702,SNta40,
720575941563277726,SNta28,
720575941563293494,SNta42,
720575941563294110,SNta38,
720575941563301686,SNpp23,
720575941563502646,SNta25,
720575941563518518,SNxx26,
720575941563569718,SNta26,
720575941563570176,SNta44,
720575941563572736,SNta25,
720575941563635712,SNta25,
720575941563646720,SNta32,
720575941563652096,SNta39,
720575941563654912,SNta27,
720575941563658496,SNta37,
720575941563776146,SNta42,
720575941563793554,SNta39,
720575941563826322,SNta38,
720575941563826590,SNta30,
720575941563827090,SNta44,
720575941563851106,SNxx17,dimorphic
720575941563888231,SNta29,
720575941563904871,WG2,
720575941563934632,SNpp51,
720575941564034962,SNxx06,
720575941564038503,SNta09,
720575941564054935,SNpp50,
720575941564075008,SNxx25,
720575941564109154,SNpp35,
720575941564147858,SNta21,
720575941564153490,SNpp55,
720575941564184327,SNta29,
720575941564186375,SNta45,
720575941564187655,SNta29,
720575941564191639,SNta29,
720575941564199063,SNpp39,
720575941564200455,SNta26,
720575941564208391,SNta11,
720575941564220258,SNta29,
720575941564236807,SNta09,
720575941564242530,SNpp52,
720575941564254562,SNta24,
720575941564292450,LgLG3,dimorphic
720575941564300386,SNta43,
720575941564306344,SNpp22,
720575941564311650,SNta44,
720575941564332039,SNta11,
720575941564338695,SNxx06,
720575941564353704,SNxx03,
720575941564485032,SNta21,
720575941564540072,SNxx05,
720575941564557366,SNabg23,
720575941564567094,SNpp60,
720575941564567862,SNch09,dimorphic
720575941564628887,SNpp43,
720575941564638103,SNta23,
720575941564651159,LgLG3,dimorphic
720575941564651671,SNta39,
720575941564652183,SNta24,
720575941564653207,SNta43,
720575941564662423,SNta44,
720575941564663447,SNta11,
720575941564717207,SNta29,
720575941564728727,SNta41,
720575941564741271,SNta29,
720575941564741527,SNxx03,dimorphic
720575941564826466,SNta42,
720575941564864914,SNta30,
720575941564868498,SNpp39,
720575941564892050,SNta21,
720575941564933218,SNta29,
720575941564991378,SNabg28,
720575941565015296,LgLG1b,
720575941565023488,SNpp50,
720575941565033984,SNpp41,
720575941565072694,SNpp47,
720575941565115190,SNpp56,
720575941565115655,SNppxx,sex_specific
720575941565118006,SNta04,
720575941565138274,SNabg04,dimorphic
720575941565144423,SNpp60,
720575941565145191,LgLG3,dimorphic
720575941565152054,SNpp52,
720575941565157474,SNpp58,
720575941565206582,SNch06,
720575941565211392,SNta14,
720575941565225526,WG2,
720575941565227574,SNta30,
720575941565229366,SNta21,
720575941565233718,SNabg25,
720575941565240630,SNabg14,
720575941565241495,SNta41,
720575941565246518,SNpp15,
720575941565249334,SNta41,
720575941565249846,SNxx33,
720575941565252150,SNta32,
720575941565252918,LgLG4,
720575941565352082,SNta20,
720575941565440658,SNta29,
720575941565452951,SNpp60,
720575941565453207,SNta04,
720575941565457047,SNpp47,
720575941565487767,SNpp19,
720575941565519255,SNpp52,
720575941565520942,SNpp61,
720575941565554791,LgLG4,
720575941565579111,SNta03,
720575941565586734,SNta04,
720575941565594624,SNpp43,
720575941565643830,SNta39,
720575941565674752,SNpp44,
720575941565810695,LgLG1b,
720575941565861383,CS,
720575941565883143,SNabg26,
720575941565898550,SNta28,
720575941565940887,LgLG2,
720575941565998434,SNch05,
720575941566050663,SNta38,
720575941566060386,SNxxxx,sex_specific
720575941566119831,SNta14,
720575941566174871,SNxx01,
720575941566179382,SNpp47,
720575941566185270,SNta28,
720575941566193303,SNta45,
720575941566203446,WG2,
720575941566207335,SNta43,
720575941566269335,SNabg29,
720575941566353506,SNta20,
720575941566476647,SNta21,
720575941566573154,SNabg27,
720575941566694807,SNpp22,
720575941566786146,SNta02,
720575941566814006,SNpp45,
720575941566823319,SNta11,
720575941566849943,SNta30,
720575941566963510,SNpp52,
720575941566973434,SNpp50,
720575941566978036,SNta34,
720575941567026676,SNta30,
720575941567032052,LgLG2,
720575941567040500,SNpp58,
720575941567062375,SNpp45,
720575941567071798,SNxx04,
720575941567135335,SNabg27,
720575941567141620,SNta02,
720575941567142906,SNta29,
720575941567152498,unknown_sensory,
720575941567170862,SNta29,
720575941567181682,SNta09,
720575941567185710,SNta37,
720575941567187246,WG4,
720575941567231534,SNxxxx,
720575941567239222,LgLG1b,
720575941567275054,SNch05,
720575941567275822,SNta34,
720575941567282478,WG2,
720575941567312999,SNta21,
720575941567317236,sensory_fragment,
720575941567379510,SNabg26,
720575941567456626,SNpp40,
720575941567460150,SNpp52,
720575941567533415,SNta21,
720575941567578422,SNpp45,
720575941567636724,unknown_sensory,
720575941567640935,SNpp60,
720575941567669351,SNta34,
720575941567757671,SNabg15,dimorphic
720575941567759719,SNxx05,
720575941568145454,SNta32,
720575941568187694,SNpp51,
720575941568303098,SNta03,
720575941568360442,SNpp17,
720575941568367610,SNta30,
720575941568374010,SNta37,
720575941568384250,LgLG1a,
720575941568440058,SNxx06,
720575941568453882,SNabg26,
720575941568455418,SNpp59,
720575941568467706,SNta24,
720575941568508154,SNta21,
720575941568508666,SNta28,
720575941568512250,SNta37,
720575941568513274,SNta19,
720575941568515322,SNch05,
720575941568516602,SNta32,
720575941568625010,SNta23,
720575941568638578,SNta44,
720575941568650354,SNta27,
720575941568661618,SNta43,
720575941568709234,SNxx22,
720575941568720498,SNta39,
720575941568734766,SNpp45,
720575941568788526,SNta20,
720575941568802292,SNta42,
720575941568803572,SNta41,
720575941568807156,SNta28,
720575941568840954,SNabg13,dimorphic
720575941568844276,SNxx25,
720575941568845812,SNta29,
720575941568852212,SNpp20,
720575941568890106,SNta27,
720575941568903214,SNabg29,
720575941568925172,SNta39,
720575941568925684,SNabg20,
720575941568931060,SNxx01,
720575941568940276,SNta29,
720575941568945652,SNta42,
720575941568959988,SNta37,
720575941569002490,SNta32,
720575941569038324,SNpp58,
720575941569046266,SNta32,
720575941569107758,LgLG1b,
720575941569204474,SNpp45,
720575941569239854,SNpp39,
720575941569308718,SNabg06,dimorphic
720575941569308974,LgLG1b,
720575941569326586,SNta35,
720575941569337850,SNta20,
720575941569431284,SNta28,
720575941569515122,unknown_sensory,
720575941569548276,SNta29,
720575941569548914,SNta30,
720575941569591086,SNpp22,
720575941569621236,SNta39,
720575941569799838,SNpp47,
720575941569906846,SNta26,
720575941570091002,LgLG1b,
720575941570148466,SNpp52,
720575941570239476,SNch11,
720575941570362356,WG3,
720575941570396410,LgLG1a,
720575941570511557,unknown_sensory,
720575941570567924,SNta44,
720575941570572282,SNpp39,
720575941570619250,SNta43,
720575941570649850,SNta20,
720575941570725490,SNta21,
720575941570749256,SNta02,
720575941570878536,SNabg20,
720575941570943988,SNabg14,
720575941570949108,SNpp45,
720575941570960968,SNta28,
720575941571020702,SNta42,
720575941571036062,SNta24,
720575941571037854,LgLG3,dimorphic
720575941571117044,LgLG1a,
720575941571173108,SNpp19,
720575941571316475,SNpp19,
720575941571416059,SNta04,
720575941571422622,SNta24,
720575941571428254,SNta02,
720575941571431326,LgLG4,
720575941571439006,SNta30,
720575941571456926,SNabg01,dimorphic
720575941571566494,SNxx33,
720575941571573918,SNpp61,
720575941571574430,SNpp60,
720575941571576478,unknown_sensory,
720575941571582203,SNta37,
720575941571584158,SNpp32,
720575941571713800,SNta09,
720575941571783688,SNta26,
720575941571787933,LgLG7,
720575941571861256,SNta37,
720575941571867656,SNpp28,
720575941571890077,WG2,
720575941571926344,WG4,
720575941571962526,SNta42,
720575941572010397,SNta40,
720575941572054024,SNta37,
720575941572074056,SNabg07,dimorphic
720575941572190621,SNta25,
720575941572214024,WG3,
720575941572275613,SNta29,
720575941572289289,SNta02,
720575941572310942,SNta37,
720575941572339209,SNta25,
720575941572423177,SNta35,
720575941572423496,SNta29,
720575941572425800,SNta37,
720575941572430664,SNta19,
720575941572447816,SNta44,
720575941572467016,SNta22,
720575941572468382,SNta13,
720575941572511048,sensory_fragment,
720575941572517192,SNta30,
720575941572517448,SNta39,
720575941572530504,SNch10,
720575941572558920,SNch10,
720575941572564040,SNch10,
720575941572585800,SNta43,
720575941572597064,SNabg25,
720575941572601416,SNta32,
720575941572605000,SNpp41,
720575941572608840,SNabg23,
720575941572623369,LgLG2,
720575941572799119,SNta09,
720575941572825851,SNxx14,
720575941572936094,SNpp45,
720575941573091080,SNabg13,dimorphic
720575941573101576,SNta37,
720575941573114619,SNxx25,
720575941573117853,LgLG1a,
720575941573125533,SNta29,
720575941573198262,SNta09,
720575941573217694,SNabg09,dimorphic
720575941573224699,LgLG4,
720575941573239965,SNpp50,
720575941573240392,SNta29,
720575941573240733,SNta44,
720575941573241083,SNta44,
720575941573243899,WG4,
720575941573256955,SNta35,
720575941573260027,SNta41,
720575941573260189,SNta18,
720575941573277622,SNta19,
720575941573299707,SNxx01,
720575941573305851,SNta27,
720575941573308667,SNch10,
720575941573309691,SNpp53,
720575941573315323,SNta34,
720575941573345608,SNta44,
720575941573354166,SNta44,
720575941573371208,SNpp52,
720575941573383581,SNxx29,
720575941573418505,LgLG3,dimorphic
720575941573438501,SNta44,
720575941573444534,SNta28,
720575941573445046,SNta28,
720575941573468424,SNabg02,
720575941573477558,SNta37,
720575941573480094,SNpp39,
720575941573513765,SNta44,
720575941573547528,SNta30,
720575941573554952,SNta27,
720575941573563144,SNch09,dimorphic
720575941573566390,SNta26,
720575941573580552,SNta42,
720575941573582600,SNta09,
720575941573595806,SNta20,
720575941573610654,SNta24,
720575941573613981,SNta45,
720575941573633718,SNabg20,
720575941573636509,SNta37,
720575941573643677,SNta42,
720575941573647773,WG4,
720575941573650077,SNpp58,
720575941573656631,SNta35,
720575941573672456,SNta39,
720575941573674504,SNta43,
720575941573680136,SNta20,
720575941573682440,SNta28,
720575941573694216,SNta23,
720575941573694728,SNta42,
720575941573697544,SNta39,
720575941573700510,SNta29,
720575941573702664,SNta26,
720575941573704968,SNpp52,
720575941573728777,SNxx14,
720575941573754377,SNta38,
720575941573777309,SNta34,
720575941573777480,unknown_sensory,
720575941573778077,SNta42,
720575941573782344,SNta23,
720575941573859877,SNta30,
720575941573874231,SNta35,
720575941573887227,SNabg14,
720575941573904649,LgLG1a,
720575941573927689,SNta29,
720575941573928201,SNta37,
720575941573988168,SNabg29,
720575941573996872,SNta33,
720575941574006344,SNta21,
720575941574008136,SNpp39,
720575941574039048,SNpp61,
720575941574057800,SNpp51,
720575941574065736,SNpp41,
720575941574099272,LgLG1b,
720575941574107023,SNxx33,dimorphic
720575941574147323,SNta34,
720575941574169704,SNpp16,
720575941574172937,SNxx19,
720575941574174280,SNta20,
720575941574183419,SNta20,
720575941574188795,SNch03,
720575941574206971,SNta42,
720575941574222587,SNabg03,dimorphic
720575941574228475,SNta38,
720575941574247675,SNta21,
720575941574258427,SNta20,
720575941574374557,LgLG1b,dimorphic
720575941574388040,LgLG3,dimorphic
720575941574506383,SNta30,
720575941574518821,SNta25,
720575941574523279,SNxx33,
720575941574564495,SNta44,
720575941574566543,SNta37,
720575941574570127,SNta38,
720575941574585672,SNta02,
720575941574587145,SNta23,
720575941574588559,SNxx10,dimorphic
720575941574606749,SNta37,
720575941574631689,unknown_sensory,
720575941574636957,SNta37,
720575941574673672,SNpp07,
720575941574703881,SNta38,
720575941574716342,SNta18,
720575941574731165,SNpp41,
720575941574931451,SNta02,
720575941574972667,SNabg23,
720575941574977864,SNabg31,
720575941575068598,SNxxxx,
720575941575166902,LgLG2,
720575941575170742,SNta21,
720575941575179446,SNta37,
720575941575193782,SNta45,
720575941575199414,SNta44,
720575941575206326,LgLG4,
720575941575206582,SNta37,
720575941575210934,LgLG1b,
720575941575211919,IN13B054,sex_specific
720575941575223656,SNpp39,
720575941575224936,SNta30,
720575941575229288,SNta27,
720575941575231592,SNta21,
720575941575234664,SNxx33,
720575941575235176,SNxx03,
720575941575280904,SNpp47,
720575941575292680,SNpp39,
720575941575327483,SNta20,
720575941575386511,SNta38,
720575941575410575,SNta31,
720575941575423753,SNta14,
720575941575457801,SNxx05,
720575941575475721,SNabg29,
720575941575504393,SNch05,
720575941575584438,SNta20,
720575941575595003,SNabg28,
720575941575603464,SNta02,
720575941575625224,SNabg13,dimorphic
720575941575638632,SNpp23,
720575941575640409,SNta09,
720575941575670361,LgLG1b,
720575941575691353,SNta32,
720575941575696136,SNta21,
720575941575697672,SNta04,
720575941575708168,SNta43,
720575941575721871,SNcs01f,sex_specific
720575941575722073,SNta23,
720575941575743752,SNxx04,dimorphic
720575941575745896,SNch11,
720575941575772264,SNta09,
720575941575774824,SNabg31,
720575941575777974,SNta30,
720575941575778664,SNta37,
720575941575787273,LgLG1b,
720575941575806217,SNta20,
720575941575947784,SNpp62,
720575941575959816,SNch12,
720575941575975176,SNta21,
720575941575981832,SNpp51,
720575941576006489,LgLG3,dimorphic
720575941576013711,LgLG1b,
720575941576036253,SNta44,
720575941576037302,SNabg29,
720575941576038031,SNta20,
720575941576046262,SNpp16,
720575941576089014,SNta35,
720575941576125071,LgLG1a,
720575941576485263,SNta33,
720575941576537743,SNta11,
720575941576560527,SNpp45,
720575941576561039,SNch05,
720575941576567400,SNpp12,
720575941576573544,SNta29,
720575941576575080,SNpp58,
720575941576617103,SNta33,
720575941576638863,SNta20,
720575941576687759,SNch05,
720575941576724406,SNpp59,
720575941576730216,SNch10,
720575941576750479,SNta20,
720575941576751247,SNpp51,
720575941576757391,LgLG1a,
720575941576759478,SNxx03,
720575941576770447,SNpp55,
720575941576771215,SNpp32,
720575941576809910,SNpp45,
720575941576825526,SNabg29,
720575941576828241,SNta28,
720575941577008465,SNta44,
720575941577056501,SNta02,
720575941577076072,SNpp45,
720575941577095925,SNabg32,
720575941577111541,SNta43,
720575941577213529,SNta21,
720575941577219929,SNpp48,
720575941577250152,SNch01,dimorphic
720575941577373878,SNpp45,
720575941577379944,SNpp52,
720575941577446225,LgLG2,
720575941577491801,SNta38,
720575941577501273,SNxxxx,
720575941577505640,SNpp50,
720575941577508185,SNta09,
720575941577508953,LgLG3,dimorphic
720575941577512808,SNpp52,
720575941577513305,SNta28,
720575941577516377,SNta34,
720575941577571176,SNta21,
720575941577608025,SNxxxx,
720575941577628249,SNta09,
720575941577640793,LgLG2,
720575941577641817,SNta04,
720575941577660249,LgLG2,
720575941577661800,SNta11,
720575941577663833,SNxx14,
720575941577673305,LgLG2,
720575941577699161,SNta45,
720575941577707353,SNch10,
720575941577742404,sensory_fragment,
720575941577762137,SNpp50,
720575941578015577,SNta11,
720575941578131701,LgLG1b,
720575941578155353,unknown_sensory,
720575941578190937,SNta29,
720575941578302545,SNpp52,
720575941578316881,SNta29,
720575941578322257,SNta29,
720575941578354933,SNta36,
720575941578443097,SNxx06,
720575941578686033,SNta30,
720575941578785269,SNpp52,
720575941578801233,SNta32,
720575941578803281,sensory_fragment,
720575941578812497,SNxx04,
720575941578818293,WG4,
720575941578901493,SNta30,
720575941578902773,SNta44,
720575941578904053,SNta23,
720575941578910453,SNch09,dimorphic
720575941578915061,SNabg31,
720575941578924533,SNpp60,
720575941578932213,SNta38,
720575941578935029,SNpp50,
720575941579056249,LgLG8,
720575941579176793,SNpp52,
720575941579222865,SNta29,
720575941579245657,SNta21,
720575941579283577,SNta38,
720575941579312761,SNpp59,
720575941579354233,SNta28,
720575941579385945,SNta20,
720575941579556473,SNta28,
720575941579560017,SNvnc12f,sex_specific
720575941579639633,SNpp50,
720575941579670617,SNta20,
720575941579786997,SNpp39,
720575941579788121,SNta21,
720575941579798517,SNpp50,
720575941579875317,SNpp52,
720575941580098393,SNpp52,
720575941580204153,SNta04,
720575941580360273,SNxx05,
720575941580373881,SNta44,
720575941580375889,SNta25,
720575941580377721,SNta30,
720575941580382073,SNta30,
720575941580388473,SNta30,
720575941580389241,SNta30,
720575941580572149,SNpp45,
720575941580604537,SNta31,
720575941580609657,SNta25,
720575941580643449,SNxx29,
720575941580687349,SNpp52,
720575941580712825,SNpp51,
720575941580715641,SNxx29,
720575941580742009,SNta28,
720575941580753785,SNch10,
720575941580757113,SNta29,
720575941580758137,WG4,
720575941580761465,SNta45,
720575941580785785,SNta30,
720575941580796405,LgLG1b,
720575941580804473,SNta21,
720575941580825169,SNta20,
720575941580825425,SNta04,
720575941580840825,SNpp07,
720575941580851577,SNabg29,
720575941580852857,sensory_fragment,
720575941580878969,SNta31,
720575941581070673,SNta04,
720575941581163253,SNxx01,
720575941581236981,SNta21,
720575941581280245,SNxx10,dimorphic
720575941581292113,SNta20,
720575941581566303,SNch12,
720575941581672313,SNta37,
720575941581739615,SNta09,
720575941581754719,SNta34,
720575941581763167,SNpp58,
720575941581801567,SNta11,
720575941582029689,SNpp39,
720575941582233695,WG4,
720575941582296697,SNppxx,
720575941582317177,SNta33,
720575941582441593,SNabg05,dimorphic
720575941582539909,SNta30,
720575941582632825,SNxx05,
720575941582658169,SNxx30,
720575941582662277,SNta24,
720575941582688901,SNta24,
720575941582695301,SNta24,
720575941582756729,SNabg26,
720575941582911097,SNta37,
720575941582988921,SNpp51,
720575941582993017,SNpp22,
720575941583156089,SNta14,
720575941583156601,SNpp11,
720575941583156869,SNta29,
720575941583182213,SNta20,
720575941583193733,SNta44,
720575941583223391,SNta29,
720575941583239301,LgLG3,dimorphic
720575941583316358,SNpp52,
720575941583333766,SNta41,
720575941583348063,SNta45,
720575941583371142,SNta04,
720575941583377503,SNta04,
720575941583439399,SNabg14,
720575941583440423,SNabg13,dimorphic
720575941583453735,SNabg01,dimorphic
720575941583499615,SNta43,
720575941583523935,SNpp47,
720575941583546975,SNta30,
720575941583557983,SNch03,
720575941583565663,SNxx01,
720575941583568479,SNpp50,
720575941583568862,SNch05,
720575941583573599,SNpp50,
720575941583577183,SNpp60,
720575941583726558,SNta42,
720575941583734238,SNta09,
720575941583752158,SNabg25,
720575941583981445,SNta37,
720575941583989637,SNta24,
720575941584024887,SNta37,
720575941584044087,SNpp58,
720575941584082783,SNta21,
720575941584353119,SNpp45,
720575941584446815,SNpp52,
720575941584459871,SNpp52,
720575941584584326,SNta20,
720575941584593030,SNpp52,
720575941584789982,SNpp19,
720575941584810206,SNch14,
720575941584950150,SNta45,
720575941584955102,SNxx28,
720575941584957406,SNpp50,
720575941584959710,SNxx33,
720575941584967390,SNta19,
720575941584995206,WG2,
720575941585000070,SNpp01,
720575941585022598,SNta32,
720575941585029254,SNta28,
720575941585032070,SNta29,
720575941585035398,SNta32,
720575941585081695,SNabg27,
720575941585202015,SNch05,
720575941585211999,SNch05,
720575941585214047,SNch05,
720575941585344478,SNch01,
720575941585381598,SNta45,
720575941585406174,SNta04,
720575941585469918,SNch09,dimorphic
720575941585488862,SNpp10,
720575941585494750,SNta18,
720575941585496030,SNta37,
720575941585506270,SNta38,
720575941585593695,SNta21,
720575941585693535,WG3,
720575941585726047,SNxx05,
720575941585757830,SNta25,
720575941585901446,SNta23,
720575941585941214,SNta28,
720575941585959263,SNxx01,
720575941586058462,SNta27,
720575941586072030,SNta29,
720575941586312260,LgLG4,
720575941586372830,SNta34,
720575941586435806,SNta37,
720575941586436318,SNpp19,
720575941586443998,SNpp55,
720575941586449476,unknown_sensory,
720575941586474564,SNxx25,
720575941586636356,SNta37,
720575941586727814,SNch05,dimorphic
720575941587039366,SNta35,
720575941587147486,SNpp39,
720575941587147998,SNxx04,dimorphic
720575941587172230,SNta09,
720575941587196453,SNxx30,
720575941587213278,SNta21,
720575941587217207,SNpp47,
720575941587218822,SNpp52,
720575941587238622,SNta20,
720575941587241271,WG4,
720575941587324894,SNabg14,
720575941587436087,SNxx22,
720575941587511095,SNta37,
720575941587520068,SNpp21,
720575941587611703,LgLG4,
720575941587625253,SNta28,
720575941587655134,SNabg26,
720575941587656772,SNta30,
720575941587725278,LgLG1b,
720575941587805150,SNta44,
720575941587815134,SNta38,
720575941587845086,SNpp49,
720575941588062020,SNta24,
720575941588114174,SNta09,
720575941588116702,SNta35,
720575941588118084,sensory_fragment,
720575941588126532,sensory_fragment,
720575941588134724,SNch10,
720575941588140868,SNabg29,
720575941588144196,WG2,
720575941588201726,SNpp08,
720575941588279038,SNta04,
720575941588502405,SNpp60,
720575941588503173,SNpp59,
720575941588503429,SNpp47,
720575941588520076,SNta09,
720575941588524428,SNta09,
720575941588534917,SNpp59,
720575941588539525,IN13B054,
720575941588545157,SNta38,
720575941588545925,SNta44,
720575941588545932,SNta09,
720575941588546437,SNta45,
720575941588566661,SNta45,
720575941588575365,SNta38,
720575941588581253,SNta38,
720575941588610437,SNta38,
720575941588610693,SNta38,
720575941588611205,SNta38,
720575941588611461,SNta38,
720575941588624005,SNta44,
720575941588624261,SNta45,
720575941588624517,SNta32,
720575941588624773,SNta32,
720575941588625029,SNta44,
720575941588627751,SNxx06,
720575941588661381,SNta40,
720575941588661637,SNta40,
720575941588661893,SNta21,
720575941588662149,SNxx33,
720575941588664197,SNta19,
720575941588672901,SNta25,
720575941588673669,SNta25,
720575941588674181,SNta30,
720575941588691589,SNta35,
720575941588695941,SNta25,
720575941588710021,SNta25,
720575941588710199,WG2,
720575941588717957,SNta30,
720575941588740741,SNta45,
720575941588741509,SNta45,
720575941588743813,SNta45,
720575941588752517,SNta45,
720575941588758405,SNta45,
720575941588930615,LgLG4,
720575941588948791,SNta32,
720575941588985655,SNta18,
720575941588986679,SNta44,
720575941588993591,SNta29,
720575941588994103,SNpp47,
720575941589004343,SNxx06,
720575941589056567,SNch06,
720575941589058103,SNta34,
720575941589064759,SNta04,
720575941589070903,SNch10,
720575941589084471,SNxx16,
720575941589093431,SNta42,
720575941589096503,SNpp45,
720575941589134889,SNta37,
720575941589260073,SNta38,
720575941589293394,SNpp60,
720575941589379838,SNta27,
720575941589387006,SNta44,
720575941589410642,LgLG1b,
720575941589434450,SNta37,
720575941589434962,SNta37,
720575941589436754,SNta19,
720575941589463122,SNta37,
720575941589463378,SNta37,
720575941589464914,SNta37,
720575941589465170,SNta43,
720575941589470290,SNta38,
720575941589472338,SNta38,
720575941589554258,SNta43,
720575941589555538,SNta43,
720575941589555794,SNta37,
720575941589556050,SNta43,
720575941589560402,SNta43,
720575941589562706,SNta27,
720575941589567314,SNta37,
720575941589569022,SNpp38,
720575941589579262,SNpp16,
720575941589596242,SNta32,
720575941589609271,SNta19,
720575941589617532,unknown_sensory,
720575941589624402,SNta32,
720575941589665874,SNch07,dimorphic
720575941589669714,SNpp60,
720575941589671506,SNpp60,
720575941589715794,SNta20,
720575941589736702,SNxxxx,
720575941589768190,SNta43,
720575941589772114,SNta42,
720575941589773566,SNpp50,
720575941589773623,SNxx03,
720575941589788414,SNta41,
720575941589807954,SNta44,
720575941589810942,SNxx06,
720575941589816658,SNta38,
720575941589829118,SNta21,
720575941589870078,SNch03,
720575941589878839,SNta09,
720575941589894142,SNch03,
720575941589907710,SNxx05,
720575941589913086,SNch10,
720575941589927678,SNta24,
720575941589951486,SNta32,
720575941589958455,SNxx07,dimorphic
720575941589982775,SNta32,
720575941590043474,SNch05,
720575941590045324,SNpp48,
720575941590045836,SNta19,
720575941590049106,SNta39,
720575941590233640,SNxx14,
720575941590341516,SNpp43,
720575941590357060,SNch05,
720575941590358084,LgLG1b,
720575941590358156,SNta38,
720575941590411844,SNta20,
720575941590422340,SNta11,
720575941590438540,SNch03,
720575941590440332,SNpp45,
720575941590444940,SNta42,
720575941590451084,SNta42,
720575941590456716,SNta34,
720575941590460556,SNta44,
720575941590464908,SNabg31,
720575941590466700,SNabg15,dimorphic
720575941590468420,SNxx10,dimorphic
720575941590469516,SNta37,
720575941590546686,SNta28,
720575941590548222,SNta45,
720575941590575358,SNta37,
720575941590774071,SNxx03,
720575941590778475,SNabg25,
720575941590959159,SNpp45,
720575941590969195,SNta09,
720575941591101751,SNta04,
720575941591137079,SNpp50,
720575941591225128,SNpp60,
720575941591264619,SNpp43,
720575941591267724,SNta21,
720575941591278220,SNta21,
720575941591303422,SNch05,
720575941591403262,SNta21,
720575941591429672,SNta42,
720575941591441960,SNpp19,
720575941591449896,SNpp60,
720575941591662376,SNpp47,
720575941591769342,SNxx03,
720575941591807742,SNta02,
720575941591858728,SNpp53,
720575941591867432,WG3,
720575941591868456,SNta38,
720575941591868968,SNta37,
720575941591869992,SNta37,
720575941591887656,SNxx29,
720575941591899432,SNpp17,
720575941591970188,SNabg23,
720575941591987240,SNta21,
720575941591993128,SNta21,
720575941591998504,SNta37,
720575941592002088,SNta32,
720575941592005160,SNpp45,
720575941592043660,SNta02,
720575941592046187,SNxx02,
720575941592065676,SNxx04,
720575941592090878,SNabg14,
720575941592122366,SNta37,
720575941592148075,SNxx26,
720575941592355286,SNta25,
720575941592392918,SNpp57,
720575941592418599,SNta43,
720575941592464235,SNta45,
720575941592469611,SNpp07,
720575941592469867,SNta04,
720575941592485995,SNch12,
720575941592503147,WG2,
720575941592504427,WG2,
720575941592510571,SNta41,
720575941592582251,SNta43,
720575941592631659,SNta23,
720575941592634219,SNta32,
720575941592637547,SNta30,
720575941592639595,SNta43,
720575941592645415,SNta29,
720575941592647973,SNta09,
720575941592653163,SNpp43,
720575941592657771,SNpp23,
720575941592659051,SNpp43,
720575941592668011,SNpp40,
720575941592697639,SNta04,
720575941592747916,SNta02,
720575941592811045,SNta43,
720575941592820519,SNabg29,
720575941592823510,SNta44,
720575941592828456,SNpp55,
720575941592850472,SNta37,
720575941592897420,SNpp41,
720575941592913191,SNpp60,
720575941592926248,LgLG4,
720575941593192305,SNpp47,
720575941593194347,LgLG2,
720575941593301355,SNta32,
720575941593341398,SNch06,
720575941593377393,SNta37,
720575941593388145,SNpp20,
720575941593396849,SNta20,
720575941593415019,unknown_sensory,
720575941593421425,WG2,
720575941593424424,SNpp45,
720575941593467350,SNpp55,
720575941593489366,SNta03,
720575941593590385,SNta39,
720575941593699624,SNch05,
720575941593704488,SNta20,
720575941593894102,SNpp41,
720575941593897942,SNpp50,
720575941593904517,SNta31,
720575941593905366,SNta44,
720575941593909462,SNta41,
720575941593918934,SNta45,
720575941593921061,SNpp45,
720575941593924310,SNta37,
720575941593932246,SNta29,
720575941593960232,SNta33,
720575941593961255,SNta04,
720575941594001541,SNxx14,
720575941594013654,SNta29,
720575941594030550,SNabg29,
720575941594035414,SNta37,
720575941594035670,SNta35,
720575941594037462,SNta04,
720575941594047190,SNpp52,
720575941594050518,SNch10,
720575941594057686,SNpp52,
720575941594071080,SNta20,
720575941594135941,SNta35,
720575941594202475,SNabg29,
720575941594255656,SNta11,
720575941594258216,LgLG1a,
720575941594262056,SNch05,
720575941594274341,WG4,
720575941594285681,SNta29,
720575941594293031,SNta29,
720575941594296360,WG4,
720575941594303857,SNch14,dimorphic
720575941594306855,SNxx14,
720575941594311463,SNta43,
720575941594312999,SNta19,
720575941594331941,SNch14,dimorphic
720575941594333733,SNpp57,
720575941594346277,SNta39,
720575941594351909,SNta34,
720575941594354981,SNta28,
720575941594356517,SNpp60,
720575941594370597,SNppxx,sex_specific
720575941594395687,SNabg29,
720575941594398503,SNta26,
720575941594399271,SNta32,
720575941594403286,unknown_sensory,
720575941594410198,SNxx05,
720575941594410865,SNch01,dimorphic
720575941594416491,SNta11,
720575941594420081,SNta27,
720575941594479467,CS,
720575941594484694,SNabg03,dimorphic
720575941594829014,SNpp43,
720575941594855793,SNta25,
720575941594858097,SNta38,
720575941594859633,SNta29,
720575941594869462,SNta29,
720575941594893270,SNch02,
720575941594931057,sensory_fragment,
720575941594944113,SNta44,
720575941595122725,SNpp35,
720575941595186213,SNabg03,dimorphic
720575941595189541,SNpp19,
720575941595199525,SNppxx,sex_specific
720575941595205253,SNta44,
720575941595277607,SNta45,
720575941595291687,SNpp50,
720575941595302439,SNta22,
720575941595321895,SNta29,
720575941595413361,SNta03,
720575941595449302,SNpp39,
720575941595480689,SNxx03,
720575941595541873,SNta27,
720575941595543173,SNta43,
720575941595553669,SNpp52,
720575941595556229,SNxx14,
720575941595561093,LgLG2,
720575941595563909,SNpp51,
720575941595596581,SNpp16,
720575941595597526,SNpp52,
720575941595613317,SNta35,
720575941595643269,SNta30,
720575941595656069,SNxxxx,
720575941595664261,SNpp57,
720575941595679877,SNxx33,
720575941595691653,SNta36,
720575941595785116,SNta43,
720575941595795158,SNpp51,
720575941595833529,SNta30,
720575941595853425,SNta42,
720575941595860517,SNta21,
720575941595865280,SNxx02,dimorphic
720575941595922801,SNpp39,
720575941595927665,unknown_sensory,
720575941595962737,SNpp19,
720575941595963606,SNta20,
720575941595979712,SNta09,
720575941595989617,SNta38,
720575941596039207,SNta21,
720575941596044246,LgLG1b,
720575941596048423,SNabg28,
720575941596090268,SNpp02,
720575941596116357,SNxxxx,
720575941596121127,SNpp43,
720575941596136406,SNpp51,
720575941596139164,SNta34,
720575941596141445,SNta40,
720575941596152022,SNta34,
720575941596180517,SNta21,
720575941596303237,SNta30,
720575941596344197,SNta37,
720575941596351929,SNta32,
720575941596367141,SNta20,
720575941596402821,SNta37,
720575941596422277,SNabg01,dimorphic
720575941596476455,SNabg15,dimorphic
720575941596530469,SNpp62,
720575941596547877,SNta24,
720575941596548389,SNta32,
720575941596553509,SNta23,
720575941596670364,SNta42,
720575941596679719,SNta02,
720575941596701479,SNta26,
720575941596772647,SNta33,
720575941596777511,SNpp39,
720575941596805233,SNta21,
720575941597006449,SNch05,
720575941597033116,SNta37,
720575941597091441,SNta20,
720575941597101701,SNpp45,
720575941597142385,LgLG2,dimorphic
720575941597169541,SNta21,
720575941597208945,SNta21,
720575941597270720,SNabg11,dimorphic
720575941597279168,SNta45,
720575941597324736,SNpp18,
720575941597368732,SNpp52,
720575941597425564,SNpp50,
720575941597491904,SNta25,
720575941597505948,LgLG3,dimorphic
720575941597528512,SNpp51,
720575941597531072,SNpp51,
720575941597643712,SNta42,
720575941597652160,SNpp45,
720575941597655488,SNch10,
720575941597694761,SNpp43,
720575941597696645,SNta26,
720575941597734592,SNta24,
720575941597735360,SNta39,
720575941597740480,SNpp50,
720575941597743296,SNta43,
720575941597823785,SNta37,
720575941597962652,SNxx06,
720575941597963049,SNpp47,
720575941597989276,SNabg30,
720575941597990044,SNch10,
720575941597990300,SNta43,
720575941597997097,SNta37,
720575941598003753,SNta33,
720575941598059561,SNpp29,
720575941598282176,SNxx10,dimorphic
720575941598291904,SNxx06,
720575941598302364,SNpp52,
720575941598316188,SNpp39,
720575941598316329,SNta28,
720575941598336668,SNpp32,
720575941598496448,SNta37,
720575941598541760,unknown_sensory,
720575941598549952,SNta34,
720575941598598336,SNta43,
720575941598639296,SNta19,
720575941598666176,SNta18,
720575941598916764,SNpp55,
720575941598924444,SNpp45,
720575941598954908,SNpp45,
720575941599005340,SNta11,
720575941599007388,SNabg06,dimorphic
720575941599130780,SNxx05,
720575941599240489,SNta45,
720575941599289244,SNpp39,
720575941599331518,SNpp22,
720575941599391900,SNch05,
720575941599433408,SNta20,
720575941599464233,SNpp16,
720575941599470528,SNta21,
720575941599470889,SNta37,
720575941599486656,SNta21,
720575941599490972,SNch04,
720575941599515433,SNta30,
720575941599516201,SNpp41,
720575941599520702,SNpp56,
720575941599526953,SNta30,
720575941599530281,SNta11,
720575941599568169,sensory_fragment,
720575941599575593,LgLG2,
720575941599578409,SNch10,
720575941599588649,SNch10,
720575941599597353,SNta30,
720575941599760284,SNabg29,
720575941599816621,sensory_fragment,
720575941600036288,SNta30,
720575941600040640,SNta44,
720575941600042688,SNabg03,dimorphic
720575941600242982,SNta11,
720575941600275494,WG3,
720575941600297766,WG3,
720575941600542505,SNta21,
720575941600635321,SNta37,
720575941600676646,SNta04,
720575941600849702,WG2,
720575941600978729,SNpp43,
720575941601136374,SNpp43,
720575941601147833,SNta09,
720575941601173494,SNta30,
720575941601244918,SNta42,
720575941601251810,SNta43,
720575941601258230,SNta23,
720575941601281065,SNpp45,
720575941601294889,SNpp52,
720575941601322281,SNxx03,
720575941601335849,SNabg27,
720575941601377014,SNta09,
720575941601391862,SNta38,
720575941601478438,WG4,
720575941601490982,WG2,
720575941601596198,WG4,
720575941601637414,WG2,
720575941601691174,SNta43,
720575941601768233,LgLG1b,
720575941601769718,WG4,
720575941601865769,SNppxx,
720575941602001890,SNta04,
720575941602075430,SNta24,
720575941602093246,SNabg15,dimorphic
720575941602130726,SNta24,
720575941602142178,SNta04,
720575941602180390,SNta24,
720575941602290366,SNpp43,
720575941602404030,SNpp52,
720575941602429118,SNta42,
720575941602479545,WG4,
720575941602568182,SNta29,
720575941602568694,SNpp61,
720575941602782137,SNabg96f,sex_specific
720575941602833593,SNta29,
720575941602836409,SNpp50,
720575941602838201,SNta44,
720575941602921206,SNta26,
720575941602921401,SNta43,
720575941602921462,SNta37,
720575941602922681,SNxx29,
720575941602923705,SNta38,
720575941602933750,SNch02,
720575941602934713,SNabg32,
720575941602948086,SNta40,
720575941602967286,SNta29,
720575941603039478,sensory_fragment,
720575941603072502,SNabg20,
720575941603485174,SNta29,
720575941603581734,WG2,
720575941603605030,WG2,
720575941603608310,SNta29,
720575941603608822,SNta32,
720575941603647166,SNch12,
720575941603698617,SNpp58,
720575941603700409,SNch06,
720575941603759289,SNta21,
720575941603770041,SNta41,
720575941603936702,SNpp16,
720575941604025790,SNta36,
720575941604034238,SNabg21,
720575941604057570,LgLG2,
720575941604058046,SNpp50,
720575941604106174,SNta39,
720575941604127458,WG4,
720575941604164798,SNch10,
720575941604168894,SNpp59,
720575941604172478,SNta23,
720575941604186046,SNta29,
720575941604189630,SNxx14,
720575941604343334,SNta04,
720575941604396217,SNabg14,
720575941604467867,SNxx33,
720575941604549622,SNabg27,
720575941604593398,SNabg14,
720575941604604150,SNabg27,
720575941604607734,LgLG1a,
720575941604620534,SNabg29,
720575941604620790,SNabg29,
720575941604626678,SNta20,
720575941604628982,SNabg13,dimorphic
720575941604668089,SNxx04,
720575941604683046,SNta45,
720575941604703678,SNta32,
720575941604723385,SNta20,
720575941604802342,SNta44,
720575941604823993,SNch09,dimorphic
720575941604856546,WG2,
720575941604916845,SNta28,
720575941604988350,SNta34,
720575941604988857,SNta11,
720575941604990393,SNta14,
720575941604994233,SNta21,
720575941605006521,SNta20,
720575941605007038,SNpp55,
720575941605010878,SNta29,
720575941605011641,SNta02,
720575941605016249,SNpp45,
720575941605025721,SNxx04,dimorphic
720575941605032301,SNxxxx,
720575941605035193,SNta21,
720575941605080034,SNta44,
720575941605104749,SNta09,
720575941605121574,SNta30,
720575941605155110,SNta44,
720575941605242870,SNta20,
720575941605262326,SNta10,
720575941605277922,SNta19,
720575941605278178,SNta30,
720575941605460214,SNta29,
720575941605475774,SNpp45,
720575941605554366,SNpp45,
720575941605559917,WG2,
720575941605744062,SNpp51,
720575941605749950,SNta11,
720575941605767650,WG3,
720575941605832638,SNabg27,
720575941605907390,LgLG1b,dimorphic
720575941606084205,SNxx33,
720575941606087870,SNta21,
720575941606092653,LgLG4,
720575941606150882,SNta44,
720575941606157794,LgLG5,
720575941606162146,SNta30,
720575941606239714,WG4,
720575941606267245,SNta23,
720575941606537581,SNxx26,
720575941606639981,SNta04,
720575941606642541,SNpp50,
720575941606658413,SNta44,
720575941606662509,SNta41,
720575941606675565,SNta45,
720575941606684781,SPSN,sex_specific
720575941606689901,WG4,
720575941606778989,SNch06,
720575941606801261,SNxx03,
720575941606806637,SNta38,
720575941606812525,SNta34,
720575941606814573,SNabg09,dimorphic
720575941606821229,SNta30,
720575941606852461,SNpp46,
720575941607110765,SNpp52,
720575941607567213,SNxx03,
720575941607583341,SNpp52,
720575941607596909,SNta28,
720575941608300874,SNpp28,
720575941608358730,SNpp19,
720575941608368493,SNpp52,
720575941608385645,SNch05,
720575941608498506,SNta29,
720575941608509002,SNta30,
720575941608518253,SNta21,
720575941608557130,SNta43,
720575941608619629,SNch01,dimorphic
720575941608629066,SNpp29,
720575941608731757,SNabg29,
720575941608769513,SNta09,
720575941608779117,SNxx03,
720575941608807657,SNta30,
720575941608811629,SNta02,
720575941608819309,SNta11,
720575941608929645,SNxx05,
720575941608957929,SNpp17,
720575941608963949,SNpp45,
720575941608997097,SNta09,
720575941609046125,SNpp52,
720575941609060205,SNta29,
720575941609127533,SNxx05,
720575941609150317,SNpp45,
720575941609194413,SNta09,
720575941609196262,SNpp23,
720575941609228461,SNxx01,
720575941609298022,SNta09,
720575941609341030,SNabg27,
720575941609350061,SNpp10,
720575941609413606,SNta29,
720575941609414246,SNta29,
720575941609462886,SNta44,
720575941609481133,SNta29,
720575941609487789,SNpp23,
720575941609563622,SNabg21,
720575941609567462,SNta30,
720575941609578342,SNta05,
720575941609624138,SNta42,
720575941609670246,SNta37,
720575941609969226,SNpp53,
720575941609977065,LgLG2,
720575941610063334,LgLG4,
720575941610094057,SNpp45,
720575941610113354,SNxx33,
720575941610132042,SNta35,
720575941610138442,SNch14,
720575941610157386,SNta36,
720575941610213194,SNta37,
720575941610219558,WG2,
720575941610220582,WG2,
720575941610229322,SNch05,dimorphic
720575941610234954,SNch10,
720575941610237258,SNta04,
720575941610237770,SNta44,
720575941610243146,SNpp60,
720575941610261993,SNxx30,
720575941610288098,SNch02,
720575941610333666,SNch02,
720575941610341346,WG3,
720575941610350562,WG4,
720575941610439145,SNta31,
720575941610452457,SNta39,
720575941610458601,SNta04,
720575941610462953,SNxx22,
720575941610512873,SNta10,
720575941610538729,SNta09,
720575941610545385,SNta37,
720575941610546665,SNta44,
720575941610550249,SNta39,
720575941610573130,SNta29,
720575941610611117,SNta43,
720575941610613677,SNta43,
720575941610658524,SNabg20,
720575941610671068,SNabg30,
720575941610676966,SNta29,
720575941610678502,SNta38,
720575941610682086,SNpp15,
720575941610695718,LgLG2,
720575941610697766,LgLG2,
720575941610720330,SNta28,
720575941610750822,SNta38,
720575941610755686,SNxxxx,
720575941610760294,SNta45,
720575941610792230,SNch16,
720575941610808906,SNpp51,
720575941610898349,SNta37,
720575941610920109,SNta41,
720575941610949350,SNta43,
720575941610960870,SNta23,
720575941610967782,SNpp07,
720575941611014630,SNta19,
720575941611015654,SNabg15,dimorphic
720575941611021030,SNta29,
720575941611036589,SNta44,
720575941611037414,SNch09,dimorphic
720575941611040429,SNxx06,
720575941611044838,SNta30,
720575941611052362,SNta42,
720575941611059942,SNta37,
720575941611064294,SNpp51,
720575941611095370,SNta25,
720575941611164006,SNch09,dimorphic
720575941611218250,SNabg32,
720575941611232870,sensory_fragment,
720575941611260006,SNta30,
720575941611272038,unknown_sensory,
720575941611287654,SNta38,
720575941611297382,SNta38,
720575941611348457,SNta35,
720575941611350505,SNpp45,
720575941611352553,SNta03,
720575941611365414,SNta30,
720575941611369449,SNta35,
720575941611413737,SNta05,
720575941611432109,SNxx19,
720575941611469229,LgLG1b,
720575941611479725,SNpp35,
720575941611480650,SNxxxx,
720575941611486125,SNta19,
720575941611709715,SNpp20,
720575941611739978,SNabg09,dimorphic
720575941611741542,SNta27,
720575941611783388,SNpp56,
720575941611793482,SNta21,
720575941611812170,SNpp50,
720575941611856742,SNch04,
720575941611861225,LgLG1b,
720575941611904745,SNabg29,
720575941611904870,SNta28,
720575941611937965,LgLG2,
720575941611950044,SNabg05,dimorphic
720575941612076518,SNta45,
720575941612095818,LgLG1b,
720575941612110118,SNxx26,
720575941612150858,SNpp39,
720575941612151017,SNxx04,
720575941612182602,WG4,
720575941612214758,SNpp43,
720575941612226890,SNpp39,
720575941612281261,SNpp25,
720575941612299484,SNta09,
720575941612314076,SNxx16,
720575941612319050,SNta20,
720575941612327644,SNpp41,
720575941612330972,SNta34,
720575941612336604,SNta32,
720575941612337116,SNta32,
720575941612337628,SNta44,
720575941612346332,SNta29,
720575941612348380,SNpp56,
720575941612358474,SNxx05,
720575941612358950,SNpp28,
720575941612397386,SNta37,
720575941612413083,SNxx33,
720575941612418012,SNch10,
720575941612448732,SNch05,
720575941612452838,SNpp41,
720575941612454364,SNch13,
720575941612455676,SNpp41,
720575941612459484,SNabg27,
720575941612462332,SNpp41,
720575941612462666,SNabg26,
720575941612471910,SNpp22,sex_specific
720575941612483036,SNta24,
720575941612486620,SNta27,
720575941612503772,unknown_sensory,
720575941612511452,SNabg27,
720575941612513756,SNta34,
720575941612516828,LgLG2,
720575941612517596,SNta29,
720575941612518108,SNta32,
720575941612519388,SNta42,
720575941612525020,SNta30,
720575941612526044,SNabg14,
720575941612541660,SNta34,
720575941612551132,SNpp50,
720575941612552937,SNta43,
720575941612575721,SNxx33,
720575941612612585,SNta29,
720575941612619878,SNch05,
720575941612621289,SNta20,
720575941612657404,SNpp43,
720575941612662169,SNpp43,
720575941612667355,sensory_fragment,
720575941612667545,LgLG1a,
720575941612680109,SNppxx,
720575941612685977,SNxx33,
720575941612720486,SNpp57,
720575941612723629,SNpp39,
720575941612735641,SNta38,
720575941612742573,SNpp39,
720575941612777901,SNxx05,
720575941612786585,LgLG4,
720575941612787885,SNpp45,
720575941612933139,SNpp07,
720575941613020902,SNta29,
720575941613152614,SNpp45,
720575941613154150,SNta20,
720575941613161645,SNpp59,
720575941613207910,SNabg09,dimorphic
720575941613282662,SNta21,
720575941613286246,SNxxxx,
720575941613352979,SNabg97f,sex_specific
720575941613365011,SNta04,
720575941613370131,SNta24,
720575941613374310,SNxx05,
720575941613401958,SNpp19,
720575941613422182,SNpp11,
720575941613431036,SNta24,
720575941613439452,SNta23,
720575941613453532,SNxx29,
720575941613455635,SNta45,
720575941613462035,SNpp60,
720575941613469459,SNabg14,
720575941613474406,SNxx04,
720575941613581414,SNch05,
720575941613788703,SNpp51,
720575941613984275,SNta39,
720575941613984988,SNta14,
720575941614000092,SNta07,
720575941614001171,SNta26,
720575941614015964,SNta21,
720575941614029721,SNabg13,dimorphic
720575941614029977,SNta21,
720575941614100255,SNta41,
720575941614238204,SNta40,
720575941614240508,unknown_sensory,
720575941614289561,SNpp43,
720575941614302227,WG2,
720575941614370969,SNta23,
720575941614450908,SNabg14,
720575941614499036,SNta02,
720575941614499292,SNta02,
720575941614551772,SNpp59,
720575941614637276,SNta35,
720575941614647004,SNta20,
720575941614736281,SNta23,
720575941614876124,SNxx05,
720575941614876892,SNpp45,
720575941614888601,SNta32,
720575941614922771,SNabg23,
720575941614924508,SNta44,
720575941614929884,SNta10,
720575941614952979,SNxx04,
720575941614968028,SNta29,
720575941614978323,SNxx03,
720575941615002899,SNabg19,
720575941615009945,SNpp52,
720575941615150293,LgLG3,dimorphic
720575941615188220,SNpp51,
720575941615282073,SNta41,
720575941615301785,SNta38,
720575941615320339,SNta02,
720575941615579667,SNta44,
720575941615587603,SNta43,
720575941615637523,SNta28,
720575941615638803,SNta30,
720575941615704083,SNta02,
720575941615782675,SNpp39,
720575941615851673,LgLG1b,
720575941615985561,SNpp45,
720575941616042278,SNta43,
720575941616072345,SNxx05,
720575941616157909,SNta34,
720575941616161237,SNta18,
720575941616198438,SNta24,
720575941616223270,SNta24,
720575941616247590,SNta43,
720575941616256550,SNta43,
720575941616257177,SNxxxx,
720575941616262182,SNta43,
720575941616268185,SNpp62,
720575941616354969,SNta20,
720575941616395417,SNta11,
720575941616487381,SNta29,
720575941616492405,sensory_fragment,
720575941616493013,SNpp40,
720575941616494630,SNta43,
720575941616512921,SNta37,
720575941616517333,SNch10,
720575941616535334,SNta43,
720575941616542165,WG4,
720575941616545749,SNta34,
720575941616572885,SNta24,
720575941616573666,WG2,
720575941616654965,unknown_sensory,
720575941616688085,,
720575941616709077,SNta19,
720575941616762837,SNta25,
720575941616773158,SNta30,
720575941616776742,SNta37,
720575941616855590,SNta43,
720575941616855669,SNta32,
720575941616889382,SNta43,
720575941617120469,SNta29,
720575941617126869,SNta43,
720575941617174133,SNta28,
720575941617175935,SNta09,
720575941617218677,SNta32,
720575941617325429,SNta26,
720575941617427061,SNta44,
720575941617438335,SNta19,
720575941617495423,SNta28,
720575941617997941,SNpp55,
720575941618109909,SNta33,
720575941618269990,SNch02,
720575941618422485,SNta30,
720575941618450982,WG4,
720575941618475989,SNta21,
720575941618563199,SNta31,
720575941618563967,SNpp49,
720575941618564479,SNta40,
720575941618732757,SNpp45,
720575941618736678,SNta04,
720575941618797094,SNta04,
720575941618824998,SNta04,
720575941618896511,SNta03,
720575941618908031,SNch10,
720575941618920831,SNpp02,
720575941618958975,SNta01,
720575941618978175,SNch10,
720575941618989695,unknown_sensory,
720575941618993378,SNta39,
720575941619000703,SNabg29,
720575941619005823,SNta44,
720575941619007615,SNta35,
720575941619015807,SNpp55,
720575941619029375,SNpp52,
720575941619075366,SNch12,
720575941619089958,WG3,
720575941619243135,SNta44,
720575941619409525,SNta29,
720575941619423714,SNta04,
720575941619731170,SNta24,
720575941619733218,SNta32,
720575941619733986,SNta24,
720575941619735522,SNta43,
720575941619738338,LgLG4,
720575941619744738,SNta25,
720575941619744994,SNta19,
720575941619745762,SNta29,
720575941619746530,SNta30,
720575941619749090,LgLG3,dimorphic
720575941619749602,SNxx33,dimorphic
720575941619763170,WG4,
720575941619874175,SNta40,
720575941619885951,WG3,
720575941619886719,SNch06,
720575941619904383,SNabg02,
720575941619912293,SNxx15,
720575941620461439,SNpp29,
720575941620673151,SNch05,
720575941620724095,SNpp40,
720575941620826751,SNabg29,
720575941621027967,SNta21,
720575941621274239,SNta21,
720575941621422463,SNabg14,
720575941621573884,SNta38,
720575941621626495,LgLG1b,
720575941621660924,SNta29,
720575941622232060,SNpp42,
720575941622900220,SNta26,
720575941623155196,SNpp51,
720575941623203324,SNch04,
720575941623245308,SNxx04,
720575941623264714,SNpp02,
720575941623283146,LgLG3,dimorphic
720575941623294716,SNabg31,
720575941623302396,SNta38,
720575941623306748,SNabg30,
720575941623313660,SNta29,
720575941623316220,WG4,
720575941623330556,SNpp52,
720575941623340426,SNta09,
720575941623351963,SNxx28,
720575941623377354,SNpp37,
720575941623475611,SNta09,
720575941623528091,SNabg20,
720575941623576458,SNta29,
720575941623585644,SNta43,
720575941623639195,SNpp06,
720575941623696522,SNta35,
720575941624189180,SNta29,
720575941624211708,SNta40,
720575941624212988,SNxx02,dimorphic
720575941624478410,SNta04,
720575941624479178,SNch10,
720575941624613116,SNxxxx,sex_specific
720575941624665570,WG2,
720575941624760428,SNta29,
720575941624765036,SNta28,
720575941624790012,SNta02,
720575941624808188,SNxx04,dimorphic
720575941624817148,SNta20,
720575941624818284,SNpp52,
720575941624830716,SNta21,
720575941624830972,SNpp52,
720575941624848778,SNpp52,
720575941624891274,SNta29,
720575941624899722,SNta27,
720575941624921243,SNta04,
720575941624929435,SNpp11,
720575941624930044,SNpp52,
720575941624939978,SNpp39,
720575941624941211,SNta40,
720575941624977098,SNta32,
720575941625022316,SNta30,
720575941625038282,SNxx01,
720575941625046218,SNch10,
720575941625052059,SNxx33,
720575941625052827,SNch07,dimorphic
720575941625053339,SNch11,
720575941625057125,SNpp50,
720575941625067675,SNta37,
720575941625068955,SNta37,
720575941625072027,SNta32,
720575941625081243,SNpp45,
720575941625088155,SNta19,
720575941625153132,SNabg14,
720575941625169516,SNta25,
720575941625170796,SNta24,
720575941625172076,SNta25,
720575941625172332,SNpp59,
720575941625189228,SNta39,
720575941625189484,WG4,
720575941625200236,SNta37,
720575941625229564,SNta24,
720575941625265772,SNpp41,
720575941625272202,SNta29,
720575941625296266,SNta29,
720575941625344394,SNta35,
720575941625344906,SNta29,
720575941625401226,LgLG3,dimorphic
720575941625408394,SNxx12,dimorphic
720575941625411210,SNpp51,
720575941625414794,SNabg29,
720575941625442300,SNpp45,
720575941625458940,SNta14,
720575941625528731,SNta25,
720575941625555658,SNta35,
720575941625777034,LgLG3,dimorphic
720575941625837164,SNpp32,
720575941625844123,SNta39,
720575941625847754,SNpp41,
720575941625884268,SNxx04,
720575941625913994,SNta37,
720575941625957531,SNxx02,
720575941625959835,SNta20,
720575941625962395,SNxx16,
720575941626065004,SNta21,
720575941626110346,SNxx22,
720575941626469322,SNpp60,
720575941626496364,SNta31,
720575941626511818,SNch05,
720575941626523082,SNabg23,
720575941626554937,SNabg21,
720575941626586826,LgLG1b,
720575941626609721,SNabg13,dimorphic
720575941626613817,SNpp45,
720575941626618425,SNta37,
720575941626619803,SNabg14,
720575941626634809,SNta42,
720575941626695114,SNch05,
720575941626793418,SNpp51,
720575941626807334,SNta02,
720575941626812966,SNta02,
720575941626843500,SNxx03,
720575941626940362,WG3,
720575941626965450,SNpp52,
720575941626981433,,
720575941627008458,SNppxx,
720575941627045770,SNabg28,
720575941627046694,SNta34,
720575941627075274,SNch05,
720575941627077514,SNta20,
720575941627147558,SNta29,
720575941627173177,SNta21,
720575941627185721,SNxx01,
720575941627191865,SNta39,
720575941627193145,SNta31,
720575941627194425,SNxxxx,
720575941627221286,SNpp51,
720575941627299995,SNabg06,dimorphic
720575941627302555,SNta20,
720575941627317659,SNta04,
720575941627327131,SNxx04,
720575941627336859,SNta09,
720575941627410214,SNta04,
720575941627441209,SNta42,
720575941627489388,SNta11,
720575941627950905,SNta33,
720575941628004665,SNta30,
720575941628366649,SNpp45,
720575941628615138,SNpp23,
720575941628619577,SNta20,
720575941628667193,SNxx05,
720575941628698082,SNta09,
720575941628709414,SNta19,
720575941628715234,SNch09,dimorphic
720575941628727778,SNta37,
720575941628732966,SNta45,
720575941628778210,SNta38,
720575941628790754,SNch04,
720575941628821798,SNta38,
720575941628841254,SNta24,
720575941628872486,SNabg27,
720575941628873254,SNta41,
720575941628876838,SNta04,
720575941628879910,SNta35,
720575941628897574,SNpp43,
720575941629068857,SNch05,dimorphic
720575941629078764,SNpp47,
720575941629084130,WG4,
720575941629118777,SNpp52,
720575941629119289,SNabg30,
720575941629165804,SNta09,
720575941629181753,LgLG1b,
720575941629274860,SNta25,
720575941629292012,SNpp21,
720575941629322809,SNpp30,
720575941629339193,SNta33,
720575941629360441,SNta20,
720575941629365561,SNta29,
720575941629457132,SNxx22,
720575941629486572,SNta20,
720575941629512172,SNta37,
720575941629572134,SNch10,
720575941629722150,SNta25,
720575941629728038,SNta37,
720575941630099426,SNta03,
720575941630102725,SNpp57,
720575941630112226,SNta42,
720575941630118370,SNta38,
720575941630120418,SNta31,
720575941630143970,SNta24,
720575941630198242,SNta21,
720575941630199522,SNta32,
720575941630202082,SNta27,
720575941630297894,SNch05,dimorphic
720575941630306854,SNabg27,
720575941630428454,SNabg29,
720575941630500000,SNta09,
720575941630506790,SNabg14,
720575941630569829,unknown_sensory,
720575941630674592,SNta03,
720575941630695138,SNta32,
720575941630701984,SNta09,
720575941630727148,SNta29,
720575941630834914,SNpp32,
720575941630888864,SNta04,
720575941631021606,SNta20,
720575941631043003,SNabg23,
720575941631076332,WG2,
720575941631106284,LgLG2,
720575941631111916,SNabg16,
720575941631120620,SNch08,
720575941631121900,SNta32,
720575941631122924,SNch06,
720575941631124972,SNta37,
720575941631133420,SNch03,
720575941631143660,LgLG2,
720575941631165627,SNpp59,
720575941631173100,SNabg09,dimorphic
720575941631173868,SNta34,
720575941631191020,SNabg14,
720575941631193324,SNabg05,dimorphic
720575941631204844,SNta37,
720575941631212780,SNta44,
720575941631215596,SNta27,
720575941631223788,SNta44,
720575941631229932,SNabg01,dimorphic
720575941631391202,SNta42,
720575941631520236,SNta24,
720575941631597794,SNabg18,dimorphic
720575941631644130,SNabg27,
720575941631698146,WG2,
720575941631733218,SNxx03,
720575941631739362,WG4,
720575941631747232,SNabg97f,sex_specific
720575941631748000,SNabg95f,sex_specific
720575941631768556,SNta11,
720575941631838112,sensory_fragment,
720575941631954629,SNta29,
720575941631960546,SNta02,
720575941631979205,SNta43,
720575941631982277,WG2,
720575941631985349,SNch07,
720575941632002501,SNta31,
720575941632020677,SNta41,
720575941632024517,SNta24,
720575941632048837,SNta34,
720575941632079301,SNxx33,
720575941632079813,SNta32,
720575941632085445,SNta42,
720575941632133602,WG3,
720575941632137888,SNta19,
720575941632140731,SNpp35,
720575941632253088,SNxx33,
720575941632271264,SNta44,
720575941632280224,SNta38,
720575941632280736,SNta32,
720575941632281504,SNta45,
720575941632315067,SNta39,
720575941632317154,SNta09,
720575941632486587,SNpp39,
720575941632609477,SNta43,
720575941632659436,SNta02,
720575941632660411,LgLG2,
720575941632665324,SNch05,
720575941632674796,SNta33,
720575941632678892,SNpp39,
720575941632687035,SNta38,
720575941632687596,SNta21,
720575941632693435,SNta37,
720575941632699835,SNta37,
720575941632724972,SNpp52,
720575941632726469,SNta42,
720575941632818373,SNxx03,
720575941632822981,SNabg20,
720575941632828859,SNpp44,
720575941632870560,SNch12,
720575941632907717,SNta43,
720575941632939680,SNabg27,
720575941633038496,SNpp57,
720575941633052064,SNabg97f,sex_specific
720575941633070240,SNta42,
720575941633096608,SNabg04,dimorphic
720575941633097888,SNta38,
720575941633107616,SNch10,
720575941633111968,SNpp39,
720575941633200364,SNpp45,
720575941633249723,SNta28,
720575941633260485,SNpp16,
720575941633373932,LgLG1a,
720575941633585644,SNpp39,
720575941633588411,SNabg97f,sex_specific
720575941633602757,SNabg26,
720575941633603525,SNppxx,
720575941633638597,SNxx04,dimorphic
720575941633650107,SNpp20,
720575941633764768,SNch05,
720575941633810037,SNta29,
720575941633813664,SNch01,dimorphic
720575941633815200,SNxx04,
720575941633952416,SNabg15,dimorphic
720575941633969568,SNabg14,
720575941634000581,SNabg27,
720575941634128288,SNxx05,
720575941634264517,WG3,
720575941634325947,SNpp45,
720575941634340539,SNpp62,
720575941634642107,LgLG3,dimorphic
720575941635027387,SNxx03,
720575941635047525,SNta39,
720575941635067323,SNpp41,
720575941635232357,SNta38,
720575941635244645,SNta38,
720575941635558757,SNch10,
720575941635777125,SNta39,
720575941636231029,SNta23,
720575941636248933,SNxx03,
720575941636252277,LgLG4,
720575941636285045,SNta09,
720575941636318581,SNta29,
720575941636446069,SNta26,
720575941636552565,LgLG3,dimorphic
720575941636673909,SNta11,
720575941636748405,SNta35,
720575941637642357,SNpp24,
720575941637803039,SNch05,
720575941637820789,SNta38,
720575941637821045,SNta38,
720575941637822581,SNta29,
720575941637948959,SNta39,
720575941638110495,SNta29,
720575941638121247,SNta28,
720575941638274421,SNpp16,
720575941638308725,SNta04,
720575941638318453,SNta42,
720575941638329205,SNta24,
720575941638337653,SNta43,
720575941638417269,SNabg14,
720575941638425461,LgLG2,
720575941638428533,SNpp57,
720575941638432117,SNta43,
720575941638451829,SNabg30,
720575941638477173,SNpp51,
720575941638477941,SNabgxx,
720575941638640596,unknown_sensory,
720575941638972789,SNch09,dimorphic
720575941638982773,LgLG7,
720575941638984565,SNpp44,
720575941639102837,SNta38,
720575941639118197,SNta38,
720575941639198751,SNta18,
720575941639234772,SNta37,
720575941639286996,SNta27,
720575941639297909,SNpp41,
720575941639316436,SNta38,
720575941639330004,SNta39,
720575941639334100,SNta38,
720575941639346293,SNta32,
720575941639356533,SNxx21,
720575941639370452,SNta38,
720575941639486239,SNxx03,
720575941639513631,SNta28,
720575941639553055,SNta30,
720575941639564831,SNta42,
720575941639570207,SNta31,
720575941639592916,SNta43,
720575941639593428,SNta43,
720575941639623892,SNta27,
720575941639630548,SNta32,
720575941639647519,SNta30,
720575941639648543,SNch09,dimorphic
720575941639650335,SNta39,
720575941639650591,SNta44,
720575941639665183,SNpp41,
720575941639732948,SNta43,
720575941639733716,SNta38,
720575941639733972,SNta38,
720575941639834997,SNch05,dimorphic
720575941639848309,SNpp50,
720575941639908564,SNta38,
720575941639912053,SNxx01,
720575941639912660,SNta27,
720575941640006868,SNta38,
720575941640168479,SNpp57,
720575941640184437,SNta21,
720575941640190325,SNta29,
720575941640210207,SNpp58,
720575941640337269,SNpp44,
720575941640342389,SNpp38,
720575941640424309,SNabg27,
720575941640444191,SNpp50,
720575941640449055,SNpp42,
720575941640525685,LgLG1b,
720575941640539765,SNch05,
720575941640847461,SNta02,
720575941641001317,SNpp15,
720575941641037413,SNta25,
720575941641042789,SNabg20,
720575941641092709,SNta37,
720575941641218405,SNta35,
720575941641371749,SNpp59,
720575941641614418,SNta09,
720575941641754655,SNta24,
720575941641776210,SNta20,
720575941641792799,SNta20,
720575941641884447,SNpp22,
720575941641997855,SNpp45,
720575941642287480,SNta29,
720575941642441592,SNta25,
720575941642474657,SNta09,
720575941642544741,SNta37,
720575941642611557,SNabg20,
720575941642613153,unknown_sensory,
720575941642628552,SNta40,
720575941642629989,SNta30,
720575941642637925,SNta44,
720575941642689441,SNta09,
720575941642789793,SNta42,
720575941642795169,SNta34,
720575941642796626,SNta41,
720575941642946248,SNta37,
720575941643069778,SNta30,
720575941643074386,LgLG4,
720575941643079585,WG3,
720575941643094610,SNch05,
720575941643096146,SNta42,
720575941643098962,SNta35,
720575941643102290,SNch02,
720575941643104594,WG3,
720575941643186770,SNta27,
720575941643194213,SNta25,
720575941643208274,SNta38,
720575941643210322,SNxx04,
720575941643211858,SNabg25,
720575941643213138,SNta37,
720575941643367288,SNabg11,dimorphic
720575941643444837,SNpp51,
720575941643463269,SNxx15,
720575941643493752,SNta28,
720575941643494776,SNxx14,
720575941643497080,SNta42,
720575941643635064,SNta29,
720575941643680594,SNta38,
720575941643686738,SNta32,
720575941643855480,SNch10,
720575941643861368,SNxx33,
720575941643885688,SNta04,
720575941643945160,SNta29,
720575941643955320,SNabg31,
720575941643956424,SNta11,
720575941643957880,SNabg31,
720575941643980664,SNta21,
720575941643984229,SNpp60,
720575941643990392,SNta40,
720575941643991416,SNta32,
720575941643995000,SNta24,
720575941643995512,SNta38,
720575941643997048,SNta35,
720575941644005240,SNta38,
720575941644008056,LgLG8,
720575941644013176,SNch06,
720575941644016248,SNta23,
720575941644022136,SNabg30,
720575941644024952,SNta31,
720575941644052562,SNpp18,
720575941644063826,SNta29,
720575941644144229,SNta21,
720575941644145509,SNta21,
720575941644211617,SNxx04,dimorphic
720575941644226465,SNta29,
720575941644236232,SNpp16,
720575941644260040,SNta28,
720575941644278984,SNch10,
720575941644312776,WG3,
720575941644317640,SNta37,
720575941644383944,SNxxxx,dimorphic
720575941644385480,SNxx03,
720575941644395738,SNxx33,
720575941644413896,SNxx04,dimorphic
720575941644421832,SNta29,
720575941644426184,SNta27,
720575941644427208,SNta29,
720575941644431560,SNpp60,
720575941644432229,SNabg14,
720575941644433096,SNta45,
720575941644437605,SNta21,
720575941644490341,SNta11,
720575941644524133,SNabg29,
720575941644524389,LgLG3,dimorphic
720575941644574840,SNta40,
720575941644684961,SNta04,
720575941644732577,LgLG2,
720575941644733857,SNabgxx,
720575941644745810,SNch05,
720575941644777889,SNxx03,
720575941644805970,SNta13,
720575941644868257,SNta27,
720575941644880466,SNta21,
720575941644888696,SNch06,
720575941644911816,SNta44,
720575941644934856,SNpp50,
720575941645007265,SNta35,
720575941645019986,SNpp45,
720575941645088673,SNpp32,
720575941645260232,SNta31,
720575941645268818,SNta20,
720575941645325138,SNta21,
720575941645367378,SNch05,
720575941645435297,unknown_sensory,
720575941645455698,SNpp52,
720575941645458258,LgLG2,
720575941645458770,SNta28,
720575941645616801,SNpp45,
720575941645618337,SNpp39,
720575941645675425,SNxx05,
720575941645695649,LgLG1a,
720575941645697144,SNabg23,
720575941645707169,SNabg05,dimorphic
720575941645715361,SNabg23,
720575941645715617,SNabg14,
720575941645722017,SNta20,
720575941645724321,SNxx05,
720575941645724577,SNabg29,
720575941645745272,LgLG1b,
720575941645930104,SNabg27,
720575941645955192,SNta20,
720575941645973960,SNta21,
720575941646126200,SNabg31,
720575941646167969,SNpp45,
720575941646253176,SNabg28,
720575941646281121,SNxx04,dimorphic
720575941646304673,SNta26,
720575941646336968,SNxx03,
720575941646349432,SNta23,
720575941646421448,SNxx04,dimorphic
720575941646448584,SNta27,
720575941646541768,SNta21,
720575941646617800,SNta20,
720575941646653128,SNabg27,
720575941648423892,sensory_fragment,
720575941649166613,SNta28,
720575941649321237,SNta09,
720575941649347349,SNch01,
720575941649443349,SNta37,
720575941649809685,WG2,
720575941649987569,SNta08,
720575941649992177,SNta09,
720575941650002161,SNabg20,
720575941650002929,SNabg20,
720575941650004465,LgLG1a,
720575941650095857,SNta29,
720575941650124529,LgLG3,dimorphic
720575941650516245,SNabg22,
720575941650520341,LgLG1b,
720575941650521621,SNch11,
720575941650811157,SNabg21,
720575941650821909,SNta29,
720575941650837269,SNta30,
720575941650851093,SNch03,
720575941650872341,WG2,
720575941650890257,SNta09,
720575941651216113,SNxx04,dimorphic
720575941651307249,SNta09,
720575941651523825,SNta42,
720575941651573269,SNta42,
720575941651578097,SNta27,
720575941651635441,SNta04,
720575941651639793,SNch03,
720575941651645937,SNxx29,
720575941651725041,SNpp47,
720575941651725809,SNta19,
720575941651810581,SNta37,
720575941652076505,SNta09,
720575941652089049,SNta09,
720575941652158425,SNta02,
720575941652250865,SNta27,
720575941652297177,SNta37,
720575941652325081,SNta37,
720575941652391385,SNta29,
720575941652397273,SNta09,
720575941652410836,LgLG3,dimorphic
720575941652417236,SNpp39,
720575941652612369,SNabg30,
720575941652613909,SNpp57,
720575941652621073,SNta45,
720575941652640017,SNta04,
720575941652642577,SNta11,
720575941652713684,SNta42,
720575941652746001,WG2,
720575941652750353,SNta37,
720575941652758289,SNch13,
720575941652769041,SNta38,
720575941652780049,SNta43,
720575941652783121,SNxx22,
720575941652784913,SNabg12,
720575941652852692,SNta09,
720575941652943572,SNta28,
720575941652961492,SNta35,
720575941652961748,SNta35,
720575941652966129,SNta23,
720575941653161713,SNch05,
720575941653171473,SNta37,
720575941653227541,SNpp41,
720575941653478897,SNch05,
720575941653526289,SNxx22,
720575941653561361,SNta26,
720575941653571089,SNpp19,
720575941653624537,SNta29,
720575941653670897,SNch01,dimorphic
720575941653863129,SNpp07,
720575941653945300,SNta35,
720575941654029017,SNxx03,
720575941654030297,SNta35,
720575941654030809,WG4,
720575941654033625,SNta03,
720575941654083028,SNabg30,
720575941654155225,SNta25,
720575941654155737,SNta43,
720575941654161625,SNta19,
720575941654163156,SNta42,
720575941654166489,SNvnc12f,sex_specific
720575941654198233,SNxxxx,
720575941654201305,SNpp43,
720575941654234897,SNta23,
720575941654289681,SNxx05,
720575941654326228,SNta21,
720575941654397908,SNta42,
720575941654472409,SNta37,
720575941654508561,LgLG1b,
720575941654525396,WG2,
720575941654528468,SNxx02,
720575941654638804,SNta24,
720575941654648532,SNpp02,
720575941654661332,SNta26,
720575941654664660,SNpp02,
720575941654673681,SNpp39,
720575941654692052,SNta29,
720575941654701780,SNta45,
720575941654706388,SNta23,
720575941654706900,SNta32,
720575941654712276,SNta29,
720575941654716177,SNpp45,
720575941654736657,SNabg15,dimorphic
720575941654789393,SNta21,
720575941654789649,SNta20,
720575941654896145,SNpp45,
720575941654930961,SNta29,
720575941655015385,SNch10,
720575941655192788,SNpp60,
720575941655345108,unknown_sensory,
720575941655478484,SNta27,
720575941655533529,unknown_sensory,
720575941655641817,SNpp62,
720575941655663065,SNta20,
720575941655916824,SNch05,dimorphic
720575941655995160,SNta28,
720575941656018968,SNpp20,
720575941656021784,SNta43,
720575941656106457,LgLG3,dimorphic
720575941656119376,SNta09,
720575941656125913,SNpp45,
720575941656126425,SNpp45,
720575941656137552,SNta13,
720575941656138969,LgLG1b,
720575941656154704,WG3,
720575941656245721,LgLG1b,
720575941656264665,SNta21,
720575941656329040,SNpp42,
720575941656354896,SNabg20,
720575941656380496,SNta25,
720575941656383824,WG3,
720575941656389200,SNta37,
720575941656511188,SNta37,
720575941656565584,SNpp60,
720575941656643408,SNta04,
720575941656675028,SNta42,
720575941656675540,SNpp57,
720575941656711636,SNch05,
720575941657053396,SNpp39,
720575941657313048,SNpp56,
720575941657673552,SNpp17,
720575941657704216,SNpp47,
720575941657708568,SNxx33,
720575941657710104,SNta32,
720575941657716248,SNch02,
720575941657725208,SNta43,
720575941657782808,SNta45,
720575941657783320,SNta45,
720575941657788184,SNta41,
720575941657790744,SNta37,
720575941657810456,SNabg30,
720575941657820952,SNabg20,
720575941657824536,SNpp07,
720575941657968464,SNpp43,
720575941657968976,SNta42,
720575941657974352,SNta42,
720575941657985872,SNta45,
720575941657992272,LgLG1b,
720575941658018640,WG4,
720575941658019920,SNta44,
720575941658024016,LgLG1b,
720575941658060368,SNpp63,
720575941658081872,SNta39,
720575941658113616,SNta32,
720575941658121296,SNta30,
720575941658129744,SNta44,
720575941658132560,WG2,
720575941658200400,SNpp43,
720575941658246424,SNabg29,
720575941658291224,SNta37,
720575941658398232,SNta45,
720575941658631448,SNxx29,
720575941658876240,SNta24,
720575941658907160,SNxx33,
720575941658931792,SNpp50,
720575941659483416,SNta21,
720575941659764280,LgLG3,dimorphic
720575941659844176,SNxx05,
720575941659861528,SNta21,
720575941659935512,SNxx04,
720575941660119320,SNabg27,
720575941660129104,SNabg28,
720575941660373072,SNpp55,
720575941660399896,SNxx03,
720575941660485968,LgLG1a,
720575941660582992,SNta09,
720575941660668752,SNpp45,
720575941660793424,SNxx03,
720575941661225003,sensory_fragment,
720575941661401400,SNta38,
720575941661406264,SNpp18,
720575941661408312,SNta29,
720575941661422392,SNta38,
720575941661430072,SNta45,
720575941661436984,SNabg31,
720575941661438776,SNta41,
720575941661442872,SNta45,
720575941661445688,SNxx33,
720575941661445944,SNta30,
720575941661449016,LgLG3,dimorphic
720575941661462840,SNta41,
720575941661485112,SNta04,
720575941661510456,SNabg22,
720575941661524024,LgLG2,
720575941661537336,SNxx02,dimorphic
720575941661541944,SNch03,
720575941661558584,SNta34,
720575941661562936,SNta23,
720575941661577528,SNta35,
720575941661600056,SNta14,
720575941662116732,SNpp45,
720575941662118268,SNpp08,
720575941662123900,SNxx21,
720575941662125692,SNch10,
720575941662126460,SNta32,
720575941662178872,SNabg29,
720575941662366520,SNta23,
720575941662427260,WG2,
720575941662445624,SNta26,
720575941662531452,SNta18,
720575941662563196,SNch13,dimorphic
720575941662579068,SNabg24,
720575941662610300,SNch10,
720575941662622588,SNta45,
720575941662623612,SNabg27,
720575941662627708,SNta39,
720575941662629500,SNta38,
720575941663014780,SNta04,
720575941663119484,LgLG4,
720575941663168312,SNxx03,
720575941663343160,SNpp39,
720575941663439672,SNta02,
720575941663742008,SNabg29,
720575941663749176,WG4,
720575941663763256,SNch10,
720575941663790136,SNch05,dimorphic
720575941663849596,SNpp45,
720575941663859256,SNta42,
720575941664362108,SNta20,
720575941664582780,SNta04,
720575941664626812,SNpp50,
720575941664773756,SNpp39,
720575941664807292,SNta20,
720575941664811132,SNta08,
720575941665341171,SNta09,
720575941665372147,SNta09,
720575941665469683,SNta02,
720575941665667571,LgLG2,
720575941666910707,SNpp23,
720575941667024817,SNta09,
720575941667061937,SNxx03,
720575941667115953,WG2,
720575941667394291,SNta41,
720575941667397619,SNta38,
720575941667398387,SNpp41,
720575941667404531,SNta39,
720575941667430387,SNabg31,
720575941667430643,SNta29,
720575941667438835,SNpp59,
720575941667504371,SNch06,
720575941667505139,SNta42,
720575941667522291,SNta43,
720575941667528947,SNpp60,
720575941667561971,SNpp07,
720575941668286707,SNta39,
720575941668296179,SNta42,
720575941668335347,SNpp10,
720575941668442801,SNta41,
720575941668745971,SNabg31,
720575941668771239,SNta25,
720575941668780209,SNppxx,
720575941668805041,SNta37,
720575941668853425,SNxx03,
720575941668867761,SNta43,
720575941668905649,SNch04,
720575941668911281,SNta42,
720575941668952497,SNta37,
720575941668960679,LgLG3,dimorphic
720575941668962993,SNta31,
720575941668978865,SNta37,
720575941669018791,SNpp43,
720575941669080051,SNabg14,
720575941669098417,SNpp56,
720575941669123315,SNta20,
720575941669289649,SNta29,
720575941669361907,SNta21,
720575941669587955,SNabg30,
720575941669802929,SNpp60,
720575941669826993,SNch09,dimorphic
720575941669908145,SNxx33,
720575941669924083,SNta29,
720575941669949105,SNta28,
720575941669990567,SNpp55,
720575941670006951,SNta45,
720575941670010023,SPSN,sex_specific
720575941670016679,SNta30,
720575941670027175,SNta28,
720575941670279386,SNch10,
720575941670279642,SNch10,
720575941670280154,SNta42,
720575941670287066,LgLG6,
720575941670292186,SNta19,
720575941670297818,LgLG4,
720575941670298074,LgLG7,
720575941670298330,SNpp59,
720575941670298586,SNpp59,
720575941670300122,LgLG6,
720575941670303450,SNta37,
720575941670311130,SNta02,
720575941670316506,SNta38,
720575941670317274,SNta29,
720575941670317530,SNta29,
720575941670320346,SNta35,
720575941670331354,LgLG6,
720575941670332634,SNpp47,
720575941670332890,SNpp60,
720575941670333658,SNpp47,
720575941670545063,SNta37,
720575941670559409,SNxx04,
720575941670560167,LgLG5,
720575941670604465,SNabg14,
720575941670647207,SNabg25,
720575941670647975,SNabg32,
720575941670648743,SNxx33,
720575941670677169,SNabg09,dimorphic
720575941671015335,SNxx14,
720575941671066023,SNta43,
720575941671121063,SNta39,
720575941671198641,LgLG1b,
720575941671402407,SNta21,
720575941671407271,SNpp50,
720575941671484337,SNpp39,
720575941671967911,SNpp52,
720575941671986855,SNta20,
720575941672033703,SNta21,
720575941672263847,SNch05,
720575941672286631,SNta33,
720575941672363431,SNch05,
720575941672419239,SNxx01,
720575941672909551,sensory_fragment,
720575941673512175,SNch10,
720575941673513199,SNch10,
720575941673513967,SNta42,
720575941673516271,SNch10,
720575941673566703,SNpp45,
720575941674027226,SNta37,
720575941674074330,SNta37,
720575941674153690,SNta30,
720575941674161370,SNta30,
720575941674181871,SNta38,
720575941674209775,SNta21,
720575941674215151,LgLG3,dimorphic
720575941674454490,SNta30,
720575941674464218,SNta30,
720575941674964442,SNta37,
720575941675009754,SNta30,
720575941675192794,SNta19,
720575941675440090,WG4,
720575941675541210,WG3,
720575941675611354,WG4,
720575941676786927,SNta24,
720575941676807663,SNta43,
720575941678392765,LgLG4,
720575941678405594,SNta30,
720575941678486205,IN01B091,
720575941678508250,SNta30,
720575941678574781,SNpp17,
720575941678603709,SNta30,
720575941679069679,SNta44,
720575941679089391,CS,
720575941679700669,SNta37,
720575941679702205,SNta18,
720575941679702461,SNta45,
720575941679796925,SNabg32,
720575941680129213,SNch10,
720575941680136125,SNta09,
720575941680142269,SNta44,
720575941680143805,LgLG1a,
720575941680144573,SNta29,
720575941680203453,SNta45,
720575941680222653,SNta36,
720575941680223677,SNch10,
720575941680228541,SNta30,
720575941680229565,SNta43,
720575941680242877,SNch01,
720575941680252349,SNabg14,
720575941680254141,SNch05,
720575941680262333,SNta39,
720575941680271037,SNpp50,
720575941680273341,SNch01,dimorphic
720575941680275389,SNta25,
720575941680281071,SNta44,
720575941680282351,SNta41,
720575941680283375,SNta21,
720575941680646845,SNabg13,dimorphic
720575941680722877,SNta44,
720575941681025469,SNta09,
720575941681163197,SNabg27,
720575941681716925,SNta38,
720575941681943229,LgLG1b,
720575941682180541,SNta08,
720575941682192573,SNppxx,sex_specific
720575941682208189,SNabg14,
720575941682250685,SNta29,
720575941682325693,SNta02,
720575941682357437,SNxx05,
720575941682392765,SNxx14,
720575941682416573,SNch10,
720575941682429117,SNpp19,
720575941682437309,SNpp51,
720575941683842200,SNta44,
720575941683879576,SNta39,
720575941684639896,sensory_fragment,
720575941684669423,SNpp47,
720575941684753903,SNta09,
720575941684784111,SNta35,
720575941684837359,unknown_sensory,
720575941684891887,LgLG1b,
720575941685008602,SNta30,
720575941685015258,LgLG1b,
720575941685022959,SNabg07,dimorphic
720575941685036250,SNta30,
720575941685093359,SNta21,
720575941685698778,LgLG3,dimorphic
720575941685701338,SNch05,
720575941685877004,SNta45,
720575941685977718,SNta09,
720575941686007052,SNpp10,
720575941686230646,LgLG2,
720575941686540527,SNta38,
720575941686541039,SNta26,
720575941686760943,SNpp44,
720575941686962159,SNta44,
720575941686976495,SNta04,
720575941686988015,SNta44,
720575941687054831,unknown_sensory,
720575941687068655,SNta43,
720575941687070447,SNta43,
720575941687071727,SNta32,
720575941687076079,SNpp59,
720575941687078127,SNabg24,
720575941687338102,SNta27,
720575941687441420,SNta45,
720575941687456780,SNta29,
720575941687460364,SNpp50,
720575941687533324,WG4,
720575941687583606,SNta01,
720575941687596150,SNpp51,
720575941687596300,unknown_sensory,
720575941687609868,LgLG2,
720575941687611660,SNch06,
720575941687627020,SNta44,
720575941687647500,SNch10,
720575941687650060,SNta39,
720575941687671670,SNxx04,dimorphic
720575941687684214,SNta27,
720575941687688566,SNch10,
720575941687717103,SNcs01f,sex_specific
720575941687760502,SNta40,
720575941687765878,SNta44,
720575941687768182,SNta27,
720575941687769462,SNta27,
720575941687769718,SNch05,
720575941687778166,SNta32,
720575941687780214,SNta40,
720575941687781238,SNta28,
720575941687791734,SNabg27,
720575941687803766,SNta21,
720575941687804022,SNta40,
720575941687810166,SNta23,
720575941687813238,SNpp39,
720575941687836635,SNta09,
720575941687881691,SNta09,
720575941687885295,SNch02,
720575941687916251,SNpp50,
720575941687941595,SNta38,
720575941687954139,WG2,
720575941687961051,SNta38,
720575941687996635,sensory_fragment,
720575941688156278,SNpp55,
720575941688165784,SNta21,
720575941688336280,SNta35,
720575941688487180,SNta31,
720575941688494604,SNta43,
720575941688502796,SNta44,
720575941688521996,SNxx12,dimorphic
720575941688542191,SNabg09,dimorphic
720575941688550383,SNta20,
720575941688603887,SNabg27,
720575941688607983,SNxx03,
720575941688770031,SNxx05,
720575941689063151,SNxx04,dimorphic
720575941689121263,SNta26,
720575941689154316,SNabg14,
720575941689217654,SNta37,
720575941689220079,LgLG1a,
720575941689290715,SNta38,
720575941689322392,SNch09,dimorphic
720575941689334168,SNpp57,
720575941689339510,SNpp45,
720575941689341302,SNabg29,
720575941689437558,SNta14,
720575941689463960,SNta29,
720575941689478006,SNxx03,
720575941689557467,SNta19,
720575941689586700,SNta21,
720575941689611276,SNabg15,dimorphic
720575941689638156,SNta20,
720575941689654284,SNpp50,
720575941689664780,SNpp50,
720575941689695756,SNta20,
720575941689742966,SNpp45,
720575941689743835,SNta30,
720575941689768856,SNta30,
720575941689772251,SNpp20,
720575941689780120,SNta09,
720575941689844443,SNta34,
720575941689848539,SNch11,
720575941689850075,SNabg29,
720575941689852891,SNabg14,
720575941689857688,SNta38,
720575941689857944,SNta45,
720575941689876120,SNta44,
720575941689900918,SNta02,
720575941689940342,SNpp45,
720575941689943448,SNch03,
720575941689961846,SNabg27,
720575941690000246,SNabg23,
720575941690005144,SNta27,
720575941690007960,SNabg32,
720575941690014838,SNta25,
720575941690027894,SNta25,
720575941690030710,SNta37,
720575941690045814,SNxx33,
720575941690696667,WG4,
720575941690721688,SNta09,
720575941690741400,SNpp59,
720575941690745051,SNta42,
720575941690747099,SNabg30,
720575941690791387,SNta25,
720575941691004056,SNpp52,
720575941691378907,SNabg14,
720575941691438299,SNpp45,
720575941691440091,SNpp39,
720575941691713176,SNabg28,
720575941691740312,SNpp18,
720575941691779803,SNch05,
720575941691808408,SNxx05,
720575941691847064,SNabg27,
720575941691903640,SNpp39,
720575941691963867,SNabg30,
720575941692295064,SNabg27,
720575941692324760,SNta30,
720575941692419803,SNta34,
720575941692562840,SNpp52,
720575941696303834,SNch02,
720575941696304090,SNta04,
720575941696304602,SNta08,
720575941696304858,SNta11,
720575941696305114,SNta04,
720575941696305370,WG2,
720575941696307162,SNta04,
720575941696307418,SNta04,
720575941696308186,SNpp28,
720575941696308442,SNta04,
720575941696308698,WG2,
720575941696309466,WG3,
720575941696309978,SNta04,
720575941696310490,WG2,
720575941696311770,WG3,
720575941696312026,SNta08,
720575941696312794,WG2,
720575941696315610,SNta11,
720575941696316122,SNta04,
720575941696316378,SNta04,
720575941696316890,WG2,
720575941696321498,WG2,
720575941696321754,WG2,
720575941696322010,WG2,
720575941696322266,SNta18,
720575941696322778,SNta18,
720575941696326618,WG2,
720575941696327386,SNta04,
720575941696328922,WG2,
720575941696329434,WG2,
720575941696329690,WG2,
720575941696353242,WG2,
720575941696353498,WG2,
720575941696355034,SNch12,
720575941696355290,WG2,
720575941700564186,SNta04,
720575941700684762,SNta43,
720575941701811162,SNta29,
720575941701879258,SNpp34,
720575941702131674,WG2,
720575941702131930,SNta30,
720575941702140890,SNta44,
720575941702152922,SNabg30,
720575941702161370,SNta44,
720575941702203610,SNta37,
720575941702226650,SNabg20,
720575941702233818,SNpp20,
720575941702235610,SNpp50,
720575941702248666,SNpp50,
720575941703025882,SNpp20,
720575941703117530,SNpp45,
720575941703123674,SNta29,
720575941703163354,SNpp09,
720575941703163866,SNppxx,
720575941703165914,SNppxx,
720575941703166938,SNxx30,
720575941703169754,SNpp06,
720575941703177946,SNabg13,dimorphic
720575941703752154,LgLG1b,dimorphic
720575941703766746,CS,
720575941704151258,SNta32,
720575941704201178,LgLG1b,
720575941704458714,SNpp51,
720575941704462554,SNpp51,
720575941720333626,SNta09,
720575941720403514,LgLG1b,
720575941720600122,SNta09,
720575941720604730,SNabg20,
720575941720627002,SNta25,
720575941721502522,SNpp55,
720575941722075706,WG3,
720575941722144314,SNta41,
720575941722144826,IN01B063,
720575941722158650,SNch10,
720575941722167098,SNta45,
720575941722170170,SNpp41,
720575941722174522,SNpp32,
720575941722184250,SNch10,
720575941722191674,SNta27,
720575941722194746,SNta20,
720575941722217018,SNta38,
720575941722220858,SNpp56,
720575941722221626,SNpp30,
720575941722234938,WG3,
720575941722278202,SNch10,
720575941722312762,SNxx03,
720575941722955322,SNta43,
720575941723095610,SNabg09,dimorphic
720575941723156538,SNta21,
720575941723200570,SNpp09,
720575941723577914,SNxx05,
720575941723620154,SNta44,
720575941723705914,SNch05,
720575941723918138,LgLG1b,
720575941724314938,SNch05,
720575941724383290,SNabg29,
720575941724396090,SNxx04,dimorphic
720575941724397114,SNpp39,
720575941724402234,LgLG1b,
720575941724582970,SNpp52,
720575941729890091,SNabg05,dimorphic
720575941730101803,SNta37,
720575941730150187,SNta31,
720575941731210027,SNta37,
720575941731508011,SNpp52,
720575941731609643,SNta04,
720575941731695915,SNta22,
720575941731713579,SNabg32,
720575941731741995,SNxx19,
720575941731743787,SNpp56,
720575941732410155,SNta43,
720575941732527915,CS,
720575941732907819,SNpp45,
720575941733165611,SNch05,dimorphic
720575941733166635,SNch05,
720575941733258795,SNta11,
720575941733281579,SNpp45,
720575941733859115,SNpp45,
720575941733884971,SNta21,
720575941733951019,SNxx03,
720575941734030379,LgLG1b,
720575941734097451,SNta44,
720575941734417195,SNxx23,dimorphic
