Cell ID,Cell Type,Dimorphism
720575941350274352,GFC1,
720575941350334256,IN00A050,
720575941350352176,IN21A042,
720575941350354224,IN06A085,
720575941350374960,IN08A011,
720575941350393904,IN06B047,
720575941350395952,IN00A022,
720575941350396464,IN00A043,
720575941350409264,IN08B073,
720575941350413360,IN04B108,
720575941350420016,IN03A071,
720575941350424112,IN14A018,
720575941350427696,IN10B052,
720575941350441008,IN16B092,
720575941350441264,IN20A.22A085,
720575941350443312,IN01A042,
720575941350455344,IN19A106,
720575941350471472,IN13A053,
720575941350473008,IN08B108,
720575941350482992,INXXX459,dimorphic
720575941351040304,IN01B065,
720575941351164464,INXXX053,
720575941351909680,IN13B037,
720575941351912496,IN14A021,
720575941351912752,IN16B080,
720575941351927600,IN07B038,
720575941352368688,IN13B029,
720575941352738608,,
720575941352867120,IN19B047,
720575941352898608,INXXX459,dimorphic
720575941352900400,IN03A060,
720575941352907824,INXXX930_f,sex_specific
720575941352917296,IN14A015,
720575941352919856,IN03A022,
720575941352922928,IN20A.22A010,
720575941352925744,IN07B053,
720575941352934192,IN21A013,
720575941352941360,IN23B068,
720575941352943152,IN09A001,
720575941352943920,IN20A.22A041,
720575941352944176,IN20A.22A008,
720575941352944944,IN12B023,
720575941352946736,IN00A032,
720575941353177392,INXXX440,
720575941353376048,IN06B014,
720575941354043184,,
720575941354124592,IN03A006,
720575941354246960,INXXX436,
720575941354252592,IN23B044,
720575941390135044,IN06A082,
720575941390136324,IN08B093,
720575941390193156,IN13A043,
720575941390243332,IN01B054,
720575941390264580,IN21A099,
720575941390268164,IN01B048,
720575941390273796,IN11B016,
720575941390279940,IN11A016,
720575941390280452,IN03A056,
720575941390292996,IN20A.22A067,
720575941390313988,IN11B015,
720575941390320644,IN03B071,
720575941390326532,IN11A044,
720575941390330372,IN13A061,
720575941390336260,IN13A064,
720575941390352900,IN14B012,
720575941390358788,IN01A016,
720575941390360836,IN19A106,
720575941390527638,IN03B036,
720575941390532868,IN01B095,
720575941390572950,IN06A059,
720575941390627222,INXXX411,dimorphic
720575941390632342,IN01A062,
720575941390634134,IN20A.22A009,
720575941390660502,IN03B090,
720575941390663574,IN19A101,
720575941390671766,IN02A048,
720575941390672790,IN21A057,
720575941390677654,IN07B008,
720575941390682262,IN11A030,
720575941390684310,dMS2,
720575941390688150,IN06B071,
720575941390690966,IN16B122,
720575941390702742,IN13A045,
720575941390713238,IN03A047,
720575941390724246,IN09A039,
720575941390725270,IN13A049,
720575941390728598,IN20A.22A092,
720575941390733974,IN21A105,
720575941390740118,IN13A045,
720575941390742934,IN13A040,
720575941390750358,IN13A054,
720575941390761878,INXXX315,
720575941390767254,IN01B022,
720575941390822404,IN09A010,
720575941390883478,IN19A133,
720575941391038468,IN08A034,
720575941391252630,INXXX846_f,sex_specific
720575941391792388,IN16B098,
720575941391803140,IN06B074,
720575941391811076,IN02A034,
720575941391925508,IN05B064,
720575941391926020,IN06A084,
720575941391968150,IN01A028,
720575941391970710,IN12B033,
720575941392030614,IN02A066,
720575941392034198,IN01B007,
720575941392036246,IN01B012,
720575941392039574,IN04B073,
720575941392178326,IN09A094,
720575941392219542,IN09A088,
720575941392302852,IN19B081,
720575941392418710,IN12B040,
720575941392423830,IN06A075,
720575941392424598,IN01B021,
720575941392484612,IN12B072,
720575941392491268,IN19B071,
720575941392492804,IN03A052,
720575941392519830,,
720575941392587414,IN17A041,
720575941392604054,IN19B080,
720575941392658582,INXXX140,
720575941392667286,IN08B083,
720575941392725910,IN09B047,
720575941392736772,IN14A023,
720575941392743940,IN03B062,
720575941392744964,IN05B080,
720575941392752132,INXXX843_f,sex_specific
720575941392752388,INXXX329,
720575941393197206,IN14A056,
720575941393486230,INXXX406,
720575941393489302,IN17A060,
720575941393489814,IN13A061,
720575941393490326,IN03B066,
720575941393490838,IN06B027,
720575941393492374,IN04B096,
720575941393495446,INXXX134,
720575941393708804,IN19A106,
720575941393732502,IN01A046,
720575941393958916,,
720575941393960964,IN21A041,
720575941393963524,INXXX290,dimorphic
720575941393969924,,
720575941393994244,,
720575941394030596,,
720575941394034436,,
720575941394069654,IN12A054,
720575941394472342,IN16B064,
720575941394515606,INXXX903_f,sex_specific
720575941394649238,INXXX917_f,sex_specific
720575941394766742,IN08A031,
720575941394767254,IN03A059,
720575941394770838,INXXX851_f,sex_specific
720575941394831766,,
720575941394835350,,
720575941399163683,IN20A.22A045,
720575941399164451,IN20A.22A045,
720575941399188003,IN07B063,
720575941399201315,IN06A113,
720575941399201827,IN03A061,
720575941399251235,IN12A062,
720575941399253283,IN03B066,
720575941399264291,IN03B089,
720575941399288355,IN10B055,
720575941399292707,IN13B025,
720575941399309603,IN03B066,
720575941399314723,IN13B069,
720575941399317539,IN13B029,
720575941399323683,IN20A.22A067,
720575941399324963,IN20A.22A083,
720575941399339811,IN09A037,
720575941400420899,IN01B065,
720575941400688419,IN09A029,
720575941400698403,IN12B086,
720575941400698659,INXXX288,
720575941400700451,INXXX443,dimorphic
720575941400703267,IN06A067,
720575941400707875,IN08A034,
720575941400710435,IN06A097,
720575941400730403,IN14A021,
720575941400736035,IN01A052,
720575941400757795,INXXX419,
720575941400788771,IN03A061,
720575941400818723,IN14B007,
720575941401454883,IN13A058,
720575941401456931,IN06B081,
720575941401753379,IN07B002,
720575941401761315,INXXX979_f,sex_specific
720575941401772067,INXXX988_f,sex_specific
720575941401773091,IN04B078,
720575941401775651,INXXX143,
720575941401776931,IN12A015,
720575941401780003,IN08B058,
720575941401795107,INXXX431,dimorphic
720575941401795619,IN17A020,
720575941401815331,IN07B074,
720575941402032240,IN19B043,
720575941402049904,IN01A068,
720575941402058608,IN00A040,
720575941402059632,IN06A042,
720575941402071408,IN12B035,
720575941402085744,,
720575941402086000,IN12B037,
720575941402086768,IN18B054,
720575941402112547,IN12B042,
720575941402129008,INXXX446,dimorphic
720575941402136944,IN13B046,
720575941402163824,IN03A097,dimorphic
720575941402383907,IN14A106,
720575941402442531,IN01B026,
720575941402823715,IN09A016,
720575941403097123,,
720575941403210275,IN13A004,
720575941403216163,IN23B062,
720575941403224099,IN04B033,
720575941403225379,IN00A009,
720575941403521648,IN03A022,
720575941403537776,IN06A064,dimorphic
720575941403812976,IN20A.22A092,
720575941403816304,INXXX935_f,sex_specific
720575941403818864,IN19B071,
720575941403824752,INXXX290,dimorphic
720575941403825008,IN09A074,
720575941403864432,IN01B070,
720575941403865456,INXXX967_f,sex_specific
720575941403942768,IN05B016,
720575941404041072,IN05B051,
720575941404452720,IN07B047,
720575941404724080,IN10B007,
720575941404724848,IN03B067,
720575941404727920,IN09A017,
720575941404749424,IN23B016,
720575941404752752,IN12B005,
720575941404758384,IN06A077,
720575941404911472,IN04B054,
720575941405334384,IN00A038,
720575941405601839,IN12B023,
720575941405724719,IN13A024,
720575941405739823,IN03B053,
720575941405745455,INXXX242,dimorphic
720575941405745967,IN01A081,
720575941405747247,INXXX421,dimorphic
720575941405758767,IN13B036,
720575941405771694,IN10B052,
720575941405779630,IN09A071,
720575941405783343,IN06A109,
720575941405787310,IN21A049,
720575941405794351,IN20A.22A084,
720575941405813295,IN06B066,
720575941405815343,IN06B062,
720575941405815726,IN20A.22A060,
720575941405820463,IN10B052,
720575941405826095,IN09A022,
720575941405833263,IN16B051,
720575941405838639,IN03B088,
720575941405843118,IN17A093,
720575941405843759,IN08A043,
720575941405855150,IN04B107,
720575941405859631,IN20A.22A058,
720575941405862062,IN04B094,
720575941405862574,IN01B057,
720575941405863854,IN16B092,
720575941405868462,IN17A052,
720575941405878446,IN20A.22A055,
720575941405878831,IN19A070,
720575941405891246,IN01A077,
720575941405891502,INXXX446,dimorphic
720575941405895342,IN13A068,
720575941405898926,IN21A102,
720575941405899438,INXXX257,
720575941405909934,IN14A098,
720575941405938544,IN19A012,
720575941406015918,IN17A120,
720575941406055792,,
720575941406060144,IN14A012,
720575941406203183,IN20A.22A079,
720575941406871214,IN09A039,
720575941406978095,IN19A105,
720575941407049775,IN14A047,
720575941407052847,IN17A058,
720575941407101614,IN11B012,
720575941407294638,IN19A021,
720575941407340079,IN14A068,
720575941407360559,IN20A.22A077,
720575941407363246,,
720575941407410094,IN03A065,
720575941407451695,IN19A098,
720575941407456303,IN01B095,
720575941407457839,INXXX290,dimorphic
720575941407463471,IN08B054,
720575941407464751,IN01A004,
720575941407478063,IN12B005,
720575941407485870,INXXX884_f,sex_specific
720575941407500462,IN23B066,
720575941407510702,IN07B065,
720575941407535534,INXXX332,
720575941407564974,IN10B058,
720575941407598127,IN01A032,
720575941407793455,IN11B019,
720575941407794862,IN17A052,
720575941407795118,IN19B067,
720575941407900975,IN09B046,
720575941407916079,IN08A031,
720575941408041263,IN19A057,
720575941408049070,IN17A022,
720575941408199471,IN19A098,
720575941408246955,IN01A069,
720575941408257195,IN09A020,
720575941408320430,IN19B012,
720575941408322990,INXXX942_f,sex_specific
720575941408353454,INXXX100,
720575941408360619,IN19A088,
720575941408417454,IN01B085,
720575941408418475,,
720575941408421291,IN08B085,
720575941408422318,IN01B027,
720575941408423854,INXXX221,
720575941408425390,IN03A089,
720575941408441262,INXXX455,
720575941408442542,IN03A031,
720575941408444587,INXXX921_f,sex_specific
720575941408445358,IN09B043,
720575941408453547,IN01B048,
720575941408456110,IN12A053,
720575941408457902,IN01B077,
720575941408462507,IN03A067,
720575941408464299,IN11B004,dimorphic
720575941408471855,IN05B016,
720575941408475439,IN21A111,
720575941408480683,IN04B031,
720575941408480815,IN01A035,
720575941408481195,IN08B083,
720575941408492335,IN06A130,dimorphic
720575941408493103,IN01A025,
720575941408494251,IN08A036,
720575941408496431,IN01B012,
720575941408508587,IN13A023,
720575941408509867,IN18B034,
720575941408514219,IN19A122,
720575941408514731,IN19A064,
720575941408515119,IN06A132,
720575941408515631,IN21A087,
720575941408525359,IN14A040,
720575941408530223,IN09B043,
720575941408534699,IN09A032,
720575941409016235,IN19B075,
720575941409031595,IN06A113,
720575941409041835,IN01B063,
720575941409043627,IN06A129,
720575941409197998,IN12B027,
720575941409198254,IN23B007,
720575941409576751,IN06A111,
720575941409585711,IN03B053,
720575941409586735,IN06A138,
720575941409631599,,
720575941409672363,IN01B046,
720575941409774703,IN09A064,
720575941409796975,IN17A061,
720575941409801583,IN20A.22A033,
720575941409848111,IN14A123,
720575941409860782,IN20A.22A001,
720575941409865390,IN21A065,
720575941409868206,,
720575941409869998,IN01A051,dimorphic
720575941409870510,IN05B028,
720575941409874350,IN08A005,
720575941409904495,IN02A043,
720575941409916271,INXXX961_f,sex_specific
720575941409919343,IN04B034,
720575941409932911,IN21A011,
720575941409935471,IN20A.22A035,
720575941409939055,IN03B066,
720575941409951855,IN01B056,
720575941409960815,IN14A017,
720575941409975663,IN13A025,
720575941409978223,IN08B085,
720575941409982831,IN00A034,
720575941409987695,IN13A034,
720575941409988014,,
720575941409994863,IN19B071,
720575941409999663,IN17A075,
720575941410004079,IN19A086,
720575941410007407,IN08A023,
720575941410007663,IN11B017,
720575941410017391,IN01B017,
720575941410018159,IN13A006,
720575941410019695,IN11B022,
720575941410021231,IN11B022,
720575941410025071,IN11B020,
720575941410030895,IN20A.22A030,
720575941410031983,IN21A080,
720575941410035627,INXXX399,dimorphic
720575941410037419,IN03B074,
720575941410047343,IN09A013,
720575941410047855,IN21A042,
720575941410052975,INXXX446,dimorphic
720575941410053167,IN17A041,
720575941410061167,IN20A.22A017,
720575941410062703,IN13A011,
720575941410073711,IN03A066,
720575941410088047,IN21A062,
720575941410088559,IN03B055,
720575941410120107,IN13A047,
720575941410153263,IN14A004,
720575941411072427,IN12B007,
720575941411165099,IN20A.22A037,
720575941411166891,IN04B035,
720575941411176107,IN04B072,
720575941411178095,IN09A073,
720575941411178411,INXXX285,dimorphic
720575941411180203,IN01A083,
720575941411192235,INXXX265,dimorphic
720575941411196075,IN21A009,
720575941411197867,IN04B054,
720575941411198635,IN17A111,
720575941411205547,IN12B042,
720575941411207535,IN14A077,
720575941411208875,IN20A.22A073,
720575941411209131,IN19A028,
720575941411210155,IN18B047,dimorphic
720575941411210667,IN19B041,
720575941411216043,INXXX450,
720575941411222699,IN07B034,
720575941411223211,IN23B077,
720575941411229867,IN06A066,
720575941411231147,IN08B090,
720575941411546001,IN16B092,
720575941411550319,IN14A090,
720575941411550831,IN19A117,
720575941411552111,IN08A007,
720575941411554671,IN03B091,
720575941411572847,IN03B059,
720575941411594607,IN03B090,
720575941411630993,IN23B087,
720575941411656081,IN11A019,
720575941411669649,IN14A043,
720575941411669908,IN09A076,
720575941411670929,IN19A057,
720575941411673711,IN14A086,
720575941411673967,IN16B041,
720575941411676561,IN01B040,
720575941411677073,IN03A066,
720575941411693679,INXXX100,
720575941411700113,IN09A078,
720575941411703697,IN12B073,
720575941411710100,IN10B055,
720575941411715985,IN04B091,
720575941411718033,IN16B075,
720575941411737236,IN06A099,
720575941411738257,IN09A088,
720575941411754641,IN13A028,
720575941411758740,IN19B066,dimorphic
720575941411765140,IN00A054,
720575941411779476,IN10B057,
720575941411782036,IN09A060,
720575941411791764,IN06A008,
720575941411805332,IN13B044,
720575941411829140,IN20A.22A011,dimorphic
720575941411829396,IN06A100,
720575941411829652,IN20A.22A078,
720575941411830164,IN01A079,
720575941411830420,IN14A009,
720575941411840916,IN20A.22A059,
720575941411853716,IN09A058,
720575941411866004,IN19A093,
720575941411869844,IN19A108,
720575941412004756,IN13A071,
720575941412169387,IN12B074,
720575941412206251,IN03A095,
720575941412208299,IN21A086,
720575941412307345,IN03B083,
720575941412309649,INXXX441,
720575941412310417,IN06A104,
720575941412310929,IN13B089,
720575941412311697,IN09A056,
720575941412312721,IN09A039,
720575941412319889,IN09A090,
720575941412323473,IN03B066,
720575941412443540,IN11A028,
720575941412445332,IN03B065,
720575941412551791,IN03B015,
720575941412553839,IN03A043,
720575941412565615,INXXX947_f,sex_specific
720575941412567919,IN12B029,
720575941412573551,IN14A057,
720575941412577903,IN01B070,
720575941412578927,IN13B038,
720575941412590763,IN01B003,
720575941412591275,IN08A008,
720575941412593519,IN03B056,
720575941412601967,IN12B002,
720575941412610219,IN09A003,
720575941412615339,IN09A001,
720575941412890223,INXXX290,dimorphic
720575941413153647,INXXX910_f,sex_specific
720575941413185135,IN09A076,
720575941413189265,IN16B056,
720575941413204625,IN13A042,
720575941413228177,IN20A.22A079,
720575941413252241,IN12A061,
720575941413254801,IN10B057,
720575941413255569,IN08B088,
720575941413262481,IN01A053,
720575941413308561,IN16B099,
720575941413448084,IN13A045,
720575941413451156,IN14A079,
720575941413455252,IN23B007,
720575941413466516,IN06B056,
720575941413468052,IN03A068,
720575941413504404,IN23B067,
720575941413513364,IN14A108,
720575941413552276,,
720575941413559151,IN08A043,
720575941413583983,IN09A092,
720575941413677204,IN04B063,
720575941413690004,IN06A115,
720575941413719663,INXXX385,
720575941413724188,IN07B094,
720575941413770607,INXXX315,
720575941413792028,IN03A073,
720575941413809692,IN06A113,
720575941413837084,IN20A.22A007,
720575941413838191,IN06A020,
720575941413850735,,
720575941413865583,,
720575941413867292,IN12B003,
720575941413870364,IN16B029,
720575941413871388,INXXX833_f,sex_specific
720575941413872924,IN11B004,dimorphic
720575941413890076,IN19B080,
720575941413892497,IN19A045,
720575941413893148,IN14A009,
720575941413896476,IN18B051,
720575941413902620,IN03A069,
720575941413909276,IN00A055,
720575941413914652,IN17A099,
720575941413917724,IN20A.22A001,
720575941413920540,IN11B017,
720575941413926428,IN16B022,
720575941413930641,IN19B091,
720575941413938972,IN04B115,
720575941413939740,INXXX882_f,sex_specific
720575941413951260,IN11A012,
720575941413952028,IN13B024,
720575941413952540,IN01A076,
720575941413958172,IN12B025,
720575941413977116,IN01B091,
720575941413989404,IN19A099,
720575941413990172,IN07B086,
720575941414026524,IN12A044,
720575941414219665,IN02A045,
720575941414228881,IN21A008,
720575941414246545,IN14A011,
720575941414253457,INXXX352,dimorphic
720575941414256273,IN03A029,
720575941414258065,IN08A034,
720575941414262417,INXXX959_f,sex_specific
720575941414273937,IN03A070,
720575941414277265,INXXX971_f,sex_specific
720575941414284433,IN01B049,
720575941414292625,INXXX880_f,sex_specific
720575941414300561,INXXX838_f,sex_specific
720575941414303377,INXXX104,
720575941414305681,IN04B085,
720575941414307473,IN08B030,
720575941414321297,INXXX135,
720575941414326161,IN12A054,
720575941414326673,IN17A019,
720575941414326929,INXXX396,
720575941414330001,IN07B016,
720575941414333073,IN09A021,
720575941414456212,IN04B008,
720575941414460052,,
720575941414464660,IN12A018,
720575941414465684,IN19A007,
720575941414484372,IN07B073,
720575941414485652,,
720575941414508948,IN12A001,
720575941414644625,IN20A.22A056,
720575941414897041,IN06B052,
720575941414919569,IN02A029,
720575941415211924,IN11A003,
720575941415346833,INXXX217,dimorphic
720575941415465756,IN09A092,
720575941415471644,IN21A061,
720575941415473436,IN06B073,
720575941415476252,IN06B052,
720575941415481372,IN20A.22A021,
720575941415484700,IN01B061,
720575941415484956,IN12B065,
720575941415503761,,
720575941415587100,IN16B092,
720575941415594780,,
720575941415595036,,
720575941415599508,IN04B100,
720575941415618449,,
720575941415711892,IN16B018,
720575941415762836,IN14B001,
720575941415766161,,
720575941415767185,,
720575941415909009,IN20A.22A087,
720575941416482844,IN04B052,
720575941416624924,IN16B082,
720575941416629020,IN20A.22A053,
720575941416629276,IN14A010,
720575941416631836,IN10B042,
720575941416637468,IN19A015,
720575941416644124,IN06B008,
720575941416652828,IN17A019,
720575941416653084,IN12B002,
720575941416654108,IN07B002,
720575941416656924,IN19A040,
720575941417258780,IN04B034,
720575941417565724,,
720575941417880860,INXXX915_f,sex_specific
720575941417912092,,
720575941417933340,INXXX256,
720575941417939740,IN13A036,
720575941417950748,IN00A002,
720575941418140444,IN13A008,
720575941424912468,IN07B102,
720575941424930644,IN12A053,
720575941424933460,IN09A074,
720575941424948308,IN01A079,
720575941424948820,IN19B080,
720575941424973396,IN11A012,
720575941424973652,IN23B086,
720575941424991828,IN01B036,
720575941425003604,IN13B070,
720575941425003860,IN13B078,
720575941425010516,IN01B066,
720575941425016916,IN01B033,
720575941425018452,IN09A024,
720575941425019220,IN01A081,
720575941425022548,IN20A.22A055,
720575941425044052,INXXX428,
720575941425044820,IN19A104,
720575941425134420,IN12A044,
720575941425229652,IN23B025,
720575941426231380,IN10B052,
720575941426294356,IN13B029,
720575941426600788,IN13A030,
720575941426616148,IN06B055,
720575941426691668,IN05B090,
720575941426691924,IN21A017,
720575941426696020,IN03A014,
720575941426704980,IN09B048,
720575941426706772,INXXX846_f,sex_specific
720575941426736724,IN16B067,
720575941427067476,INXXX983_f,sex_specific
720575941427449172,IN13B052,
720575941427564884,,
720575941427621204,IN17A061,
720575941427631444,IN01A012,
720575941427646548,IN14A046,
720575941427650132,IN19B011,
720575941427651924,IN16B049,dimorphic
720575941427658836,INXXX843_f,sex_specific
720575941427670356,INXXX999_f,sex_specific
720575941427690580,IN19B050,
720575941427952212,IN03A055,
720575941428132856,IN08A026,
720575941428184824,IN14A076,
720575941428209912,IN06B052,
720575941428210424,IN03B061,
720575941428221432,IN09A044,
720575941428223480,IN07B058,
720575941428229112,IN06A088,
720575941428236536,IN12A043,
720575941428238840,IN03B074,
720575941428244216,IN01A082,
720575941428263672,IN13A050,
720575941428263928,IN03B079,
720575941428277752,IN06A116,
720575941428279544,IN09A059,
720575941428294793,IN09A069,
720575941428313775,IN02A047,
720575941428324344,IN19B091,
720575941428335444,IN01B067,
720575941428340728,INXXX373,
720575941428352943,IN16B037,
720575941428365999,IN11B019,
720575941428366840,,
720575941428369583,IN04B109,
720575941428370825,IN20A.22A077,
720575941428371631,IN01B017,
720575941428373679,IN07B073,
720575941428378031,IN09A046,
720575941428381577,IN13B097,
720575941428385199,IN08A028,
720575941428396169,IN05B082,
720575941428400009,IN06B067,
720575941428403081,IN08A043,
720575941428403119,IN19B082,
720575941428412591,IN08A026,
720575941428412809,IN17A034,
720575941428428681,IN19B088,
720575941428428975,INXXX266,dimorphic
720575941428430767,IN16B100,
720575941428434057,IN23B059,
720575941428440239,IN16B058,
720575941428440495,IN09A018,
720575941428444041,IN20A.22A045,
720575941428446857,IN12B039,
720575941428454025,IN01B087,
720575941428467375,IN05B090,
720575941428474287,IN02A059,
720575941428490889,IN02A062,
720575941428505993,IN09A070,
720575941428526676,IN08A041,
720575941428866132,IN04B054,
720575941428878164,,
720575941428949076,,
720575941428965368,IN12A036,
720575941428975608,IN11B001,
720575941428975864,IN13A027,
720575941428982264,IN23B006,
720575941429026132,,
720575941429039535,IN07B079,
720575941429044655,IN06A098,dimorphic
720575941429128289,IN03A088,
720575941429160545,IN13B057,
720575941429210721,IN06A070,
720575941429231969,IN21A001,
720575941429251668,,
720575941429269857,IN14A107,
720575941429283681,IN16B018,
720575941429321313,IN11B018,
720575941429324641,IN11B023,
720575941429324897,IN06A077,
720575941429342561,IN19A109,
720575941429342817,IN04B098,
720575941429343585,IN00A029,
720575941429347425,IN10B043,
720575941429355873,IN01B053,
720575941429357665,IN13A023,
720575941429360724,,
720575941429361249,IN11B022,
720575941429363809,IN07B087,
720575941429379937,IN19A088,
720575941429389921,IN09A088,
720575941429401559,IN06B065,
720575941429422295,IN19B075,
720575941429423969,IN16B111,
720575941429434071,IN12B075,
720575941429439959,IN06B019,
720575941429441751,IN13B020,
720575941429443799,IN16B100,
720575941429462999,IN20A.22A054,
720575941429463767,IN13B057,
720575941429466839,IN11A040,
720575941429471959,IN20A.22A033,
720575941429475031,IN13A033,
720575941429476823,IN12B078,
720575941429486295,IN21A087,
720575941429488599,IN19B012,
720575941429509847,IN09B057,
720575941429512151,IN06B055,
720575941429515735,IN20A.22A015,
720575941429525463,IN19A064,
720575941429526743,IN09A002,
720575941429527767,IN09A085,
720575941429532119,IN06B053,
720575941429535703,IN20A.22A055,
720575941429535959,IN20A.22A090,
720575941429538007,IN19A049,
720575941429542871,IN20A.22A073,
720575941429543127,IN06A116,
720575941429545647,IN19B073,
720575941429556655,IN14B007,
720575941429566895,INXXX896_f,sex_specific
720575941429602145,IN09A071,
720575941429623544,IN20A.22A055,
720575941429804425,IN20A.22A081,
720575941429988088,IN03B019,
720575941430007544,IN01A043,dimorphic
720575941430041737,IN14A022,
720575941430058671,IN21A049,
720575941430065912,,
720575941430067849,IN16B082,
720575941430072751,IN10B032,
720575941430082296,,
720575941430085551,IN16B100,
720575941430107640,IN00A019,
720575941430110456,IN17A111,
720575941430111224,INXXX287,
720575941430124247,IN14B013,
720575941430149551,IN19A060,
720575941430150063,IN14A052,
720575941430151599,IN13A008,
720575941430160120,IN07B075,
720575941430163982,IN16B072,
720575941430176431,IN20A.22A089,
720575941430182063,IN01A051,dimorphic
720575941430184718,IN03A093,
720575941430196183,IN13A059,
720575941430238601,,
720575941430243086,IN13B019,
720575941430281742,IN05B032,
720575941430294703,IN17A110,
720575941430308344,IN08B021,
720575941430321166,IN06A116,
720575941430332174,IN23B013,
720575941430366734,INXXX999_f,sex_specific
720575941430386446,IN08B083,
720575941430389006,IN06A020,
720575941430415886,IN03A067,
720575941430420750,IN14A023,
720575941430438414,IN06A079,
720575941430442766,IN08A047,
720575941430465550,IN14A048,
720575941430472801,IN03A041,
720575941430483041,,
720575941430483470,IN01B073,
720575941430485518,IN02A050,
720575941430486030,IN01B028,
720575941430486286,IN01B040,
720575941430498830,INXXX440,
720575941430507022,IN03A046,
720575941430530830,INXXX880_f,sex_specific
720575941430552929,IN14A095,
720575941430650209,IN04B019,
720575941430689294,IN13A014,
720575941430755721,IN02A058,
720575941430796536,IN19B050,
720575941430842209,IN18B041,
720575941430847992,,
720575941430849377,IN00A044,
720575941430866936,IN19A041,
720575941430899297,IN19A047,
720575941430906721,IN07B098,
720575941430909025,IN19B103,
720575941430924536,IN03B092,
720575941430950497,IN19B080,
720575941430956641,IN19A031,
720575941430994785,IN03A094,
720575941431011681,IN07B087,
720575941431017569,IN13B078,
720575941431019105,INXXX963_f,sex_specific
720575941431022689,INXXX900_f,sex_specific
720575941431025327,IN20A.22A024,
720575941431038305,INXXX842_f,sex_specific
720575941431038817,IN13B061,
720575941431060655,IN10B042,
720575941431066287,INXXX857_f,sex_specific
720575941431066543,IN21A017,
720575941431072137,IN03B065,
720575941431072649,IN13A029,
720575941431073417,IN23B011,dimorphic
720575941431075169,INXXX418,dimorphic
720575941431075425,IN03A001,
720575941431075503,IN19B031,
720575941431077039,INXXX923_f,sex_specific
720575941431077769,IN03A026,
720575941431078793,INXXX966_f,sex_specific
720575941431083183,IN13B076,
720575941431084975,IN21A047,
720575941431086511,IN04B007,
720575941431086551,IN19A059,
720575941431091849,IN23B028,
720575941431091887,IN19A004,
720575941431092911,IN12A034,
720575941431099567,IN12A006,
720575941431100553,IN06B086,
720575941431105161,IN08B085,
720575941431105417,INXXX211,dimorphic
720575941431106953,IN07B008,
720575941431106991,INXXX427,
720575941431107503,IN07B007,
720575941431129815,IN06A110,
720575941431134857,IN04B049,
720575941431138263,IN13B038,
720575941431139543,IN01A088,
720575941431140311,IN16B045,
720575941431153367,INXXX448,
720575941431155671,IN20A.22A036,
720575941431156183,IN13A030,
720575941431166679,IN04B103,
720575941431173473,INXXX919_f,sex_specific
720575941431188472,IN10B032,
720575941431191032,IN08B058,
720575941431196920,IN01B095,
720575941431205880,INXXX230,
720575941431208184,INXXX271,dimorphic
720575941431210744,IN21A016,
720575941431220439,IN03A077,
720575941431230456,IN16B121,
720575941431231736,IN12B082,
720575941431254743,IN08A041,
720575941431257953,IN08B093,
720575941431291095,IN01A082,
720575941431311575,IN06B013,
720575941431317719,,
720575941431335127,IN01A063,
720575941431369943,INXXX906_f,sex_specific
720575941431401569,,
720575941431580686,IN06B050,
720575941431628129,IN13A023,
720575941431647246,INXXX360,dimorphic
720575941431656718,IN13B045,
720575941431660937,IN14B003,dimorphic
720575941431756503,IN13B006,
720575941431767471,INXXX377,dimorphic
720575941431789999,IN20A.22A006,
720575941431806990,IN11A013,
720575941431846241,INXXX365,
720575941431854217,IN12B024,
720575941431868631,IN02A066,
720575941431884558,IN10B030,
720575941431908449,IN02A065,
720575941431927393,IN14A110,
720575941431930465,INXXX986_f,sex_specific
720575941431932257,IN21A020,
720575941431937495,IN09A042,
720575941431957240,IN19A002,
720575941431966200,IN16B032,
720575941431986702,IN09A013,
720575941431993358,IN01B012,
720575941431996174,IN16B106,
720575941432002574,IN12A063,
720575941432005646,IN06A067,
720575941432006670,IN01B092,
720575941432051214,IN17B014,
720575941432053129,IN06A021,
720575941432074766,IN14A018,
720575941432093065,IN04B062,
720575941432101390,IN19A059,
720575941432147982,IN11A023,
720575941432183566,IN20A.22A015,
720575941432223369,IN06A052,
720575941432245207,IN09B046,
720575941432264407,IN13A068,
720575941432274903,IN09A090,
720575941432281559,IN23B067,
720575941432284119,INXXX370,dimorphic
720575941432285655,INXXX364,
720575941432287447,IN19A100,
720575941432324088,,
720575941432328696,IN19A057,
720575941432398217,,
720575941432398985,,
720575941432403593,,
720575941432409519,IN20A.22A067,
720575941432450735,,
720575941432456111,,
720575941432456879,,
720575941432474031,IN16B061,
720575941432559969,INXXX287,
720575941432702423,INXXX213,
720575941432708366,IN12B068,
720575941432709262,IN19B071,
720575941432722574,IN12A063,
720575941432723854,IN01B027,
720575941432725134,IN19A090,
720575941432733838,IN12B048,
720575941432739726,IN16B125,
720575941432743054,vMS12,dimorphic
720575941432744846,IN23B054,
720575941432751502,IN04B074,
720575941432771470,IN09A047,
720575941432775310,IN20A.22A018,
720575941432778638,IN03B090,
720575941432805518,IN09A073,
720575941432809870,INXXX396,
720575941432810638,IN13A019,dimorphic
720575941432890583,IN21A010,
720575941432998158,INXXX230,
720575941433003278,INXXX396,
720575941433014286,IN04B043,
720575941433029390,INXXX331,
720575941433033486,IN16B097,
720575941433039374,IN21A099,
720575941433046798,IN03A013,
720575941433048078,IN07B073,
720575941433053966,IN19A060,
720575941433057038,IN03A094,
720575941433058318,IN01B007,
720575941433060622,IN08B087,
720575941433074446,IN14A105,
720575941433082382,IN04B059,
720575941433175328,IN20A.22A073,
720575941433194254,IN16B079,
720575941433208929,,
720575941433210721,,
720575941433213537,,
720575941433219681,INXXX416,dimorphic
720575941433230368,IN19A117,
720575941433275278,IN23B087,
720575941433275424,IN20A.22A078,
720575941433281312,IN02A042,
720575941433315872,IN06B063,
720575941433322784,IN01A047,
720575941433358112,IN19A088,
720575941433360928,IN01B027,
720575941433366048,IN19A048,
720575941433371424,IN11A032,
720575941433381518,INXXX328,
720575941433381664,IN18B038,
720575941433384480,IN09A077,
720575941433386382,IN23B067,
720575941433406752,IN17A049,
720575941433438240,IN20A.22A028,
720575941433440800,IN10B057,
720575941433448224,IN12A036,
720575941433448992,IN01B051,
720575941433462304,IN13B077,
720575941433498656,IN20A.22A017,
720575941433509591,IN18B051,
720575941433546528,IN07B087,
720575941433592023,,
720575941433679831,,
720575941434001550,IN13B023,
720575941434042126,IN13A054,
720575941434335502,INXXX231,
720575941434342414,IN16B042,
720575941434381838,INXXX217,dimorphic
720575941434383246,IN13B019,
720575941434383758,INXXX217,dimorphic
720575941434394766,INXXX402,
720575941434457998,IN06A059,
720575941434483086,IN09A081,
720575941434487438,IN10B014,
720575941434495886,IN16B075,
720575941434845728,IN14A031,
720575941434871072,IN20A.22A054,
720575941434878496,IN20A.22A069,
720575941434930976,,
720575941434943776,IN19A008,
720575941434967072,IN01A011,
720575941435272590,IN06A094,
720575941435285390,IN12B004,
720575941435308686,IN18B045,
720575941435309710,IN02A023,
720575941435315342,IN01B051,
720575941435315854,IN12B066,
720575941435581740,IN11B014,
720575941435625516,IN16B046,
720575941435639084,IN20A.22A065,
720575941435653164,IN17A093,
720575941435656210,IN10B057,
720575941435669522,IN20A.22A016,
720575941435693356,IN17A063,
720575941435708690,IN01B029,
720575941435716114,IN05B061,
720575941435721004,IN13B096,
720575941435725100,IN06B029,
720575941435741740,IN16B059,
720575941435756306,IN17B015,
720575941435778834,IN06B053,
720575941435780114,IN11B020,
720575941435827218,IN03A062,
720575941435835922,IN04B041,
720575941435838226,INXXX201,
720575941435843858,IN10B032,
720575941435846418,INXXX448,
720575941435878162,IN20A.22A079,
720575941435936800,IN08A031,
720575941435959072,,
720575941435993888,IN12A052,
720575941436005408,INXXX939_f,sex_specific
720575941436019232,IN04B104,
720575941436027680,IN12B069,
720575941436032800,INXXX836_f,sex_specific
720575941436033312,IN08A040,
720575941436198444,IN06A108,
720575941436205868,IN13A021,
720575941436208684,IN12B044,
720575941436280864,IN12B039,
720575941436378386,IN12B081,
720575941436378898,IN11A026,
720575941436380690,IN01A071,
720575941436382994,IN03B091,
720575941436391698,dMS2,
720575941436469792,IN03A062,
720575941436577087,IN23B008,
720575941436628799,IN13B042,
720575941436638240,IN12A024,dimorphic
720575941436655246,INXXX411,dimorphic
720575941436655758,IN09A039,
720575941436657038,IN01A018,
720575941436666400,IN12B048,
720575941436679200,IN11A034,
720575941436681791,IN16B073,
720575941436692031,GFC3,
720575941436692543,IN08A026,
720575941436693536,IN02A055,
720575941436694495,IN19A022,
720575941436698943,IN01A088,
720575941436700639,IN14A034,
720575941436700991,IN02A040,
720575941436702527,IN23B046,
720575941436703039,IN03A090,
720575941436706783,IN03A091,
720575941436710176,IN03A030,
720575941436712767,INXXX867_f,sex_specific
720575941436714207,IN00A063,
720575941436725311,IN20A.22A067,
720575941436728639,IN12B059,
720575941436729919,IN16B074,
720575941436750911,IN12A062,
720575941436759084,IN03A048,
720575941436761151,IN13A030,
720575941436764479,IN02A024,dimorphic
720575941436765759,IN03A062,
720575941436769759,IN19B071,
720575941436770783,IN13A017,
720575941436771982,,
720575941436784191,INXXX391,dimorphic
720575941436787935,IN12B074,
720575941436791519,IN23B063,
720575941436800223,IN20A.22A092,
720575941436821983,IN21A056,
720575941436824287,IN06B086,
720575941436826591,IN03A078,
720575941436828639,IN16B099,
720575941436844511,IN18B038,
720575941436848095,IN06B022,
720575941436849375,IN12B075,
720575941436862527,IN20A.22A001,
720575941436863199,INXXX066,
720575941436870367,IN12B086,
720575941436891359,IN17A094,dimorphic
720575941436895199,IN06B059,
720575941436899807,IN13A058,
720575941436900319,IN16B074,
720575941436906463,IN06A117,
720575941436943071,INXXX454,dimorphic
720575941436964063,INXXX253,
720575941436973586,IN06A097,
720575941436976658,IN03B093,
720575941436991506,IN21A035,
720575941436993810,IN23B086,
720575941436996882,IN18B039,
720575941437031968,IN01B100,
720575941437053663,IN23B089,
720575941437096736,IN01A048,
720575941437142048,INXXX985_f,sex_specific
720575941437157676,IN11B004,dimorphic
720575941437158956,IN11B004,dimorphic
720575941437187116,IN14A008,
720575941437191212,IN06A117,
720575941437233452,IN12B068,
720575941437235756,IN23B071,
720575941437290796,IN13A059,
720575941437312300,IN06A050,
720575941437333804,INXXX360,dimorphic
720575941437335328,,
720575941437338412,INXXX466,
720575941437341228,IN16B096,
720575941437351724,IN08B065,
720575941437376786,IN03A087,
720575941437386540,IN01A032,
720575941437387026,INXXX211,dimorphic
720575941437389856,INXXX431,dimorphic
720575941437391378,IN20A.22A059,
720575941437394976,,
720575941437396012,dMS10,
720575941437400608,,
720575941437407276,,
720575941437413650,IN10B058,
720575941437415968,,
720575941437428000,IN01B081,
720575941437428821,IN20A.22A082,
720575941437434656,,
720575941437461036,IN06A115,
720575941437466130,IN19A024,
720575941437468735,IN20A.22A054,
720575941437468991,IN20A.22A086,
720575941437472786,,
720575941437484818,IN01B025,
720575941437508181,IN11A012,
720575941437523797,IN13A036,
720575941437525589,IN06B077,
720575941437526869,IN03B070,
720575941437543509,IN12B031,
720575941437564757,IN06B036,
720575941437603669,IN03B089,
720575941437604693,IN14A023,
720575941437607253,IN16B061,
720575941437607509,IN04B070,
720575941437611093,IN20A.22A062,
720575941437613397,IN10B041,
720575941437638741,IN09A057,
720575941437658965,IN04B031,
720575941437721618,IN02A030,
720575941437894688,IN01A001,
720575941437948479,IN12B039,
720575941438137567,IN04B068,
720575941438141919,IN16B089,
720575941438207711,IN16B032,
720575941438261845,IN11B004,dimorphic
720575941438264405,IN20A.22A052,
720575941438289749,IN14A072,
720575941438327871,IN12B030,
720575941438343980,IN03A078,
720575941438358079,IN13B001,
720575941438359103,IN14A006,
720575941438373420,IN20A.22A001,
720575941438381631,INXXX431,dimorphic
720575941438382380,IN03A044,
720575941438384658,IN03A062,
720575941438389292,IN18B005,
720575941438392364,IN21A004,
720575941438392620,IN01B052,
720575941438397202,,
720575941438398252,INXXX265,dimorphic
720575941438399807,IN08A006,
720575941438401324,IN07B023,
720575941438408511,IN14A087,
720575941438415660,IN06B060,
720575941438418476,INXXX917_f,sex_specific
720575941438421036,IN17A061,
720575941438421292,IN20A.22A007,
720575941438427154,IN19A001,
720575941438438930,IN12B014,
720575941438440236,IN03B078,
720575941438442002,IN01B006,
720575941438454828,IN14A002,
720575941438455340,IN03B019,
720575941438456594,IN16B042,
720575941438458386,INXXX022,
720575941438460716,INXXX343,
720575941438463532,IN17A007,
720575941438465087,IN12B044,
720575941438467346,IN04B057,
720575941438469650,IN09B018,
720575941438469932,IN13B073,
720575941438470700,IN11A008,
720575941438474284,IN16B032,
720575941438474540,IN18B021,
720575941438483218,IN00A019,
720575941438483474,IN12B030,
720575941438483730,IN07B006,
720575941438496735,IN01A071,
720575941438506719,IN12A043,
720575941438534879,IN23B087,
720575941438574303,IN07B002,
720575941438585567,IN12B081,
720575941438613215,IN09B018,
720575941438631871,IN04B081,
720575941438632927,IN03A045,
720575941438642879,IN16B074,
720575941438651071,IN06A059,
720575941438659551,IN18B035,
720575941438659931,IN14A044,
720575941438662079,IN12B043,
720575941438670015,IN17A055,
720575941438674367,IN03B059,
720575941438677215,IN01B042,
720575941438679743,IN13B030,
720575941438700479,IN07B098,
720575941438702527,IN03B051,
720575941438705855,IN08A029,
720575941438710719,IN12A063,
720575941438713179,IN19A107,
720575941438713279,IN00A050,
720575941438723263,IN11B017,
720575941438723675,IN00A053,
720575941438729407,IN20A.22A058,
720575941438729919,IN06B066,
720575941438736063,IN14A040,
720575941438746303,IN17A097,
720575941438748351,IN17A027,
720575941438748607,IN12B003,
720575941438756543,IN16B096,
720575941438839131,IN01A073,
720575941438841435,IN14B002,
720575941438850907,IN13B033,
720575941438852187,IN19A116,
720575941438873435,IN12B079,
720575941438885723,IN12B038,
720575941438898267,IN03A045,
720575941438904155,IN14A110,
720575941438913883,IN20A.22A053,
720575941438931647,IN01B079,
720575941438932059,IN13B089,
720575941438935131,IN17A049,
720575941438938175,IN06B042,
720575941438940251,IN04B082,
720575941438942671,IN12B066,
720575941438943439,IN09A077,
720575941438947675,IN12B047,
720575941438951515,IN03B089,
720575941438952027,IN04B037,
720575941438952539,IN03B045,
720575941438955611,IN01B051,
720575941438957659,IN20A.22A038,
720575941438961499,IN08A036,
720575941438964059,IN20A.22A084,
720575941438967247,INXXX994_f,sex_specific
720575941438968155,IN20A.22A091,
720575941438968923,IN03B057,
720575941438970971,IN19A122,
720575941438971483,IN20A.22A030,
720575941438989147,IN03B084,
720575941438995775,IN23B072,
720575941439011279,IN06B055,
720575941439017423,IN19A026,
720575941439018075,IN07B102,
720575941439040975,IN01A082,
720575941439050703,IN06A096,
720575941439063503,IN11B017,
720575941439083983,IN11B022,
720575941439091407,IN04B095,
720575941439120591,IN11B021,
720575941439126735,IN09A060,
720575941439127503,IN12B079,
720575941439136719,IN03A051,
720575941439137877,IN06A119,dimorphic
720575941439143375,IN17A079,
720575941439153983,IN01A007,
720575941439158613,IN06A104,
720575941439159381,IN12B049,
720575941439173205,IN05B085,
720575941439184213,IN01A076,
720575941439191637,IN13A011,
720575941439193173,IN03A078,
720575941439195221,IN09A063,
720575941439197013,INXXX414,
720575941439197269,IN12A052,
720575941439203925,IN03A051,
720575941439205205,INXXX892_f,sex_specific
720575941439205717,IN12B053,
720575941439207253,INXXX955_f,sex_specific
720575941439213653,IN21A044,
720575941439263829,IN10B041,
720575941439278421,IN06B078,
720575941439303509,,
720575941439314005,IN04B092,
720575941439320917,IN23B077,
720575941439321173,IN13B010,
720575941439360530,IN14A074,
720575941439366975,IN04B113,
720575941439367999,,
720575941439393343,IN16B029,
720575941439493717,IN01A075,
720575941439536475,INXXX421,dimorphic
720575941439543131,IN20A.22A017,
720575941439552091,IN03B091,
720575941439554604,IN21A087,
720575941439557932,IN06A129,
720575941439563743,IN07B013,
720575941439565023,INXXX353,dimorphic
720575941439566559,IN17B004,
720575941439578591,IN11A020,
720575941439583532,IN19A041,
720575941439705407,IN12B079,
720575941439727311,IN19B082,
720575941439728079,IN19A117,
720575941439728335,IN06B033,
720575941439734290,IN10B012,
720575941439743762,INXXX431,dimorphic
720575941439750418,,
720575941439780114,,
720575941439818431,IN01B041,
720575941439870399,IN16B062,
720575941439900251,IN06B056,
720575941439915308,INXXX044,
720575941439918911,IN20A.22A059,
720575941439919404,IN13A007,
720575941440092383,IN12A024,dimorphic
720575941440106843,,
720575941440149215,IN19B081,
720575941440159423,IN12B035,
720575941440162239,IN16B098,
720575941440165855,,
720575941440213695,IN19B052,
720575941440276415,IN01A056,
720575941440287167,IN19B045,
720575941440287183,IN07B083,
720575941440341845,IN16B042,
720575941440350549,INXXX258,dimorphic
720575941440352853,IN14A115,
720575941440353877,IN02A003,
720575941440357973,IN01B062,
720575941440360021,IN23B023,
720575941440368063,IN06A038,
720575941440375381,INXXX841_f,sex_specific
720575941440382293,IN14A112,
720575941440383061,IN01B079,
720575941440423375,IN06A067,
720575941440454111,IN01A045,
720575941440461659,IN09A079,
720575941440464219,IN06B036,
720575941440507483,IN16B120,
720575941440552539,,
720575941440563935,INXXX985_f,sex_specific
720575941440571615,,
720575941440581979,IN04B101,
720575941440586559,,
720575941440589659,,
720575941440596031,INXXX926_f,sex_specific
720575941440607323,IN12A021,dimorphic
720575941440616795,IN09A062,
720575941440620123,IN03B089,
720575941440620379,IN03B043,
720575941440622171,INXXX894_f,sex_specific
720575941440625471,,
720575941440630591,IN13B021,
720575941440649307,,
720575941440692447,IN19B089,
720575941440710863,IN19A044,
720575941440728015,INXXX321,
720575941440735951,IN03A060,
720575941440736207,IN04B058,
720575941440755663,IN04B052,
720575941440760271,IN08A026,
720575941440818639,IN19B012,
720575941440852447,,
720575941440865231,IN14A001,
720575941440870607,INXXX276,
720575941440872655,IN06A110,
720575941440925647,IN14A011,
720575941440928975,IN04B067,
720575941440934351,IN03A030,
720575941440987327,IN01A066,
720575941441022911,IN20A.22A090,
720575941441065919,IN16B036,
720575941441196479,IN12A039,
720575941441198527,IN13A039,
720575941441206207,IN02A036,
720575941441213375,IN23B079,
720575941441216191,IN20A.22A069,
720575941441228735,IN11B018,
720575941441230527,IN12B002,
720575941441232575,IN01A051,dimorphic
720575941441235035,IN21A092,
720575941441238107,IN12B073,
720575941441239893,IN04B081,
720575941441244607,IN06B073,
720575941441245119,IN19B068,dimorphic
720575941441245375,IN19A065,
720575941441245631,IN20A.22A026,
720575941441247679,IN23B072,
720575941441276607,INXXX287,
720575941441278399,INXXX431,dimorphic
720575941441318591,IN02A013,
720575941441319259,IN01B020,
720575941441410767,,
720575941441453397,IN08A010,
720575941441591643,IN09A035,
720575941441596507,IN19A082,
720575941441611355,IN04B075,
720575941441618523,IN00A066,
720575941441624667,IN18B027,
720575941441631067,IN06B072,
720575941441639003,IN13A028,
720575941441642331,IN03A029,
720575941441642843,IN01A038,
720575941441683919,IN12A005,
720575941441879231,IN01A048,
720575941441888719,IN19B005,
720575941441894351,GFC4,
720575941441927887,IN19A061,
720575941441933263,IN14A078,
720575941441960795,IN20A.22A035,
720575941441961935,IN03A055,
720575941441969103,IN19B057,
720575941441984207,IN12B007,
720575941441990607,IN21A003,
720575941442254506,IN13B034,
720575941442300586,IN19B069,
720575941442307498,IN12B037,
720575941442313898,IN03B089,
720575941442320042,IN10B034,
720575941442329514,INXXX459,dimorphic
720575941442329770,IN11A044,
720575941442330303,,
720575941442347178,IN06A103,
720575941442351786,IN07B066,
720575941442357674,IN03A001,
720575941442360490,IN01A035,
720575941442364842,IN07B065,
720575941442374058,IN12A044,
720575941442377130,IN06B043,
720575941442379178,IN08A011,
720575941442385834,IN10B052,
720575941442389930,IN01B082,
720575941442405567,,
720575941442419882,IN20A.22A090,
720575941442431914,IN19A117,
720575941442513855,,
720575941442517183,,
720575941442538175,,
720575941442611035,IN11A008,
720575941442636635,,
720575941442637519,IN13B005,
720575941442815579,,
720575941442828379,INXXX228,dimorphic
720575941442925738,IN04B114,
720575941442926762,IN12A063,
720575941442928042,IN21A064,
720575941442933199,IN20A.22A028,
720575941443146191,IN14A069,
720575941443175887,IN03A096,
720575941443307983,,
720575941443315663,IN12B012,
720575941443346639,,
720575941443353551,,
720575941443498410,IN02A020,
720575941443617962,INXXX450,
720575941443636906,IN19B021,
720575941443646890,IN14A108,
720575941443853482,INXXX396,
720575941443858602,IN21A051,
720575941443863978,IN12B043,
720575941443884202,IN12B056,
720575941443946154,IN23B020,
720575941443949738,IN20A.22A073,
720575941443964330,IN19A020,
720575941443990698,,
720575941444514730,IN06A126,
720575941444630442,IN19A001,
720575941444791722,IN02A064,
720575941444822698,IN02A007,
720575941444828842,IN19A047,
720575941444830378,IN12A026,
720575941444850858,IN23B049,
720575941444853418,IN01B065,
720575941444862378,IN19A108,
720575941444872106,IN09A056,
720575941444890794,INXXX297,dimorphic
720575941444905386,IN17A016,
720575941444913066,IN23B036,
720575941444917930,INXXX269,
720575941444921258,IN00A033,
720575941444927402,INXXX431,dimorphic
720575941444928170,INXXX984_f,sex_specific
720575941444930986,IN23B009,
720575941444933546,INXXX405,
720575941445139476,IN01A079,
720575941445145876,IN10B058,
720575941445163796,IN07B065,
720575941445208340,IN21A080,
720575941445211156,IN20A.22A024,
720575941445214228,IN23B073,
720575941445214996,IN01A060,
720575941445224618,IN18B021,
720575941445229332,IN20A.22A027,
720575941445252628,IN16B059,
720575941445270804,IN00A012,
720575941445281556,IN04B100,
720575941445299732,IN04B093,
720575941445310996,IN14B010,
720575941445311658,IN03B089,
720575941445313044,IN20A.22A073,
720575941445313556,IN21A058,
720575941445324052,IN06A078,
720575941445333268,IN04B107,
720575941445350164,IN19A021,
720575941445351444,IN07B083,
720575941445605546,IN06A038,
720575941445838356,IN07B073,
720575941445843476,INXXX992_f,sex_specific
720575941445843732,IN19A052,
720575941445849876,IN08A028,
720575941445886634,,
720575941445889450,IN17A102,
720575941446159018,IN21A005,
720575941446178474,,
720575941446278826,IN17A056,
720575941446282666,IN13A005,
720575941446729748,IN21A014,
720575941446819348,IN19B086,
720575941446819860,IN06B082,
720575941446820884,IN16B059,
720575941446823188,IN05B055,
720575941446830356,IN01B073,
720575941446879764,IN01A062,
720575941446948628,IN01B043,
720575941446957493,IN23B025,
720575941446968596,IN09A031,
720575941446978485,IN06B059,
720575941446990261,IN19B067,
720575941446992565,IN08B104,
720575941447013813,IN07B019,
720575941447025845,IN06A022,
720575941447026708,IN06A102,
720575941447042741,IN01A087,
720575941447048117,IN11B022,
720575941447051445,IN06A117,
720575941447052469,IN07B055,
720575941447054261,IN01A066,
720575941447057077,IN19A037,
720575941447060661,IN03A083,
720575941447083445,IN10B036,
720575941447084725,IN09A080,
720575941447093429,INXXX448,
720575941447112373,IN06A079,
720575941447279965,IN12A063,
720575941447289181,IN20A.22A043,
720575941447294045,IN06B066,
720575941447305053,IN11B022,
720575941447316061,IN13B090,
720575941447338845,IN12A059,
720575941447343709,IN11A007,
720575941447358557,IN20A.22A065,
720575941447363677,IN11B021,
720575941447378013,IN19A106,
720575941447379037,IN00A028,
720575941447399005,IN01B073,
720575941447405917,IN14A025,
720575941447408221,IN08A047,
720575941447408733,IN16B115,
720575941447412829,IN10B041,
720575941447423069,IN20A.22A036,
720575941447423837,IN19B034,
720575941447428189,IN01B052,
720575941447435613,IN09A095,
720575941447445853,IN03A054,
720575941447454301,IN05B070,
720575941447464029,IN20A.22A090,
720575941447591246,IN03B081,
720575941447596366,IN16B055,
720575941447622478,IN20A.22A065,
720575941447655956,IN19A096,
720575941447700405,IN18B021,
720575941447707214,IN16B079,
720575941447718734,IN16B079,
720575941447719758,IN19B072,
720575941447722574,IN19A009,
720575941447723028,,
720575941447737166,IN19A123,
720575941447770702,IN03A096,
720575941447776020,IN17A052,
720575941447779092,IN18B026,
720575941447785236,INXXX227,
720575941447786574,IN03B072,
720575941447792404,INXXX212,
720575941447799118,IN03A075,
720575941447800142,IN03A073,
720575941447805460,INXXX197,dimorphic
720575941447805716,INXXX349,
720575941447805774,IN19A062,
720575941447805972,IN04A002,
720575941447808334,IN03B060,
720575941447809812,IN20A.22A001,
720575941447811406,IN14A094,
720575941447813198,IN03A046,
720575941447813652,IN14A044,
720575941447818772,INXXX824_f,sex_specific
720575941447822158,INXXX976_f,sex_specific
720575941447832340,IN06A111,
720575941447834190,IN06A088,
720575941447837518,IN03A047,
720575941447842894,IN13A057,
720575941447849236,IN18B016,
720575941447851284,IN03A075,
720575941447851854,IN03A075,
720575941447859278,IN03A082,
720575941447862804,INXXX431,dimorphic
720575941447866132,IN03B021,
720575941447867924,IN14A005,
720575941447874126,INXXX915_f,sex_specific
720575941447879188,IN09B044,
720575941447887636,IN12A052,
720575941447894292,IN05B085,
720575941447898132,INXXX029,
720575941447898388,IN16B075,
720575941447900436,INXXX036,
720575941448037725,IN09A079,
720575941448056413,IN09A081,
720575941448143541,IN03B015,
720575941448205749,IN19A120,
720575941448323509,IN17A061,
720575941448593845,IN03A095,
720575941448594613,IN13B018,
720575941448597941,IN01A062,
720575941448626101,IN03A046,
720575941448680285,,
720575941448712629,,
720575941448728757,,
720575941448746933,INXXX204,
720575941448753845,IN14A056,
720575941448919901,IN21A020,
720575941448990557,IN08A045,
720575941448991581,IN06B049,dimorphic
720575941448996957,IN19B086,
720575941449005149,IN03A029,
720575941449030420,IN06B050,
720575941449054301,IN01A039,
720575941449065565,IN03B052,
720575941449075293,INXXX233,
720575941449101149,IN01B065,
720575941449131028,IN23B033,
720575941449134202,IN11A041,
720575941449144142,IN16B123,
720575941449147258,IN20A.22A092,
720575941449148494,IN13B014,
720575941449156986,IN13B080,
720575941449185373,INXXX948_f,sex_specific
720575941449187194,IN23B047,
720575941449187450,IN02A061,
720575941449235834,IN23B081,
720575941449244538,IN20A.22A043,
720575941449245818,IN06B084,
720575941449255290,IN06A065,
720575941449257338,IN23B074,
720575941449258106,IN17A035,
720575941449266554,INXXX243,dimorphic
720575941449276538,IN13A042,
720575941449282170,IN10B055,
720575941449282426,IN12A035,
720575941449288314,IN05B057,
720575941449293946,IN13B023,
720575941449305210,IN26X002,
720575941449358970,IN12A044,
720575941449380021,,
720575941449417082,IN03A061,
720575941449417550,IN19A093,
720575941449437006,IN01A059,
720575941449449294,GFC3,
720575941449454414,IN20A.22A001,
720575941449475406,IN10B040,
720575941449477454,IN08A036,
720575941449481294,IN19B082,
720575941449543758,IN06A109,
720575941449560142,INXXX261,
720575941449617230,IN06B077,
720575941449638493,IN06A079,
720575941449653853,IN17A061,
720575941449660509,IN03B055,
720575941449723317,,
720575941449728949,INXXX052,dimorphic
720575941449740213,INXXX370,dimorphic
720575941449741237,INXXX377,dimorphic
720575941449752910,IN02A066,
720575941449753269,IN16B110,
720575941449756597,INXXX396,
720575941449758389,INXXX247,
720575941449763509,IN23B030,
720575941449769653,IN06A133,
720575941449772469,IN12A011,
720575941449779381,IN19A019,
720575941449799605,IN17A016,
720575941449835898,IN19B075,
720575941449863495,IN19B054,
720575941449886791,IN07B092,
720575941449893959,IN09A054,
720575941449911879,IN09A091,
720575941449922894,IN09A035,
720575941449939805,IN04B090,
720575941449942877,IN17A072,
720575941449943645,,
720575941449947229,IN16B033,
720575941449956957,IN20A.22A091,
720575941449971549,IN06A025,dimorphic
720575941449991261,IN19B083,
720575941449993821,IN13B022,
720575941450007111,IN00A020,
720575941450008391,IN03B060,
720575941450056519,IN00A029,
720575941450080071,IN03B058,
720575941450080349,IN02A061,
720575941450085703,IN13B006,
720575941450088007,IN19A073,
720575941450096455,IN02A052,
720575941450101063,IN12A058,
720575941450101319,IN08A036,
720575941450116167,IN19A099,
720575941450121031,IN04B029,
720575941450365306,,
720575941450393013,IN02A060,
720575941450477225,IN17A105,
720575941450519465,IN12B053,
720575941450520745,IN18B038,
720575941450529193,IN01A079,
720575941450530729,IN12B041,
720575941450532174,IN11A001,
720575941450532521,IN06B059,
720575941450532777,IN12B069,
720575941450541390,IN04B111,
720575941450546254,INXXX464,
720575941450549070,IN05B064,
720575941450549582,,
720575941450552489,IN10B054,
720575941450556238,IN19A011,
720575941450559145,IN08A050,
720575941450559566,IN09A002,
720575941450563406,IN08A037,
720575941450564430,INXXX091,dimorphic
720575941450568014,INXXX936_f,sex_specific
720575941450569294,IN19B068,dimorphic
720575941450573481,IN06A130,dimorphic
720575941450576297,IN06A126,
720575941450576809,IN01A031,
720575941450579022,IN05B010,
720575941450580558,INXXX331,
720575941450586958,IN06B059,
720575941450587982,INXXX831_f,sex_specific
720575941450588238,IN23B070,
720575941450588750,IN23B074,
720575941450592078,IN07B061,dimorphic
720575941450594126,INXXX448,
720575941450597710,IN20A.22A024,
720575941450597966,IN03A004,
720575941450598222,IN20A.22A089,
720575941450604110,IN19A009,
720575941450625607,IN11A036,
720575941450628218,IN08B083,
720575941450718045,IN14A059,
720575941450756167,GFC1,
720575941450872698,IN19A124,
720575941450875258,IN13A069,
720575941450876794,IN02A026,
720575941450922933,IN06B020,dimorphic
720575941450967162,IN04B068,
720575941450989946,IN09A019,
720575941451017653,,
720575941451022005,,
720575941451154759,IN14A078,
720575941451233885,IN01A045,
720575941451294557,,
720575941451303034,IN02A044,
720575941451332189,,
720575941451334493,IN10B055,
720575941451335246,IN02A048,
720575941451348602,IN10B030,
720575941451436922,IN10B059,
720575941451566714,IN19B003,
720575941451603278,INXXX091,dimorphic
720575941451654727,IN03B038,
720575941451661895,IN01B097,dimorphic
720575941451662663,IN03B058,
720575941451665991,IN12B023,
720575941451681351,INXXX360,dimorphic
720575941451685703,IN01B032,
720575941451701831,INXXX468,
720575941451705415,IN14A037,
720575941451713402,IN21A003,
720575941451720263,IN18B015,
720575941451735879,IN14A006,
720575941451768391,IN17A020,
720575941451775815,IN19A055,
720575941451785031,IN08A007,
720575941451798855,IN20A.22A089,
720575941451813191,IN14A123,
720575941451814215,IN07B103,
720575941451834281,IN06A021,
720575941451836073,IN04B114,
720575941451837353,IN01B031,
720575941451839913,,
720575941451841449,INXXX870_f,sex_specific
720575941451841863,IN02A021,
720575941451857991,IN05B016,
720575941451907406,INXXX217,dimorphic
720575941451922810,IN03A084,
720575941451925114,INXXX396,
720575941451926394,INXXX270,
720575941451926906,IN01A043,dimorphic
720575941451932238,IN06B070,
720575941451957070,INXXX431,dimorphic
720575941452076110,IN01B053,
720575941452122163,IN20A.22A037,
720575941452152233,IN02A030,
720575941452164915,IN03B066,
720575941452168873,IN12A061,
720575941452176041,IN03A087,
720575941452176297,IN21A087,
720575941452177833,IN20A.22A046,
720575941452179881,IN19A114,
720575941452185513,IN05B090,
720575941452192307,IN20A.22A084,
720575941452194867,IN01A047,
720575941452198707,IN17A064,
720575941452199475,IN17A064,
720575941452210483,IN00A047,
720575941452210739,IN03B064,
720575941452213811,IN21A044,
720575941452239529,IN03B035,
720575941452243763,,
720575941452251699,IN20A.22A018,
720575941452261427,IN09A096,
720575941452265779,IN09A096,
720575941452271182,,
720575941452273203,IN07B079,
720575941452273971,IN07B098,
720575941452276393,IN03A032,
720575941452281651,IN21A058,
720575941452291123,IN07B098,
720575941452311977,IN21A022,
720575941452313257,IN16B030,
720575941452315443,IN07B086,
720575941452320051,IN06A066,
720575941452326451,,
720575941452456361,IN06B076,
720575941452459591,IN08A010,
720575941452533370,IN04B078,
720575941452551546,IN14A020,
720575941452604467,IN04B089,
720575941452738119,IN12B066,
720575941452748103,IN12B029,
720575941452753991,IN12B024,
720575941452755271,INXXX297,dimorphic
720575941452755527,IN01B059,
720575941452757831,IN06B073,
720575941452760647,IN08B067,
720575941452765255,IN02A064,
720575941452766023,IN06A101,
720575941452782387,IN01A062,
720575941453079209,IN20A.22A001,
720575941453199994,IN10B042,
720575941453213306,IN17A052,
720575941453267369,IN19B091,
720575941453283241,IN12B065,
720575941453284777,IN08A050,
720575941453298089,IN09A066,
720575941453299625,IN00A031,
720575941453300393,IN01B064,
720575941453310121,IN10B004,
720575941453423785,IN00A067,
720575941453441075,IN19A060,
720575941453578409,IN21A001,
720575941453625001,IN03B054,
720575941453748295,IN01A063,
720575941453756743,INXXX429,
720575941453766215,INXXX149,dimorphic
720575941453805875,IN21A048,
720575941453890867,IN13A059,
720575941453919539,IN01B073,
720575941453936365,IN00A041,
720575941453939693,IN03A056,
720575941453948397,IN19B086,
720575941453954867,IN04B044,
720575941453962221,IN12A063,
720575941453962477,IN09A020,
720575941453968877,IN13B079,
720575941453974765,IN04B106,
720575941453978861,IN21A078,
720575941453980909,IN21A008,
720575941453984493,IN14A025,
720575941453992685,IN05B061,
720575941454001901,IN06A114,
720575941454002413,IN06A088,
720575941454015725,IN06B062,
720575941454020077,IN12B066,
720575941454024429,IN17A112,
720575941454025965,IN13A069,
720575941454032109,IN17A022,
720575941454037997,IN19A082,
720575941454039533,IN01B082,
720575941454042605,IN04B028,
720575941454062829,IN20A.22A021,
720575941454064109,INXXX409,
720575941454084659,IN23B020,
720575941454154823,,
720575941454181959,,
720575941454194759,INXXX395,dimorphic
720575941454196807,IN05B055,
720575941454206791,,
720575941454292649,IN12B074,
720575941454295465,IN06A136,
720575941454475177,IN12B081,
720575941454519977,INXXX198,
720575941454612717,IN01A071,
720575941454634153,IN18B051,
720575941454677417,IN13B033,
720575941454837043,IN19B094,
720575941454868787,IN17A019,
720575941454870579,IN03A085,
720575941454877491,IN03A069,
720575941454878003,INXXX469,
720575941454895667,INXXX343,
720575941454898739,INXXX153,
720575941454911795,IN01B075,
720575941454912051,INXXX822_f,sex_specific
720575941454922291,IN04B073,
720575941454923315,IN03A087,
720575941455180525,IN20A.22A024,
720575941455232237,IN12B056,
720575941455233517,IN23B055,
720575941455532851,IN23B069,
720575941455568621,IN16B037,
720575941455572205,IN06A132,
720575941455572973,IN16B061,
720575941455579885,IN16B093,
720575941455598061,IN01B042,
720575941455601645,IN03A026,
720575941455666413,IN08B092,
720575941455669997,IN02A020,
720575941455678701,IN08A024,
720575941455684845,IN08B064,
720575941455700973,IN23B030,
720575941455750125,,
720575941455775469,IN08A008,
720575941455784688,IN02A063,
720575941455785709,IN14A087,
720575941455798253,IN05B077,
720575941455849456,IN07B073,
720575941455899120,IN01B037,
720575941455932912,IN03B070,
720575941455937264,IN06A113,
720575941455940336,IN06A100,
720575941456024304,IN08A036,
720575941456028144,IN13A052,
720575941456035568,IN02A063,
720575941456038451,,
720575941456041712,IN03A066,
720575941456045552,IN01B030,
720575941456047856,IN06A025,dimorphic
720575941456050227,IN06B027,
720575941456052787,IN01B003,
720575941456052976,IN07B100,
720575941456063472,IN13A050,
720575941456067824,IN19A060,
720575941456070640,INXXX970_f,sex_specific
720575941456074399,IN10B032,
720575941456086256,IN09A095,
720575941456100255,IN09A018,
720575941456103839,IN07B080,
720575941456137375,IN02A042,
720575941456137887,IN08A041,
720575941456146335,IN23B028,
720575941456166047,IN14A034,
720575941456170143,IN14A118,
720575941456170655,IN21A030,
720575941456173983,IN20A.22A068,
720575941456176799,IN06B079,
720575941456179359,IN21A058,
720575941456180127,IN11A034,
720575941456206495,IN03B075,
720575941456208031,IN00A041,
720575941456216991,IN12B058,
720575941456231327,IN13A059,
720575941456244127,IN11B016,
720575941456245919,IN16B052,
720575941456257183,IN01A070,
720575941456262559,IN20A.22A028,
720575941456268959,IN09A074,
720575941456273567,IN06B085,
720575941456280557,,
720575941456292511,IN20A.22A049,
720575941456303263,IN11A032,
720575941456308895,IN20A.22A016,
720575941456310175,IN19A064,
720575941456314271,IN08B068,
720575941456315039,IN04B027,
720575941456317087,IN19A083,
720575941456322207,IN13B009,
720575941456323821,IN13A029,
720575941456334751,IN10B057,
720575941456340895,IN03B058,
720575941456342175,IN01A050,
720575941456347807,IN13B088,
720575941456348575,IN18B020,
720575941456349599,IN19A056,
720575941456363935,IN17A111,
720575941456373151,IN08B108,
720575941456424863,IN02A045,
720575941456425887,IN23B028,
720575941456429471,IN20A.22A068,
720575941456448927,IN09A088,
720575941456588013,IN23B074,
720575941456637677,IN01B034,
720575941456642541,IN08B068,
720575941456644589,INXXX309,dimorphic
720575941456653293,IN03A073,
720575941456663021,IN03A034,
720575941456664301,IN13B038,
720575941456664557,IN05B041,
720575941456667373,IN01A024,
720575941456669421,IN19B030,
720575941456678637,INXXX857_f,sex_specific
720575941456678893,IN19A142,
720575941456679661,INXXX865_f,sex_specific
720575941456980383,IN06B064,
720575941456983967,IN23B078,
720575941457073478,IN12A050,
720575941457108038,IN14A061,
720575941457112479,IN13A020,
720575941457122374,IN01A082,
720575941457127494,IN13A027,
720575941457134918,IN04B089,
720575941457135686,IN21A101,
720575941457139270,IN20A.22A063,
720575941457140550,IN12A059,
720575941457147206,IN18B020,
720575941457147718,IN11A032,
720575941457149510,IN00A062,
720575941457153094,IN19B037,
720575941457161542,IN12B039,
720575941457184838,IN10B042,
720575941457186886,IN12B035,
720575941457203782,IN14A089,
720575941457217094,IN21A044,
720575941457217520,,
720575941457219398,IN06A052,
720575941457220166,IN20A.22A041,
720575941457223494,IN02A044,
720575941457242861,IN20A.22A042,
720575941457243462,IN03B031,
720575941457260358,IN14A118,
720575941457292016,IN13A061,
720575941457339117,IN01B094,
720575941457430431,IN04B074,
720575941457431280,IN17A029,
720575941457499039,IN21A086,
720575941457500141,IN16B094,
720575941457519853,IN12B044,
720575941457600671,IN10B028,
720575941457619359,IN14A086,
720575941457628912,INXXX100,
720575941457631472,IN13B090,
720575941457653488,IN20A.22A008,
720575941457677040,IN20A.22A053,
720575941457678576,IN13A034,
720575941457683184,IN03A093,
720575941457686000,IN03A035,
720575941457686256,IN00A057,
720575941457686512,IN06A081,
720575941457689072,IN20A.22A081,
720575941457707167,IN06B008,
720575941457797360,IN11B012,
720575941457800944,IN04B068,
720575941457802480,IN12B015,
720575941457804784,IN09B046,
720575941457891312,,
720575941457926047,IN03A051,
720575941457930655,dMS2,
720575941457932703,IN11A021,
720575941457935263,IN17A093,
720575941457935775,IN20A.22A089,
720575941457942253,IN13B037,
720575941457968287,IN20A.22A049,
720575941457969567,INXXX448,
720575941457976479,IN19A086,
720575941457979039,IN17A078,
720575941457981855,IN20A.22A005,
720575941457985951,IN04B070,
720575941458019487,INXXX839_f,sex_specific
720575941458073503,IN21A040,
720575941458093215,,
720575941458093549,,
720575941458100717,IN03B034,
720575941458104735,IN08B064,
720575941458107039,IN20A.22A025,
720575941458117869,IN09A015,
720575941458126829,,
720575941458132895,IN23B045,
720575941458136991,IN00A045,
720575941458139551,IN12A015,
720575941458142111,IN09A018,
720575941458149279,IN04B026,dimorphic
720575941458304211,IN13B077,
720575941458320595,IN03A017,
720575941458329043,IN10B058,
720575941458329811,IN13B078,
720575941458334163,w-cHIN,
720575941458353363,IN11B014,
720575941458362835,IN21A033,
720575941458373587,IN06A024,dimorphic
720575941458382803,GFC2,
720575941458395347,IN23B020,
720575941458404307,IN20A.22A091,
720575941458418387,IN13A040,
720575941458435283,IN23B018,
720575941458437843,IN20A.22A046,
720575941458447571,IN13A049,
720575941458448083,IN08A003,dimorphic
720575941458464723,INXXX448,
720575941458465235,IN21A055,
720575941458468819,INXXX438,dimorphic
720575941458481619,IN21A012,
720575941458635475,IN12A044,
720575941458656467,IN00A057,
720575941458666707,IN20A.22A045,
720575941458717424,IN23B060,
720575941458758852,IN10B033,
720575941458770928,INXXX302,dimorphic
720575941458774598,IN03A062,
720575941458776816,,
720575941458780742,IN19A093,
720575941458780912,,
720575941458783558,IN23B054,
720575941458786288,IN04B071,
720575941458788166,IN01B069,
720575941458789958,IN07B030,
720575941458790726,IN08B087,
720575941458792006,IN09A047,
720575941458792262,IN14B006,
720575941458794480,INXXX180,dimorphic
720575941458794822,IN14A014,
720575941458803184,IN12B081,
720575941458805318,IN12B030,
720575941458805488,IN06B073,
720575941458808816,IN04B044,
720575941458810864,IN19A011,
720575941458812742,IN16B039,
720575941458815984,IN08A032,
720575941458816752,IN01B054,
720575941458818544,IN03A057,
720575941458838000,INXXX023,
720575941458858436,IN13A002,
720575941458885316,IN08A041,
720575941458892740,IN19A069,
720575941458893126,IN03B054,
720575941458900164,IN13A061,
720575941458908230,IN21A016,
720575941458911814,IN20A.22A086,
720575941458932294,INXXX863_f,sex_specific
720575941458940100,IN10B058,
720575941458940356,IN12B022,
720575941458941892,IN19A067,
720575941458945732,IN07B080,
720575941458953156,IN06B033,
720575941458953375,INXXX965_f,sex_specific
720575941458953412,IN08A036,
720575941458960580,IN08A041,
720575941458961860,IN03A087,
720575941458968260,IN08A043,
720575941458970182,IN19A109,
720575941458970438,IN03A089,
720575941458975428,IN09A059,
720575941458979524,IN03A069,
720575941458980804,IN09A049,
720575941459002271,IN19B087,
720575941459004612,INXXX405,
720575941459018180,IN16B059,
720575941459025860,IN13B020,
720575941459027359,IN04B011,
720575941459028639,IN01A038,
720575941459028895,IN05B075,
720575941459040415,INXXX290,dimorphic
720575941459045535,IN08A028,
720575941459090079,IN06B032,
720575941459113683,IN09A031,
720575941459114451,IN06A137,
720575941459151556,IN13A037,
720575941459312966,IN06A022,
720575941459313478,IN04B031,
720575941459313990,IN08B036,
720575941459314246,IN20A.22A039,
720575941459423888,INXXX411,dimorphic
720575941459442064,IN20A.22A042,
720575941459514512,IN06A044,
720575941459522192,IN06A054,
720575941459526032,IN14A007,
720575941459542416,IN20A.22A039,
720575941459550864,IN20A.22A024,
720575941459554960,IN11A037,
720575941459555472,IN04B100,
720575941459558800,IN20A.22A049,
720575941459559824,IN08B083,
720575941459562128,IN12A061,
720575941459562640,IN03B066,
720575941459572464,IN21A047,
720575941459583632,IN14A036,
720575941459591568,IN06B071,
720575941459594640,IN08B105,
720575941459594948,IN09A055,
720575941459595664,IN01B032,
720575941459610768,IN05B072,
720575941459622288,IN12A043,
720575941459640464,IN01A059,
720575941459645840,INXXX822_f,sex_specific
720575941459650960,IN13A030,
720575941459655568,IN12B059,
720575941459680838,INXXX340,dimorphic
720575941459712196,IN09A033,
720575941459730131,IN20A.22A042,
720575941459873350,INXXX381,
720575941459883846,IN06B066,
720575941459886150,INXXX348,dimorphic
720575941459895366,IN01A066,
720575941459900230,IN19A014,
720575941459906630,IN19B031,
720575941459912262,IN03B024,dimorphic
720575941459913798,INXXX426,
720575941459917126,IN21A023,
720575941459925318,IN08B058,
720575941459926086,IN11A034,
720575941459928134,IN03A036,
720575941460050643,IN06A110,
720575941460052976,,
720575941460105456,INXXX228,dimorphic
720575941460106963,IN03A085,
720575941460163539,IN07B098,
720575941460170195,IN12B037,
720575941460195780,IN11A021,
720575941460201712,,
720575941460224496,,
720575941460225168,vMS11,dimorphic
720575941460225936,IN06A075,
720575941460228752,INXXX431,dimorphic
720575941460231891,IN13B088,
720575941460232147,IN08A029,
720575941460234896,IN08A041,
720575941460235152,IN19B043,
720575941460254163,INXXX290,dimorphic
720575941460384723,IN03B075,
720575941460387231,IN19B011,
720575941460433311,INXXX283,dimorphic
720575941460442271,IN01B090,
720575941460571588,IN06B047,
720575941460680900,,
720575941460885005,IN06A019,
720575941460890893,IN01A078,
720575941460896269,IN13A050,
720575941460902413,IN16B122,
720575941460913165,IN01A011,
720575941460973581,INXXX382,dimorphic
720575941460983952,IN20A.22A088,
720575941460993037,IN13A055,
720575941461018950,IN03A010,
720575941461020486,,
720575941461065997,IN16B077,
720575941461071117,IN01A063,
720575941461076493,IN03B058,
720575941461081101,IN10B044,
720575941461082381,IN00A054,
720575941461086989,IN20A.22A030,
720575941461107981,IN00A063,
720575941461108749,IN12B044,
720575941461116941,IN13B058,
720575941461119245,IN09B053,
720575941461123341,IN20A.22A062,
720575941461140749,INXXX441,
720575941461212883,IN01A052,
720575941461221075,IN17A023,
720575941461221587,IN05B017,
720575941461222867,INXXX977_f,sex_specific
720575941461223312,IN19A073,
720575941461223379,IN18B047,dimorphic
720575941461224147,IN06B015,
720575941461227152,IN16B046,
720575941461227664,IN00A022,
720575941461231827,INXXX340,dimorphic
720575941461232083,IN03A026,
720575941461235088,IN08B068,
720575941461237459,IN03A018,
720575941461239440,IN21A075,
720575941461240019,IN06B066,
720575941461243859,IN01A025,
720575941461246931,IN06A067,
720575941461248211,IN16B108,
720575941461249747,IN19A007,
720575941461251027,IN19A006,
720575941461253075,IN06B080,
720575941461256147,IN05B080,
720575941461296016,IN19B038,
720575941461297296,IN10B032,
720575941461305488,IN14A023,
720575941461321798,,
720575941461355334,IN09A053,
720575941461359248,IN03A085,
720575941461368976,IN16B108,
720575941461374608,IN06B070,
720575941461382470,IN17A041,
720575941461384774,IN06A031,
720575941461393040,IN02A030,
720575941461393296,IN07B054,
720575941461516870,,
720575941461633220,IN12B023,
720575941461641924,IN10B050,
720575941461644740,IN23B057,
720575941461648580,INXXX258,dimorphic
720575941461658308,IN19A027,
720575941461661892,IN09A046,
720575941461664964,IN03A062,
720575941461679300,IN20A.22A074,
720575941461684932,IN12B044,
720575941461688004,INXXX975_f,sex_specific
720575941461698500,IN03A069,
720575941461793549,IN02A031,
720575941461800717,,
720575941461816787,IN01A038,
720575941461957587,IN04B100,
720575941461969107,IN14B009,
720575941462065875,IN21A007,
720575941462142864,IN13B060,
720575941462272211,IN13A004,
720575941462402317,IN14A115,
720575941462448324,IN23B070,
720575941462467984,IN01B100,
720575941462468752,IN06A102,
720575941462470544,IN19A004,
720575941462485904,IN02A030,
720575941462489488,IN04B095,
720575941462490256,IN03A040,
720575941462497680,IN16B020,
720575941462499216,IN06B024,
720575941462501008,IN03A031,
720575941462503056,IN21A005,
720575941462590608,IN19B055,
720575941462656467,IN19A019,
720575941462656979,IN23B001,
720575941462712845,IN03B077,
720575941462905284,,
720575941463065028,,
720575941463075524,,
720575941463077316,,
720575941463077572,IN14A036,
720575941463081156,,
720575941463202960,INXXX429,
720575941463325453,IN01B022,
720575941463352333,IN17A098,
720575941463419917,,
720575941463544077,,
720575941463546125,IN13A009,
720575941463638285,IN23B008,
720575941463639821,IN00A063,
720575941463650829,IN19A073,
720575941463655181,IN01B008,
720575941463655437,INXXX369,dimorphic
720575941463655693,IN07B030,
720575941463655949,IN10B036,
720575941463671309,IN14A024,
720575941463717776,IN05B010,
720575941463745680,IN01B002,
720575941464048726,IN20A.22A090,
720575941464073558,IN06A019,
720575941464075862,IN12B023,
720575941464107350,IN20A.22A077,
720575941464112470,IN16B045,
720575941464139094,IN03A007,
720575941464142422,IN13B009,
720575941464150870,IN12B078,
720575941464162902,IN13A052,
720575941464163670,IN10B043,
720575941464163926,IN09A039,
720575941464164950,IN13B056,
720575941464168534,IN17A099,
720575941464187734,IN13A037,
720575941464252246,IN19A098,
720575941464268118,IN20A.22A041,
720575941464272982,IN03A069,
720575941464283222,IN08A048,
720575941464284502,IN20A.22A048,
720575941464308237,IN21A037,
720575941464481549,INXXX983_f,sex_specific
720575941464686861,IN23B018,
720575941464698646,IN13A050,
720575941464747798,IN23B031,
720575941464768790,IN06A004,
720575941464769046,IN13A015,
720575941464777814,vMS11,dimorphic
720575941464790294,IN06A122,
720575941464797965,,
720575941464839446,IN08A011,
720575941464860950,IN03B070,
720575941464871949,IN14A123,
720575941464883990,IN14A090,
720575941464897302,IN01A069,
720575941464901398,IN06B042,
720575941464904982,IN03A071,
720575941464907542,IN08A024,
720575941464915990,IN14A074,
720575941464921110,IN08A036,
720575941464924694,IN06A108,
720575941464929046,IN03A075,
720575941464944918,IN02A066,
720575941464961558,IN20A.22A086,
720575941464962326,IN14A109,
720575941464986893,,
720575941464987661,,
720575941464988429,,
720575941464989965,,
720575941464993037,,
720575941464993046,IN21A093,
720575941465000461,IN13A036,
720575941465009421,,
720575941465023245,IN04B083,
720575941465035277,IN21A012,
720575941465080342,IN13A051,
720575941465467478,IN20A.22A024,
720575941465476886,IN20A.22A018,
720575941465477910,IN06B025,
720575941465482262,IN03B084,
720575941465484566,w-cHIN,
720575941465682518,IN03A083,
720575941465760598,IN06A106,
720575941465765206,IN09A090,
720575941465773398,IN01A051,dimorphic
720575941465788246,INXXX862_f,sex_specific
720575941465818198,IN06A115,
720575941466074134,IN21A102,
720575941466160982,IN14A092,
720575941466376022,IN14B012,
720575941466401622,IN08B088,
720575941466408982,IN04B021,dimorphic
720575941466413590,IN13B037,
720575941466417686,IN18B052,
720575941466433814,IN12A043,
720575941466439958,IN01B033,
720575941466447126,IN04B102,
720575941466447894,IN20A.22A015,
720575941466498838,IN09A013,
720575941466509590,IN11A021,
720575941466536214,IN08A044,
720575941466543894,IN23B057,
720575941466545174,IN11A008,
720575941466558742,IN19A049,
720575941466726230,IN09B055,
720575941466727254,IN21A019,
720575941466731542,IN06A110,
720575941466736214,IN19A008,
720575941466737494,IN21A078,
720575941466751062,IN21A024,
720575941467056093,IN02A039,dimorphic
720575941467117277,IN21A077,
720575941467215069,IN19B085,
720575941467216093,IN02A043,
720575941467236317,IN09A009,
720575941467287773,IN00A066,
720575941467289309,IN13A038,
720575941467292893,IN21A078,
720575941467352406,INXXX467,
720575941467362326,IN13B049,
720575941467560982,IN11A014,
720575941467562518,IN03A073,
720575941467575318,IN07B102,
720575941467587862,IN03A064,
720575941467590166,IN04B074,
720575941467597846,INXXX241,
720575941467600150,IN01B084,
720575941467609110,INXXX119,
720575941467647062,INXXX129,dimorphic
720575941467712598,IN03A091,
720575941467814998,IN17A107,
720575941468111958,,
720575941468113238,,
720575941468163037,IN03B077,
720575941468212343,IN02A050,
720575941468235741,IN09A030,
720575941468245879,IN19B056,
720575941468251767,IN20A.22A074,
720575941468268151,IN06A057,
720575941468277879,IN03A088,
720575941468292471,IN13A044,
720575941468297079,IN06A059,
720575941468312695,IN00A040,
720575941468325239,IN16B077,
720575941468329591,INXXX121,dimorphic
720575941468329847,IN16B111,
720575941468338551,IN13A018,
720575941468341367,IN04B035,
720575941468345975,IN19A014,
720575941468355447,IN16B058,
720575941468357239,IN21A078,
720575941468384631,INXXX429,
720575941468486678,INXXX056,dimorphic
720575941468522251,IN09A087,
720575941468555639,IN17A079,
720575941468589835,IN14A071,
720575941468592395,IN09A096,
720575941468610059,IN08A030,
720575941468675191,IN21A058,
720575941468679947,IN07B081,
720575941468683229,IN19A059,
720575941468683485,IN14A026,
720575941468683997,IN06B066,
720575941468693515,IN20A.22A055,
720575941468697355,IN16B030,
720575941468699403,IN23B059,
720575941468700381,IN13A034,
720575941468700637,IN23B028,
720575941468702731,IN23B083,
720575941468707805,IN03A006,
720575941468711389,IN23B043,
720575941468717323,IN06B012,
720575941468717835,IN01A035,
720575941468720139,IN11A011,
720575941468724235,IN19A029,
720575941468725259,IN03B086,
720575941468756445,IN19A100,
720575941468766429,IN05B080,
720575941468769803,IN19A121,dimorphic
720575941468775691,IN07B075,
720575941468776157,INXXX914_f,sex_specific
720575941468786699,IN20A.22A067,
720575941468788235,INXXX436,
720575941468799499,INXXX414,
720575941468826176,IN07B096,
720575941468830016,INXXX953_f,sex_specific
720575941468843030,IN21A022,
720575941468845632,IN10B032,
720575941468896832,IN13B023,
720575941468899904,IN11B019,
720575941468905995,IN09A071,
720575941468914496,IN03A084,
720575941468917824,IN19B103,
720575941468925760,IN23B070,
720575941468942656,IN14A106,
720575941468950592,IN04B081,
720575941468955200,IN23B065,
720575941468960576,IN02A047,
720575941468966208,IN12A054,
720575941468970304,IN06B084,
720575941468977984,IN07B073,
720575941468989760,IN16B086,
720575941468996928,IN01B078,
720575941468998720,IN13B074,
720575941469018176,IN03A067,
720575941469024064,INXXX466,
720575941469024576,INXXX315,
720575941469029184,IN20A.22A024,
720575941469033536,IN05B085,
720575941469040503,IN06A066,
720575941469043831,IN13A049,
720575941469045824,IN03B063,
720575941469047104,INXXX321,
720575941469056320,IN01B052,
720575941469061239,IN19A093,
720575941469063031,INXXX448,
720575941469066615,IN20A.22A035,
720575941469070199,INXXX149,dimorphic
720575941469161494,IN00A011,
720575941469179926,INXXX253,
720575941469192214,IN12B079,
720575941469195286,IN11B019,
720575941469241053,,
720575941469314525,IN10B032,
720575941469354251,IN20A.22A021,
720575941469397981,IN09A025,
720575941469562077,,
720575941469610871,IN19A088,
720575941469657408,IN08A040,
720575941469659712,IN23B085,
720575941469677021,IN04B037,
720575941469696477,IN01A076,
720575941469712605,INXXX124,
720575941469715677,IN13A059,
720575941469716957,,
720575941469717111,IN09A074,
720575941469720029,IN17B008,
720575941469720541,IN26X001,
720575941469721053,INXXX370,dimorphic
720575941469724125,IN12A001,
720575941469796416,IN12A021,dimorphic
720575941469839936,IN19A013,
720575941469846903,IN13A010,
720575941470067063,IN08B080,
720575941470077047,IN06B047,
720575941470091383,IN13B052,
720575941470101879,IN14A007,
720575941470111863,INXXX978_f,sex_specific
720575941470163575,IN23B084,
720575941470231671,IN03A046,
720575941470234999,IN03A052,
720575941470237504,IN19A032,
720575941470243959,IN10B032,
720575941470247031,IN01A045,
720575941470275703,IN09A081,
720575941470348096,IN03A097,dimorphic
720575941470377995,IN16B103,
720575941470380043,IN05B088,
720575941470382347,IN04B095,
720575941470384907,IN16B070,
720575941470395915,IN20A.22A061,
720575941470401291,INXXX446,dimorphic
720575941470414045,IN02A060,
720575941470474763,INXXX807_f,sex_specific
720575941470498059,IN14A035,
720575941470536715,IN11B013,
720575941470720576,IN02A029,
720575941470723648,IN06B085,
720575941470726208,IN04B071,
720575941470734912,IN01A022,
720575941470736192,IN19A057,
720575941470744896,IN08A008,
720575941470747968,IN03A030,
720575941470778944,IN07B086,
720575941470786368,IN08B083,
720575941470831168,IN01B098,
720575941470831680,IN03A020,
720575941470839773,,
720575941470854720,IN07B094,
720575941470865216,INXXX419,
720575941470925866,,
720575941471044363,IN09A060,
720575941471052555,IN06A132,
720575941471068023,IN17B003,
720575941471070173,IN23B009,
720575941471086967,IN14A035,
720575941471108471,IN07B073,
720575941471120139,IN12B042,
720575941471124343,IN19A073,
720575941471130231,IN07B010,
720575941471132535,IN03A038,
720575941471133559,IN10B057,
720575941471135863,INXXX868_f,sex_specific
720575941471138935,IN11A022,
720575941471143031,IN01A047,
720575941471159415,INXXX269,
720575941471159671,IN16B018,
720575941471160183,IN07B061,dimorphic
720575941471164791,IN04B031,
720575941471166327,IN04B002,
720575941471167095,IN23B065,
720575941471182455,INXXX279,dimorphic
720575941471186295,IN14B009,
720575941471188599,INXXX198,
720575941471190368,IN19B080,
720575941471203447,IN03B066,
720575941471212896,IN20A.22A070,
720575941471240000,IN14A016,dimorphic
720575941471250528,IN19A093,
720575941471250784,IN03A051,
720575941471266912,IN00A051,
720575941471268192,IN13B057,
720575941471287136,IN23B028,
720575941471296096,IN09A084,
720575941471300192,IN09B038,
720575941471307104,IN07B065,
720575941471318112,IN03B077,
720575941471319904,IN12A043,
720575941471325280,IN06A014,
720575941471439627,IN01A045,
720575941471458059,IN23B018,
720575941471470091,IN21A085,
720575941471472395,IN14A045,
720575941471546176,IN16B100,
720575941471646583,IN03A052,
720575941471740970,,
720575941471746602,,
720575941471783466,,
720575941471803712,IN03A031,
720575941471858039,IN12B040,
720575941471878720,IN09A050,
720575941471888704,INXXX373,
720575941471896384,IN02A064,
720575941471907904,IN12A010,
720575941471908160,IN23B053,
720575941471911488,IN18B031,
720575941471912000,IN01A042,
720575941471915328,IN08B067,
720575941471915584,IN02A054,
720575941471916864,IN06A073,
720575941471921216,IN16B041,
720575941471923008,INXXX331,
720575941471926592,IN03A062,
720575941471931712,INXXX258,dimorphic
720575941471932224,IN20A.22A004,
720575941471932736,IN06A063,
720575941471932992,IN00A027,dimorphic
720575941472011306,IN07B058,
720575941472037418,IN16B117,
720575941472042282,IN12A058,
720575941472050218,IN17A116,
720575941472078122,IN07B054,
720575941472087159,IN09A023,
720575941472087338,IN23B089,
720575941472090922,IN03B089,
720575941472097066,IN12B059,
720575941472101930,IN01B048,
720575941472103978,IN01A059,
720575941472113706,IN13A051,
720575941472114295,IN23B007,
720575941472114474,IN19A096,
720575941472122666,IN19A120,
720575941472126839,IN12B068,
720575941472131882,IN01B089,
720575941472135179,IN11B011,
720575941472135978,IN23B022,
720575941472138026,IN04B028,
720575941472141610,IN01A038,
720575941472143914,IN13A051,
720575941472146218,IN01B069,
720575941472147242,IN03A094,
720575941472158506,IN13A035,
720575941472164138,IN23B053,
720575941472349536,IN21A020,
720575941472385083,IN08B070,
720575941472391287,INXXX369,dimorphic
720575941472402016,IN03A064,
720575941472405879,,
720575941472417083,IN13B023,
720575941472427579,IN08A042,
720575941472436027,IN04B062,
720575941472457568,IN13A002,
720575941472464247,IN01B001,
720575941472503159,,
720575941472506944,IN02A065,
720575941472520055,IN04B067,
720575941472536951,INXXX078,
720575941472550007,INXXX078,
720575941472554043,IN08A023,
720575941472561979,IN11B023,
720575941472571451,IN03A091,
720575941472571963,IN12B063,
720575941472572987,IN03A075,
720575941472573499,IN02A049,
720575941472575547,IN16B125,
720575941472583995,IN13A061,
720575941472595003,IN17A104,
720575941472597307,IN03A062,
720575941472603963,IN13B071,
720575941472613435,IN13B028,
720575941472630075,IN10B038,
720575941472646496,IN10B042,
720575941472661307,IN19B091,
720575941472661819,IN08B093,
720575941472700000,IN05B089,
720575941472718347,INXXX378,dimorphic
720575941472725088,IN06A055,
720575941472732171,,
720575941472739168,IN06A045,
720575941472742752,INXXX243,dimorphic
720575941472748384,IN02A023,
720575941472772650,IN08A047,
720575941472825355,IN20A.22A001,
720575941472843275,IN13B021,
720575941472847712,IN06B025,
720575941473178208,IN04B102,
720575941473179200,IN08B019,
720575941473223744,IN06B003,
720575941473224256,IN03A030,
720575941473310267,IN10B038,
720575941473315643,IN17A074,
720575941473384234,IN06A061,
720575941473429290,IN04B085,
720575941473491040,IN05B057,
720575941473679402,IN11A027,
720575941473684266,IN01A070,
720575941473686058,IN20A.22A070,
720575941473690922,IN19A060,
720575941473691178,IN01B019,
720575941473694762,INXXX084,dimorphic
720575941473703722,IN06A124,
720575941473744682,IN10B057,
720575941473755946,IN19A008,
720575941473808480,INXXX969_f,sex_specific
720575941473826912,INXXX377,dimorphic
720575941473850720,IN11B002,
720575941473852000,IN12B024,
720575941473867616,INXXX452,dimorphic
720575941473892704,IN05B034,dimorphic
720575941473904443,IN01A031,
720575941474259754,IN04B081,
720575941474319163,IN23B018,
720575941474319419,IN04B090,
720575941474319675,IN16B110,
720575941474323515,IN12A004,
720575941474331451,IN08A036,
720575941474332987,IN14A015,
720575941474334779,IN07B019,
720575941474337310,IN06A042,
720575941474347294,IN06A070,
720575941474355242,INXXX889_f,sex_specific
720575941474362939,IN06B064,
720575941474373169,IN06A121,dimorphic
720575941474394673,IN03B069,
720575941474395166,IN02A036,
720575941474396702,IN12B069,
720575941474396721,IN01B053,
720575941474404923,IN02A059,
720575941474409521,IN19A098,
720575941474412574,IN00A042,
720575941474413371,,
720575941474413873,IN17A027,
720575941474420027,IN03A085,
720575941474426929,IN12A046,
720575941474435889,IN12B058,
720575941474437681,IN07B031,
720575941474439966,IN23B072,
720575941474442014,IN16B083,
720575941474445342,IN02A023,
720575941474447134,IN06B066,
720575941474449457,IN13B032,
720575941474456350,IN05B033,
720575941474458142,IN01B042,
720575941474459707,IN03B058,
720575941474465329,IN18B048,
720575941474467377,IN12B040,
720575941474467633,IN08A002,
720575941474471729,INXXX834_f,sex_specific
720575941474476574,IN03A081,
720575941474476830,IN03A046,
720575941474478366,INXXX828_f,sex_specific
720575941474479675,IN12B057,
720575941474482737,IN06A127,
720575941474491697,IN16B106,
720575941474493470,IN20A.22A087,
720575941474495025,IN14A111,
720575941474495537,INXXX891_f,sex_specific
720575941474506270,INXXX460,
720575941474511390,IN13A052,
720575941474519070,IN01B100,
720575941474529310,INXXX452,dimorphic
720575941474531870,IN04B044,
720575941474563936,IN13B037,
720575941474565428,IN20A.22A055,
720575941474569268,IN08A019,
720575941474571572,IN18B038,
720575941474598964,IN08B008,
720575941474605364,IN19B054,
720575941474616106,INXXX353,dimorphic
720575941474616372,IN12B083,
720575941474620970,IN13B031,
720575941474630186,INXXX933_f,sex_specific
720575941474630442,IN01A026,
720575941474637866,IN20A.22A085,
720575941474640682,IN19B070,
720575941474642016,IN23B060,
720575941474646570,IN05B094,
720575941474648618,IN08B017,
720575941474704948,IN06A048,
720575941474705473,IN09A091,
720575941474711873,IN06A011,
720575941474725684,IN07B081,
720575941474741051,IN19A133,
720575941474741819,IN12B015,
720575941474742075,IN20A.22A005,
720575941474742331,IN23B013,
720575941474742843,IN09A039,
720575941474745396,IN19B086,
720575941474746420,IN14A043,
720575941474763828,IN20A.22A002,
720575941474779444,IN14B012,
720575941474786625,IN03B072,
720575941474794804,IN01A079,
720575941474802497,IN20A.22A009,
720575941474806068,IN06A040,
720575941474813748,IN20A.22A035,
720575941474816308,IN20A.22A069,
720575941474818100,IN13B050,
720575941474819380,IN01A053,
720575941474830644,IN18B042,
720575941474832193,IN09A064,
720575941474832436,INXXX384,
720575941474832692,INXXX427,
720575941474853697,IN14A064,
720575941474884417,IN03A095,
720575941474893121,IN19A022,
720575941474920257,IN04B078,
720575941474921537,IN23B028,
720575941474928193,IN12B031,
720575941474928449,IN06B086,
720575941474929729,IN02A034,
720575941474935105,IN08B078,
720575941474937153,IN14A044,
720575941474945345,IN06B081,
720575941474952001,IN23B023,
720575941474977601,IN14A048,
720575941474980417,IN21A070,
720575941474984001,IN04B074,
720575941474984257,IN01B049,
720575941474985531,IN06A133,
720575941474985793,IN03A072,
720575941474986049,IN06A059,
720575941475024689,IN10B055,
720575941475110496,,
720575941475113246,IN14A055,
720575941475114270,IN19A095,
720575941475116830,IN19B053,
720575941475253088,,
720575941475263840,,
720575941475285802,INXXX874_f,sex_specific
720575941475312480,IN12B087,
720575941475358779,INXXX124,
720575941475378491,IN21A016,
720575941475380027,IN07B061,dimorphic
720575941475392042,INXXX977_f,sex_specific
720575941475393888,IN01B065,
720575941475396155,INXXX962_f,sex_specific
720575941475399264,IN03A004,
720575941475400032,INXXX850_f,sex_specific
720575941475404896,IN00A028,
720575941475405920,IN09A001,
720575941475452468,IN13B054,
720575941475591530,IN12B037,
720575941475609194,IN06A042,
720575941475623274,IN08B088,
720575941475634538,IN14A090,
720575941475637297,IN13B056,
720575941475659626,IN10B032,
720575941475696490,IN19A101,
720575941475696746,IN11B014,
720575941475702890,IN17A032,
720575941475709214,IN20A.22A015,
720575941475710570,IN12B022,
720575941475711518,GFC4,
720575941475714865,IN03A068,
720575941475718449,,
720575941475720042,IN09A024,
720575941475722033,IN17A097,
720575941475724650,IN12B033,
720575941475733098,IN20A.22A084,
720575941475742314,IN19A072,
720575941475745642,IN19B086,
720575941475749994,IN12A057,
720575941475751018,IN13A071,
720575941475766122,IN07B051,
720575941475768682,IN10B058,
720575941475768938,IN07B099,
720575941475772266,IN01A031,
720575941475773290,IN07B094,
720575941475780202,IN08B091,
720575941475788906,INXXX258,dimorphic
720575941475791210,INXXX279,dimorphic
720575941475793002,IN19A060,
720575941475798634,INXXX908_f,sex_specific
720575941475799658,IN06A106,
720575941475825467,INXXX297,dimorphic
720575941475978545,IN21A013,
720575941475985201,IN19A058,
720575941475988529,IN07B081,
720575941475991345,INXXX944_f,sex_specific
720575941475992113,IN20A.22A070,
720575941475995434,,
720575941475996465,IN08B073,
720575941476001310,IN12B037,
720575941476011806,IN08A027,
720575941476025886,IN17A118,
720575941476032042,,
720575941476032542,IN02A043,
720575941476032817,IN13A035,
720575941476033054,IN04B091,
720575941476034078,IN13B041,
720575941476036894,IN08B085,
720575941476037406,IN12A059,
720575941476047914,,
720575941476053034,,
720575941476067370,IN21A016,
720575941476068394,IN01B046,
720575941476071729,IN04B103,
720575941476080177,IN03B061,
720575941476081713,IN16B088,
720575941476101937,IN07B076,
720575941476104753,IN02A054,
720575941476130097,IN06A082,
720575941476134705,IN04B063,
720575941476140830,IN14A093,
720575941476147998,INXXX859_f,sex_specific
720575941476173105,IN13B025,
720575941476181278,IN20A.22A022,dimorphic
720575941476187969,IN19A122,
720575941476202801,IN02A062,
720575941476218945,IN16B016,
720575941476220481,IN21A037,
720575941476261172,IN09A086,
720575941476261930,,
720575941476313147,IN01B060,
720575941476357172,IN04B036,
720575941476369972,IN13A028,
720575941476372532,IN20A.22A046,
720575941476376372,IN20A.22A018,
720575941476377140,IN01B083,
720575941476377908,IN23B070,
720575941476380468,IN02A056,
720575941476380724,IN16B114,
720575941476383540,IN01B038,
720575941476443956,IN19B090,
720575941476452458,IN07B083,
720575941476518977,IN17A061,
720575941476519476,IN14A045,
720575941476528699,IN20A.22A007,
720575941476532801,IN20A.22A058,
720575941476539700,IN01B080,
720575941476541236,INXXX212,
720575941476544820,IN01B061,
720575941476555329,IN18B045,
720575941476556609,IN03A068,
720575941476557633,IN02A031,
720575941476587060,IN09A032,
720575941476635713,INXXX927_f,sex_specific
720575941476707131,,
720575941476952113,IN17A022,
720575941476969521,INXXX031,
720575941476973105,IN23B040,
720575941476973361,IN09A031,
720575941476987953,IN03A041,
720575941476990001,IN01A003,
720575941476990257,IN17A016,
720575941476997681,IN06B085,
720575941476998193,IN06B029,
720575941477010737,IN02A029,
720575941477013553,,
720575941477051166,IN19B057,
720575941477086523,IN06B069,
720575941477100340,IN09A041,
720575941477140017,IN19A020,
720575941477147678,IN07B083,
720575941477153566,IN13B062,
720575941477158686,INXXX231,
720575941477159454,IN13A068,
720575941477164574,IN03A033,
720575941477166622,IN12A008,
720575941477170718,IN01A082,
720575941477179934,,
720575941477180446,INXXX979_f,sex_specific
720575941477189918,INXXX447,dimorphic
720575941477190174,IN04B081,
720575941477190430,IN13A029,
720575941477193246,IN18B042,
720575941477271361,IN21A049,
720575941477289780,IN23B060,
720575941477292340,IN01A070,
720575941477293108,IN01A069,
720575941477294644,IN01A035,
720575941477297716,IN06B040,
720575941477308212,INXXX835_f,sex_specific
720575941477316404,IN21A079,
720575941477323316,IN03A007,
720575941477327924,IN03A036,
720575941477329460,IN04B075,
720575941477332276,IN20A.22A036,
720575941477333044,IN19A060,
720575941477335092,IN19B091,
720575941477335348,IN01B034,
720575941477335860,IN21A038,
720575941477338420,IN21A047,
720575941477340212,INXXX837_f,sex_specific
720575941477342001,INXXX917_f,sex_specific
720575941477345076,IN01B065,
720575941477350452,IN21A001,
720575941477365044,IN16B033,
720575941477365812,IN03A045,
720575941477368372,IN17A090,
720575941477385834,IN20A.22A087,
720575941477395050,IN20A.22A015,
720575941477415473,INXXX233,
720575941477430833,IN14A086,
720575941477446762,IN12A035,
720575941477447530,IN12A035,
720575941477488234,IN21A043,
720575941477497312,IN06A086,
720575941477522206,IN07B059,
720575941477522794,INXXX837_f,sex_specific
720575941477547841,IN01A064,
720575941477548097,IN07B006,
720575941477552352,IN20A.22A067,
720575941477553376,IN19B067,
720575941477556289,IN17A028,
720575941477558337,IN12B074,
720575941477561568,INXXX468,
720575941477564993,IN01B049,
720575941477570784,IN13B058,
720575941477573344,IN16B069,
720575941477577440,IN00A036,
720575941477587777,IN12B024,
720575941477593665,INXXX234,
720575941477598432,IN11B018,
720575941477607648,IN08A016,
720575941477613024,IN19B090,
720575941477614560,IN20A.22A053,
720575941477615584,IN19B085,
720575941477616864,IN03B060,
720575941477623008,IN01A088,
720575941477626986,INXXX863_f,sex_specific
720575941477633760,IN20A.22A033,
720575941477647328,IN16B111,
720575941477664736,IN16B104,
720575941477666528,IN02A059,
720575941477668320,INXXX304,
720575941477668832,IN01B027,
720575941477693408,INXXX908_f,sex_specific
720575941477786417,INXXX377,dimorphic
720575941477820546,IN14A013,
720575941477830786,IN21A095,
720575941477849730,IN03B057,
720575941477856130,IN17A097,
720575941477858434,IN03B071,
720575941477863810,IN20A.22A021,
720575941477874818,IN11A032,
720575941477877122,IN03A088,
720575941477879426,IN06A057,
720575941477882754,IN12B088,
720575941477884802,IN18B020,
720575941477887139,IN12B071,
720575941477897346,IN19B040,
720575941477900930,IN09A026,
720575941477907842,IN16B117,
720575941477915522,IN05B064,
720575941477915956,IN10B055,
720575941477919618,IN06B072,
720575941477921601,IN13A012,
720575941477922369,IN20A.22A052,
720575941477927042,IN03B005,
720575941477927298,IN04B059,
720575941477941378,IN14A104,
720575941477943426,IN19A110,
720575941477947778,INXXX911_f,sex_specific
720575941477951618,INXXX363,
720575941477955491,IN19B105,
720575941477958563,INXXX382,dimorphic
720575941477996195,IN06B079,
720575941478003505,INXXX063,
720575941478057123,IN01A069,
720575941478089891,IN14A068,
720575941478091427,IN13A038,
720575941478092963,IN11A031,
720575941478100643,IN10B031,
720575941478101667,IN10B058,
720575941478103203,IN13A035,
720575941478105763,IN13B079,
720575941478109859,INXXX281,
720575941478117539,IN09A022,
720575941478119331,IN21A025,
720575941478132643,IN01B096,
720575941478168739,INXXX811_f,sex_specific
720575941478179235,IN07B076,
720575941478180515,IN07B079,
720575941478183843,INXXX909_f,sex_specific
720575941478184099,INXXX922_f,sex_specific
720575941478186147,IN01A043,dimorphic
720575941478194083,IN13A067,
720575941478226484,IN01B059,
720575941478248756,IN13A015,
720575941478269664,IN20A.22A017,
720575941478278942,IN18B046,dimorphic
720575941478279136,IN13A019,dimorphic
720575941478288864,IN04B081,
720575941478289376,IN16B111,
720575941478304992,IN13B050,
720575941478310624,IN20A.22A084,
720575941478385743,IN13B078,
720575941478390607,IN06A076,
720575941478392739,IN03A078,
720575941478393935,IN13B056,
720575941478397802,IN17A113,
720575941478398058,IN18B005,
720575941478399055,vMS12,dimorphic
720575941478399456,IN19A060,
720575941478399850,IN06B017,
720575941478400049,,
720575941478400561,,
720575941478402154,IN03A082,
720575941478402922,IN03A027,
720575941478403178,IN11A027,
720575941478405738,IN00A033,
720575941478416945,IN19A088,
720575941478428465,IN12B038,
720575941478444879,IN06B073,
720575941478467458,IN20A.22A073,
720575941478470735,IN13A047,
720575941478474114,GFC1,
720575941478475550,,
720575941478478927,IN03B064,
720575941478488143,IN03B058,
720575941478494338,IN13B014,
720575941478498846,INXXX394,dimorphic
720575941478509903,IN00A065,
720575941478519631,IN03B060,
720575941478522676,IN00A063,
720575941478523983,IN11A021,
720575941478527311,IN03A078,
720575941478529103,IN01A062,
720575941478539855,IN04B034,
720575941478544692,,
720575941478544719,IN16B099,
720575941478570014,,
720575941478570831,IN01B033,
720575941478578974,,
720575941478579791,IN09A072,
720575941478581839,IN13A047,
720575941478583582,IN01B021,
720575941478583887,IN01B065,
720575941478584143,IN09A062,
720575941478586398,,
720575941478589982,IN00A049,
720575941478598735,IN19B047,
720575941478608207,IN09A037,
720575941478608926,IN14A011,
720575941478614863,IN21A056,
720575941478617935,IN02A044,
720575941478620702,INXXX197,dimorphic
720575941478622750,IN07B029,
720575941478634831,IN06A083,
720575941478732451,IN16B059,
720575941478836801,IN19A020,
720575941478839203,IN14A107,
720575941478840032,IN12B037,
720575941478840641,IN14A002,
720575941478843872,IN03B042,
720575941478849857,IN04B053,
720575941478854721,IN01B033,
720575941478888099,IN12B030,
720575941478980226,IN09B053,
720575941478989633,,
720575941478998849,IN08A041,
720575941479003713,IN21A089,
720575941479015745,IN00A002,
720575941479026883,IN06A130,dimorphic
720575941479040591,IN11A007,
720575941479064771,IN26X003,
720575941479084227,INXXX883_f,sex_specific
720575941479094211,IN04B031,
720575941479098819,IN03B072,
720575941479117698,IN06B073,
720575941479123139,IN14A110,
720575941479129283,IN13B079,
720575941479133635,IN01B068,
720575941479139011,IN21A066,
720575941479139523,IN21A061,
720575941479153091,IN21A037,
720575941479160771,IN21A036,
720575941479162051,IN10B057,
720575941479167456,IN06A076,
720575941479168451,IN09A091,
720575941479171267,IN11A020,
720575941479174368,IN09A025,
720575941479176643,IN20A.22A024,
720575941479178208,IN01A030,
720575941479178691,IN09A084,
720575941479180512,IN04B054,
720575941479188192,IN06A067,
720575941479188960,INXXX916_f,sex_specific
720575941479189187,IN13A014,
720575941479189443,IN03B064,
720575941479189472,IN07B087,
720575941479195587,IN09A065,
720575941479196128,IN13B064,
720575941479210947,IN14B012,
720575941479216323,IN20A.22A049,
720575941479220163,IN20A.22A039,
720575941479224003,IN06A009,
720575941479241411,IN19A029,
720575941479243459,IN21A061,
720575941479257027,IN09A029,
720575941479258051,IN20A.22A073,
720575941479263683,INXXX448,
720575941479280352,IN07B061,dimorphic
720575941479289312,IN16B075,
720575941479291587,IN12B065,
720575941479369346,IN17A064,
720575941479392163,IN01B095,
720575941479396259,IN03A062,
720575941479442538,IN17A011,
720575941479445866,,
720575941479467650,IN00A049,
720575941479468162,IN20A.22A051,
720575941479473282,IN01B097,
720575941479474818,IN16B106,
720575941479505315,IN06A075,
720575941479516034,IN23B039,
720575941479519968,IN19A084,
720575941479548034,IN07B087,
720575941479580290,IN14A121,
720575941479588738,IN17A046,
720575941479595906,INXXX402,
720575941479598210,IN06A063,
720575941479603074,,
720575941479605122,IN12A021,dimorphic
720575941479649642,,
720575941479664234,,
720575941479721635,IN08B036,
720575941479726442,,
720575941479726755,IN13B058,
720575941479729059,IN19A093,
720575941479734179,IN00A005,
720575941479762794,,
720575941479796610,IN12B057,
720575941479800426,,
720575941479806058,IN14A066,
720575941479817066,IN13A021,
720575941479830947,IN12B032,
720575941479851683,IN04B049,
720575941479863491,IN07B103,
720575941479865539,IN20A.22A088,
720575941479870570,,
720575941479876003,INXXX448,
720575941479887267,IN04B066,
720575941479894979,IN12B056,
720575941479902371,IN13B011,
720575941479913635,IN19A052,
720575941479961312,IN12A058,
720575941480037315,IN14A078,
720575941480052960,IN20A.22A005,
720575941480070223,IN03A038,
720575941480073923,IN19B035,
720575941480094799,IN23B041,
720575941480096591,IN19B066,dimorphic
720575941480130946,IN02A015,
720575941480138882,IN10B057,
720575941480157263,INXXX350,dimorphic
720575941480158799,IN09A064,
720575941480217824,INXXX341,
720575941480223456,IN19A020,
720575941480226272,INXXX875_f,sex_specific
720575941480232160,IN13A010,
720575941480250080,IN14A042,
720575941480255200,INXXX341,
720575941480374726,IN19A096,
720575941480376774,IN20A.22A039,
720575941480378054,IN20A.22A024,
720575941480391366,IN13B027,
720575941480396998,IN16B014,
720575941480397254,IN16B055,
720575941480410822,IN19B091,
720575941480411846,INXXX385,
720575941480415939,IN06A094,
720575941480421283,IN03B001,
720575941480426950,IN08B008,
720575941480431814,IN09A050,
720575941480432582,IN08A037,
720575941480438214,IN03A067,
720575941480440262,IN03B073,
720575941480446918,IN05B089,
720575941480449699,IN12B068,
720575941480455878,IN20A.22A016,
720575941480457926,IN09A017,
720575941480470726,IN05B087,
720575941480474054,IN08A047,
720575941480490114,IN23B081,
720575941480494466,INXXX089,
720575941480494722,IN23B067,
720575941480501890,INXXX924_f,sex_specific
720575941480506307,IN09A093,
720575941480514434,IN13B073,
720575941480515714,IN07B065,
720575941480518786,IN13A005,
720575941480524162,IN14A046,
720575941480527234,INXXX446,dimorphic
720575941480529282,IN20A.22A040,
720575941480534658,IN14A014,
720575941480545154,IN23B051,
720575941480546690,IN14A013,
720575941480550018,IN06A094,
720575941480553602,IN06B083,
720575941480556674,INXXX331,
720575941480559746,IN03A084,
720575941480564866,IN17A028,
720575941480566095,IN07B075,
720575941480570242,IN23B033,
720575941480571334,IN23B060,
720575941480587906,IN08A022,
720575941480631170,INXXX101,
720575941480679363,IN12B031,
720575941480778915,IN14A076,
720575941480779171,IN12B029,
720575941480809891,INXXX239,
720575941480815267,IN03A051,
720575941480832186,IN09A077,
720575941480839098,IN16B121,
720575941480846266,IN09A046,
720575941480903866,IN02A054,
720575941480920003,IN19A070,
720575941480925891,IN20A.22A007,
720575941480931011,IN06A108,
720575941480941251,IN06A064,dimorphic
720575941480942787,IN19A079,
720575941480951235,INXXX971_f,sex_specific
720575941480961210,IN13A057,
720575941480964605,IN10B057,
720575941480966653,IN20A.22A073,
720575941480982979,IN14A108,
720575941480987066,IN06A138,
720575941480999904,IN09A066,
720575941481002938,IN00A030,
720575941481006522,IN12B074,
720575941481007034,IN07B080,
720575941481007299,IN14A024,
720575941481008323,IN13A041,
720575941481012989,IN07B066,
720575941481020925,IN12A057,
720575941481021181,IN05B080,
720575941481026301,IN04B098,
720575941481030586,IN17A106,
720575941481033213,IN20A.22A023,
720575941481036797,IN03B086,
720575941481041231,IN12A051,
720575941481041376,IN01B090,
720575941481043130,INXXX458,dimorphic
720575941481046351,INXXX281,
720575941481049085,IN03B064,
720575941481050447,IN08A012,
720575941481050877,IN11A021,
720575941481059258,IN16B084,
720575941481060794,IN03A067,
720575941481061629,IN12A062,
720575941481067773,IN10B057,
720575941481069698,INXXX319,
720575941481072893,IN13B078,
720575941481085693,IN01A079,
720575941481086205,IN19B091,
720575941481105405,IN01B045,
720575941481113597,IN07B076,
720575941481336288,IN14A020,
720575941481345475,INXXX281,
720575941481345731,IN03B045,
720575941481345987,IN19B013,
720575941481588934,IN06A075,
720575941481619680,IN13B011,
720575941481622458,IN09A034,
720575941481624143,INXXX158,
720575941481629370,IN20A.22A023,
720575941481655971,IN01A007,
720575941481697103,INXXX232,
720575941481764282,INXXX867_f,sex_specific
720575941481781667,IN10B050,
720575941481810255,IN13B021,
720575941481849763,IN11B013,
720575941481892035,IN07B083,
720575941481915471,IN20A.22A053,
720575941481934022,IN14A076,
720575941481936547,IN01B006,
720575941481938115,,
720575941481946563,IN06A074,
720575941481947075,IN17A028,
720575941481957315,IN09A064,
720575941481960131,IN21A002,
720575941481969091,IN01A083,
720575941481972931,IN20A.22A007,
720575941481979075,IN04B081,
720575941481989059,IN03A006,
720575941481990083,IN14A062,
720575941481991875,IN09A063,
720575941482000067,INXXX235,
720575941482004163,IN04B068,
720575941482015171,IN21A002,
720575941482015683,IN06A106,
720575941482018755,IN06B015,
720575941482019523,IN16B071,
720575941482021059,INXXX950_f,sex_specific
720575941482027203,INXXX446,dimorphic
720575941482028227,INXXX022,
720575941482028483,IN13A009,
720575941482029251,IN06A048,
720575941482040515,INXXX258,dimorphic
720575941482046150,IN23B028,
720575941482065862,IN12B065,
720575941482086854,IN04B038,
720575941482134947,IN07B006,
720575941482135203,,
720575941482137018,IN01A077,
720575941482139043,,
720575941482141091,,
720575941482141859,,
720575941482153635,IN01B027,
720575941482155427,,
720575941482164643,IN03A073,
720575941482167203,IN16B036,
720575941482173347,INXXX450,
720575941482188195,IN13A058,
720575941482200739,INXXX951_f,sex_specific
720575941482212605,IN06B035,
720575941482245318,IN12B018,
720575941482325071,IN23B045,
720575941482328399,,
720575941482335823,IN06B014,
720575941482381391,IN17A017,
720575941482388815,IN23B018,
720575941482398799,IN21A009,
720575941482438735,IN23B020,
720575941482448463,IN03A012,
720575941482449850,IN19A117,
720575941482475087,IN05B011,
720575941482476474,IN03A037,
720575941482478778,IN06B066,
720575941482518970,IN12A046,
720575941482557882,,
720575941482560186,IN04B036,
720575941482588346,IN14A033,
720575941482592954,IN07B044,
720575941482594383,IN20A.22A008,
720575941482680061,IN06B033,
720575941482712506,IN04B104,
720575941482751229,IN23B090,dimorphic
720575941482762950,IN11A022,
720575941482767869,IN17A090,
720575941482785021,IN08A021,
720575941482858691,IN01B023,
720575941482918586,IN11B019,
720575941482927814,IN13A050,
720575941482957766,INXXX306,dimorphic
720575941482969030,IN08A023,
720575941482975174,IN18B040,
720575941482984390,IN03A052,
720575941482987974,IN01A048,
720575941482994630,INXXX906_f,sex_specific
720575941483091139,IN07B104,
720575941483109818,,
720575941483139514,INXXX464,
720575941483290563,IN19B081,
720575941483302397,IN03A053,
720575941483326717,IN09A096,
720575941483355587,,
720575941483380163,,
720575941483478970,INXXX935_f,sex_specific
720575941483503290,IN09B051,
720575941483505082,IN21A018,
720575941483512506,,
720575941483513274,IN14A008,
720575941483529914,INXXX194,
720575941483530682,IN06A123,
720575941483533251,IN19B096,
720575941483534531,IN01A048,
720575941483537338,IN11A008,
720575941483538618,INXXX890_f,sex_specific
720575941483542714,INXXX078,
720575941483550138,IN10B016,
720575941483550650,IN09B005,
720575941483559875,IN16B097,
720575941483598787,IN05B033,
720575941483658749,IN00A011,
720575941483668989,INXXX306,dimorphic
720575941483673341,IN06A132,
720575941483675645,IN03A027,
720575941483681533,IN21A010,
720575941483682813,IN06A036,
720575941483691517,IN09A072,
720575941483692797,IN05B093,dimorphic
720575941483695869,IN14A106,
720575941483696381,IN12B044,
720575941483697149,IN03A075,
720575941483698173,IN03A033,
720575941483764621,IN11B019,
720575941483768461,IN21A104,
720575941483771714,IN17A060,
720575941483774786,IN14A052,
720575941483775298,IN06A087,
720575941483784258,IN00A051,
720575941483787405,IN06A054,
720575941483790146,IN20A.22A036,
720575941483790989,IN06B059,
720575941483800717,IN21A088,
720575941483803458,IN06B040,
720575941483818306,,
720575941483830338,IN08A034,
720575941483838349,INXXX138,
720575941483841090,IN03A045,
720575941483843906,IN12B052,
720575941483852866,IN00A012,
720575941483854146,IN01B102,
720575941483860290,IN13B065,
720575941483865922,IN09A070,
720575941483867277,INXXX315,
720575941483868346,IN17A044,
720575941483870530,IN16B119,
720575941483870605,IN20A.22A047,
720575941483884429,INXXX285,dimorphic
720575941483891386,IN03A013,
720575941484007686,IN03A046,
720575941484029446,IN06B079,
720575941484047622,IN00A025,
720575941484048390,IN06A075,
720575941484061958,IN16B091,
720575941484067334,IN01A052,
720575941484086534,IN03B057,
720575941484102918,IN01B093,
720575941484112902,IN19A114,
720575941484114182,INXXX304,
720575941484124934,IN19A099,
720575941484125702,IN12A061,
720575941484166342,INXXX241,
720575941484191686,,
720575941484194114,IN01B065,
720575941484218566,,
720575941484346621,dMS5,
720575941484356861,INXXX832_f,sex_specific
720575941484373645,IN19A054,
720575941484379389,IN02A055,
720575941484385789,IN07B028,
720575941484390978,IN19A102,
720575941484400070,,
720575941484403654,,
720575941484416198,,
720575941484416966,,
720575941484454086,IN23B017,
720575941484631037,IN12B056,
720575941484632573,IN07B096,dimorphic
720575941484663558,IN19B067,
720575941484680710,IN08B067,
720575941484811773,IN13B075,
720575941484818429,IN08A047,
720575941484909498,,
720575941484949946,IN12B049,
720575941484950202,,
720575941484955322,IN13A059,
720575941485024509,IN04B001,
720575941485025277,IN11A042,
720575941485035074,IN20A.22A076,
720575941485037378,IN12B073,
720575941485135426,IN17A081,
720575941485138896,IN00A057,
720575941485167824,IN20A.22A065,
720575941485179856,IN07B073,
720575941485181136,IN01A035,
720575941485186256,IN03B036,
720575941485190352,IN13A057,
720575941485196752,IN12A053,
720575941485217744,IN08B083,
720575941485242576,IN13B017,
720575941485254864,IN21A027,
720575941485260240,IN11B020,
720575941485267920,IN04B091,
720575941485274064,IN19A064,
720575941485286096,IN23B030,
720575941485288144,IN11B023,
720575941485316493,IN08A011,
720575941485321424,INXXX364,
720575941485321869,IN19B071,
720575941485322637,INXXX355,
720575941485358598,IN00A013,dimorphic
720575941485371021,IN03A028,
720575941485372045,IN03A069,
720575941485377602,IN03B060,
720575941485378626,IN19B058,
720575941485392269,IN03A065,
720575941485406274,IN02A044,
720575941485414541,INXXX238,
720575941485422221,IN19B023,
720575941485428290,IN23B084,
720575941485450562,IN10B058,
720575941485452685,IN19A048,
720575941485458754,IN06A023,
720575941485464130,,
720575941485487312,IN01B065,
720575941485592838,IN09A058,
720575941485593094,IN19A060,
720575941485638150,IN01A061,
720575941485671430,,
720575941485673478,INXXX268,
720575941485775110,IN19B056,
720575941485889232,IN20A.22A064,
720575941486038082,IN23B028,
720575941486089538,IN11B013,
720575941486128269,IN08A030,
720575941486380610,IN01A061,
720575941486402114,IN03A055,
720575941486423874,INXXX341,
720575941486424130,INXXX363,
720575941486437186,IN14A006,
720575941486437442,IN00A010,
720575941486451085,IN16B094,
720575941486459277,IN14A006,
720575941486465933,IN23B028,
720575941486466189,IN03B021,
720575941486469954,IN12B029,
720575941486470541,INXXX970_f,sex_specific
720575941486548230,INXXX909_f,sex_specific
720575941486548742,INXXX335,
720575941486552070,IN03A037,
720575941486557702,IN13B022,
720575941486560774,IN17A020,
720575941486573062,IN01A036,
720575941486575878,INXXX281,
720575941486579206,IN12B007,
720575941486581510,IN16B085,
720575941486581766,INXXX300,
720575941486785346,IN09A050,
720575941486828752,IN19A116,
720575941486839504,IN23B060,
720575941486845648,IN09A043,
720575941486846416,IN03B081,
720575941486866640,IN06A078,
720575941486871248,IN04B074,
720575941486872272,IN12B014,
720575941486873808,IN13A050,
720575941486876112,IN01A073,
720575941486894800,IN09A042,
720575941486908112,IN19A053,
720575941486936784,IN20A.22A055,
720575941486968326,IN03B024,dimorphic
720575941487011469,IN23B059,
720575941487285200,IN20A.22A033,
720575941487663669,IN14A074,
720575941487666242,,
720575941487667266,,
720575941487721990,INXXX814_f,sex_specific
720575941487746626,IN09A022,
720575941487749698,IN13B021,
720575941487783477,IN20A.22A092,
720575941487796533,IN16B052,
720575941487803910,INXXX095,
720575941487807440,IN12B059,
720575941487810101,IN19B038,
720575941487812304,IN05B070,
720575941487814352,INXXX228,dimorphic
720575941487815632,IN17A077,
720575941487822032,IN04B083,
720575941487825104,IN07B029,
720575941487828533,IN06B081,
720575941487829813,IN12B025,
720575941487830069,IN19A117,
720575941487834677,IN04B047,
720575941487841542,IN12B066,
720575941487843280,IN13A009,
720575941487848912,IN12B066,
720575941487849936,IN09A013,
720575941487850960,INXXX848_f,sex_specific
720575941487853877,IN19A106,
720575941487859462,IN13A003,
720575941487864528,IN09A019,
720575941487865296,IN26X002,
720575941487867856,IN17A100,
720575941487873488,INXXX466,
720575941487875024,IN09B008,
720575941487877328,IN18B017,
720575941487880656,IN13B014,
720575941487894224,IN04B036,
720575941487910608,IN07B039,
720575941487917776,IN02A010,
720575941487942608,IN01A024,
720575941487961094,IN04B096,
720575941488015312,IN18B049,
720575941488021510,IN13B075,
720575941488023605,IN09A096,
720575941488102857,IN13A034,
720575941488110537,IN01B079,
720575941488156361,IN06B069,
720575941488163785,IN21A063,
720575941488173001,IN06A116,
720575941488182217,IN13A018,
720575941488202697,IN10B028,
720575941488204233,IN04B014,
720575941488222665,IN19A091,
720575941488229577,IN23B043,
720575941488232137,IN03B091,
720575941488239817,INXXX452,dimorphic
720575941488267465,IN01B090,
720575941488269257,INXXX332,
720575941488318926,IN10B055,
720575941488337614,IN12B024,
720575941488392245,IN19A044,
720575941488395726,INXXX230,
720575941488404277,IN14A084,
720575941488404430,IN03B077,
720575941488408117,IN13B032,
720575941488408629,IN10B043,
720575941488408885,IN10B057,
720575941488413134,IN08A041,
720575941488418101,IN01B020,
720575941488419022,IN16B099,
720575941488419790,IN08A017,
720575941488422965,IN03A025,
720575941488429109,IN01A061,
720575941488433870,IN11B001,
720575941488446158,IN01B090,
720575941488452046,IN16B090,
720575941488475598,IN08B087,
720575941488478414,IN19A051,
720575941488506318,IN19A069,
720575941488512462,IN08A030,
720575941488512974,IN01A059,
720575941488518350,IN13B091,
720575941488530382,IN19A109,
720575941488531662,IN03B066,
720575941488534734,IN23B018,
720575941488542414,IN04B097,
720575941488543694,IN10B057,
720575941488548302,IN03A084,
720575941488553422,IN16B020,
720575941488559564,IN19A069,
720575941488580814,IN20A.22A064,
720575941488598990,IN08A031,
720575941488675276,IN07B086,
720575941488698572,IN01A038,
720575941488732876,IN12A050,
720575941488740044,IN03B058,
720575941488741068,IN12B025,
720575941488743884,IN08A026,
720575941488750540,IN16B101,
720575941488755148,IN12A063,
720575941488758988,IN19A061,
720575941488772044,IN19A060,
720575941488772300,IN13A051,
720575941488780492,IN14A081,
720575941488788428,IN05B087,
720575941488809676,INXXX333,dimorphic
720575941488811468,IN18B042,
720575941488905168,IN11B018,
720575941488983271,IN04B011,
720575941489006823,IN00A022,
720575941489010151,IN03A096,
720575941489014247,IN11A032,
720575941489037031,IN19B077,
720575941489038311,IN07B081,
720575941489040871,IN11B005,
720575941489041127,IN08B104,
720575941489053415,IN19A126,
720575941489056231,IN19A106,
720575941489071335,IN00A054,
720575941489089255,IN19B037,
720575941489092327,IN17A080,
720575941489099495,IN14A023,
720575941489116391,IN00A053,
720575941489128679,IN01A079,
720575941489130471,IN09A030,
720575941489250505,IN14A026,
720575941489304528,IN14A097,
720575941489307344,,
720575941489308213,IN13A051,
720575941489314613,IN21A035,
720575941489315024,IN03A060,
720575941489316149,IN21A042,
720575941489316661,IN01A062,
720575941489320757,IN12A060,
720575941489322805,IN04B084,
720575941489335753,IN18B055,dimorphic
720575941489342005,IN20A.22A076,
720575941489344309,IN19A071,
720575941489344821,IN12B075,
720575941489345589,IN04B011,
720575941489378761,IN03A013,
720575941489387061,IN16B075,
720575941489388236,IN19B067,
720575941489405132,IN08A049,
720575941489406005,IN18B054,
720575941489407692,IN23B092,dimorphic
720575941489425461,IN02A038,
720575941489434421,IN13B090,
720575941489452341,IN13B070,
720575941489661897,IN06A067,
720575941489662921,IN08A046,
720575941489670857,IN13B045,
720575941489677001,IN11B013,
720575941489679049,INXXX428,
720575941489680329,INXXX390,
720575941489685961,IN06A102,
720575941489698249,IN21A032,
720575941489733584,IN06B015,
720575941489738185,IN21A056,
720575941489740519,IN19A090,
720575941489742030,IN16B097,
720575941489744359,INXXX247,
720575941489746151,IN01A035,
720575941489746663,IN12A062,
720575941489750247,IN06A083,
720575941489763017,IN04B031,
720575941489773769,IN20A.22A074,
720575941489801676,GFC3,
720575941489819081,IN11B013,
720575941489860583,IN04B105,
720575941489937358,IN13B044,
720575941490074569,IN21A024,
720575941490075081,IN21A010,
720575941490085941,IN09B045,
720575941490091061,INXXX266,dimorphic
720575941490092238,IN20A.22A059,
720575941490107598,INXXX446,dimorphic
720575941490110414,IN23B036,
720575941490122702,IN03A065,
720575941490160590,IN19B094,
720575941490165198,IN23B074,
720575941490166990,IN23B047,
720575941490176462,,
720575941490220750,IN19B058,
720575941490221262,,
720575941490225102,,
720575941490234933,IN14A068,
720575941490245070,IN08B060,
720575941490249932,INXXX387,dimorphic
720575941490266828,INXXX204,
720575941490267854,IN01A045,
720575941490286030,IN20A.22A056,
720575941490295756,IN02A037,
720575941490303719,IN01A007,
720575941490356428,IN14A095,
720575941490387148,IN03A012,
720575941490407989,IN04B068,
720575941490409013,IN16B108,
720575941490412007,IN16B065,
720575941490412748,IN06A134,
720575941490412853,IN21A083,
720575941490413621,IN12A013,
720575941490414133,IN09A003,
720575941490414389,IN03A072,
720575941490414645,IN21A003,
720575941490422069,IN02A054,
720575941490438965,IN23B043,
720575941490465484,IN21A102,
720575941490471884,IN08B082,
720575941490628839,IN12B052,
720575941490637799,IN03A059,
720575941490638823,IN12B088,
720575941490639591,IN04B094,
720575941490647527,IN19A094,
720575941490650313,IN08A026,
720575941490661296,IN06A059,
720575941490670025,IN23B043,
720575941490670793,IN19A024,
720575941490688201,INXXX273,dimorphic
720575941490693065,IN17A084,
720575941490713033,IN09A003,
720575941490726631,IN03A075,
720575941490730160,IN01B015,
720575941490759600,IN12B058,
720575941490775216,IN13A055,
720575941490785712,IN12A058,
720575941490787785,,
720575941490803888,IN19B091,
720575941490804656,IN03B060,
720575941490806960,IN09A048,
720575941490808752,IN01A067,
720575941490813872,IN11A028,
720575941490830055,IN21A063,
720575941490833072,IN08B087,
720575941490843367,IN01B083,
720575941490855600,IN20A.22A082,
720575941490856880,IN03B080,
720575941490860464,IN04B070,
720575941490876592,IN21A102,
720575941490936521,INXXX073,
720575941491016167,IN03A048,
720575941491068725,IN20A.22A021,
720575941491082702,IN14A110,
720575941491085518,INXXX382,dimorphic
720575941491089870,IN16B045,
720575941491097550,INXXX403,
720575941491097806,IN04B080,
720575941491101134,IN23B022,
720575941491104718,IN04B007,
720575941491107534,IN14A040,
720575941491109070,INXXX243,dimorphic
720575941491116238,IN20A.22A060,
720575941491129038,IN00A008,
720575941491129294,INXXX192,dimorphic
720575941491136718,IN18B042,
720575941491145525,IN02A029,
720575941491274697,IN18B045,
720575941491289033,IN11A019,
720575941491325644,IN01B025,
720575941491326924,IN06A084,
720575941491334348,IN03A029,
720575941491337932,INXXX360,dimorphic
720575941491338441,IN11A043,
720575941491344588,INXXX421,dimorphic
720575941491346124,IN19A045,
720575941491348684,IN04B022,
720575941491350732,IN08A035,
720575941491354828,INXXX268,
720575941491364149,INXXX230,
720575941491506997,IN23B005,
720575941491576039,INXXX811_f,sex_specific
720575941491580391,IN06A120,dimorphic
720575941491601383,IN01B057,
720575941491602407,INXXX968_f,sex_specific
720575941491610599,IN20A.22A056,
720575941491618023,IN06B065,
720575941491619273,IN13B005,
720575941491624423,IN01A031,
720575941491625959,IN05B031,
720575941491626215,IN13A007,
720575941491626727,IN08B056,
720575941491628263,,
720575941491633127,IN19A083,
720575941491634663,IN03A045,
720575941491639271,IN03A067,
720575941491640551,IN09B006,
720575941491651559,IN02A019,
720575941491671783,IN06B070,
720575941491715637,,
720575941491786444,IN03A061,
720575941491903152,IN07B048,
720575941491946953,,
720575941491956172,IN02A067,
720575941491974601,IN01B002,
720575941491974857,IN20A.22A005,
720575941491983305,IN09A072,
720575941492072137,INXXX297,dimorphic
720575941492154062,IN18B051,
720575941492183728,IN16B091,
720575941492196272,IN17A044,
720575941492197808,INXXX922_f,sex_specific
720575941492198832,IN12B069,
720575941492200368,IN13A019,dimorphic
720575941492252620,INXXX287,
720575941492253566,IN10B044,
720575941492255692,,
720575941492263294,IN06B085,
720575941492271536,IN10B040,
720575941492284286,IN11B004,dimorphic
720575941492286078,IN21A085,
720575941492303998,IN12A059,
720575941492308606,IN03B066,
720575941492309374,IN01B024,
720575941492314032,IN20A.22A066,
720575941492314750,IN09A049,
720575941492315312,IN11A009,
720575941492318128,IN03B090,
720575941492324528,IN13A017,
720575941492331440,INXXX443,dimorphic
720575941492332158,IN13A062,
720575941492350078,IN12A007,
720575941492350590,IN16B068,
720575941492351870,IN13A025,
720575941492354174,IN12A063,
720575941492355966,IN13B102,
720575941492360574,IN19A105,
720575941492364414,IN04B092,
720575941492373479,IN02A057,
720575941492384894,IN03A096,
720575941492391628,,
720575941492398540,,
720575941492413054,IN06A070,
720575941492421502,IN09A068,
720575941492421758,IN16B055,
720575941492426366,IN01B082,
720575941492429182,IN09B044,
720575941492431742,IN01B044,
720575941492434558,IN20A.22A036,
720575941492436094,IN03A062,
720575941492441036,INXXX879_f,sex_specific
720575941492446078,IN03B090,
720575941492446846,IN16B075,
720575941492457086,IN01B091,
720575941492458622,IN01B080,
720575941492463486,IN20A.22A008,
720575941492463742,IN10B055,
720575941492471678,IN05B057,
720575941492475598,IN13B078,
720575941492486350,,
720575941492492494,IN08A036,
720575941492492670,IN19B095,
720575941492501710,IN21A012,
720575941492504270,IN20A.22A006,
720575941492506062,IN03A071,
720575941492510590,IN20A.22A047,
720575941492512126,IN20A.22A048,
720575941492527310,IN14A119,
720575941492543950,,
720575941492551886,IN18B013,dimorphic
720575941492626380,IN14A109,
720575941492644556,,
720575941492648140,IN13B013,
720575941492655308,,
720575941492662910,IN01B046,
720575941492956903,,
720575941493016551,IN18B042,
720575941493025511,,
720575941493067495,IN20A.22A008,
720575941493121255,,
720575941493136615,IN23B072,
720575941493138663,IN09A033,
720575941493152487,IN09A022,
720575941493154279,,
720575941493159655,,
720575941493165799,IN09A044,
720575941493184231,INXXX035,
720575941493199042,,
720575941493279152,IN14A108,
720575941493294256,IN12B056,
720575941493299376,IN06A074,
720575941493308080,IN08B064,
720575941493320368,IN07B009,
720575941493320880,INXXX876_f,sex_specific
720575941493322928,GFC3,
720575941493325232,INXXX221,
720575941493327024,INXXX297,dimorphic
720575941493349831,IN21A078,
720575941493352391,IN21A051,
720575941493396167,IN01B095,
720575941493410503,IN13B050,
720575941493440199,IN19A009,
720575941493443015,IN17A078,
720575941493446343,IN06A116,
720575941493480391,IN14A018,
720575941493488583,IN01B060,
720575941493492935,IN03A057,
720575941493494471,IN19A113,
720575941493541063,IN21A014,
720575941493766855,IN06A034,
720575941493944958,IN20A.22A057,
720575941493946238,IN13A065,
720575941493949310,IN19A124,
720575941493955710,IN04B084,
720575941493970814,IN03A085,
720575941494008702,IN23B037,
720575941494009982,IN14A044,
720575941494020734,IN19A118,
720575941494021760,IN06A022,
720575941494052992,IN06A042,
720575941494056832,IN13B096,
720575941494066558,IN01B026,
720575941494078848,IN10B043,
720575941494083712,IN14A034,
720575941494121344,IN13B032,
720575941494137728,IN13A046,
720575941494144199,IN11B016,
720575941494144896,IN03A089,
720575941494145735,IN20A.22A092,
720575941494149248,IN14A110,
720575941494151552,IN09A064,
720575941494155648,IN16B030,
720575941494160256,INXXX872_f,sex_specific
720575941494161024,IN20A.22A015,
720575941494164608,IN09B047,
720575941494172544,IN19A106,
720575941494182526,IN20A.22A018,
720575941494375294,IN23B079,
720575941494501296,,
720575941494511047,IN04B080,
720575941494565831,IN03B064,
720575941494614727,IN06B059,
720575941494635184,IN13B006,
720575941494699646,INXXX897_f,sex_specific
720575941494699719,IN13B027,
720575941494733767,IN03B078,
720575941494740679,IN01B016,
720575941494765511,IN20A.22A078,
720575941494766464,IN05B090,
720575941494841470,,
720575941494903422,IN02A030,
720575941494934142,IN01A082,
720575941494939262,INXXX347,
720575941494950782,IN04B057,
720575941494961534,IN14A001,
720575941494962558,INXXX121,dimorphic
720575941494969726,IN00A056,
720575941494973895,IN06A063,
720575941494974919,IN07B073,
720575941494981246,INXXX129,dimorphic
720575941494983806,IN06B008,
720575941494984647,IN03A052,
720575941494991047,IN03B083,
720575941494992583,IN00A053,
720575941495093447,IN06A135,
720575941495131079,IN07B099,
720575941495133127,IN09A012,
720575941495281024,IN04B036,
720575941495309696,,
720575941495356286,IN03B008,
720575941495390848,IN14A089,
720575941495392640,IN14A081,
720575941495458939,IN13A028,
720575941495495547,IN06A011,
720575941495496315,IN19A110,
720575941495546235,IN20A.22A073,
720575941495559291,IN02A043,
720575941495591291,IN06A019,
720575941495592571,IN06A094,
720575941495599483,IN05B088,
720575941495618939,IN01A063,
720575941495621499,IN21A077,
720575941495634816,GFC4,
720575941495635579,IN06A056,
720575941495642752,IN03A071,
720575941495655803,IN09A068,
720575941495662720,IN20A.22A026,
720575941495662971,IN12A050,
720575941495663232,IN17A057,
720575941495663488,IN19A016,
720575941495665787,IN14A013,
720575941495682683,IN08A047,
720575941495689339,IN08B093,
720575941495697531,IN13A043,
720575941495700352,IN19A073,
720575941495701115,IN06B073,
720575941495704443,IN04B092,
720575941495711099,INXXX394,dimorphic
720575941495728507,IN20A.22A049,
720575941495733115,INXXX336,
720575941495965895,IN07B033,
720575941495966919,IN19A098,
720575941495973831,IN12B052,
720575941495988167,IN23B055,
720575941495994055,IN03A071,
720575941496015559,IN08A043,
720575941496031561,IN02A036,
720575941496042057,IN19A067,
720575941496045129,IN12B063,
720575941496047433,IN08B078,
720575941496079433,IN09A072,
720575941496088446,IN26X002,
720575941496132065,IN10B058,
720575941496142921,IN03B089,
720575941496146657,IN12A018,
720575941496155465,IN09A039,
720575941496156489,INXXX812_f,sex_specific
720575941496162377,IN07B087,
720575941496162633,IN20A.22A065,
720575941496165499,IN16B124,
720575941496186081,IN20A.22A039,
720575941496197089,IN07B073,
720575941496210249,IN01B072,
720575941496222945,IN11B017,
720575941496227041,IN06B038,
720575941496237281,IN21A076,
720575941496243579,IN20A.22A049,
720575941496246395,INXXX288,
720575941496247265,IN20A.22A054,
720575941496249057,IN00A038,
720575941496253819,IN01A030,
720575941496256481,IN20A.22A057,
720575941496266569,IN09A016,
720575941496268361,IN19B003,
720575941496273633,IN04B101,
720575941496278398,IN03B067,
720575941496284489,IN03B074,
720575941496286025,IN20A.22A085,
720575941496288073,INXXX429,
720575941496289609,IN06A061,
720575941496294217,IN08A026,
720575941496299593,IN11B021,
720575941496304969,IN12B079,
720575941496305225,IN05B085,
720575941496309833,IN13A062,
720575941496314697,IN19A003,
720575941496318793,IN07B098,
720575941496322529,IN01A072,
720575941496337121,IN09A057,
720575941496338145,IN04B112,
720575941496346953,IN09A043,
720575941496348489,INXXX932_f,sex_specific
720575941496349769,IN20A.22A073,
720575941496350177,IN20A.22A030,
720575941496356577,IN16B071,
720575941496357601,IN03B083,
720575941496358526,,
720575941496362366,,
720575941496364769,IN09A090,
720575941496367230,,
720575941496370814,IN07B006,
720575941496374142,IN17B004,
720575941496443361,IN21A077,
720575941496474953,IN16B055,
720575941496600519,IN13B033,
720575941496614528,IN14A054,
720575941496628679,IN01A073,
720575941496628864,IN08A026,
720575941496630400,IN08A006,
720575941496632192,IN09A073,
720575941496635008,IN12B048,
720575941496638592,IN06B029,
720575941496644224,IN20A.22A006,
720575941496646784,IN05B032,
720575941496647808,IN23B089,
720575941496654720,IN09A076,
720575941496655232,IN20A.22A024,
720575941496666496,IN01A019,
720575941496667264,INXXX854_f,sex_specific
720575941496667776,IN16B075,
720575941496677760,IN02A049,
720575941496687815,IN13A025,
720575941496697472,INXXX181,dimorphic
720575941496701056,IN20A.22A008,
720575941496702336,IN07B029,
720575941496702848,IN18B037,
720575941496703104,IN16B036,
720575941496803234,IN06A011,
720575941496829346,IN12B022,
720575941496830370,w-cHIN,
720575941496852642,IN00A017,
720575941496858953,IN05B038,
720575941496878498,IN06A016,
720575941496892066,IN08A023,
720575941496915618,IN11B017,
720575941496916859,IN06A106,
720575941496927906,IN10B042,
720575941496948297,IN19B057,
720575941496949410,IN16B069,
720575941496950178,IN19A073,
720575941496957346,IN00A040,
720575941496959817,IN19A065,
720575941496969634,IN06A059,
720575941496972450,IN03A076,
720575941496977058,IN20A.22A009,
720575941496990882,IN09A072,
720575941496994017,IN00A053,
720575941497004450,IN12B037,
720575941497009058,IN06B008,
720575941497014946,IN17A042,
720575941497015458,IN20A.22A037,
720575941497075072,IN23B046,
720575941497092169,IN12B014,
720575941497180871,,
720575941497211042,IN21A098,
720575941497278587,IN13A055,
720575941497290875,IN09A084,
720575941497292923,IN20A.22A021,
720575941497293435,IN13A036,
720575941497302400,INXXX409,
720575941497312162,,
720575941497334907,IN23B033,
720575941497338491,IN10B038,
720575941497347783,IN12B048,
720575941497354624,IN23B063,
720575941497397115,IN23B071,
720575941497397191,INXXX302,dimorphic
720575941497399239,IN05B011,
720575941497441353,IN08A031,
720575941497531617,IN23B074,
720575941497641953,IN20A.22A048,
720575941497645537,IN12B072,
720575941497654656,IN17A052,
720575941497713058,IN10B042,
720575941497723298,IN07B099,
720575941497725090,IN23B086,
720575941497735586,IN19A110,
720575941497782144,IN23B032,
720575941497827041,IN08A021,
720575941497835081,IN20A.22A008,
720575941497836001,IN08A019,
720575941497853513,IN16B050,
720575941497865088,,
720575941497884288,IN04B101,
720575941497887817,IN19B070,
720575941497889097,IN08B064,
720575941497909833,IN23B012,dimorphic
720575941497917001,IN13A005,
720575941497967841,IN10B032,
720575941498001993,INXXX943_f,sex_specific
720575941498003584,IN14A020,
720575941498007625,IN16B030,
720575941498017097,,
720575941498037065,IN13A004,
720575941498046537,INXXX904_f,sex_specific
720575941498051200,IN05B010,
720575941498286242,IN03B084,
720575941498347904,,
720575941498378825,IN03A019,
720575941498379337,IN11B009,
720575941498429563,IN21A022,
720575941498433915,IN06B070,
720575941498438779,IN07B068,
720575941498459259,IN14A010,
720575941498465147,INXXX257,
720575941498466939,INXXX332,
720575941498468731,IN02A011,
720575941498470267,IN01B095,
720575941498471291,IN21A029,
720575941498475131,INXXX845_f,sex_specific
720575941498480251,IN09B006,
720575941498482043,IN19A017,
720575941498482299,IN26X003,
720575941498493307,INXXX910_f,sex_specific
720575941498493563,IN12B071,
720575941498493819,IN20A.22A077,
720575941498494331,INXXX217,dimorphic
720575941498628514,INXXX957_f,sex_specific
720575941498632098,IN10B032,
720575941498634402,IN13A061,
720575941498635426,IN20A.22A084,
720575941498640546,INXXX407,dimorphic
720575941498640802,IN09A043,
720575941498642850,IN20A.22A024,
720575941498657954,IN01A088,
720575941498662818,INXXX454,dimorphic
720575941498696354,IN08B051,
720575941498765129,IN06B082,
720575941498803874,IN01A017,
720575941498819234,IN06B030,
720575941498908066,IN23B005,
720575941498932347,IN04B027,
720575941498935777,IN27X014,
720575941498936033,IN03A083,
720575941498948425,dMS10,
720575941498948681,IN01B027,
720575941498958409,INXXX290,dimorphic
720575941498958665,IN19A046,
720575941498965577,INXXX443,dimorphic
720575941498965985,INXXX359,
720575941498971105,IN17B004,
720575941498971977,INXXX161,dimorphic
720575941498974433,IN13B012,
720575941498979657,IN02A054,
720575941498983497,INXXX011,
720575941498985033,IN07B065,
720575941498989897,IN19A057,
720575941499291531,IN13A028,
720575941499296907,IN03A033,
720575941499370635,IN01A067,
720575941499404683,IN08A043,
720575941499414155,IN23B059,
720575941499417227,IN00A041,
720575941499420555,IN17A048,
720575941499424395,IN02A049,
720575941499426699,IN08B080,
720575941499441291,IN19B090,
720575941499447691,IN19B023,
720575941499467915,INXXX197,dimorphic
720575941499483531,IN01B016,
720575941499494306,IN16B034,
720575941499537993,IN09B038,
720575941499544715,IN03A011,
720575941499599227,,
720575941499605577,INXXX345,
720575941499607521,IN03A038,
720575941499679867,,
720575941499686818,IN19A016,
720575941499725986,IN12A053,
720575941499744162,IN16B093,
720575941499749026,IN12B044,
720575941499750818,IN06B071,
720575941499761058,IN19B058,
720575941499762082,IN06B073,
720575941499766690,IN17A058,
720575941499770530,IN12B003,
720575941499798178,INXXX269,
720575941499825275,,
720575941499849083,IN03B042,
720575941499853537,IN01A073,
720575941499858505,IN13B057,
720575941499858555,INXXX436,
720575941500006539,IN23B071,
720575941500036577,IN03A087,
720575941500044617,,
720575941500054601,INXXX360,dimorphic
720575941500195657,IN02A049,
720575941500215777,IN13A005,
720575941500263842,INXXX233,
720575941500265545,IN09B048,
720575941500288073,IN09A087,
720575941500320481,IN01B003,
720575941500322785,IN09B008,
720575941500357193,,
720575941500785643,IN16B041,
720575941500845035,IN11B014,
720575941500850571,IN02A015,
720575941500884130,IN03B055,
720575941500889250,IN18B046,dimorphic
720575941500898795,IN03B060,
720575941500900331,IN23B041,
720575941500902635,IN14A100,
720575941500904427,IN12B053,
720575941500919275,IN07B102,
720575941500930955,IN07B064,
720575941500939170,INXXX887_f,sex_specific
720575941500940939,IN12B079,
720575941500951383,GFC1,
720575941500955115,INXXX258,dimorphic
720575941500963211,IN17B006,
720575941500963307,IN16B099,
720575941500964183,IN09A017,
720575941500968331,IN08A037,
720575941500983019,IN11B014,
720575941500985943,IN06A088,
720575941500995051,IN19B034,
720575941500995467,IN17A093,
720575941501002731,IN21A022,
720575941501003499,IN01B077,
720575941501026283,IN17A081,
720575941501027159,IN08A044,
720575941501032683,IN02A049,
720575941501038498,IN19A051,
720575941501040363,IN09B054,
720575941501041643,IN06A082,
720575941501043179,IN04B067,
720575941501047787,IN21A073,
720575941501051627,IN20A.22A076,
720575941501055211,IN03B092,
720575941501055467,IN14A087,
720575941501059723,IN14A038,
720575941501080482,,
720575941501089259,IN03A064,
720575941501092951,IN04B031,
720575941501103959,IN00A064,
720575941501124439,IN06B082,
720575941501129047,IN03B061,
720575941501135191,IN14B004,
720575941501136215,IN10B058,
720575941501182551,IN13A063,
720575941501189463,IN20A.22A088,
720575941501207383,IN12B037,
720575941501224279,IN02A053,
720575941501229143,IN13B006,
720575941501250647,INXXX217,dimorphic
720575941501304738,INXXX357,dimorphic
720575941501319842,,
720575941501328290,INXXX290,dimorphic
720575941501345698,IN08A036,
720575941501346978,IN16B020,
720575941501352535,IN13B006,
720575941501353378,IN23B093,
720575941501369250,IN23B047,
720575941501559787,IN20A.22A024,
720575941501702338,IN20A.22A049,
720575941501707714,IN03A038,
720575941501714370,IN12B066,
720575941501715906,IN11A027,
720575941501721138,w-cHIN,
720575941501748274,IN03A030,
720575941501757323,IN23B072,
720575941501774018,IN21A058,
720575941501785538,IN19A088,
720575941501786930,IN12A061,
720575941501787330,IN13A053,
720575941501800642,IN03A039,
720575941501802178,IN20A.22A039,
720575941501802434,IN08B083,
720575941501802802,IN20A.22A059,
720575941501805655,IN19B080,
720575941501807191,IN19A088,
720575941501815490,IN03A045,
720575941501821378,IN13B064,
720575941501827307,IN09A026,
720575941501832130,IN08A033,
720575941501837506,IN06B079,
720575941501842626,IN06B066,
720575941501843394,IN06B017,
720575941501845554,IN00A054,
720575941501848626,INXXX997_f,sex_specific
720575941501850562,IN12B030,
720575941501874738,IN19A024,
720575941501884610,IN06A022,
720575941501885122,IN09A094,
720575941501886146,IN00A018,
720575941501887426,IN19A106,
720575941501891122,IN19A111,
720575941501892546,IN06A126,
720575941501898290,IN12B081,
720575941501900738,IN13B096,
720575941501903154,IN12A061,
720575941501912114,IN11A008,
720575941501920962,IN12B025,
720575941501921586,IN14A066,
720575941501933250,IN21A051,
720575941501934642,IN19A082,
720575941501944514,IN20A.22A066,
720575941501945026,IN01B078,
720575941501945138,IN06A106,
720575941501953730,IN06B070,
720575941501961410,IN02A058,
720575941501965106,IN01B039,
720575941501984139,IN10B058,
720575941501984651,IN06B012,
720575941501990283,GFC3,
720575941501996683,IN19B077,
720575941502007691,IN08A043,
720575941502012811,IN03B079,
720575941502017163,IN11A020,
720575941502033547,INXXX395,dimorphic
720575941502037643,IN21A018,
720575941502040971,IN13B013,
720575941502043531,IN01A074,
720575941502163947,IN14A110,
720575941502199275,IN20A.22A091,
720575941502210098,IN14A118,
720575941502217451,IN04B100,
720575941502276491,IN06B064,
720575941502303831,GFC3,
720575941502333634,IN09A039,
720575941502510059,IN06A063,
720575941502510315,IN06A120,dimorphic
720575941502534635,IN16B058,
720575941502541291,IN04B101,
720575941502553538,IN06A117,
720575941502554050,IN06A104,
720575941502559426,IN19A059,
720575941502561218,IN20A.22A069,
720575941502573803,IN04B044,
720575941502574315,IN04A002,
720575941502578411,IN07B086,
720575941502635243,IN07B009,
720575941502642994,IN13A047,
720575941502652907,,
720575941502694635,IN04B053,
720575941502698475,INXXX284,
720575941502719627,IN13A035,
720575941502780759,IN02A056,
720575941502805591,IN14A024,
720575941502832215,IN21A079,
720575941502859351,IN04B059,
720575941502868823,IN07B094,
720575941502877527,IN12B056,
720575941502878295,INXXX315,
720575941502884183,INXXX206,
720575941502890583,IN20A.22A045,
720575941503039426,IN01B039,
720575941503082802,IN03B016,
720575941503104706,IN10B059,
720575941503119154,IN08A048,
720575941503132722,IN13B079,
720575941503135538,IN14A114,
720575941503173867,IN23B067,
720575941503175218,IN01B023,
720575941503251595,IN17A052,
720575941503257227,,
720575941503299132,IN03A018,
720575941503389093,IN13A050,
720575941503400764,IN14A060,
720575941503413387,IN07B061,dimorphic
720575941503415717,IN00A053,
720575941503418172,IN03A056,
720575941503420581,IN06A075,
720575941503420866,IN21A006,
720575941503440578,IN20A.22A089,
720575941503443138,IN04B064,
720575941503448002,IN20A.22A036,
720575941503451301,w-cHIN,
720575941503454187,IN20A.22A016,
720575941503455467,IN11A015,
720575941503456139,IN05B094,
720575941503458283,IN03A040,
720575941503461436,IN05B089,
720575941503462460,IN03B054,
720575941503464587,IN09A002,
720575941503466917,IN13B036,
720575941503467429,IN20A.22A077,
720575941503468604,IN13A062,
720575941503469035,IN06A018,
720575941503477739,IN13B032,
720575941503486699,IN14A095,
720575941503489515,IN07B029,
720575941503497154,IN03A025,
720575941503499755,IN11B017,
720575941503500594,IN01B010,
720575941503503676,IN19A064,
720575941503504956,IN13B039,
720575941503507947,IN00A017,
720575941503508018,IN20A.22A025,
720575941503509227,IN06A012,
720575941503510834,IN04B082,
720575941503517234,IN04B073,
720575941503518002,IN09A079,
720575941503519794,IN21A013,
720575941503520235,IN14B005,
720575941503522364,IN02A057,
720575941503523051,IN08A035,
720575941503526891,IN12A009,dimorphic
720575941503526962,INXXX295,
720575941503527228,IN14A066,
720575941503527403,INXXX149,dimorphic
720575941503527484,IN10B042,
720575941503528498,IN13A008,
720575941503529195,IN00A014,
720575941503530731,IN23B018,
720575941503530987,IN06A067,
720575941503534140,IN09A074,
720575941503536956,IN01B099,
720575941503539516,INXXX874_f,sex_specific
720575941503550373,IN04B046,
720575941503562946,INXXX306,dimorphic
720575941503566757,IN20A.22A033,
720575941503566898,IN23B056,
720575941503572133,IN16B036,
720575941503583938,IN12B057,
720575941503592613,IN13A060,
720575941503596197,IN11A007,
720575941503600834,,
720575941503601573,IN17A022,
720575941503606066,IN08B060,
720575941503624242,INXXX875_f,sex_specific
720575941503633829,IN03A065,
720575941503634597,IN09A086,
720575941503638181,IN01B079,
720575941503638578,IN08B078,
720575941503643813,IN19A117,
720575941503644581,IN09A064,
720575941503657522,IN00A043,
720575941503657893,IN04B015,
720575941503658661,IN08A026,
720575941503659970,IN19B105,
720575941503663154,IN01A065,
720575941503667109,IN06B066,
720575941503675813,INXXX858_f,sex_specific
720575941503682213,IN01B084,
720575941503689303,IN06A006,
720575941503689893,IN20A.22A049,
720575941503698994,IN13A065,
720575941503699543,IN12B011,
720575941503702871,INXXX968_f,sex_specific
720575941503704151,IN12B044,
720575941503710551,IN01A073,
720575941503713879,IN02A058,
720575941503715927,IN01A079,
720575941503716951,IN14A118,
720575941503790530,IN03A027,
720575941503985495,INXXX063,
720575941504039618,IN11A031,
720575941504065259,INXXX452,dimorphic
720575941504127723,IN13A029,
720575941504134981,IN06A011,
720575941504201125,INXXX862_f,sex_specific
720575941504229911,IN19B054,
720575941504235031,IN17A103,
720575941504247575,IN17A001,
720575941504249623,IN09A028,
720575941504279831,IN20A.22A092,
720575941504297541,IN20A.22A080,
720575941504308503,INXXX350,dimorphic
720575941504327447,IN20A.22A036,
720575941504328773,IN16B065,
720575941504343365,IN12B013,
720575941504343895,IN02A033,
720575941504361239,IN06B036,
720575941504365079,IN14A023,
720575941504365847,IN17A091,
720575941504366359,IN20A.22A059,
720575941504381463,IN19A082,
720575941504381975,GFC2,
720575941504382999,IN08A006,
720575941504386327,IN06B059,
720575941504389655,IN06A039,
720575941504390213,IN08B085,
720575941504394775,IN01B089,
720575941504397125,IN06A136,
720575941504412951,IN20A.22A060,
720575941504413890,IN02A030,
720575941504418373,IN13A021,
720575941504424130,IN05B072,
720575941504424517,IN17A071,
720575941504425239,IN19A020,
720575941504427714,IN13B015,
720575941504429506,IN08B054,
720575941504429637,IN03A047,
720575941504432834,IN01B044,
720575941504433733,IN09A043,
720575941504435394,INXXX228,dimorphic
720575941504436293,IN01A050,
720575941504440133,IN19A048,
720575941504442903,IN20A.22A060,
720575941504444354,IN03A010,
720575941504445634,IN07B096,
720575941504447813,IN06B064,
720575941504452146,IN18B040,
720575941504456386,IN06B066,
720575941504460357,IN13B070,
720575941504461125,IN00A036,
720575941504462530,IN14A012,
720575941504462786,IN14A012,
720575941504463810,IN18B021,
720575941504464066,INXXX247,
720575941504464709,IN21A028,
720575941504465989,IN12B047,
720575941504467394,INXXX385,
720575941504470978,IN09A034,
720575941504471746,IN13B019,
720575941504482117,INXXX849_f,sex_specific
720575941504484165,IN20A.22A090,
720575941504492357,IN08B070,
720575941504493637,IN08A026,
720575941504498501,IN20A.22A052,
720575941504504389,IN14A037,
720575941504504901,IN20A.22A086,
720575941504505157,IN06A090,
720575941504505925,IN06A118,
720575941504512050,IN14A098,
720575941504526405,IN08B036,
720575941504526898,IN19A001,
720575941504538162,IN12B016,
720575941504549170,IN18B038,
720575941504551218,IN19A086,
720575941504556850,,
720575941504558149,IN08A026,
720575941504558661,IN04B101,
720575941504563781,IN07B098,
720575941504569925,IN10B058,
720575941504572741,IN19B035,
720575941504575301,INXXX428,
720575941504593431,IN21A059,
720575941504630507,IN21A008,
720575941504647147,,
720575941504661061,IN13B026,
720575941504686652,IN14A067,
720575941504723138,IN04B047,
720575941504759612,IN04B100,
720575941504860354,IN19B003,
720575941504891045,IN01A038,
720575941504944875,IN04B068,
720575941504971287,INXXX859_f,sex_specific
720575941504984811,IN01B065,
720575941504989675,,
720575941505020325,IN14A067,
720575941505063996,IN13A020,
720575941505095740,IN14A028,
720575941505099580,IN04B103,
720575941505100375,,
720575941505101893,IN20A.22A086,
720575941505104444,IN20A.22A083,
720575941505105212,IN17A082,
720575941505105724,IN08A047,
720575941505120599,,
720575941505138263,,
720575941505155671,INXXX992_f,sex_specific
720575941505159484,IN07B083,
720575941505180220,,
720575941505181093,IN13B012,
720575941505185701,IN23B063,
720575941505206978,IN23B024,
720575941505209404,IN04B044,
720575941505212069,IN06B070,
720575941505212325,IN08B054,
720575941505214373,IN10B058,
720575941505218620,IN16B101,
720575941505223845,IN13A014,
720575941505224498,INXXX888_f,sex_specific
720575941505225266,IN19B090,
720575941505230501,IN23B018,
720575941505257893,IN21A087,
720575941505264188,IN14A025,
720575941505271107,,
720575941505292197,IN09A027,
720575941505300645,IN01B027,
720575941505316005,IN08A019,
720575941505366103,,
720575941505369509,IN11B014,
720575941505379493,IN07B098,
720575941505439266,IN23B063,
720575941505457954,IN03B058,
720575941505478690,IN12A054,
720575941505487138,IN01A088,
720575941505491746,IN11B023,
720575941505493026,IN03B089,
720575941505494306,IN04B109,
720575941505502231,IN20A.22A066,
720575941505536290,IN05B032,
720575941505538725,IN12B032,
720575941505541154,IN21A079,
720575941505571874,IN02A054,
720575941505596997,IN20A.22A059,
720575941505610263,IN19B058,
720575941505615410,IN20A.22A074,
720575941505669982,IN12B027,
720575941505685854,IN10B033,
720575941505691230,IN05B075,
720575941505698071,IN10B043,
720575941505725790,IN08B051,
720575941505739102,IN16B092,
720575941505745954,IN21A087,
720575941505748514,IN21A058,
720575941505754497,IN06B081,
720575941505773185,IN14A043,
720575941505774209,IN07B081,
720575941505777246,IN06B061,
720575941505784926,IN00A061,
720575941505800286,IN08A039,
720575941505812062,IN21A038,
720575941505818718,IN03A093,
720575941505819009,IN17A103,
720575941505830750,IN14A006,
720575941505834078,IN13A062,
720575941505835137,IN11B013,
720575941505842014,IN09B053,
720575941505853057,IN03A069,
720575941505854914,,
720575941505857921,IN14A093,
720575941505861761,IN09A024,
720575941505864898,,
720575941505866113,IN12B084,
720575941505867458,IN09B045,
720575941505872956,IN06A124,
720575941505874561,IN04B031,
720575941505878110,IN06A119,dimorphic
720575941505887361,IN03B086,
720575941505888194,INXXX436,
720575941505888350,IN12B072,
720575941505889409,IN03B086,
720575941505893761,IN03B080,
720575941505894194,IN06B083,
720575941505896065,IN20A.22A091,
720575941505900161,IN06B063,
720575941505900929,IN19B090,
720575941505907991,IN20A.22A024,
720575941505919653,IN21A098,
720575941505919909,IN21A056,
720575941505921665,IN02A033,
720575941505929089,IN14A089,
720575941505936001,IN09A038,
720575941505941633,IN20A.22A029,
720575941505945394,,
720575941505945879,IN23B056,
720575941505949825,IN19A108,
720575941505955969,INXXX437,dimorphic
720575941505970561,IN13A045,
720575941505972609,IN03B088,
720575941505973377,IN06A104,
720575941505977182,IN21A034,
720575941505977879,,
720575941505978497,INXXX446,dimorphic
720575941505978940,IN14A108,
720575941505980951,IN12B072,
720575941505981313,IN02A059,
720575941505987713,IN19B090,
720575941505991041,IN06A079,
720575941505992471,,
720575941506003735,IN19A074,
720575941506013975,IN20A.22A047,
720575941506018071,IN05B070,
720575941506070657,IN20A.22A028,
720575941506085189,IN13A034,
720575941506113349,IN21A087,
720575941506195781,,
720575941506217020,IN08A033,
720575941506220348,IN03B049,
720575941506220613,IN19A011,
720575941506236978,,
720575941506249532,IN02A064,
720575941506262588,,
720575941506272802,IN09A043,
720575941506295461,IN04B067,
720575941506296741,IN03B020,
720575941506310309,IN07B012,
720575941506311589,IN01B008,
720575941506315173,IN02A030,
720575941506327717,IN17B015,
720575941506331186,IN01A001,
720575941506355294,IN19A067,
720575941506357598,IN16B075,
720575941506357854,IN20A.22A092,
720575941506476382,INXXX377,dimorphic
720575941506597505,IN13A015,
720575941506644540,IN07B026,
720575941506720279,,
720575941506741783,IN20A.22A073,
720575941506772574,IN00A020,
720575941506855262,IN14A047,
720575941506874021,INXXX223,
720575941506954812,IN23B030,
720575941506956604,IN20A.22A006,
720575941506971452,INXXX917_f,sex_specific
720575941506975804,INXXX409,
720575941506994466,INXXX228,dimorphic
720575941507044668,IN06B067,
720575941507048215,IN06A117,
720575941507051799,IN21A018,
720575941507063319,IN09A049,
720575941507067159,IN20A.22A085,
720575941507075863,IN03A052,
720575941507077655,IN12A021,dimorphic
720575941507082007,IN19A012,
720575941507100033,IN01B023,
720575941507101057,IN03A026,
720575941507159169,IN19A026,
720575941507208005,INXXX431,dimorphic
720575941507209541,INXXX840_f,sex_specific
720575941507213150,IN12B070,
720575941507215941,IN09A013,
720575941507217733,IN20A.22A086,
720575941507217989,IN17A017,
720575941507218014,IN13A040,
720575941507220062,IN06A093,
720575941507221342,IN06A136,
720575941507223877,IN14A118,
720575941507224133,IN01A023,
720575941507228545,IN16B068,
720575941507235422,IN16B085,
720575941507238469,INXXX290,dimorphic
720575941507244869,IN11A032,
720575941507246917,IN01B090,
720575941507257157,IN13B032,
720575941507257925,IN08A036,
720575941507258914,IN03A087,
720575941507259682,IN01A046,
720575941507266594,IN16B069,
720575941507276066,INXXX159,dimorphic
720575941507278149,INXXX981_f,sex_specific
720575941507280965,IN06B077,
720575941507292706,IN02A055,
720575941507313954,IN12B016,
720575941507331132,,
720575941507341858,IN19A022,
720575941507344478,IN23B013,
720575941507350306,IN13B010,
720575941507354658,IN21A011,
720575941507394142,IN12B033,
720575941507406114,IN12B048,
720575941507431297,IN08A026,
720575941507433857,IN03A045,
720575941507442305,INXXX883_f,sex_specific
720575941507446401,IN14A078,
720575941507447169,IN04B069,
720575941507449985,IN16B125,
720575941507468161,IN01B019,
720575941507476353,INXXX826_f,sex_specific
720575941507478145,IN01B040,
720575941507526273,IN01A015,
720575941507538561,IN21A067,
720575941507543425,IN12B056,
720575941507544193,IN05B020,
720575941507545473,IN14A017,
720575941507565953,INXXX221,
720575941507576380,,
720575941507594556,INXXX302,dimorphic
720575941507595941,INXXX939_f,sex_specific
720575941507599164,IN03A085,
720575941507605820,IN09B044,
720575941507611708,INXXX333,dimorphic
720575941507623589,INXXX893_f,sex_specific
720575941507644581,INXXX316,
720575941507651422,IN09A060,
720575941507657488,IN11B021,
720575941507664144,IN06A059,
720575941507710480,IN01A045,
720575941507760656,IN13B098,
720575941507775504,IN12B075,
720575941507777552,IN02A018,
720575941507785232,IN08A026,
720575941507787024,IN08B051,
720575941507793680,IN11A027,
720575941507794704,IN12B079,
720575941507813392,IN02A015,
720575941507815184,IN14A059,
720575941507815696,IN01B061,
720575941507829008,IN03A022,
720575941507834640,IN13A027,
720575941507838480,IN13A050,
720575941507848208,IN17A064,
720575941507863056,IN16B093,
720575941507864193,INXXX864_f,sex_specific
720575941507872272,IN19A108,
720575941507943440,IN12A044,
720575941507958085,IN20A.22A026,
720575941507979870,IN14A013,
720575941507997730,IN09A021,
720575941508031557,IN01B020,
720575941508038935,IN03B055,
720575941508182295,IN19B021,
720575941508183586,IN14A095,
720575941508198690,IN12B090,
720575941508248098,IN16B053,
720575941508254674,IN07B073,
720575941508255266,IN12A053,
720575941508257058,IN09B045,
720575941508257570,IN20A.22A006,
720575941508259874,IN06A064,dimorphic
720575941508266786,IN17A060,
720575941508277794,IN01A011,
720575941508278562,IN19B048,
720575941508281438,IN02A008,
720575941508285474,IN01A034,
720575941508287266,IN14A014,
720575941508290338,IN14B005,
720575941508292446,IN09B022,
720575941508293410,IN12B086,
720575941508295774,IN16B022,
720575941508299298,IN08B030,
720575941508299554,IN18B011,
720575941508299810,IN04B062,
720575941508300578,IN23B025,
720575941508301778,IN17A041,
720575941508305954,IN17A052,
720575941508306210,INXXX242,dimorphic
720575941508306722,INXXX078,
720575941508308258,IN16B083,
720575941508309282,IN19A050,
720575941508343250,IN03B092,
720575941508344274,IN20A.22A041,
720575941508353490,IN13B088,
720575941508354770,IN16B068,
720575941508359634,IN03B060,
720575941508370642,IN02A056,
720575941508383255,,
720575941508385815,,
720575941508389074,IN03A061,
720575941508390610,IN20A.22A085,
720575941508394775,,
720575941508397591,,
720575941508402199,IN09A006,
720575941508439762,INXXX937_f,sex_specific
720575941508443090,IN09A081,
720575941508450258,IN10B057,
720575941508463570,IN09A072,
720575941508463826,IN21A002,
720575941508464082,IN20A.22A060,
720575941508484119,,
720575941508484993,INXXX446,dimorphic
720575941508492673,IN21A071,
720575941508501121,INXXX447,dimorphic
720575941508506753,INXXX048,
720575941508507346,IN13B088,
720575941508507602,INXXX990_f,sex_specific
720575941508515538,IN07B073,
720575941508518017,IN19A019,
720575941508526721,IN19A005,
720575941508536530,IN19A099,
720575941508542674,IN03B066,
720575941508546514,IN13B084,
720575941508572626,IN06A110,
720575941508650309,,
720575941508661573,IN19A016,
720575941508663877,IN23B036,
720575941508671813,IN13B021,
720575941508796545,IN01B051,
720575941508926418,IN03B071,
720575941509040400,IN04B042,
720575941509044496,INXXX886_f,sex_specific
720575941509090258,IN23B081,
720575941509090770,IN02A050,
720575941509091282,IN08B092,
720575941509094098,IN01B095,
720575941509168001,IN02A055,
720575941509214162,IN06A082,
720575941509221249,IN01A059,
720575941509326430,IN08A006,
720575941509331038,IN23B005,
720575941509341712,IN12B077,
720575941509353744,INXXX834_f,sex_specific
720575941509355536,IN19A060,
720575941509357072,,
720575941509367330,,
720575941509412702,IN14A013,
720575941509418512,IN23B067,
720575941509427984,IN01A032,
720575941509461776,IN03A028,
720575941509511970,IN02A003,
720575941509525026,IN14A001,
720575941509566046,IN01B013,
720575941509573726,INXXX394,dimorphic
720575941509581662,INXXX855_f,sex_specific
720575941509583966,IN13A006,
720575941509618561,,
720575941509730433,,
720575941509806465,IN14A015,
720575941509908609,IN23B009,
720575941509926354,IN21A007,
720575941509927122,INXXX454,dimorphic
720575941509966209,IN06B078,
720575941510126864,IN07B087,
720575941510208722,IN07B090,dimorphic
720575941510222546,IN19A041,
720575941510238930,IN09A079,
720575941510366162,IN20A.22A051,
720575941510462480,IN12B085,dimorphic
720575941510493200,IN09A093,
720575941510499088,IN14A014,
720575941510502416,IN13B005,
720575941510502928,IN14A002,
720575941510611922,IN12A063,
720575941510907468,INXXX996_f,sex_specific
720575941510916684,IN12A043,
720575941511000908,IN01A059,
720575941511013708,IN13B073,
720575941511014988,IN14A096,
720575941511038796,INXXX809_f,sex_specific
720575941511049804,IN02A023,
720575941511066700,IN06A089,
720575941511072844,IN08A050,
720575941511087692,IN09A048,
720575941511088204,IN19A044,
720575941511106124,IN12B031,
720575941511117900,IN08B054,
720575941511138124,IN13A047,
720575941511142988,IN12B088,
720575941511146828,IN09A072,
720575941511149132,IN21A035,
720575941511168588,IN16B105,
720575941511186508,IN19B003,
720575941511186764,IN20A.22A089,
720575941511197394,IN19A098,
720575941511200844,IN11A007,
720575941511201868,vMS11,dimorphic
720575941511205452,IN10B042,
720575941511209292,IN13B065,
720575941511235856,IN19A054,
720575941511238928,IN14A052,
720575941511251666,IN12B064,
720575941511262930,IN11A014,
720575941511264466,IN13A001,
720575941511272401,INXXX290,dimorphic
720575941511275986,IN19B008,
720575941511278290,IN02A012,
720575941511282642,INXXX431,dimorphic
720575941511294417,IN09A092,
720575941511323345,IN16B022,
720575941511345617,IN03A054,
720575941511355089,IN16B040,
720575941511388881,IN06B071,
720575941511393233,IN06B013,
720575941511396305,IN13A062,
720575941511407057,IN04B081,
720575941511408849,IN07B100,
720575941511417041,IN13A050,
720575941511439057,IN20A.22A044,
720575941511480529,IN13B056,
720575941511491148,IN13A009,
720575941511503058,IN07B092,
720575941511678992,,
720575941511693840,,
720575941511836432,IN03A004,
720575941511860240,IN05B017,
720575941511861580,IN10B028,
720575941511884241,IN09A096,
720575941511886608,,
720575941511891665,INXXX452,dimorphic
720575941511894544,,
720575941511911696,INXXX003,
720575941511912720,IN01B040,
720575941512020178,IN03A071,
720575941512300876,IN09A039,
720575941512316882,IN05B030,
720575941512338243,IN00A026,
720575941512339779,IN08B093,
720575941512342595,IN16B038,
720575941512405315,IN20A.22A038,
720575941512406595,IN20A.22A092,
720575941512414019,IN04B115,
720575941512455747,IN13A072,
720575941512470339,IN09A082,
720575941512472131,IN02A048,
720575941512475971,IN07B009,
720575941512480722,IN11B018,
720575941512496707,IN14A007,
720575941512505411,IN23B031,
720575941512516163,IN19A117,
720575941512518211,IN04B092,
720575941512518723,IN13A059,
720575941512525123,IN20A.22A009,
720575941512526403,IN08A041,
720575941512541763,IN06A135,
720575941512568131,IN13A050,
720575941512584524,,
720575941512628946,IN14A047,
720575941512640978,IN13B006,
720575941512643916,IN21A051,
720575941512644306,IN08A035,
720575941512759505,IN01B067,
720575941512761932,IN16B121,
720575941512778193,IN18B037,
720575941512779084,IN19A016,
720575941512780876,IN13B038,
720575941512786764,IN20A.22A030,
720575941512787532,INXXX240,dimorphic
720575941512792908,IN14A068,
720575941512795089,IN10B033,
720575941512798796,IN03B069,
720575941512798929,IN18B038,
720575941512805452,IN02A066,
720575941512808780,IN19B075,
720575941512825443,IN20A.22A037,
720575941512827345,IN11A024,
720575941512836817,INXXX332,
720575941512847180,IN08A050,
720575941512873804,IN08A041,
720575941512896099,IN01A020,
720575941512899427,IN03B081,
720575941512900172,IN12B036,
720575941512906339,IN21A059,
720575941512938339,IN09A043,
720575941512967011,IN00A011,
720575941512975459,IN03B079,
720575941512987129,IN08B051,
720575941513004643,IN06A125,
720575941513024867,IN13B060,
720575941513027331,IN08A019,
720575941513033219,IN06A033,
720575941513043555,IN14A068,
720575941513101049,IN00A048,
720575941513102595,IN12B036,
720575941513118201,IN02A033,
720575941513121027,IN12B030,
720575941513124355,INXXX193,
720575941513125881,IN03B060,
720575941513136593,IN08B070,
720575941513146115,IN01A030,
720575941513146371,IN16B030,
720575941513151953,IN16B033,
720575941513152209,IN11B009,
720575941513154563,IN09A085,
720575941513155843,IN10B058,
720575941513157123,IN10B040,
720575941513157635,IN09A027,
720575941513160697,IN06B077,
720575941513164291,IN19A086,
720575941513167609,IN19B077,
720575941513177091,IN02A043,
720575941513177337,IN03B089,
720575941513177603,IN08A031,
720575941513184003,INXXX446,dimorphic
720575941513185529,IN23B073,
720575941513201411,IN14A082,
720575941513202169,IN02A007,
720575941513207033,IN13A057,
720575941513220601,IN06B077,
720575941513230585,IN21A061,
720575941513240666,IN03A089,
720575941513242202,IN06A022,
720575941513254905,IN03B069,
720575941513254915,IN03B071,
720575941513257977,IN20A.22A059,
720575941513260025,IN08A041,
720575941513264377,dMS2,
720575941513282041,IN02A067,
720575941513292793,IN14A102,
720575941513293146,IN20A.22A085,
720575941513295450,IN14A119,
720575941513297401,INXXX281,
720575941513303033,IN02A044,
720575941513310810,IN13B055,
720575941513310969,IN08B093,
720575941513321721,IN09A093,
720575941513325914,IN13B064,
720575941513344346,IN08A023,
720575941513349466,IN19A095,
720575941513353562,IN03A079,
720575941513354499,IN01B074,
720575941513355610,IN08B105,
720575941513356122,GFC4,
720575941513371738,IN09A033,
720575941513381466,IN01B071,
720575941513386586,IN14A083,
720575941513494860,IN19B035,
720575941513562979,IN10B028,
720575941513592899,IN20A.22A066,
720575941513676291,IN13B095,
720575941513677571,IN06A075,
720575941513680131,IN09A089,
720575941513680899,IN09A055,
720575941513695441,IN12B007,
720575941513712593,INXXX153,
720575941513713873,INXXX947_f,sex_specific
720575941513715665,IN07B104,
720575941513738819,IN01B044,
720575941513757955,IN19B016,dimorphic
720575941513788492,IN19A054,
720575941513791820,IN17A063,
720575941513793100,IN20A.22A066,
720575941513794892,IN03A089,
720575941513795148,IN01A034,
720575941513804691,IN19A114,
720575941513808716,INXXX351,
720575941513810252,INXXX386,
720575941513820051,IN06A059,
720575941513823308,IN02A014,
720575941513837971,IN12B040,
720575941513870329,IN05B090,
720575941513871097,IN12B036,
720575941513885075,IN03A066,
720575941513953939,IN08B085,
720575941513974851,IN13A020,
720575941514004115,IN20A.22A065,
720575941514026705,IN23B072,
720575941514029715,IN13B093,
720575941514037315,IN07B075,
720575941514039187,IN20A.22A058,
720575941514041923,IN04B074,
720575941514046019,IN01B068,
720575941514046355,IN06B038,
720575941514046787,INXXX363,
720575941514046819,IN13B035,
720575941514047555,IN20A.22A006,
720575941514055059,IN01B054,
720575941514058307,IN14A043,
720575941514059843,IN14A041,
720575941514063939,IN04B054,
720575941514064275,IN12B065,
720575941514065043,IN06A044,
720575941514080147,IN08B008,
720575941514080835,IN19A108,
720575941514093203,IN14A055,
720575941514096019,IN19B013,
720575941514096531,IN05B085,
720575941514097043,IN12A018,
720575941514099091,IN14A028,
720575941514101395,IN14A082,
720575941514103107,IN19B089,
720575941514111043,IN09A023,
720575941514119827,IN03B093,
720575941514120083,IN10B057,
720575941514356300,IN14A038,
720575941514363857,IN01B019,
720575941514378842,IN01A036,
720575941514435793,INXXX998_f,sex_specific
720575941514529529,IN10B059,
720575941514541388,IN09B022,
720575941514555491,IN12B079,
720575941514557539,IN19A016,
720575941514559564,IN12B025,
720575941514595331,,
720575941514597379,IN01A058,
720575941514600195,IN13A059,
720575941514600441,,
720575941514603011,IN10B057,
720575941514603523,IN14A021,
720575941514604281,IN20A.22A048,
720575941514604291,IN08A026,
720575941514620419,IN13B028,
720575941514623587,IN16B083,
720575941514624355,IN04B091,
720575941514625539,IN04B067,
720575941514626707,IN09A093,
720575941514629267,IN23B028,
720575941514629955,IN23B034,
720575941514630403,IN23B041,
720575941514637315,IN08B060,
720575941514637827,IN12A046,
720575941514638179,IN06B028,
720575941514668241,IN13B004,
720575941514674010,IN09A095,
720575941514695171,IN04B062,
720575941514708739,IN21A053,
720575941514758755,IN04B093,
720575941514795852,IN01A054,
720575941514842321,INXXX378,dimorphic
720575941514845137,IN03A015,dimorphic
720575941514903642,IN20A.22A018,
720575941514903898,IN19A077,
720575941514905434,IN19A099,
720575941514910161,IN14A118,
720575941514922449,,
720575941514923866,IN13A028,
720575941514924122,INXXX418,dimorphic
720575941514930778,IN21A026,
720575941514951377,IN02A059,
720575941514952697,INXXX918_f,sex_specific
720575941514952953,IN00A057,
720575941514967116,IN13A009,
720575941514995193,IN01B010,
720575941515009273,,
720575941515017306,IN01B069,
720575941515037018,INXXX817_f,sex_specific
720575941515038531,IN20A.22A081,
720575941515040067,INXXX411,dimorphic
720575941515048003,IN26X002,
720575941515057987,IN16B121,
720575941515058169,IN14A015,
720575941515060035,INXXX436,
720575941515062851,IN11B016,
720575941515064922,IN03A046,
720575941515071299,IN03B034,
720575941515075139,IN01A063,
720575941515078609,IN09A056,
720575941515080657,,
720575941515091034,IN08A040,
720575941515124627,IN19A022,
720575941515243587,IN10B016,
720575941515320579,IN01B056,
720575941515325699,IN13B025,
720575941515341402,IN13B018,
720575941515341658,IN03A027,
720575941515421443,IN19A007,
720575941515577667,IN19B084,
720575941515592291,IN16B054,
720575941515600227,IN14B005,
720575941515606419,IN03A032,
720575941515607699,IN12B052,
720575941515612051,IN12A059,
720575941515614563,IN08A030,
720575941515614819,IN23B083,
720575941515616090,IN03B088,
720575941515618147,IN04B004,
720575941515619939,IN19B043,
720575941515620707,IN00A031,
720575941515622659,IN19A074,
720575941515624291,IN18B006,
720575941515636483,IN03A036,
720575941515645795,IN19A034,dimorphic
720575941515653475,IN02A029,
720575941515663363,INXXX230,
720575941515675651,IN02A028,
720575941515682819,IN14A002,
720575941515684099,IN17A094,dimorphic
720575941515693315,IN19A019,
720575941515702362,IN19A120,
720575941515706003,IN16B091,
720575941515706515,IN06B073,
720575941515730835,IN01B055,
720575941515772819,IN14A014,
720575941515778963,INXXX252,
720575941515892314,IN11A014,
720575941515911258,IN14A015,
720575941515912282,IN14A015,
720575941515915354,IN23B081,
720575941515918426,INXXX454,dimorphic
720575941515920730,IN04B088,
720575941515920889,INXXX287,
720575941515923546,IN13A002,
720575941515924058,IN19A040,
720575941515924826,IN02A063,
720575941515925338,IN08A046,
720575941515930105,IN06A104,
720575941515930970,IN13A038,
720575941515933018,IN01A002,
720575941515933177,IN17A013,
720575941515934554,IN21A015,
720575941515934810,INXXX333,dimorphic
720575941515935834,IN26X002,
720575941515936249,INXXX038,
720575941515936505,IN12A001,
720575941515944953,IN04B078,
720575941515945977,IN03A092,
720575941515947001,,
720575941515947513,IN03A058,
720575941515949817,IN04B031,
720575941515978156,IN23B054,
720575941515995052,IN13A063,
720575941516037475,IN16B018,
720575941516038316,IN14A025,
720575941516049475,INXXX402,
720575941516054188,IN13B094,
720575941516095916,IN13B045,
720575941516096940,IN00A042,
720575941516099500,IN19B043,
720575941516111532,IN13A020,
720575941516119724,IN09A026,
720575941516127404,IN01A069,
720575941516129452,IN03A045,
720575941516140204,IN06A125,
720575941516146092,IN06A091,
720575941516155308,INXXX249,
720575941516156332,IN09A024,
720575941516158124,IN06B064,
720575941516185955,INXXX261,
720575941516220227,,
720575941516319811,,
720575941516393107,IN19B094,
720575941516404067,IN06A012,
720575941516414979,IN06B064,
720575941516461123,IN12B027,
720575941516469059,INXXX045,dimorphic
720575941516471107,IN20A.22A008,
720575941516473923,IN19A060,
720575941516495726,IN10B032,
720575941516503000,IN09A070,
720575941516527726,IN03B060,
720575941516536430,IN00A016,
720575941516571283,,
720575941516572632,IN03B058,
720575941516584920,IN13A034,
720575941516585539,IN19B038,
720575941516590552,IN02A043,
720575941516616664,IN06A040,
720575941516624600,IN21A087,
720575941516640099,IN01B002,
720575941516645336,IN08A019,
720575941516652760,IN12B063,
720575941516654552,IN03B057,
720575941516656088,IN10B059,
720575941516663768,IN12B030,
720575941516664792,IN09A043,
720575941516665304,IN20A.22A069,
720575941516674520,IN21A084,
720575941516676568,IN07B087,
720575941516677113,INXXX946_f,sex_specific
720575941516684654,IN19A114,
720575941516691928,INXXX820_f,sex_specific
720575941516712558,IN13A040,
720575941516729454,IN03A090,
720575941516732844,,
720575941516734062,IN04B081,
720575941516738195,IN12B027,
720575941516739475,IN04B008,
720575941516740524,IN18B031,
720575941516743827,IN01B059,
720575941516748179,IN16B030,
720575941516750483,IN17A060,
720575941516750739,IN21A035,
720575941516761516,IN06B061,
720575941516766574,IN17A090,
720575941516768472,IN12A057,
720575941516775523,IN07B100,
720575941516776558,IN06A058,
720575941516777107,IN18B017,
720575941516779155,IN12B062,
720575941516780947,INXXX448,
720575941516782227,INXXX990_f,sex_specific
720575941516784494,IN08B051,
720575941516785155,INXXX957_f,sex_specific
720575941516789358,IN20A.22A032,
720575941516792174,IN01A058,
720575941516797075,IN14A072,
720575941516834670,IN04B110,
720575941516835182,IN01A080,
720575941516835438,IN01A083,
720575941516842094,IN17A048,
720575941516850542,IN07B054,
720575941516859235,IN07B014,
720575941516871002,IN06A072,
720575941516873838,IN18B034,
720575941516903011,IN21A042,
720575941516903022,INXXX448,
720575941516906350,INXXX821_f,sex_specific
720575941516925955,IN20A.22A028,
720575941516936963,IN09A021,
720575941517032547,,
720575941517062803,IN19B027,
720575941517096291,,
720575941517169251,IN16B061,
720575941517263706,IN03A060,
720575941517293740,IN23B045,
720575941517340506,,
720575941517351514,,
720575941517357914,IN01A015,
720575941517377273,IN19A010,
720575941517384026,IN13B014,
720575941517397497,IN19A045,
720575941517401081,IN12B079,
720575941517449107,IN19A046,
720575941517449977,,
720575941517483630,IN21A042,
720575941517484142,IN03B077,
720575941517488750,IN06B073,
720575941517496057,INXXX468,
720575941517561946,IN14A022,
720575941517670828,IN09A082,
720575941517694380,IN09A037,
720575941517694636,IN08B104,
720575941517695148,IN08B104,
720575941517700268,IN17A052,
720575941517714604,IN21A061,
720575941517716396,IN20A.22A019,
720575941517716952,IN01A032,
720575941517717420,IN11B016,
720575941517719980,IN01B095,
720575941517756819,IN20A.22A052,
720575941517764824,IN06A019,
720575941517770412,IN18B034,
720575941517796780,IN02A023,
720575941517801363,IN07B068,
720575941517814188,IN11A025,
720575941517814444,IN13B009,
720575941517814956,IN23B024,
720575941517825196,IN06A109,
720575941517831084,IN04B110,
720575941517910675,INXXX053,
720575941517940115,INXXX044,
720575941517941651,IN03A092,
720575941518066904,IN19A132,
720575941518068696,IN20A.22A044,
720575941518069208,IN20A.22A076,
720575941518084056,IN20A.22A049,
720575941518102638,INXXX861_f,sex_specific
720575941518105710,IN08B076,
720575941518127064,IN23B041,
720575941518136723,INXXX243,dimorphic
720575941518152664,,
720575941518206680,IN06A138,
720575941518216083,IN04B068,
720575941518237656,INXXX991_f,sex_specific
720575941518303671,IN19A113,
720575941518316471,IN04B046,
720575941518334643,IN03B060,
720575941518339767,IN07B092,
720575941518342583,IN11B003,
720575941518344375,IN20A.22A065,
720575941518351543,IN06B078,
720575941518359735,IN21A097,
720575941518386359,IN00A037,
720575941518388919,IN03A091,
720575941518405230,IN06A132,
720575941518405998,IN13A019,dimorphic
720575941518406766,IN00A022,
720575941518407607,IN03B061,
720575941518410094,IN06B047,
720575941518410350,IN09A066,
720575941518410935,IN16B082,
720575941518412471,IN09A046,
720575941518412910,IN11A014,
720575941518416238,IN07B083,
720575941518419123,IN03B076,
720575941518419895,IN17A107,
720575941518427319,IN06A059,
720575941518430574,IN08B093,
720575941518431159,IN19A106,
720575941518433719,IN06A082,
720575941518434227,IN19B043,
720575941518435182,IN13B087,
720575941518435255,IN08A050,
720575941518435767,IN08A036,
720575941518436462,IN21A027,
720575941518437230,IN19A064,
720575941518437486,IN09A026,
720575941518439347,IN07B084,
720575941518440814,IN16B083,
720575941518442156,IN10B055,
720575941518443959,IN02A054,
720575941518446702,IN11B022,
720575941518447214,IN21A047,
720575941518449587,IN06B074,
720575941518450542,IN04B078,
720575941518454451,IN19A107,
720575941518457527,INXXX861_f,sex_specific
720575941518466483,IN11A036,
720575941518467507,IN19A048,
720575941518468279,IN02A059,
720575941518476211,IN04B102,
720575941518483054,IN23B057,
720575941518489011,IN06B040,
720575941518491059,IN19A084,
720575941518507948,IN20A.22A049,
720575941518512238,IN03A094,
720575941518519150,INXXX365,
720575941518523246,IN12B058,
720575941518526387,IN01B050,
720575941518526643,INXXX446,dimorphic
720575941518533043,IN16B104,
720575941518533486,IN20A.22A090,
720575941518534579,IN05B070,
720575941518535022,IN14A090,
720575941518536046,INXXX431,dimorphic
720575941518536558,,
720575941518537582,IN11B023,
720575941518551475,IN14A095,
720575941518561390,IN23B032,
720575941518753452,IN19A060,
720575941518756524,IN10B058,
720575941518763948,IN06A050,
720575941518768044,IN23B062,
720575941518769580,IN02A038,
720575941518775724,IN16B045,
720575941518787244,IN03A027,
720575941518792876,IN10B042,
720575941518793388,INXXX044,
720575941518800600,IN23B023,
720575941518807468,IN16B016,
720575941518823852,IN05B002,
720575941518835372,IN19A012,
720575941518853559,IN01B092,
720575941518860460,IN14A063,
720575941518866542,IN11A028,
720575941518866798,IN21A008,
720575941518867054,IN20A.22A055,
720575941518867566,IN19A008,
720575941518936792,IN12A043,
720575941519020471,IN19A122,
720575941519106414,IN01B095,
720575941519116467,IN03A081,
720575941519117491,IN21A087,
720575941519207384,INXXX219,
720575941519210968,IN12A026,
720575941519224280,INXXX860_f,sex_specific
720575941519225560,IN20A.22A024,
720575941519230168,IN03B043,
720575941519234008,INXXX963_f,sex_specific
720575941519234520,INXXX231,
720575941519235800,IN20A.22A086,
720575941519246552,IN03A024,
720575941519249624,IN17A028,
720575941519259352,IN01A009,
720575941519263192,IN00A031,
720575941519264216,INXXX966_f,sex_specific
720575941519273944,IN11B014,
720575941519277784,IN03A040,
720575941519278040,IN08B082,
720575941519279064,IN19A006,
720575941519283416,IN01B008,
720575941519283672,,
720575941519288792,IN03B056,
720575941519289304,INXXX403,
720575941519295960,IN01B042,
720575941519394158,IN19A060,
720575941519396974,INXXX400,
720575941519428206,IN03A071,
720575941519432046,IN12B048,
720575941519434350,INXXX923_f,sex_specific
720575941519438958,INXXX396,
720575941519439214,IN16B049,dimorphic
720575941519451758,IN20A.22A076,
720575941519452014,IN14A105,
720575941519453038,IN06B054,
720575941519454574,IN12A005,
720575941519457902,INXXX382,dimorphic
720575941519462510,INXXX228,dimorphic
720575941519463790,IN03A073,
720575941519467630,IN02A014,
720575941519468654,INXXX466,
720575941519472750,IN17A043,
720575941519476334,IN14A002,
720575941519478894,INXXX147,
720575941519482222,IN13B055,
720575941519489646,IN21A009,
720575941519492206,IN19B015,
720575941519492718,IN03A030,
720575941519503214,IN19A045,
720575941519772844,IN13A003,
720575941519786679,IN19A008,
720575941519918764,IN08B093,
720575941519935404,INXXX332,dimorphic
720575941519961271,IN04B063,
720575941519973303,IN03B072,
720575941519977143,IN01A082,
720575941519986615,IN06B081,
720575941519987127,IN09A033,
720575941519992759,IN14A117,
720575941519993527,IN05B057,
720575941520021171,IN20A.22A084,
720575941520027571,IN13B048,
720575941520029107,IN20A.22A030,
720575941520032691,IN20A.22A077,
720575941520032951,IN12B062,
720575941520043443,IN20A.22A072,
720575941520046007,IN21A017,
720575941520057783,IN16B070,
720575941520064435,IN03B069,
720575941520072883,IN19A020,
720575941520129971,IN12B027,
720575941520130227,IN08A035,
720575941520145331,IN01B033,
720575941520145587,IN20A.22A017,
720575941520154803,,
720575941520156339,INXXX360,dimorphic
720575941520182707,IN05B070,
720575941520199278,INXXX239,
720575941520199340,INXXX998_f,sex_specific
720575941520234412,,
720575941520245358,IN19A103,
720575941520247468,IN08A026,
720575941520247662,IN16B080,
720575941520253356,INXXX852_f,sex_specific
720575941520255223,IN11B014,
720575941520283383,IN03A087,
720575941520284407,IN06B080,
720575941520284919,IN06B059,
720575941520287991,IN13A059,
720575941520312823,IN23B031,
720575941520319448,IN23B066,
720575941520330487,IN13A038,
720575941520331511,IN06A044,
720575941520333047,IN06A019,
720575941520337655,IN08B037,
720575941520342263,IN03A020,
720575941520353783,IN01B054,
720575941520355575,IN13B042,
720575941520358647,IN10B038,
720575941520361719,IN03A094,
720575941520367095,IN03A066,
720575941520406775,IN05B091,
720575941520427224,,
720575941520429934,IN09A066,
720575941520437358,,
720575941520438126,,
720575941520464238,IN04B037,
720575941520495470,INXXX281,
720575941520535219,IN20A.22A085,
720575941520536755,IN20A.22A064,
720575941520537011,INXXX468,
720575941520657880,IN01B001,
720575941520687320,,
720575941520687576,,
720575941520689143,IN20A.22A008,
720575941520693720,IN13B030,
720575941520702168,,
720575941520707288,IN01A020,
720575941520714200,,
720575941520726744,IN08A007,
720575941520739438,IN01B023,
720575941520757102,IN09A010,
720575941520773742,IN05B022,
720575941520774510,INXXX045,dimorphic
720575941520777582,IN08A036,
720575941521020407,IN03A039,
720575941521028855,IN20A.22A055,
720575941521029623,IN04B074,
720575941521031415,,
720575941521031927,IN11A021,
720575941521047223,IN04B080,
720575941521059255,IN09B052,dimorphic
720575941521062391,IN23B058,
720575941521065399,IN01B092,
720575941521069751,IN04B006,
720575941521071543,GFC2,
720575941521072311,IN19A016,
720575941521072823,IN18B018,
720575941521073591,IN19A002,
720575941521079406,IN01B073,
720575941521085111,IN12B049,
720575941521090231,IN14B008,dimorphic
720575941521092023,IN04B074,
720575941521095095,IN16B079,
720575941521095863,IN02A015,
720575941521101495,IN02A010,
720575941521108151,IN18B055,dimorphic
720575941521110711,IN18B012,
720575941521146035,IN16B118,
720575941521236915,IN18B038,
720575941521239475,IN19A060,
720575941521242035,IN16B105,
720575941521248179,IN09A006,
720575941521250227,IN07B073,
720575941521255859,IN04B096,
720575941521256883,IN05B090,
720575941521264563,IN08A035,
720575941521273779,INXXX353,dimorphic
720575941521454411,IN08B076,
720575941521454923,IN02A040,
720575941521456203,IN11B022,
720575941521472691,IN06B017,
720575941521485643,IN06B052,
720575941521503819,IN17A095,
720575941521508939,IN03B069,
720575941521516107,IN00A028,
720575941521524299,IN14A010,
720575941521525579,IN00A025,
720575941521555019,IN13B024,
720575941521559883,IN19A117,
720575941521562955,IN08A019,
720575941521579083,IN13B081,
720575941521587019,IN21A041,
720575941521588043,IN21A102,
720575941521595211,IN04B105,
720575941521741239,IN13A050,
720575941521964023,IN16B086,
720575941521977847,IN03A047,
720575941521986227,IN07B031,
720575941522089463,IN08B051,
720575941522116427,IN11B003,
720575941522121803,IN21A047,
720575941522123595,IN04B043,
720575941522127691,IN20A.22A036,
720575941522141259,IN12B062,
720575941522146039,IN08B036,
720575941522148171,IN09A074,
720575941522181559,IN08B039,
720575941522203895,INXXX913_f,sex_specific
720575941522354355,INXXX258,dimorphic
720575941522409399,,
720575941522422455,IN11A022,
720575941522431923,IN03B038,
720575941522449335,IN10B006,
720575941522480819,,
720575941522516403,INXXX386,
720575941522579123,,
720575941522669491,IN13A034,
720575941522728371,IN23B009,
720575941522739379,IN14A120,
720575941522771787,IN03A064,
720575941522776567,IN23B074,
720575941522782967,IN20A.22A039,
720575941522790475,IN06B079,
720575941522797899,IN03A036,
720575941523051511,IN13A057,
720575941523052279,IN19B062,
720575941523062007,INXXX448,
720575941523066615,INXXX341,
720575941523071223,IN00A026,
720575941523074379,IN11A021,
720575941523079243,IN23B078,
720575941523079415,IN14B008,dimorphic
720575941523082315,IN03B082,
720575941523083511,IN04B087,
720575941523083767,IN20A.22A053,
720575941523093239,INXXX967_f,sex_specific
720575941523097335,IN06A059,
720575941523098359,IN03A055,
720575941523099383,IN19B005,
720575941523100491,IN08B051,
720575941523102199,IN11B006,
720575941523111415,INXXX981_f,sex_specific
720575941523112439,IN06A004,
720575941523114487,IN23B011,dimorphic
720575941523114999,IN23B047,
720575941523115511,INXXX831_f,sex_specific
720575941523117815,IN16B073,
720575941523163467,INXXX331,
720575941523190859,IN07B094,
720575941523194187,IN20A.22A047,
720575941523196235,IN21A041,
720575941523216715,IN13A055,
720575941523220299,INXXX211,dimorphic
720575941523220555,INXXX827_f,sex_specific
720575941523230539,INXXX454,dimorphic
720575941523283019,IN03A026,
720575941523360075,IN13B028,
720575941523515723,IN16B064,
720575941523692290,IN06A044,
720575941523755778,IN02A033,
720575941523763703,IN09A022,
720575941523787083,IN14A042,
720575941523851010,IN00A030,
720575941523884034,IN20A.22A024,
720575941523908610,IN14A025,
720575941523957506,IN02A051,
720575941523981314,IN12B024,
720575941523983618,IN06A075,
720575941523992322,IN10B057,
720575941523994114,IN03B060,
720575941523995138,IN06B022,
720575941523999746,IN20A.22A024,
720575941524007426,IN01B060,
720575941524010340,IN21A087,
720575941524016461,IN01A050,
720575941524017154,IN12B030,
720575941524019812,IN05B073,dimorphic
720575941524019970,IN06A090,
720575941524020226,IN16B114,
720575941524021069,IN12A059,
720575941524021860,vMS11,dimorphic
720575941524025602,IN09A074,
720575941524036610,IN10B028,
720575941524046948,IN05B072,
720575941524048887,IN12B068,
720575941524050276,IN02A047,
720575941524054861,IN01A038,
720575941524056420,IN16B075,
720575941524060749,IN23B067,
720575941524064077,IN17A112,
720575941524065869,IN00A035,
720575941524070221,IN03A079,
720575941524073293,IN09A095,
720575941524078925,IN11B022,
720575941524084471,IN01B031,
720575941524093540,IN06B079,
720575941524094285,INXXX421,dimorphic
720575941524094797,IN20A.22A039,
720575941524099149,IN09A027,
720575941524103524,IN21A007,
720575941524113764,INXXX976_f,sex_specific
720575941524114276,IN06B013,
720575941524114532,IN06A085,
720575941524115277,IN06A085,
720575941524119117,IN13B067,
720575941524120676,IN13B047,
720575941524121421,IN12B035,
720575941524121700,IN19A071,
720575941524127565,IN03A020,
720575941524140621,IN04B062,
720575941524153675,INXXX419,
720575941524158027,IN21A022,
720575941524158539,,
720575941524168036,IN19A110,
720575941524170315,INXXX269,
720575941524176971,IN17A061,
720575941524179531,INXXX969_f,sex_specific
720575941524184932,IN01B064,
720575941524185188,IN01A067,
720575941524185419,IN03B046,
720575941524187492,IN16B099,
720575941524187748,IN16B075,
720575941524189540,IN01B073,
720575941524190820,IN01A078,
720575941524192100,IN04B069,
720575941524192587,IN14A115,
720575941524196683,IN07B047,
720575941524207095,IN03A058,
720575941524207691,IN14A005,
720575941524211275,INXXX003,
720575941524212324,INXXX988_f,sex_specific
720575941524212555,IN04B049,
720575941524218724,IN16B089,
720575941524224356,INXXX253,
720575941524227940,IN16B089,
720575941524232292,INXXX809_f,sex_specific
720575941524238669,IN21A047,
720575941524264985,IN08B068,
720575941524272153,IN03A093,
720575941524278553,IN07B098,
720575941524280857,IN06B055,
720575941524293401,IN09A039,
720575941524294169,IN11A031,
720575941524303863,IN08B072,
720575941524304887,IN20A.22A070,
720575941524306423,,
720575941524327705,IN03A097,dimorphic
720575941524331545,IN09A069,
720575941524344345,IN02A052,
720575941524348697,IN11A032,
720575941524348953,IN08A026,
720575941524353049,IN04B081,
720575941524355353,IN10B050,
720575941524360473,IN01B095,
720575941524368409,IN14A064,
720575941524369945,IN07B086,
720575941524374041,IN03A069,
720575941524378649,IN08B008,
720575941524380953,IN12A039,
720575941524412185,INXXX823_f,sex_specific
720575941524412407,IN01B056,
720575941524427289,IN02A029,
720575941524570517,,
720575941524617241,IN16B061,
720575941524649474,IN20A.22A041,
720575941524651522,INXXX391,dimorphic
720575941524677378,IN03A080,
720575941524691277,IN19A079,
720575941524744781,IN06B076,
720575941524748621,IN06B070,
720575941524753229,IN01B059,
720575941524820738,IN17A019,
720575941524912461,IN03B019,
720575941524915019,IN02A044,
720575941524949323,,
720575941524962585,IN07B099,
720575941524965657,IN06B050,
720575941524965913,INXXX230,
720575941524969497,IN06B021,
720575941524988747,INXXX301,
720575941525100198,IN14A028,
720575941525142182,IN06B069,
720575941525147558,IN14A028,
720575941525150630,IN08A030,
720575941525182630,IN11B020,
720575941525183142,IN04B109,
720575941525201154,IN19A073,
720575941525207206,IN05B092,
720575941525207462,IN09A066,
720575941525219494,IN11B022,
720575941525224614,IN03B057,
720575941525230667,IN13B038,
720575941525240486,IN01A064,
720575941525247142,IN09A023,
720575941525266598,IN14A064,
720575941525267110,IN19A063,
720575941525280678,IN20A.22A071,
720575941525282214,IN14A056,
720575941525286054,IN02A057,
720575941525288358,IN03A088,
720575941525291853,IN16B106,
720575941525320358,IN13A031,
720575941525334372,IN01B095,
720575941525343234,INXXX388,
720575941525344514,IN04A002,
720575941525347074,IN06B029,
720575941525351938,IN01B010,
720575941525365762,IN19A041,
720575941525445145,IN17A104,
720575941525489508,IN09A012,
720575941525495117,IN09A001,
720575941525528164,IN08A049,
720575941525536868,IN04A002,
720575941525713410,IN19A064,
720575941525719554,INXXX309,dimorphic
720575941525720066,IN13A035,
720575941525725954,IN06B040,
720575941525728002,IN20A.22A045,
720575941525730818,IN19A065,
720575941525747714,IN23B046,
720575941525755394,IN19B045,
720575941525773412,IN06B067,
720575941525779789,IN20A.22A055,
720575941525782274,,
720575941525782349,INXXX997_f,sex_specific
720575941525783373,IN07B096,
720575941525790564,IN13A047,
720575941525790722,IN20A.22A035,
720575941525792002,IN08B056,
720575941525792100,IN20A.22A051,
720575941525792356,IN14A105,
720575941525793282,IN08A031,
720575941525795684,IN09A050,
720575941525802084,INXXX950_f,sex_specific
720575941525826125,IN10B038,
720575941525827684,IN08A002,
720575941525828708,IN21A096,
720575941525847396,IN12B014,
720575941525856589,IN21A057,
720575941525868900,IN03A049,
720575941525879042,IN23B060,
720575941525899341,INXXX270,
720575941525902157,IN19A108,
720575941525912486,IN20A.22A054,
720575941525920845,IN00A020,
720575941525960217,INXXX828_f,sex_specific
720575941525971993,IN16B066,
720575941525990425,IN01A062,
720575941526001433,,
720575941526037273,IN04B028,
720575941526056473,IN03A057,
720575941526067481,IN14B006,
720575941526133581,IN21A003,
720575941526261092,IN20A.22A011,dimorphic
720575941526320740,,
720575941526324226,IN06A136,
720575941526339330,IN12B071,
720575941526355844,IN12A061,
720575941526363558,IN23B031,
720575941526364162,IN01A068,
720575941526381700,IN04B046,
720575941526388100,INXXX819_f,sex_specific
720575941526389124,IN20A.22A053,
720575941526404740,IN19A117,
720575941526406532,IN11B021,
720575941526417540,IN03B061,
720575941526426756,IN06B024,
720575941526429060,IN10B052,
720575941526432388,IN23B069,
720575941526433282,IN12B068,
720575941526438276,IN03A071,
720575941526438532,IN03A035,
720575941526443396,IN10B050,
720575941526462596,IN13A060,
720575941526467204,IN08A041,
720575941526478212,IN19A132,
720575941526481028,INXXX872_f,sex_specific
720575941526489220,IN04B112,
720575941526489732,INXXX382,dimorphic
720575941526497156,IN19B048,
720575941526505092,IN01B072,
720575941526507140,IN06A082,
720575941526509700,IN12B025,
720575941526527876,IN16B098,
720575941526538061,INXXX900_f,sex_specific
720575941526606082,IN20A.22A062,
720575941526640921,IN21A019,
720575941526646786,INXXX925_f,sex_specific
720575941526649933,IN00A024,
720575941526654466,IN03A022,
720575941526660098,IN02A012,
720575941526666317,INXXX245,
720575941526668109,IN07B048,
720575941526672973,IN08A021,
720575941526673945,IN06A138,
720575941526677348,INXXX217,
720575941526680909,IN10B038,
720575941526681165,IN18B029,dimorphic
720575941526681421,IN06A104,
720575941526681677,IN03A017,
720575941526681933,IN12A003,
720575941526690841,IN19B020,
720575941526691609,IN19A133,
720575941526693220,INXXX400,
720575941526693965,IN03B032,
720575941526694244,IN09B048,
720575941526695245,IN05B017,
720575941526695757,IN08B067,
720575941526696781,IN09A009,
720575941526698596,INXXX993_f,sex_specific
720575941526700621,IN13B018,
720575941526701412,IN13A013,
720575941526704484,IN07B009,
720575941526706276,IN13A028,
720575941526711396,IN27X005,
720575941526713188,INXXX243,dimorphic
720575941526718564,INXXX146,
720575941526720100,IN19A098,
720575941526720868,INXXX332,
720575941526721380,IN08A048,
720575941526724196,IN10B055,
720575941526726328,,
720575941526729828,INXXX353,dimorphic
720575941526735716,IN01A070,
720575941526736740,IN01A015,
720575941526740836,INXXX448,
720575941526751844,IN05B003,
720575941526752356,IN01A025,
720575941526752612,IN16B042,
720575941526754404,CV1044,sex_specific
720575941526834598,IN01A038,
720575941526843558,IN12B068,
720575941526847910,IN06B058,
720575941526854822,IN13A038,
720575941526856614,IN18B043,
720575941526860966,IN14A045,
720575941526865830,IN19A115,
720575941526866342,IN01B082,
720575941526867622,IN01B046,
720575941526868902,IN14A123,
720575941526876838,INXXX429,
720575941526888358,IN23B046,
720575941526935718,IN07B066,
720575941526936486,INXXX844_f,sex_specific
720575941526964249,IN17A025,
720575941526970552,IN08B093,
720575941526981508,IN19A113,
720575941526981913,INXXX382,dimorphic
720575941526982681,IN14A060,
720575941526985912,IN11B005,
720575941527000857,IN13B027,
720575941527002649,IN17A001,
720575941527002905,IN19B004,
720575941527005977,IN01A066,
720575941527011353,IN19B068,dimorphic
720575941527015300,IN07B064,
720575941527018628,IN12B036,
720575941527020569,INXXX813_f,sex_specific
720575941527043238,INXXX027,
720575941527050662,IN23B090,dimorphic
720575941527076024,IN21A028,
720575941527099981,IN06B013,
720575941527109816,IN19A095,
720575941527110840,IN11A021,
720575941527120568,IN16B100,
720575941527121080,IN06A059,
720575941527126712,IN18B042,
720575941527130040,INXXX869_f,sex_specific
720575941527149240,IN03B035,
720575941527149496,IN18B011,
720575941527150776,IN11A021,
720575941527163576,IN09A055,
720575941527184642,IN10B030,
720575941527188664,IN01A078,
720575941527199160,IN20A.22A053,
720575941527209144,IN02A055,
720575941527210680,,
720575941527220920,IN18B034,
720575941527241656,INXXX415,
720575941527241912,IN06B030,
720575941527256742,IN20A.22A041,
720575941527291417,IN06B060,
720575941527334244,IN00A026,
720575941527403778,IN13A009,
720575941527517862,IN01B101,
720575941527598180,INXXX249,
720575941527634564,IN19A060,
720575941527690628,IN13A040,
720575941527730946,,
720575941527732738,IN06A125,
720575941527766093,IN20A.22A021,
720575941527825062,IN14A084,
720575941527833016,IN19B067,
720575941527840934,IN06A099,
720575941527843768,dMS2,
720575941527845798,IN09B058,
720575941527856294,IN06A098,dimorphic
720575941527860390,IN04B090,
720575941527860557,IN23B063,
720575941527871490,IN12B044,
720575941527894530,,
720575941527924505,IN11A022,
720575941527934308,IN23B081,
720575941527939460,IN23B023,
720575941527940740,IN12B075,
720575941527990605,INXXX252,
720575941527998285,,
720575941528014105,IN02A019,
720575941528015129,INXXX353,dimorphic
720575941528026212,,
720575941528031076,IN23B007,
720575941528040580,IN20A.22A082,
720575941528044164,INXXX443,dimorphic
720575941528050052,IN18B036,
720575941528056964,IN21A070,
720575941528060804,,
720575941528063876,,
720575941528077849,IN05B018,
720575941528084612,IN06A113,
720575941528091780,IN23B014,
720575941528093977,INXXX280,
720575941528094978,,
720575941528095769,IN14A109,
720575941528097561,IN01B064,
720575941528130562,IN03A071,
720575941528356043,IN07B098,
720575941528371659,IN09A087,
720575941528395723,IN14A063,
720575941528399051,IN14A031,
720575941528401611,IN02A042,
720575941528429496,IN16B032,
720575941528447435,IN08A043,
720575941528470731,IN06B082,
720575941528485835,IN13A032,
720575941528514507,IN01B054,
720575941528517067,IN04B102,
720575941528522955,IN09A078,
720575941528528331,IN09A012,
720575941528530635,IN00A058,
720575941528557259,IN12B025,
720575941528573643,IN06B063,
720575941528575435,IN06A082,
720575941528576459,IN23B056,
720575941528584102,IN07B073,
720575941528588491,IN21A069,
720575941528712376,IN03B072,
720575941528718008,IN01A082,
720575941528729784,IN17A069,
720575941528732344,IN09A013,
720575941528742328,INXXX345,
720575941528745144,IN20A.22A090,
720575941528751032,IN13A072,
720575941528782027,IN20A.22A006,
720575941528803494,IN20A.22A029,
720575941528807608,IN01A082,
720575941528807864,IN01A070,
720575941528825476,IN23B053,
720575941528879032,IN19A032,
720575941528887992,,
720575941528899019,IN13A050,
720575941528928422,INXXX364,
720575941528931256,IN03A077,
720575941528944568,IN06A002,
720575941528961412,IN23B085,
720575941528964996,,
720575941528976004,INXXX364,
720575941528978123,IN17B003,
720575941528998788,IN14A109,
720575941529001604,IN01A088,
720575941529010598,INXXX269,
720575941529040294,IN13B001,
720575941529077176,IN19B072,
720575941529197496,IN20A.22A028,
720575941529210315,IN09A069,
720575941529212619,dMS2,
720575941529290628,IN10B011,
720575941529746405,IN06A061,
720575941529753476,IN17A030,
720575941529775307,IN07B054,
720575941529780427,IN14A078,
720575941529782712,IN16B118,
720575941529783499,IN14A109,
720575941529789880,INXXX905_f,sex_specific
720575941529790648,INXXX239,
720575941529799608,IN06A097,
720575941529800632,INXXX931_f,sex_specific
720575941529802680,IN04B100,
720575941529803704,INXXX316,
720575941529806821,IN03A066,
720575941529810616,INXXX866_f,sex_specific
720575941529814968,INXXX357,dimorphic
720575941529815480,INXXX184,
720575941529815992,INXXX316,
720575941529816504,IN01B065,
720575941529820088,IN04B078,
720575941529821368,IN08A008,
720575941529824952,IN14A064,
720575941529825464,INXXX231,
720575941529827557,INXXX847_f,sex_specific
720575941529832165,IN12B083,
720575941529852901,IN20A.22A069,
720575941529857509,IN14A077,
720575941529859813,IN01A070,
720575941529875941,IN13B076,
720575941529876197,IN13B039,
720575941529877477,IN19A100,
720575941529891301,IN03A039,
720575941529892837,IN13A060,
720575941529901700,IN13B004,
720575941529903077,INXXX818_f,sex_specific
720575941529916645,IN06A137,
720575941529921227,IN06B029,
720575941529923275,,
720575941529931749,IN12B024,
720575941530010756,INXXX297,dimorphic
720575941530145156,IN06A059,
720575941530154424,IN12B072,
720575941530159748,,
720575941530161099,IN04B109,
720575941530165963,IN04B097,
720575941530166475,IN20A.22A056,
720575941530166731,INXXX321,
720575941530168267,IN12B038,
720575941530169803,GFC3,
720575941530184139,IN07B030,
720575941530185163,IN03A037,
720575941530185419,IN12B079,
720575941530191307,IN03A009,
720575941530192843,INXXX807_f,sex_specific
720575941530265035,IN19B090,
720575941530291147,IN23B023,
720575941530298315,IN11A010,
720575941530320004,IN00A024,
720575941530322635,IN01B078,
720575941530331780,,
720575941530368900,,
720575941530369156,IN13A002,
720575941530371972,INXXX007,
720575941530455224,IN06B078,
720575941530482661,IN04B101,
720575941530487525,IN14A076,
720575941530494437,IN19A060,
720575941530676099,IN13A045,
720575941530697603,IN06B078,
720575941530740099,IN07B092,
720575941530751363,IN03B046,
720575941530787203,IN19B056,
720575941530815363,IN12B024,
720575941530823811,IN13A034,
720575941530829955,IN09A043,
720575941530832003,IN08B091,
720575941530837891,IN08B083,
720575941530839427,IN11B020,
720575941530842552,IN07B090,dimorphic
720575941530848899,IN03A082,
720575941530853507,IN11A037,
720575941530861699,IN03B086,
720575941530862467,IN20A.22A069,
720575941530866307,IN14A037,
720575941530867075,IN03B080,
720575941530868611,IN03B049,
720575941530869891,IN07B098,
720575941530876291,INXXX980_f,sex_specific
720575941530880131,IN03A053,
720575941530890627,IN07B086,
720575941531040184,,
720575941531070923,IN13A044,
720575941531073464,INXXX364,
720575941531180472,IN19A098,
720575941531197387,IN11B001,
720575941531245259,INXXX240,dimorphic
720575941531246027,,
720575941531258315,IN02A038,
720575941531266763,IN09A017,
720575941531280843,IN17A058,
720575941531288267,IN23B086,
720575941531288523,IN03B058,
720575941531291851,IN21A049,
720575941531292107,IN13B017,
720575941531297720,IN00A027,dimorphic
720575941531319427,IN11A043,
720575941531357880,,
720575941531358392,,
720575941531374264,IN01B074,
720575941531428581,IN20A.22A039,
720575941531435237,IN14A088,
720575941531435907,IN10B038,
720575941531436261,IN19A088,
720575941531438723,IN07B092,
720575941531441381,IN01A050,
720575941531445477,IN20A.22A069,
720575941531447781,IN19A056,
720575941531448293,IN21A038,
720575941531450853,IN13B022,
720575941531457509,IN03A029,
720575941531464677,IN19B064,
720575941531468005,IN13B056,
720575941531468773,IN06B081,
720575941531475173,IN20A.22A068,
720575941531475941,IN21A100,
720575941531480805,IN01A032,
720575941531482853,IN08B054,
720575941531514597,IN10B028,
720575941531517413,GFC2,
720575941531522789,IN16B064,
720575941531577829,IN07B054,
720575941531579365,IN09A035,
720575941531582949,IN23B023,
720575941531586533,IN26X002,
720575941531589861,IN09A061,
720575941531894731,IN01A011,
720575941531955915,IN08B091,
720575941532002435,IN17A043,
720575941532246762,IN11B002,
720575941532251882,IN03A050,
720575941532255978,IN17B015,
720575941532269802,IN20A.22A073,
720575941532280042,IN09A049,
720575941532293323,IN23B014,
720575941532304362,IN01B020,
720575941532306098,IN12B036,
720575941532330418,IN06A113,
720575941532334424,IN03B060,
720575941532349362,IN06A011,
720575941532354482,IN09A021,
720575941532367051,IN06B035,
720575941532367538,IN14A054,
720575941532368106,IN12B061,
720575941532368618,IN02A040,
720575941532373592,IN00A036,
720575941532377522,IN09A070,
720575941532377834,IN00A047,
720575941532384387,IN03B056,
720575941532385624,IN03B066,
720575941532386538,IN01B078,dimorphic
720575941532386904,IN19A021,
720575941532387306,IN21A055,
720575941532392882,IN03A044,
720575941532393706,INXXX871_f,sex_specific
720575941532394418,IN02A034,
720575941532407384,IN06B059,
720575941532410243,IN16B084,
720575941532411523,INXXX253,
720575941532412138,INXXX375,
720575941532415363,IN19A044,
720575941532418904,IN09A096,
720575941532419306,IN19A041,
720575941532423000,IN12A059,
720575941532424170,IN03A062,
720575941532425194,IN19A121,dimorphic
720575941532426730,IN08A031,
720575941532431704,IN12B059,
720575941532432618,IN19B070,
720575941532433842,IN16B098,
720575941532440554,IN13B032,
720575941532440810,IN20A.22A043,
720575941532446954,IN01B099,
720575941532458730,INXXX448,
720575941532463589,IN11A022,
720575941532465642,INXXX213,
720575941532468458,IN19A117,
720575941532469221,INXXX846_f,sex_specific
720575941532471013,IN04B074,
720575941532475882,IN06A104,
720575941532476248,IN06A033,
720575941532480229,INXXX228,dimorphic
720575941532483050,,
720575941532483813,IN03A014,
720575941532485610,IN05B028,
720575941532487256,IN23B066,
720575941532488170,IN16B089,
720575941532490725,IN27X001,
720575941532492005,IN09A045,
720575941532494424,IN21A056,
720575941532495704,IN04B015,
720575941532496357,IN09A003,
720575941532498563,,
720575941532507480,IN06B066,
720575941532509016,IN07B051,
720575941532513880,IN09A090,
720575941532526168,IN03B062,
720575941532531843,IN01B021,
720575941532534872,IN13B034,
720575941532543576,IN07B102,
720575941532563915,,
720575941532567243,,
720575941532568779,,
720575941532574339,IN01B022,
720575941532585931,,
720575941532589771,,
720575941532604875,,
720575941532627147,IN13B022,
720575941532674179,IN08A039,
720575941532675971,IN19A041,
720575941532750027,IN19B038,
720575941532915429,IN13B035,
720575941532952810,IN13B059,
720575941532971242,INXXX927_f,sex_specific
720575941532985317,IN04B107,
720575941533034945,IN13A037,
720575941533043466,IN20A.22A030,
720575941533045592,IN04B100,
720575941533051914,IN09A071,
720575941533073674,IN12A059,
720575941533094081,IN08B037,
720575941533105586,IN05B090,
720575941533108417,IN08A050,
720575941533111474,IN09A084,
720575941533119242,GFC4,
720575941533138625,IN02A049,
720575941533143562,IN01A073,
720575941533148097,IN13B074,
720575941533175489,IN02A048,
720575941533182913,IN01B006,
720575941533191105,IN19B055,
720575941533201857,IN11B019,
720575941533203210,IN21A085,
720575941533210890,IN19A090,
720575941533212609,IN13B097,
720575941533213121,IN07B073,
720575941533217985,IN20A.22A067,
720575941533221386,IN00A049,
720575941533221825,IN11B017,
720575941533223690,IN13B017,
720575941533234954,IN19B067,
720575941533250570,IN14A023,
720575941533250753,IN01B089,
720575941533258689,IN03B081,
720575941533266698,IN10B055,
720575941533269770,IN08A028,
720575941533272769,IN20A.22A048,
720575941533278145,IN05B072,
720575941533278657,IN12B072,
720575941533278986,IN18B054,
720575941533288129,IN03B080,
720575941533291713,IN19A112,
720575941533310145,INXXX048,
720575941533316874,IN07B064,
720575941533340426,IN21A087,
720575941533343619,INXXX287,
720575941533345923,IN20A.22A060,
720575941533348739,IN05B086,
720575941533351555,IN14A099,
720575941533354371,INXXX180,dimorphic
720575941533356163,IN09A010,
720575941533368554,IN19A108,
720575941533531402,IN16B099,
720575941533545304,IN13B011,
720575941533594394,INXXX992_f,sex_specific
720575941533604122,IN13A040,
720575941533610072,IN13A047,
720575941533623730,IN03A019,
720575941533631770,IN06A082,
720575941533661978,IN16B100,
720575941533666648,IN20A.22A079,
720575941533679898,IN06B076,
720575941533682714,IN00A057,
720575941533700274,INXXX446,dimorphic
720575941533723162,IN03A013,
720575941533734426,IN11A039,
720575941533738986,IN06B047,
720575941533742106,IN23B081,
720575941533747434,IN17A078,
720575941533758234,IN23B043,
720575941533761050,IN03B061,
720575941533768474,IN03B067,
720575941533771034,IN19A085,
720575941533777690,IN12B049,
720575941533780762,INXXX978_f,sex_specific
720575941533786906,IN17A077,
720575941533790746,IN14A004,
720575941533791514,IN19A104,
720575941533798938,IN03B089,
720575941533802266,IN03B066,
720575941533806874,IN11A013,
720575941533815322,IN19B091,
720575941533819162,IN17A039,
720575941533823461,IN12A011,
720575941533831194,IN06B038,
720575941533836570,IN01B039,
720575941533862682,IN07B084,
720575941533864458,IN12A060,
720575941533864986,IN02A033,
720575941533866506,IN19B095,
720575941533874202,IN09A095,
720575941533881114,IN16B060,
720575941533889562,IN04B112,
720575941533898010,INXXX385,
720575941533902106,IN03B055,
720575941533908250,IN20A.22A041,
720575941533909018,IN20A.22A073,
720575941533911578,IN07B100,
720575941533919258,INXXX995_f,sex_specific
720575941533930778,IN20A.22A051,
720575941533937842,IN13A024,
720575941533945176,INXXX964_f,sex_specific
720575941533949016,INXXX363,
720575941533958531,IN19A098,
720575941533960938,IN02A055,
720575941533962072,IN20A.22A017,
720575941533986136,IN20A.22A007,
720575941533987813,IN20A.22A028,
720575941533989976,IN21A022,
720575941533994418,IN21A015,
720575941534011877,IN00A009,
720575941534023402,IN03A033,
720575941534024426,INXXX869_f,sex_specific
720575941534025304,IN09B038,
720575941534026584,IN23B088,
720575941534033386,IN19A041,
720575941534036312,IN02A021,
720575941534037848,IN08A019,
720575941534045162,IN08A047,
720575941534061541,IN16B020,
720575941534062821,IN06B061,
720575941534068197,IN01B021,
720575941534069938,IN03A062,
720575941534073061,,
720575941534081880,IN19A106,
720575941534104298,IN08B036,
720575941534113770,IN23B041,
720575941534115818,IN02A058,
720575941534118322,IN06A137,
720575941534127594,INXXX870_f,sex_specific
720575941534131946,IN13A007,
720575941534136298,INXXX284,
720575941534140138,IN19A099,
720575941534150117,IN03A004,
720575941534305880,IN14B010,
720575941534340289,IN19A004,
720575941534347954,IN00A063,
720575941534415491,IN16B072,
720575941534424298,IN04B066,
720575941534459418,IN23B041,
720575941534459930,IN23B055,
720575941534522378,IN10B054,
720575941534528600,IN17A088,
720575941534545752,IN06B049,dimorphic
720575941534561624,IN23B072,
720575941534600680,IN08B093,
720575941534643075,,
720575941534647050,IN03B079,
720575941534658314,IN14A010,
720575941534698730,IN20A.22A062,
720575941534699907,,
720575941534706307,,
720575941534709482,IN03B069,
720575941534711272,IN19B073,
720575941534720131,IN21A061,
720575941534726019,,
720575941534726376,dMS2,
720575941534733800,IN13A001,
720575941534737640,IN12A059,
720575941534740714,IN08A041,
720575941534746856,IN13A051,
720575941534750851,IN09B005,
720575941534751208,IN13A050,
720575941534763240,IN16B108,
720575941534767336,IN14A015,
720575941534789096,IN12B026,
720575941534817624,IN00A036,
720575941534821608,IN09A092,
720575941534822632,IN03B063,
720575941534839171,,
720575941534841064,INXXX332,
720575941534843073,IN17A115,
720575941534848961,IN12B027,
720575941534852440,INXXX438,dimorphic
720575941534852545,INXXX421,dimorphic
720575941534853720,IN12B034,
720575941534854337,IN06B061,
720575941534857192,IN12B026,
720575941534861505,IN08A042,
720575941534866776,IN08A016,
720575941534869080,IN20A.22A053,
720575941534872152,IN14A051,
720575941534893400,IN03A021,
720575941534893912,INXXX045,dimorphic
720575941534899288,IN01A023,
720575941534901848,IN09B047,
720575941534902616,IN09A011,
720575941534903896,INXXX329,
720575941534912088,IN16B099,
720575941534912344,IN19A008,
720575941534913112,IN19A009,
720575941534941962,IN06A043,
720575941534942440,IN08A036,
720575941534946024,IN04B066,
720575941534956481,IN16B075,
720575941534977802,IN23B032,
720575941534980618,IN08B065,
720575941534986418,IN20A.22A018,
720575941534996146,IN11A014,
720575941534996161,IN05B086,
720575941535001010,IN17A108,
720575941535001025,IN04B078,
720575941535008690,IN03A021,
720575941535016370,INXXX920_f,sex_specific
720575941535016882,IN01B027,
720575941535018674,IN21A011,
720575941535025586,IN05B042,
720575941535028914,IN03B015,
720575941535031523,IN23B081,
720575941535032769,INXXX283,dimorphic
720575941535035619,IN06B063,
720575941535040234,IN12B040,
720575941535047690,IN06A005,
720575941535048458,IN04B100,
720575941535048714,IN14A108,
720575941535066339,IN06A102,
720575941535073002,IN16B119,
720575941535073770,IN02A035,
720575941535078371,IN09A046,
720575941535082467,IN02A029,
720575941535084570,IN23B049,
720575941535087594,IN04B032,dimorphic
720575941535092963,IN14A070,
720575941535099882,INXXX919_f,sex_specific
720575941535102691,IN13B051,
720575941535107521,IN21A037,
720575941535108835,IN14A015,
720575941535110890,INXXX415,
720575941535111914,IN12B063,
720575941535118058,IN13B022,
720575941535118307,IN12B027,
720575941535118826,INXXX258,dimorphic
720575941535125994,IN23B060,
720575941535127011,IN14B010,
720575941535127274,IN01A015,
720575941535134947,IN14A081,
720575941535136739,IN12A063,
720575941535137763,IN06A037,
720575941535144163,IN20A.22A049,
720575941535149027,,
720575941535149034,IN01A073,
720575941535149539,IN07B065,
720575941535150819,INXXX064,
720575941535151338,IN20A.22A010,
720575941535163363,IN10B042,
720575941535171555,IN10B059,
720575941535177443,IN01A080,
720575941535181283,IN19B095,
720575941535182563,IN19A122,
720575941535190499,IN01A064,
720575941535202787,IN04B104,
720575941535211747,IN19B068,dimorphic
720575941535215331,IN03A083,
720575941535216355,IN09A030,
720575941535224803,INXXX336,
720575941535254465,IN16B029,
720575941535323058,IN20A.22A036,
720575941535330570,IN08A031,
720575941535331082,IN06B024,
720575941535331338,IN18B039,
720575941535331594,IN03A045,
720575941535331850,IN20A.22A007,
720575941535411226,IN13A062,
720575941535419418,IN06B069,
720575941535420186,IN01A039,
720575941535420698,IN01A034,
720575941535423770,IN21A009,
720575941535440666,IN16B056,
720575941535443939,IN03A044,
720575941535445786,IN12B075,
720575941535458024,INXXX446,dimorphic
720575941535511834,IN12B012,
720575941535538202,IN05B022,
720575941535539226,IN09A014,
720575941535551514,IN16B105,
720575941535565505,IN19A026,
720575941535617770,IN19B066,dimorphic
720575941535631386,IN18B055,dimorphic
720575941535681562,IN23B039,
720575941535749859,IN16B063,
720575941535844289,IN13B058,
720575941535888321,IN04B049,
720575941535907082,IN03B011,
720575941535907521,IN06B079,
720575941535909642,IN03A059,
720575941535926282,IN21A006,
720575941535931658,IN07B058,
720575941535932170,IN03A028,
720575941535933450,INXXX365,
720575941535934730,IN06A133,
720575941535943178,dMS5,
720575941535943690,IN09A039,
720575941535944730,IN14A036,
720575941535951592,IN01B016,
720575941535952577,IN06A023,
720575941535955137,INXXX114,
720575941535959489,IN14A110,
720575941535966145,INXXX409,
720575941535970241,IN10B004,
720575941535971777,IN07B002,
720575941536024242,IN09A018,
720575941536036082,,
720575941536110322,IN13B089,
720575941536141973,IN19A071,
720575941536151957,IN20A.22A033,
720575941536171506,IN20A.22A049,
720575941536175594,IN03A036,
720575941536192498,IN23B032,
720575941536196757,IN06B063,
720575941536203034,IN11A036,
720575941536204826,IN05B090,
720575941536206785,IN03B012,
720575941536208789,IN06B058,
720575941536210581,IN03B001,
720575941536218354,IN13B073,
720575941536226058,IN12B012,
720575941536227826,IN21A067,
720575941536228501,IN13B090,
720575941536229013,IN20A.22A023,
720575941536233621,IN20A.22A016,
720575941536244978,IN19A117,
720575941536248306,IN08A011,
720575941536264434,IN13A062,
720575941536268786,IN19A048,
720575941536276506,IN02A054,
720575941536277397,IN03B092,
720575941536281586,IN18B045,
720575941536287474,IN16B022,
720575941536288405,IN14A050,
720575941536291816,IN16B034,
720575941536294293,IN06A044,
720575941536295090,IN03A092,
720575941536297109,IN04B100,
720575941536301205,IN08A034,
720575941536301973,IN16B014,
720575941536303858,IN11A032,
720575941536309141,IN17A064,
720575941536313842,IN13B050,
720575941536314005,IN08A028,
720575941536318869,IN21A012,
720575941536323221,IN03B035,
720575941536327410,IN19A073,
720575941536329621,IN19A106,
720575941536330645,IN19A084,
720575941536348760,IN09A012,
720575941536364949,INXXX209,dimorphic
720575941536366570,INXXX054,
720575941536368370,IN11B016,
720575941536368882,IN20A.22A055,
720575941536371442,IN06A020,
720575941536372978,IN12B066,
720575941536378866,IN01B095,
720575941536381426,IN04B041,
720575941536390130,IN16B080,
720575941536391666,IN02A023,
720575941536393202,IN02A056,
720575941536395762,IN10B044,
720575941536396693,IN01B033,
720575941536402930,IN14A053,
720575941536441330,IN16B108,
720575941536451570,IN19A106,
720575941536475624,IN09A079,
720575941536498202,IN12B057,
720575941536499226,IN06A063,
720575941536508186,INXXX815_f,sex_specific
720575941536510440,IN20A.22A025,
720575941536511474,IN02A054,
720575941536512744,INXXX911_f,sex_specific
720575941536513000,IN03A077,
720575941536513050,INXXX458,dimorphic
720575941536518170,INXXX813_f,sex_specific
720575941536518426,IN20A.22A035,
720575941536520218,IN17A019,
720575941536544538,IN06A125,
720575941536546586,IN04B004,
720575941536546842,IN12A011,
720575941536572136,IN10B038,
720575941536591080,IN21A023,
720575941536601576,IN03A028,
720575941536617706,,
720575941536626408,,
720575941536628568,INXXX468,
720575941536635875,IN01B007,
720575941536638947,IN06A035,
720575941536648168,IN17A049,
720575941536656867,IN06A035,
720575941536657123,IN06A067,
720575941536708323,IN07B048,
720575941536717066,IN01B022,
720575941536717322,IN13A044,
720575941536775144,IN01A078,
720575941536797466,IN04B106,
720575941536906389,IN03B046,
720575941536932501,IN09A091,
720575941536937621,IN13A027,
720575941536938133,IN13A035,
720575941536939157,IN13A058,
720575941536946069,IN08B065,
720575941536949397,IN01B052,
720575941536957333,IN21A054,
720575941536965781,IN23B032,
720575941536966805,IN13B090,
720575941536985866,IN03B032,
720575941537005578,INXXX063,
720575941537007602,IN09A043,
720575941537012722,IN01B055,
720575941537071594,IN09B049,
720575941537126666,IN20A.22A069,
720575941537154753,IN13B028,
720575941537166997,IN12A036,
720575941537278490,IN01A063,
720575941537327882,IN01B049,
720575941537331905,IN23B048,
720575941537342401,,
720575941537344227,IN12B003,
720575941537347009,,
720575941537376010,,
720575941537458442,IN20A.22A085,
720575941537477352,IN06A064,dimorphic
720575941537485032,INXXX373,
720575941537486568,IN20A.22A048,
720575941537486824,IN14A005,
720575941537487592,INXXX417,
720575941537501160,IN06A005,
720575941537511144,INXXX989_f,sex_specific
720575941537528050,IN06A097,
720575941537535693,IN20A.22A079,
720575941537557731,IN00A001,
720575941537573245,IN23B032,
720575941537582029,IN09A048,
720575941537591245,INXXX469,
720575941537594573,IN17A071,
720575941537597389,IN12B077,
720575941537600973,IN12A054,
720575941537602275,IN20A.22A078,
720575941537603197,IN09A043,
720575941537603299,INXXX337,
720575941537605859,IN09B005,
720575941537612515,INXXX197,dimorphic
720575941537621475,IN20A.22A085,
720575941537626829,IN19A041,
720575941537630179,IN20A.22A091,
720575941537631181,IN16B071,
720575941537635277,IN12B024,
720575941537635555,IN09A021,
720575941537635811,IN01A059,
720575941537641933,IN23B032,
720575941537641955,INXXX845_f,sex_specific
720575941537647821,IN19A080,
720575941537648867,IN01A066,
720575941537653397,IN13B045,
720575941537675725,IN17A061,
720575941537687757,IN03B089,
720575941537697149,IN02A047,
720575941537703373,IN17A028,
720575941537705677,IN20A.22A040,
720575941537715149,IN06A063,
720575941537717629,INXXX376,
720575941537718989,IN04B107,
720575941537719165,IN03B086,
720575941537723517,IN07B102,
720575941537732989,IN10B057,
720575941537763197,IN01A079,
720575941537772413,IN01B016,
720575941537774717,IN13B049,
720575941537777533,IN19A098,
720575941537796989,IN06A003,
720575941537803901,IN20A.22A084,
720575941537809021,IN21A059,
720575941537811581,IN01B090,
720575941537816213,IN13A015,
720575941537819517,IN23B087,
720575941537821821,IN21A079,
720575941537831144,IN13B004,
720575941537832317,IN16B075,
720575941537833085,IN06A119,dimorphic
720575941537843069,IN19A041,
720575941537845885,IN21A068,
720575941537860989,IN13A007,
720575941537865165,IN08A006,
720575941537867901,IN12B027,
720575941537878397,IN16B114,
720575941537878909,IN09A026,
720575941537879538,INXXX941_f,sex_specific
720575941537881981,IN03B043,
720575941537892477,IN13B019,
720575941537917466,,
720575941537925106,IN03B060,
720575941537927410,IN03A077,
720575941537933042,IN16B062,
720575941537942554,IN13A010,
720575941537960424,IN03B054,
720575941537968021,IN03A032,
720575941537971861,IN16B066,
720575941537990037,IN21A035,
720575941537994621,,
720575941537994645,IN06B074,
720575941538014194,INXXX849_f,sex_specific
720575941538025970,IN12B038,
720575941538033394,INXXX429,
720575941538033906,IN01B023,
720575941538048242,INXXX835_f,sex_specific
720575941538063509,,
720575941538064253,IN16B097,
720575941538077426,IN20A.22A017,
720575941538087829,INXXX307,dimorphic
720575941538096789,IN10B041,
720575941538100117,IN07B100,
720575941538106517,IN00A024,
720575941538114197,IN19A001,
720575941538136346,,
720575941538274531,IN02A029,
720575941538275555,IN12B018,
720575941538278627,IN02A029,
720575941538289379,IN02A019,
720575941538431381,IN04B102,
720575941538493309,IN02A044,
720575941538690709,IN03A020,
720575941538693859,IN00A027,dimorphic
720575941538699491,IN01B061,
720575941538718706,IN09A060,
720575941538750077,IN21A012,
720575941538885096,,
720575941538888061,IN12B027,
720575941538910184,IN19A016,
720575941538946787,,
720575941538948323,,
720575941538951154,IN19A052,
720575941538955235,,
720575941538969842,IN23B037,
720575941538984597,IN23B062,
720575941538995186,INXXX914_f,sex_specific
720575941538999016,,
720575941538999026,IN13A055,
720575941539006357,IN13A045,
720575941539011477,INXXX065,
720575941539011989,IN01A066,
720575941539013618,IN08A028,
720575941539034005,IN07B061,dimorphic
720575941539037170,IN08A011,
720575941539040405,IN02A015,
720575941539044082,IN06B003,
720575941539048434,IN09A016,
720575941539054541,IN03B065,
720575941539071893,INXXX894_f,sex_specific
720575941539095701,IN03A064,
720575941539099285,IN13A006,
720575941539100821,,
720575941539104661,IN10B038,
720575941539154813,IN13A059,
720575941539218301,IN18B026,
720575941539248509,IN19A081,
720575941539298253,IN23B089,
720575941539343053,,
720575941539353213,,
720575941539353981,IN01B006,
720575941539355517,IN06B028,
720575941539366093,IN10B038,
720575941539413629,IN20A.22A048,
720575941539464317,IN04B008,
720575941539539325,,
720575941539619164,IN01A070,
720575941539620700,IN03A039,
720575941539688284,IN13B079,
720575941539694428,IN12A021,dimorphic
720575941539715164,IN04B098,
720575941539720540,IN11B021,
720575941539721308,IN02A033,
720575941539723612,IN08A043,
720575941539741788,IN06B038,
720575941539743580,IN03A066,
720575941539754332,IN03A058,
720575941539757660,IN19A088,
720575941539778652,IN13A014,
720575941539783004,IN16B118,
720575941539809116,IN10B058,
720575941539824789,IN13A035,
720575941539929117,IN06A075,
720575941539982797,IN06A091,
720575941539995890,IN03A037,
720575941540021789,IN03A057,
720575941540028957,IN01A028,
720575941540030749,IN13B040,
720575941540033309,IN12B072,
720575941540038429,IN21A058,
720575941540061682,IN13A054,
720575941540077341,IN21A080,
720575941540100381,IN00A046,
720575941540121373,IN13A051,
720575941540125469,IN16B074,
720575941540135453,IN00A051,
720575941540138269,IN14A013,
720575941540138781,IN14A077,
720575941540141597,IN19A076,
720575941540147229,IN13B018,
720575941540166941,INXXX833_f,sex_specific
720575941540179741,IN16B048,
720575941540185213,IN08A002,
720575941540185493,IN19A043,
720575941540192461,IN00A017,
720575941540197405,IN21A087,
720575941540201933,IN19A012,
720575941540205005,IN08A019,
720575941540205181,IN08B091,
720575941540205949,INXXX243,dimorphic
720575941540219517,INXXX379,dimorphic
720575941540220285,IN14A051,
720575941540230013,IN21A008,
720575941540237437,INXXX216,
720575941540239053,IN01A062,
720575941540244429,INXXX253,
720575941540246909,INXXX138,
720575941540247501,INXXX332,
720575941540248957,IN14A001,
720575941540253309,IN03A001,
720575941540253389,IN06A082,
720575941540254669,IN20A.22A044,
720575941540255357,IN12A009,dimorphic
720575941540256205,INXXX134,
720575941540256973,INXXX931_f,sex_specific
720575941540261501,IN20A.22A016,
720575941540265458,,
720575941540274045,IN03A030,
720575941540274381,IN17A020,
720575941540277885,INXXX279,dimorphic
720575941540278397,IN13B010,
720575941540281213,IN19A117,
720575941540284109,IN21A015,
720575941540289149,IN19A010,
720575941540302578,INXXX364,
720575941540303346,IN07B028,
720575941540308466,,
720575941540339186,IN06B054,
720575941540374421,,
720575941540411797,INXXX230,
720575941540485581,IN05B005,
720575941540500210,IN10B030,
720575941540544242,IN03A010,
720575941540551922,IN12B030,
720575941540690717,dMS2,
720575941540724765,IN19B094,
720575941540726045,IN13A051,
720575941540727581,IN06B061,
720575941540729885,IN19A068,
720575941540870685,IN17A095,
720575941540977357,IN12B018,
720575941541006797,INXXX816_f,sex_specific
720575941541018716,IN20A.22A027,
720575941541123164,IN09B038,
720575941541170780,IN03B083,
720575941541244109,IN12B032,
720575941541276621,,
720575941541277389,IN06A132,
720575941541318685,IN12B036,
720575941541379709,IN12B082,
720575941541382781,IN21A061,
720575941541386076,IN12B041,
720575941541423708,IN06A085,
720575941541473628,IN07B079,
720575941541486172,INXXX393,
720575941541544028,IN19A003,
720575941541604188,IN13B063,
720575941541650301,,
720575941541671549,,
720575941541693389,,
720575941541698765,,
720575941541705677,,
720575941541720189,INXXX966_f,sex_specific
720575941541740829,IN06B084,
720575941541749373,INXXX446,dimorphic
720575941541772925,IN00A045,
720575941541774621,IN04B055,
720575941541782045,IN12B022,
720575941541785885,IN01B068,
720575941541788029,IN09A093,
720575941541788285,INXXX381,
720575941541804925,IN13B021,
720575941541885981,IN13A024,
720575941541903133,INXXX878_f,sex_specific
720575941541930781,INXXX303,dimorphic
720575941542169180,IN01B080,
720575941542215429,IN20A.22A070,
720575941542235141,IN07B055,
720575941542241541,IN03A033,
720575941542265093,IN11B016,
720575941542265605,IN17A096,dimorphic
720575941542272005,IN10B055,
720575941542282245,IN19B056,
720575941542286085,IN03B052,
720575941542291973,IN08A029,
720575941542297605,IN11B022,
720575941542314245,IN19B045,
720575941542314757,INXXX112,
720575941542325253,IN14A086,
720575941542330117,IN20A.22A016,
720575941542344989,IN01B082,
720575941542345477,IN06A125,
720575941542350597,IN06A098,dimorphic
720575941542389852,,
720575941542399324,IN12B034,
720575941542411868,IN03A035,
720575941542413660,IN08A031,
720575941542426204,IN06A082,
720575941542432092,IN12A006,
720575941542435676,IN03A045,
720575941542437212,IN21A004,
720575941542440796,IN02A047,
720575941542442076,IN19B012,
720575941542445916,IN19A060,
720575941542455388,IN04B074,
720575941542458460,IN00A031,
720575941542469212,IN08B006,
720575941542471004,IN20A.22A086,
720575941542474076,IN23B008,
720575941542475100,INXXX084,dimorphic
720575941542475356,INXXX301,
720575941542477916,IN04B100,
720575941542479196,IN03A077,
720575941542479452,INXXX253,
720575941542480476,IN11B006,
720575941542481244,IN03A014,
720575941542482780,INXXX370,dimorphic
720575941542483292,IN12B056,
720575941542483804,IN08A032,
720575941542779421,IN19A081,
720575941542796293,IN02A056,
720575941542796549,IN19A005,
720575941542797829,IN19A102,
720575941542799645,IN21A031,
720575941542806277,IN23B055,
720575941542830621,IN08A028,
720575941542830877,IN21A010,
720575941542838813,INXXX822_f,sex_specific
720575941542843677,INXXX840_f,sex_specific
720575941542866973,IN13B004,
720575941542873885,IN17A028,
720575941542882589,IN03A093,
720575941542886173,,
720575941542894109,IN16B077,
720575941542899229,INXXX183,
720575941542900997,IN06A082,
720575941542905629,IN03A009,
720575941542907165,IN21A029,
720575941542907933,IN12A015,
720575941542908189,IN16B091,
720575941542911261,IN03A019,
720575941542922781,IN06B030,
720575941542924829,IN19B021,
720575941543176284,IN12B073,
720575941543312745,INXXX219,
720575941543315205,IN19B089,
720575941543316329,IN06A096,
720575941543365225,IN12B069,
720575941543397737,IN06B066,
720575941543434172,IN08A030,
720575941543444924,IN12B072,
720575941543449788,IN01A009,
720575941543451241,IN10B028,
720575941543468137,IN11B021,
720575941543510121,IN21A066,
720575941543510716,IN23B056,
720575941543512764,IN09A047,
720575941543569257,IN11B021,
720575941543585129,IN03A080,
720575941543585212,IN06B085,
720575941543586409,IN07B087,
720575941543601769,IN11A030,
720575941543607740,IN07B010,
720575941543608668,INXXX429,
720575941543613033,IN06B087,
720575941543620028,IN19A069,
720575941543621308,IN13B058,
720575941543631721,IN08A028,
720575941543634437,IN09A079,
720575941543635205,IN03A073,
720575941543635461,IN18B045,
720575941543636741,IN19A052,
720575941543636997,IN09A057,
720575941543640252,IN13B099,
720575941543641349,IN14A018,
720575941543647420,IN06B047,
720575941543648005,IN18B043,
720575941543649285,IN12A043,
720575941543650665,IN16B095,
720575941543651004,IN19A088,
720575941543655173,IN13B012,
720575941543655785,IN10B032,
720575941543658428,IN12B012,
720575941543659625,INXXX406,
720575941543660220,IN14A043,
720575941543662441,INXXX140,
720575941543666364,IN20A.22A085,
720575941543669765,IN06A065,
720575941543670121,IN07B053,
720575941543673349,INXXX864_f,sex_specific
720575941543674629,IN06B074,
720575941543684188,IN19A016,
720575941543684201,IN14A045,
720575941543685564,IN02A064,
720575941543687868,IN16B107,
720575941543739653,IN09A064,
720575941543742140,,
720575941543751173,IN16B042,
720575941543767813,,
720575941543787013,IN04B036,
720575941543798789,IN08A040,
720575941543812869,IN20A.22A038,
720575941543813125,IN11A040,
720575941543825413,IN06A102,
720575941543852573,IN19A004,
720575941543867484,IN05B064,
720575941543874908,,
720575941543893353,IN08A011,
720575941544149509,IN01B095,
720575941544212412,IN08A046,
720575941544219068,IN14A050,
720575941544250473,IN19A062,
720575941544252777,IN19A117,
720575941544256873,INXXX454,dimorphic
720575941544261225,GFC3,
720575941544262505,IN16B077,
720575941544272489,IN19A067,
720575941544351005,IN21A004,
720575941544460317,IN17A083,
720575941544476957,IN13A032,
720575941544485661,IN03B021,
720575941544490676,IN06B033,
720575941544516276,IN13B059,
720575941544517405,,
720575941544527133,IN09A073,
720575941544546996,IN08A034,
720575941544547101,,
720575941544566452,IN13B010,
720575941544594868,IN12B073,
720575941544597684,IN01B080,
720575941544606388,IN08A011,
720575941544636084,IN19A120,
720575941544636596,IN19B103,
720575941544640436,IN21A014,
720575941544661172,IN13B017,
720575941544688308,IN11B016,
720575941544692660,IN00A050,
720575941544695476,IN13B058,
720575941544695732,IN00A056,
720575941544696756,IN06B077,
720575941544702469,,
720575941544706053,IN05B065,
720575941544710149,INXXX860_f,sex_specific
720575941544715013,IN06A066,
720575941544718772,IN01B098,
720575941544720133,IN00A017,
720575941544720820,IN06A106,
720575941544721844,IN06A101,
720575941544744965,IN09A009,
720575941544780037,IN03A019,
720575941544914793,IN17A020,
720575941544954556,IN16B036,
720575941544975804,IN06B073,
720575941544977596,IN14A024,
720575941544981436,IN10B057,
720575941544982716,IN03B043,
720575941545080252,IN19A016,
720575941545124232,IN20A.22A036,
720575941545126505,INXXX830_f,sex_specific
720575941545143688,IN03A066,
720575941545195656,IN07B066,
720575941545211272,IN07B096,
720575941545212340,IN02A056,
720575941545234356,IN03B060,
720575941545246088,IN21A088,
720575941545270664,IN12A019,dimorphic
720575941545281928,IN03B066,
720575941545286792,IN11B015,
720575941545314184,IN20A.22A061,
720575941545322120,IN21A026,
720575941545334408,IN03B084,
720575941545334920,IN19A108,
720575941545340296,IN04B081,
720575941545353352,IN19B057,
720575941545355625,IN12B074,
720575941545357161,IN03A071,
720575941545361288,IN00A052,
720575941545362281,IN11A025,
720575941545372296,IN11A018,
720575941545374825,IN04B071,
720575941545375880,IN01A054,
720575941545396104,IN13B043,
720575941545400508,IN03B061,
720575941545408904,INXXX847_f,sex_specific
720575941545438057,IN17A065,
720575941545440392,IN07B076,
720575941545446792,IN03B093,
720575941545450120,IN08A048,
720575941545452137,IN01B030,
720575941545464968,IN02A030,
720575941545465193,,
720575941545469832,INXXX309,dimorphic
720575941545471593,IN11A021,
720575941545473672,IN20A.22A039,
720575941545473928,IN03B083,
720575941545482684,IN03A054,
720575941545483369,IN06A063,
720575941545486524,INXXX244,dimorphic
720575941545488901,IN19A061,
720575941545509737,IN16B125,
720575941545555461,IN19A107,
720575941545638505,INXXX466,
720575941545854132,IN23B084,
720575941546063752,,
720575941546065032,IN07B086,
720575941546066281,,
720575941546109189,IN07B061,dimorphic
720575941546147077,IN14A010,
720575941546165896,IN09A022,
720575941546186420,IN04B105,
720575941546193332,IN03A071,
720575941546203572,INXXX916_f,sex_specific
720575941546205108,IN13B084,
720575941546207412,IN14A074,
720575941546208692,IN08B104,
720575941546220980,IN06A086,
720575941546232325,IN04B080,
720575941546254597,INXXX417,
720575941546258612,IN13B055,
720575941546261253,INXXX004,
720575941546266036,IN21A038,
720575941546303156,IN07B079,
720575941546321076,IN06A079,
720575941546335676,IN06B047,
720575941546366132,INXXX925_f,sex_specific
720575941546374076,IN12B036,
720575941546385084,IN19B084,
720575941546387388,INXXX974_f,sex_specific
720575941546388412,IN23B022,
720575941546391740,IN12B070,
720575941546393532,INXXX268,
720575941546394812,IN04B090,
720575941546430313,IN01A058,
720575941546435177,IN08B019,
720575941546436713,IN06B074,
720575941546443625,IN03A040,
720575941546446441,IN09B038,
720575941546454633,IN05B012,
720575941546491681,IN06A019,
720575941546508321,IN12B049,
720575941546553633,IN20A.22A055,
720575941546571700,IN13B025,
720575941546580769,IN12B079,
720575941546627105,IN00A030,
720575941546638625,IN00A048,
720575941546654497,IN04B071,
720575941546657569,IN13B060,
720575941546687009,IN06B079,
720575941546689825,vMS11,dimorphic
720575941546711073,IN18B048,
720575941546711585,IN00A058,
720575941546719265,INXXX387,dimorphic
720575941546727713,IN17A039,
720575941546731041,IN06A065,
720575941546749473,IN20A.22A026,
720575941546749729,IN20A.22A077,
720575941546756385,IN16B056,
720575941546767649,IN16B110,
720575941546773640,IN06A069,
720575941546788385,IN09B053,
720575941546807841,IN17A118,
720575941546811425,IN17A089,
720575941546819617,IN20A.22A089,
720575941546827553,IN01A074,
720575941546845320,IN03B051,
720575941546854945,IN07B102,
720575941546867489,IN23B090,dimorphic
720575941546890273,IN09A019,
720575941546999740,INXXX429,
720575941547017660,INXXX332,
720575941547115656,IN20A.22A030,
720575941547150141,IN20A.22A008,
720575941547157428,IN23B008,
720575941547158196,IN08A030,
720575941547159476,INXXX297,dimorphic
720575941547159732,INXXX364,
720575941547162292,INXXX104,
720575941547164084,IN19A015,
720575941547175860,IN01B081,
720575941547176372,INXXX269,
720575941547177076,IN06A022,
720575941547177396,IN23B017,
720575941547178164,IN07B038,
720575941547178932,IN13B037,
720575941547179956,IN05B043,
720575941547184957,IN06B056,
720575941547185032,,
720575941547186568,,
720575941547187080,IN17A017,
720575941547187848,IN04B028,
720575941547189384,IN03A037,
720575941547199549,IN13B035,
720575941547225405,IN06B078,
720575941547226248,IN06A008,
720575941547226292,IN05B016,
720575941547231037,IN21A026,
720575941547239229,IN20A.22A049,
720575941547244861,IN09B048,
720575941547256125,IN11B021,
720575941547259197,IN02A049,
720575941547285620,IN01A078,
720575941547287101,IN13B041,
720575941547288692,IN06A108,
720575941547294013,IN11A017,
720575941547294836,IN06B086,
720575941547298676,IN06B076,
720575941547304509,IN16B083,
720575941547307837,IN23B067,dimorphic
720575941547330877,IN21A018,
720575941547331389,IN01B069,
720575941547331444,IN13B065,
720575941547334205,IN20A.22A092,
720575941547335284,IN01A034,
720575941547336253,INXXX883_f,sex_specific
720575941547337789,IN13A038,
720575941547337844,IN20A.22A039,
720575941547340916,IN20A.22A006,
720575941547341684,IN19B070,
720575941547343220,IN04B103,
720575941547347316,IN12A063,
720575941547347572,IN02A042,
720575941547366516,IN14A100,
720575941547368820,IN19B094,
720575941547371069,IN01B059,
720575941547372404,IN14A068,
720575941547373428,IN08A047,
720575941547377725,IN13A045,
720575941547384097,IN03B091,
720575941547384381,IN21A037,
720575941547390269,IN19B089,
720575941547401249,IN03B088,
720575941547404148,IN03A031,
720575941547505288,IN08B008,
720575941547505544,IN19A010,
720575941547628220,IN12B072,
720575941547643836,IN19A033,
720575941547677033,INXXX133,
720575941547710908,,
720575941547756220,INXXX149,dimorphic
720575941547771324,IN14A024,
720575941547772604,IN01B046,
720575941547781052,INXXX895_f,sex_specific
720575941547816041,IN04B014,
720575941547841853,IN01A079,
720575941547842877,IN01B084,
720575941547882345,,
720575941547892084,IN13B070,
720575941547899764,IN16B041,
720575941547901556,IN17A061,
720575941547930228,IN01B065,dimorphic
720575941547938952,IN03A046,
720575941547953076,IN02A029,
720575941548042356,IN09A039,
720575941548069256,IN12B044,
720575941548072072,IN23B013,
720575941548073608,IN17A058,
720575941548073864,IN21A002,
720575941548075912,INXXX904_f,sex_specific
720575941548082568,IN16B042,
720575941548082824,IN09A004,
720575941548312353,IN06A132,
720575941548342817,IN01B095,
720575941548374305,INXXX901_f,sex_specific
720575941548376865,INXXX364,
720575941548386228,,
720575941548405537,IN12B068,
720575941548421300,IN09A042,
720575941548439841,IN01A007,
720575941548447521,IN19A011,
720575941548494881,IN13A005,
720575941548496929,IN07B073,
720575941548498721,IN09A041,
720575941548507425,IN16B093,
720575941548515105,IN09A074,
720575941548593953,IN08A007,
720575941548599924,IN13A022,
720575941548601716,INXXX929_f,sex_specific
720575941548629940,,
720575941548641928,IN04B054,
720575941548665480,INXXX273,dimorphic
720575941548728968,IN20A.22A004,
720575941548733064,IN21A018,
720575941548802164,IN23B078,
720575941548844605,IN04B046,
720575941548845629,GFC2,
720575941548846141,IN06A108,
720575941548856637,IN06B072,
720575941548867389,IN09A060,
720575941548867901,IN13B087,
720575941548878708,IN20A.22A070,
720575941548886900,IN01B025,
720575941548888692,IN14A097,
720575941548889716,IN03A037,
720575941548889917,IN23B071,
720575941548896372,IN09A060,
720575941548897652,INXXX448,
720575941548912445,IN14B011,
720575941548921917,IN13B090,
720575941548923965,IN17A052,
720575941548928061,,
720575941548936253,IN20A.22A001,
720575941548943988,INXXX056,dimorphic
720575941548953917,IN14A077,
720575941548957812,IN02A030,
720575941548965492,IN21A046,
720575941548970813,IN00A065,
720575941548981309,IN20A.22A080,
720575941548989812,IN08B072,
720575941549002612,IN20A.22A023,
720575941549002868,IN19A125,
720575941549018228,IN13B093,
720575941549040500,IN21A061,
720575941549076084,,
720575941549082996,IN19A070,
720575941549133823,IN00A041,
720575941549148552,IN03A006,
720575941549151231,IN12B037,
720575941549165448,,
720575941549165823,IN08B070,
720575941549166079,IN11B022,
720575941549224703,IN09A080,
720575941549240319,IN19A033,
720575941549269565,IN04B081,
720575941549283839,IN07B086,
720575941549290495,IN12A061,
720575941549297919,IN17A106,
720575941549318143,IN09A060,
720575941549329663,IN06A116,
720575941549350399,IN11A011,
720575941549359103,IN12B013,
720575941549372159,IN13B064,
720575941549374975,IN13B046,
720575941549380351,IN03B071,
720575941549386239,IN11A037,
720575941549394292,IN21A003,
720575941549394687,IN03B069,
720575941549399039,dMS2,
720575941549403903,IN06A067,
720575941549427967,IN03A064,
720575941549451553,IN07B100,
720575941549465121,IN16B097,
720575941549465633,IN04B061,
720575941549465889,IN21A019,
720575941549472545,IN09A057,
720575941549474877,IN08A041,
720575941549477409,IN02A066,
720575941549478945,IN08B035,
720575941549481761,IN06B047,
720575941549488161,IN01A002,
720575941549488417,IN06A089,
720575941549558846,IN06A113,
720575941549570878,IN03A039,
720575941549578301,IN12B038,
720575941549632830,IN03B052,
720575941549643838,IN14A076,
720575941549653310,IN13A055,
720575941549655102,IN13A032,
720575941549676606,IN20A.22A065,
720575941549683006,IN06A116,
720575941549693556,IN23B088,
720575941549701182,IN12A060,
720575941549711422,IN10B057,
720575941549714238,IN20A.22A042,
720575941549718334,IN19A030,
720575941549732158,IN06B018,
720575941549746494,IN13A062,
720575941549751358,IN19B071,
720575941549753150,IN06A126,
720575941549754913,INXXX386,
720575941549780798,IN20A.22A023,
720575941549781566,IN13A060,
720575941549809982,IN16B039,
720575941549814846,IN20A.22A074,
720575941549826622,IN03A050,
720575941549829182,IN07B098,
720575941549839166,INXXX224,
720575941549840702,IN11B022,
720575941549897844,INXXX446,dimorphic
720575941549911613,IN01A023,
720575941549915709,IN18B016,
720575941549931837,IN01B100,
720575941549936701,IN20A.22A016,
720575941549951549,IN13A010,
720575941549960052,IN14A077,
720575941549961277,IN09A034,
720575941549962868,IN17A025,
720575941549963124,IN03A068,
720575941549963581,IN17A007,
720575941549963636,IN12B032,
720575941549964148,IN10B012,
720575941549976637,IN01A039,
720575941549978228,IN01A048,
720575941549987444,IN09A010,
720575941549987700,IN16B105,
720575941549990004,IN26X001,
720575941549991796,IN19B030,
720575941549992564,INXXX956_f,sex_specific
720575941550058239,IN20A.22A048,
720575941550238781,IN04B068,
720575941550417961,,
720575941550487849,,
720575941550531700,IN06A082,
720575941550548340,IN11A023,
720575941550566945,IN10B014,
720575941550676029,IN03B084,
720575941550688801,IN23B045,
720575941550693236,IN12B033,
720575941550707316,IN05B013,
720575941550752289,IN05B005,
720575941550753057,IN00A031,
720575941550783604,IN01B019,
720575941550790177,,
720575941550810145,IN01A008,
720575941550813217,INXXX045,dimorphic
720575941550836359,IN09A075,
720575941550871039,IN03A089,
720575941550878087,w-cHIN,
720575941550883133,IN13B011,
720575941550883463,IN06A059,
720575941550890239,IN16B077,
720575941550894847,IN19A069,
720575941550896383,IN20A.22A028,
720575941550911487,IN12B043,
720575941550913791,INXXX417,
720575941550919679,IN19A081,
720575941550923775,IN17A065,
720575941550930175,IN14A034,
720575941550932991,IN13A043,
720575941550944511,IN20A.22A088,
720575941550948231,IN11A019,
720575941550950279,IN12B025,
720575941550957055,IN00A067,
720575941550957703,IN08A023,
720575941550971783,IN06A016,
720575941550987143,IN13A014,
720575941550990141,IN10B057,
720575941551015997,INXXX926_f,sex_specific
720575941551029759,IN01B035,
720575941551035527,IN16B098,
720575941551042303,,
720575941551043839,IN01B078,
720575941551045631,IN14A044,
720575941551048447,IN09A037,
720575941551053823,INXXX932_f,sex_specific
720575941551057543,IN07B090,dimorphic
720575941551057919,IN07B065,
720575941551063431,INXXX393,
720575941551063687,IN02A064,
720575941551070207,INXXX951_f,sex_specific
720575941551095870,,
720575941551123827,,
720575941551175742,IN13A064,
720575941551251773,,
720575941551297396,,
720575941551302171,IN20A.22A006,
720575941551309940,,
720575941551313435,INXXX937_f,sex_specific
720575941551321371,IN03B005,
720575941551326235,IN19A106,
720575941551356955,IN19B103,
720575941551357467,IN12B072,
720575941551357723,IN03B075,
720575941551362075,IN20A.22A079,
720575941551369332,,
720575941551375220,IN19A002,
720575941551378715,IN12B053,
720575941551379739,IN01B015,
720575941551384091,IN19B070,
720575941551385371,IN19A008,
720575941551389979,IN19B043,
720575941551395355,IN14A008,
720575941551404315,IN02A045,
720575941551413531,IN10B041,
720575941551416603,IN06B082,
720575941551420187,IN03A065,
720575941551424283,INXXX204,
720575941551428635,IN20A.22A048,
720575941551432254,IN12B063,
720575941551434394,IN16B090,
720575941551437466,IN06A053,
720575941551443610,IN06A042,
720575941551464959,IN20A.22A063,
720575941551480831,IN20A.22A062,
720575941551502490,IN06A122,
720575941551519386,IN06B086,
720575941551561790,INXXX383,
720575941551563418,IN01B080,
720575941551566654,IN16B118,
720575941551570586,IN21A033,
720575941551579034,IN03B060,
720575941551588506,IN11B014,
720575941551589274,IN16B068,
720575941551598234,IN11B015,
720575941551598746,IN06B066,
720575941551603610,IN10B057,
720575941551610778,IN13A047,
720575941551618458,IN14A111,
720575941551618695,IN20A.22A084,
720575941551619994,IN01B079,
720575941551621786,IN01B033,
720575941551622023,IN16B099,
720575941551625626,IN06B064,
720575941551632794,IN06B066,
720575941551644699,IN14A107,
720575941551657114,IN20A.22A024,
720575941551659263,IN10B042,
720575941551713342,IN20A.22A007,
720575941551923711,IN23B085,
720575941551926527,IN18B043,
720575941551937598,IN19B075,
720575941551942655,INXXX945_f,sex_specific
720575941551946239,IN14A048,
720575941551947263,IN23B001,
720575941551951359,IN16B086,
720575941551952127,IN04B068,
720575941551969791,IN23B044,
720575941551970815,IN05B031,
720575941551976191,IN08A043,
720575941551983871,IN01A016,
720575941551992859,IN20A.22A051,
720575941551995391,IN21A006,
720575941551996671,IN08A048,
720575941551997183,IN00A014,
720575941552004351,INXXX301,
720575941552008959,IN16B114,
720575941552010495,IN19A021,
720575941552027647,IN13B013,
720575941552031231,INXXX119,
720575941552129927,IN10B041,
720575941552190874,IN02A058,
720575941552229767,IN17A025,
720575941552240007,IN01A010,
720575941552244286,IN19B050,
720575941552245822,IN17A001,
720575941552267838,IN19B016,dimorphic
720575941552299521,IN07B075,
720575941552329729,IN08B070,
720575941552349185,IN09B051,
720575941552351745,IN19B064,
720575941552372634,IN14A047,
720575941552374273,IN06B029,
720575941552433921,IN12B026,
720575941552442369,IN09A071,
720575941552444807,IN06A076,
720575941552451073,IN01A076,
720575941552451329,IN20A.22A060,
720575941552463361,IN12B058,
720575941552471297,IN21A001,
720575941552472065,IN03B066,
720575941552474881,IN21A082,
720575941552477697,IN07B058,
720575941552481281,IN14A077,
720575941552487169,IN20A.22A009,
720575941552496641,IN06B043,
720575941552510465,IN09A024,
720575941552515073,IN01B029,
720575941552519937,IN13B075,
720575941552529665,IN04B092,
720575941552542209,IN20A.22A064,
720575941552566663,IN04B050,
720575941552570247,IN20A.22A026,
720575941552570503,IN03A093,
720575941552574599,INXXX952_f,sex_specific
720575941552582791,IN13A041,
720575941552584839,IN20A.22A073,
720575941552585534,INXXX468,
720575941552589447,IN13B090,
720575941552592519,IN16B086,
720575941552596030,IN04B005,
720575941552600382,IN13A031,
720575941552601662,IN04B078,
720575941552620543,IN04B092,
720575941552621118,IN06B029,
720575941552622398,IN12A063,
720575941552627518,IN21A016,
720575941552629822,IN01A038,
720575941552630078,IN01A069,
720575941552634174,INXXX901_f,sex_specific
720575941552635710,IN13B026,
720575941552643390,IN10B023,
720575941552646206,IN07B055,
720575941552650375,IN06B080,
720575941552675719,IN13A030,
720575941552685447,IN09A050,
720575941552711251,IN13B078,
720575941552723591,IN13B085,
720575941552728147,IN06A082,
720575941552761939,IN02A061,
720575941552788819,IN17A120,
720575941552793939,IN06B066,
720575941552799571,IN02A058,
720575941552819283,IN23B056,
720575941552854099,IN13A059,
720575941552860499,INXXX877_f,sex_specific
720575941552921223,,
720575941552935707,IN21A051,
720575941552940059,IN01A078,
720575941552993307,IN01A062,
720575941552994843,vMS12,dimorphic
720575941552995327,IN07B096,
720575941552996379,IN09A058,
720575941552998657,INXXX849_f,sex_specific
720575941553008385,IN17A109,
720575941553008897,IN20A.22A069,
720575941553011739,IN19B040,
720575941553014017,IN16B073,
720575941553021953,IN01A083,
720575941553033243,,
720575941553045275,INXXX446,dimorphic
720575941553046043,IN20A.22A071,
720575941553057563,IN05B021,
720575941553058587,IN21A100,
720575941553064475,,
720575941553120795,IN12A063,
720575941553221786,IN04B074,
720575941553228031,,
720575941553293978,IN19B072,
720575941553310362,IN20A.22A007,
720575941553311386,IN13A050,
720575941553311642,IN02A044,
720575941553313434,IN03B060,
720575941553331354,IN00A064,
720575941553332890,IN08A046,
720575941553335194,IN08A033,
720575941553338266,IN14A036,
720575941553338778,IN12A012,
720575941553339290,IN14A114,
720575941553342106,IN07B083,
720575941553342618,IN04B104,
720575941553349119,,
720575941553361151,IN12B011,
720575941553371034,IN09A076,
720575941553381530,IN23B072,
720575941553384090,IN17A090,
720575941553389722,IN20A.22A015,
720575941553413018,IN03B084,
720575941553418724,IN06B069,
720575941553424211,IN01A076,
720575941553430355,IN03B058,
720575941553430867,IN04B104,
720575941553441252,IN19A084,
720575941553451236,IN16B051,
720575941553457124,IN00A052,
720575941553466852,IN20A.22A058,
720575941553479140,IN03B058,
720575941553486820,IN21A050,
720575941553504391,IN01A045,
720575941553506020,IN06A022,
720575941553509348,IN05B073,dimorphic
720575941553517796,IN19B103,
720575941553520211,IN12A053,
720575941553537252,INXXX468,
720575941553540487,INXXX906_f,sex_specific
720575941553540580,IN07B068,
720575941553551239,IN12A002,
720575941553558756,IN01A064,
720575941553563271,IN01A069,
720575941553564388,IN14A110,
720575941553564807,IN10B041,
720575941553566180,IN03B069,
720575941553566599,IN01A036,
720575941553570305,IN13B028,
720575941553576164,IN03A017,
720575941553577956,IN23B034,
720575941553579492,IN20A.22A084,
720575941553579748,IN14A044,
720575941553587006,IN06B030,
720575941553597668,IN09A034,
720575941553598180,IN08A006,
720575941553603044,IN03A089,
720575941553667867,IN12B071,
720575941553911102,IN13B012,
720575941553942846,IN06B017,
720575941553955134,,
720575941553990974,IN05B036,
720575941553991998,INXXX384,
720575941553996627,IN04B104,
720575941553999934,IN20A.22A038,
720575941554012443,IN12B057,
720575941554015003,INXXX283,dimorphic
720575941554025499,IN01B073,
720575941554037019,IN05B034,dimorphic
720575941554038555,IN17A001,
720575941554040603,IN14A026,
720575941554041683,IN12B081,
720575941554043931,INXXX438,dimorphic
720575941554044955,IN03A064,
720575941554049307,IN19B043,
720575941554050843,INXXX830_f,sex_specific
720575941554094593,IN06B085,
720575941554117377,IN20A.22A092,
720575941554132225,IN06A083,
720575941554135297,IN07B099,
720575941554167524,INXXX363,
720575941554168292,IN04B112,
720575941554177927,IN04B073,
720575941554216193,IN09A043,
720575941554228871,IN09A090,
720575941554242695,IN05B019,
720575941554261249,IN07B061,dimorphic
720575941554264577,IN19B048,
720575941554427987,IN20A.22A018,
720575941554435411,IN20A.22A042,
720575941554435667,IN13A060,
720575941554439251,IN07B077,
720575941554440275,IN19A106,
720575941554444371,IN07B027,
720575941554465671,IN03B052,
720575941554466183,IN03B055,
720575941554469255,IN18B045,
720575941554482259,IN19B089,
720575941554512794,IN12B027,
720575941554522195,INXXX064,
720575941554528666,IN06B016,
720575941554533274,INXXX341,
720575941554533786,IN06A063,
720575941554534042,IN23B046,
720575941554540698,IN01B027,
720575941554541907,,
720575941554550938,IN20A.22A024,
720575941554554266,INXXX076,
720575941554562714,IN09A006,
720575941554566042,INXXX253,
720575941554567066,IN20A.22A019,
720575941554693796,IN14A077,
720575941554714532,IN08B008,
720575941554715300,IN23B052,
720575941554739995,IN20A.22A061,
720575941554764196,IN03B080,
720575941554765732,IN11A016,
720575941554773412,,
720575941554784339,IN23B028,
720575941554784676,IN17A069,
720575941554790308,IN03B042,
720575941554792612,IN09A064,
720575941554796033,IN04B059,
720575941554800548,IN16B045,
720575941554803620,INXXX883_f,sex_specific
720575941554812836,IN02A058,
720575941554813348,IN23B025,
720575941554818468,IN08A037,
720575941554834084,INXXX295,
720575941554837412,INXXX873_f,sex_specific
720575941554850951,,
720575941554856071,,
720575941554877924,IN17A056,
720575941554882439,INXXX044,
720575941554893569,IN01A068,
720575941554929691,IN03A092,
720575941554937572,INXXX825_f,sex_specific
720575941554955291,,
720575941555091591,IN09A001,
720575941555116772,IN19A098,
720575941555176475,IN16B054,
720575941555178753,INXXX866_f,sex_specific
720575941555186074,IN02A019,
720575941555188634,IN02A057,
720575941555194369,IN10B003,
720575941555197697,INXXX230,
720575941555204097,IN13B013,
720575941555206913,INXXX306,dimorphic
720575941555209985,INXXX408,
720575941555212545,IN16B073,
720575941555222273,IN19B052,
720575941555222785,IN17B014,
720575941555224036,IN07B073,
720575941555226369,INXXX853_f,sex_specific
720575941555228161,INXXX271,dimorphic
720575941555229953,IN14A024,
720575941555230747,IN01A061,
720575941555232484,IN09A043,
720575941555233537,IN08A037,
720575941555233793,IN08A012,
720575941555248411,,
720575941555249179,,
720575941555249435,,
720575941555249665,IN17A080,
720575941555254244,INXXX411,dimorphic
720575941555263259,,
720575941555265307,INXXX316,
720575941555283027,IN08B065,
720575941555424595,IN23B061,
720575941555437092,IN20A.22A036,
720575941555447844,IN10B057,
720575941555458387,IN03A085,
720575941555458852,IN03B060,
720575941555461971,IN10B042,
720575941555462995,IN19A015,
720575941555469139,IN03A006,
720575941555478355,IN19B057,
720575941555478564,IN19B090,
720575941555492644,IN09A045,
720575941555494180,IN09A066,
720575941555494227,IN14A100,
720575941555499859,IN01B012,
720575941555504723,IN01A017,
720575941555505188,IN12A059,
720575941555506003,IN01A004,
720575941555507795,IN01B080,
720575941555510355,INXXX329,
720575941555510611,IN07B090,dimorphic
720575941555511332,IN09A094,
720575941555513427,IN02A015,
720575941555513939,IN01A066,
720575941555516499,IN03B042,
720575941555517011,IN23B038,
720575941555518547,IN03A027,
720575941555519059,IN13A007,
720575941555519315,INXXX287,
720575941555523667,IN17A017,
720575941555525971,IN21A016,
720575941555526436,IN06A047,
720575941555536932,IN13A053,
720575941555547940,IN16B098,
720575941555550244,IN06A079,
720575941555553363,IN19A007,
720575941555558180,IN03B079,
720575941555566628,IN21A047,
720575941555575332,dMS2,
720575941555589156,IN01B095,
720575941555590436,IN13B017,
720575941555628836,INXXX892_f,sex_specific
720575941555731108,IN19A022,
720575941555837860,IN23B057,
720575941555938899,IN17A083,
720575941556152403,IN16B039,
720575941556186852,INXXX369,dimorphic
720575941556207076,IN01B095,
720575941556209124,IN01A005,
720575941556214500,IN20A.22A039,
720575941556219812,IN04B107,
720575941556222628,IN06B047,
720575941556244644,IN07B064,
720575941556251556,IN19B077,
720575941556269220,IN23B081,
720575941556307969,IN08A047,
720575941556314963,IN19A054,
720575941556327588,IN21A020,
720575941556330148,IN02A054,
720575941556352420,IN20A.22A092,
720575941556364196,INXXX258,dimorphic
720575941556372516,IN06A126,
720575941556381604,IN01A010,
720575941556382372,INXXX332,
720575941556399012,IN04B008,
720575941556410020,INXXX954_f,sex_specific
720575941556477697,IN07B096,
720575941556514980,IN04B033,
720575941556622931,IN09B046,
720575941556670803,INXXX817_f,sex_specific
720575941556749825,,
720575941556763987,IN05B033,
720575941556819713,IN21A015,
720575941556854867,INXXX363,
720575941556861185,IN14A020,
720575941556914259,,
720575941556942163,,
720575941556943443,,
720575941556945747,,
720575941556963667,,
720575941556971347,IN13A054,
720575941556976211,IN14A012,
720575941557155855,IN19A096,
720575941557173587,,
720575941557176591,IN03A007,
720575941557193999,IN20A.22A067,
720575941557207076,IN11A044,
720575941557208591,IN09A044,
720575941557220900,IN19A093,
720575941557230628,IN06A082,
720575941557235236,IN20A.22A017,
720575941557239076,IN23B017,
720575941557241892,IN19A099,
720575941557242148,IN03B059,
720575941557243919,IN10B028,
720575941557247759,IN13A044,
720575941557257380,IN06A136,
720575941557261220,IN03A058,
720575941557268004,INXXX878_f,sex_specific
720575941557268239,IN10B043,
720575941557270052,IN20A.22A092,
720575941557278223,IN16B045,
720575941557280420,IN19A104,
720575941557281828,IN07B044,
720575941557282831,IN23B028,
720575941557284111,IN01B053,
720575941557287588,IN13A012,
720575941557294095,IN03B066,
720575941557295908,INXXX315,
720575941557304079,IN09A095,
720575941557314575,IN01B037,
720575941557318927,IN20A.22A025,
720575941557320356,,
720575941557325604,IN14A017,
720575941557326116,IN01A087,
720575941557328548,INXXX808_f,sex_specific
720575941557339044,IN03A030,
720575941557341455,IN13A030,
720575941557342116,IN12B058,
720575941557342628,IN01B059,
720575941557345295,IN21A013,
720575941557348516,IN16B102,
720575941557349796,INXXX290,dimorphic
720575941557349903,IN01B040,
720575941557350884,,
720575941557351844,IN08B056,
720575941557353999,INXXX206,
720575941557357327,IN12B066,
720575941557362596,INXXX895_f,sex_specific
720575941557362852,IN17A107,
720575941557365156,IN01B012,
720575941557371886,IN09B022,
720575941557376164,IN03A009,
720575941557419246,IN08A021,
720575941557434862,IN04B102,
720575941557445614,IN03A074,
720575941557451502,IN04B102,
720575941557475054,IN05B065,
720575941557492974,IN16B049,dimorphic
720575941557496691,IN09A040,
720575941557506286,IN21A006,
720575941557507443,IN03B070,
720575941557509870,IN01A084,dimorphic
720575941557510771,IN20A.22A083,
720575941557513198,IN03B054,
720575941557515635,IN13B067,
720575941557516782,GFC4,
720575941557537006,IN14A100,
720575941557537774,IN16B064,
720575941557538419,IN04B074,
720575941557541102,IN13A071,
720575941557541358,IN10B050,
720575941557553646,IN09A096,
720575941557553779,IN08A019,
720575941557556974,IN03B064,
720575941557560435,IN08A005,
720575941557563630,IN19B084,
720575941557573870,IN21A035,
720575941557576563,IN11B020,
720575941557579502,IN19A021,
720575941557582308,IN14A074,
720575941557583076,,
720575941557585124,,
720575941557586291,IN19A106,
720575941557601395,IN23B040,
720575941557612915,w-cHIN,
720575941557617011,IN01B092,
720575941557624947,IN08B036,
720575941557635443,IN09A071,
720575941557878287,IN06A137,
720575941557882895,IN06B061,
720575941557884398,IN13B045,
720575941557884687,IN19B095,
720575941557885455,IN18B038,
720575941557974287,IN19A108,
720575941558004495,IN13A068,
720575941558167278,IN20A.22A064,
720575941558254707,IN19A067,
720575941558256173,IN06A057,
720575941558282020,IN14A008,
720575941558287908,IN14A057,
720575941558290980,IN11A009,
720575941558292772,INXXX167,
720575941558296621,IN12B072,
720575941558305060,INXXX885_f,sex_specific
720575941558323236,IN19A006,
720575941558325796,INXXX297,dimorphic
720575941558326052,IN04B062,
720575941558330148,IN12B078,
720575941558332708,IN21A024,
720575941558332964,IN20A.22A060,
720575941558333220,IN19B003,
720575941558334244,IN01A018,
720575941558340004,IN21A086,
720575941558343725,IN06B036,
720575941558378797,IN10B054,
720575941558406701,IN12B024,
720575941558440868,IN10B023,
720575941558481316,,
720575941558515492,INXXX378,dimorphic
720575941558520740,IN06B043,
720575941558523812,IN08A041,
720575941558531117,IN05B073,dimorphic
720575941558545709,IN14A088,
720575941558564653,IN13A019,dimorphic
720575941558566445,IN01B075,
720575941558589229,IN00A047,
720575941558607917,IN09A079,
720575941558611501,IN09A061,
720575941558624813,IN14A070,
720575941558635053,IN06B061,
720575941558646061,IN12A059,
720575941558648109,IN12A059,
720575941558648365,IN07B029,
720575941558649133,IN12B072,
720575941558658468,,
720575941558659885,IN03A071,
720575941558661165,IN12A054,
720575941558671012,IN04B004,
720575941558672685,IN23B049,
720575941558675245,IN16B094,
720575941558679022,IN08A048,
720575941558691885,IN13B034,
720575941558698285,IN19A087,
720575941558712877,IN01A050,
720575941558733101,IN02A033,
720575941558735405,IN03B090,
720575941558736685,IN09A046,
720575941558740974,IN09A042,
720575941558761005,IN01B101,
720575941558795044,IN09A082,
720575941558827279,IN06B072,
720575941558839823,IN23B020,
720575941558876019,IN10B033,
720575941558876275,IN09A079,
720575941558887981,IN21A037,
720575941558913581,IN01B053,
720575941558953231,IN00A014,
720575941558971407,IN01B021,
720575941558973166,IN04B105,
720575941558973199,IN23B031,
720575941558985005,IN13A041,
720575941558995471,IN20A.22A089,
720575941558998766,IN02A045,
720575941559009262,IN19A060,
720575941559011054,IN23B023,
720575941559015406,IN13B069,
720575941559020270,IN08B091,
720575941559021038,IN16B121,
720575941559092462,IN09A055,
720575941559096302,IN07B038,
720575941559153390,IN14A017,
720575941559169774,IN23B051,
720575941559254131,IN21A087,
720575941559261555,IN03B074,
720575941559264883,IN20A.22A078,
720575941559266419,IN20A.22A092,
720575941559267955,IN08A022,
720575941559268723,IN06A094,
720575941559273075,IN14A098,
720575941559274867,IN03B070,
720575941559277171,IN16B089,
720575941559285619,GFC3,
720575941559301491,IN19B071,
720575941559303027,IN01A044,
720575941559303539,IN20A.22A086,
720575941559309171,IN07B076,
720575941559310125,dMS2,
720575941559311917,IN05B065,
720575941559316772,IN12B071,
720575941559321971,IN08B068,
720575941559323763,IN12B057,
720575941559324019,IN03A062,
720575941559330163,IN20A.22A090,
720575941559331443,IN06A070,
720575941559335027,IN16B114,
720575941559341171,IN13B099,
720575941559348851,IN08A037,
720575941559349619,IN16B071,
720575941559350899,IN06A117,
720575941559362419,IN23B046,
720575941559370285,IN06A100,
720575941559388275,IN07B068,
720575941559388787,IN23B023,
720575941559391859,IN16B106,
720575941559418404,,
720575941559433075,IN07B068,
720575941559434611,IN13B045,
720575941559443059,IN01B046,
720575941559556211,INXXX934_f,sex_specific
720575941559561454,IN09A063,
720575941559613988,,
720575941559614756,,
720575941559616292,,
720575941559643693,IN12B040,
720575941559664932,IN01B065,
720575941559665956,IN21A015,
720575941559694863,IN16B077,
720575941559704100,IN09B008,
720575941559715876,IN00A002,
720575941559854318,IN08A041,
720575941559867181,IN23B084,
720575941559885327,INXXX027,
720575941559929615,IN20A.22A003,
720575941559931407,INXXX848_f,sex_specific
720575941559932431,IN21A005,
720575941559933455,IN04B115,
720575941559933711,IN09A014,
720575941559947279,IN12A036,
720575941559953423,IN14A001,
720575941559954703,IN06A110,
720575941559958543,INXXX135,
720575941559960847,IN18B046,dimorphic
720575941559961359,IN04B078,
720575941559965199,IN13A068,
720575941559969295,IN05B018,
720575941559970319,IN20A.22A085,
720575941559973647,IN00A031,
720575941559974159,IN03A070,
720575941559975951,IN13A003,
720575941560056302,IN03A048,
720575941560058094,IN20A.22A016,
720575941560063982,INXXX279,dimorphic
720575941560069102,IN06A031,
720575941560072942,IN01B043,
720575941560079086,,
720575941560079342,IN20A.22A004,
720575941560082158,IN06A081,
720575941560085230,IN23B036,
720575941560085742,INXXX405,
720575941560086510,INXXX297,dimorphic
720575941560088814,IN17A007,
720575941560090862,IN03B086,
720575941560221229,IN03A004,
720575941560223789,IN13B090,
720575941560227117,IN01B080,
720575941560227629,INXXX402,
720575941560261933,IN09A064,
720575941560277549,IN16B045,
720575941560298029,,
720575941560298285,IN07B045,
720575941560300845,IN23B032,
720575941560352301,IN09B046,
720575941560381043,IN04B078,
720575941560388723,IN16B041,
720575941560391283,IN01B081,
720575941560397683,INXXX363,
720575941560402547,IN06B029,
720575941560409715,IN13B017,
720575941560410739,IN19B066,dimorphic
720575941560413043,IN05B090,
720575941560418931,IN01A045,
720575941560421491,IN12B025,
720575941560423027,INXXX280,
720575941560427379,INXXX095,
720575941560428147,INXXX285,dimorphic
720575941560429171,IN10B044,
720575941560432243,IN12A026,
720575941560433011,INXXX341,
720575941560433779,IN18B046,dimorphic
720575941560434547,IN01A012,
720575941560434803,INXXX328,
720575941560435315,IN09B006,
720575941560438131,IN13A002,
720575941560438643,IN17A001,
720575941560480680,IN12B025,
720575941560564136,IN08A041,
720575941560578472,IN09A092,
720575941560585640,IN03A074,
720575941560610575,IN12B018,
720575941560612211,IN16B074,
720575941560612264,GFC3,
720575941560631464,IN06A076,
720575941560632744,IN12A054,
720575941560633768,IN14A061,
720575941560638888,IN21A020,
720575941560650408,IN09A039,
720575941560675752,IN13A030,
720575941560676264,IN13A068,
720575941560692648,INXXX258,dimorphic
720575941560984079,,
720575941560987407,,
720575941561072399,IN19A103,
720575941561135887,IN19A003,
720575941561197736,IN14A058,
720575941561206952,IN00A034,
720575941561210024,IN19B094,
720575941561233902,IN19B089,
720575941561248627,IN12B048,
720575941561249907,,
720575941561286671,,
720575941561304978,IN06A096,
720575941561308818,IN19B043,
720575941561313069,IN03A025,
720575941561319725,IN13A014,
720575941561320493,IN03B058,
720575941561321005,IN01A005,
720575941561324845,IN01A031,
720575941561343277,IN09A010,
720575941561344238,,
720575941561344750,,
720575941561347822,IN00A007,
720575941561349421,IN16B083,
720575941561349870,,
720575941561352493,INXXX228,dimorphic
720575941561352749,INXXX898_f,sex_specific
720575941561355758,IN13B005,
720575941561357357,IN03A075,
720575941561358095,INXXX280,
720575941561359917,IN20A.22A009,
720575941561365549,IN16B077,
720575941561365906,IN00A032,
720575941561372461,IN01A032,
720575941561374446,IN16B073,
720575941561375789,IN09A096,
720575941561376045,IN04B050,
720575941561376301,IN14A103,
720575941561380397,INXXX073,
720575941561381933,IN27X001,
720575941561386478,IN09A029,
720575941561387565,IN01A065,
720575941561390125,IN03A071,
720575941561390637,IN08A025,
720575941561391506,IN08B085,
720575941561393453,INXXX454,dimorphic
720575941561393965,IN13B030,
720575941561394066,IN04B094,
720575941561395757,INXXX045,dimorphic
720575941561396269,IN08B054,
720575941561396525,IN01A011,
720575941561397805,IN03A052,
720575941561399085,IN03A054,
720575941561403538,IN20A.22A090,
720575941561406765,IN03A055,
720575941561409682,IN19A092,
720575941561411474,IN20A.22A002,
720575941561412754,IN13B099,
720575941561419053,INXXX431,dimorphic
720575941561420077,IN01A005,
720575941561420434,IN04B092,
720575941561420690,IN04B108,
720575941561421458,IN21A077,
720575941561424274,IN14A028,
720575941561424530,IN10B057,
720575941561426834,INXXX411,dimorphic
720575941561427315,IN19A042,
720575941561428013,IN13A010,
720575941561429805,IN09B045,
720575941561433234,IN19A117,
720575941561446290,IN13B096,
720575941561467282,IN07B027,
720575941561535347,IN10B014,
720575941561553810,IN20A.22A028,
720575941561622899,IN12B038,
720575941561676659,,
720575941561676915,,
720575941561680499,,
720575941561707379,IN12B059,
720575941561714035,IN09A032,
720575941561763373,IN23B080,
720575941561775784,IN17A084,
720575941561870592,IN07B083,
720575941561888768,IN20A.22A023,
720575941561894912,IN20A.22A067,
720575941561898240,IN13B093,
720575941561916416,IN14A110,
720575941561927680,IN13A043,
720575941562007296,IN21A080,
720575941562009856,IN20A.22A078,
720575941562014208,IN07B054,
720575941562020864,IN03B054,
720575941562021376,IN00A056,
720575941562021544,IN05B088,
720575941562025728,IN17A090,
720575941562026496,IN06B081,
720575941562029480,IN23B006,
720575941562040320,IN17A114,dimorphic
720575941562040832,IN01A058,
720575941562043392,IN06B061,
720575941562045952,IN21A001,
720575941562051752,IN04B055,
720575941562053032,IN06B056,
720575941562055080,IN17A093,
720575941562056872,IN04B081,
720575941562066856,IN11B014,
720575941562105768,IN08A050,
720575941562115840,IN19A117,
720575941562127872,IN20A.22A090,
720575941562134829,IN19B020,
720575941562143912,IN12B018,
720575941562155176,IN06B056,
720575941562173741,IN12B048,
720575941562176039,,
720575941562209938,IN03A031,
720575941562240256,INXXX468,
720575941562255149,IN08B056,
720575941562303239,IN14A114,
720575941562305960,INXXX818_f,sex_specific
720575941562309127,IN09A089,
720575941562310407,IN12B041,
720575941562319879,IN14A070,
720575941562321671,IN19B045,
720575941562327047,IN17A088,
720575941562329095,IN13A038,
720575941562333703,IN09A030,
720575941562334471,IN21A052,
720575941562336519,IN04B084,
720575941562338823,IN11B023,
720575941562339079,IN19B041,
720575941562358023,IN19B085,
720575941562359650,IN14A046,
720575941562359815,IN03A081,
720575941562363911,IN09A030,
720575941562373895,IN19A004,
720575941562381319,IN11B021,
720575941562385927,IN16B073,
720575941562388231,IN03A044,
720575941562394887,IN10B058,
720575941562399495,IN01B080,
720575941562408711,IN09A074,
720575941562408967,IN20A.22A083,
720575941562428258,IN13A020,
720575941562428423,INXXX328,
720575941562430727,INXXX400,
720575941562442338,IN13B058,
720575941562458887,IN09A022,
720575941562460002,IN09A045,
720575941562460514,IN09A064,
720575941562463751,IN03B091,
720575941562464866,IN11B013,
720575941562467426,IN09A064,
720575941562467682,IN11A026,
720575941562483042,INXXX373,
720575941562486114,IN04B097,
720575941562489186,IN16B075,
720575941562519906,IN20A.22A023,
720575941562521698,IN19B053,
720575941562526306,IN03B055,
720575941562531218,IN01A074,
720575941562545197,IN12B048,
720575941562571053,IN14A078,
720575941562594194,IN03A011,
720575941562693376,IN09A065,
720575941562804631,IN16B075,
720575941562824087,IN20A.22A060,
720575941562824343,IN13B070,
720575941562875794,IN21A014,
720575941562879895,IN01B083,
720575941562894248,IN03A052,
720575941562899607,IN05B088,
720575941562929453,,
720575941562933549,INXXX417,
720575941562937751,IN14A076,
720575941562942103,IN20A.22A039,
720575941562956183,IN14A065,
720575941562959511,IN20A.22A048,
720575941562972055,IN13A063,
720575941562978199,IN09A063,
720575941562979479,IN20A.22A039,
720575941562983575,IN16B075,
720575941563007239,INXXX363,
720575941563013015,IN06A123,
720575941563019415,,
720575941563027095,IN06A133,
720575941563119970,IN14A085,
720575941563139240,IN00A016,
720575941563146408,IN11A014,
720575941563160488,INXXX300,
720575941563161256,IN20A.22A071,
720575941563161512,IN12A002,
720575941563172776,IN19A005,
720575941563175336,IN05B037,
720575941563184040,IN07B001,
720575941563206400,IN03B058,
720575941563226770,IN03A070,
720575941563253814,IN06B055,
720575941563254070,IN00A041,
720575941563273526,IN01A073,
720575941563311158,IN16B073,
720575941563311414,IN20A.22A067,
720575941563314486,IN19B070,
720575941563316022,IN03B069,
720575941563318070,IN11B017,
720575941563329078,IN13A045,
720575941563332662,IN08B093,
720575941563335478,vMS11,dimorphic
720575941563346230,IN05B017,
720575941563355190,IN01A081,
720575941563358774,IN12B027,
720575941563363638,IN04B093,
720575941563370038,IN10B012,
720575941563385654,INXXX995_f,sex_specific
720575941563450678,IN12A059,
720575941563469207,IN20A.22A053,
720575941563508224,IN03A077,
720575941563526144,IN19A072,
720575941563530496,IN10B054,
720575941563678720,CV1040,
720575941563731463,IN23B072,
720575941563792743,IN20A.22A059,
720575941563806055,IN20A.22A061,
720575941563828487,IN06B016,
720575941563837799,IN14A112,
720575941563842402,IN13B061,
720575941563842663,IN16B029,
720575941563843175,INXXX987_f,sex_specific
720575941563848034,IN13B097,
720575941563850338,IN03A036,
720575941563864886,IN07B007,
720575941563872359,IN03B086,
720575941563874151,IN11A005,
720575941563874728,INXXX027,
720575941563917927,IN05B065,
720575941563920999,IN02A010,
720575941563935030,IN06A111,
720575941563938358,INXXX417,
720575941563939687,IN13B076,
720575941563943015,IN06B043,
720575941563947830,IN14A119,
720575941563951207,IN13B048,
720575941563953718,IN08A049,
720575941563971382,IN04B087,
720575941563972455,IN02A038,
720575941563978294,IN04B015,
720575941563983670,IN02A048,
720575941563984950,IN08A048,
720575941563991862,INXXX428,
720575941563995239,IN09A022,
720575941564009831,IN20A.22A055,
720575941564034614,IN07B039,
720575941564045480,IN09A078,
720575941564059399,IN11A019,
720575941564062727,IN03A046,
720575941564066567,IN07B051,
720575941564085255,IN04B066,
720575941564097031,IN16B058,
720575941564097799,IN09A083,
720575941564098567,IN03B058,
720575941564101383,IN19A016,
720575941564105479,IN01A058,
720575941564107922,,
720575941564111202,IN19A061,
720575941564118162,IN16B098,
720575941564118418,IN14A023,
720575941564121746,IN03A024,
720575941564122466,IN19A042,
720575941564123026,IN04B022,
720575941564125026,IN19B105,
720575941564125330,,
720575941564125586,IN06A064,dimorphic
720575941564126098,IN23B023,
720575941564134546,IN14A059,
720575941564135175,IN20A.22A054,
720575941564135314,INXXX306,dimorphic
720575941564137826,IN12B033,
720575941564139527,IN08B092,
720575941564147346,IN19B043,
720575941564152583,IN19B103,
720575941564154770,IN23B008,
720575941564160658,INXXX288,
720575941564165218,IN20A.22A024,
720575941564178018,IN19A045,
720575941564186466,IN23B054,
720575941564187799,IN12B087,
720575941564193031,IN01B047,
720575941564194728,IN14A017,
720575941564198151,,
720575941564201991,IN00A063,
720575941564202503,,
720575941564206087,INXXX885_f,sex_specific
720575941564211719,IN13A045,
720575941564212743,IN16B032,
720575941564218631,INXXX952_f,sex_specific
720575941564236130,IN14A045,
720575941564279399,IN17A061,
720575941564318376,,
720575941564398592,,
720575941564406528,IN03A050,
720575941564406784,IN04B100,
720575941564407040,IN12B034,
720575941564409344,IN08B021,
720575941564417024,IN07B033,
720575941564418560,INXXX815_f,sex_specific
720575941564420352,IN07B023,
720575941564423680,IN07B001,
720575941564426752,IN03A010,
720575941564442112,INXXX011,
720575941564461056,IN09A014,
720575941564510632,INXXX209,dimorphic
720575941564525480,INXXX464,
720575941564530327,IN17A105,
720575941564547479,IN03B060,
720575941564551575,IN09A046,
720575941564553223,IN06A022,
720575941564553479,IN01A042,
720575941564558743,IN03A055,
720575941564573287,IN08B076,
720575941564576663,INXXX460,
720575941564580711,IN01A073,
720575941564627766,GFC4,
720575941564633256,,
720575941564655767,,
720575941564656791,IN19B091,
720575941564665751,,
720575941564666007,IN05B024,
720575941564670615,IN03A074,
720575941564678039,INXXX992_f,sex_specific
720575941564678551,IN13A008,
720575941564709127,IN21A076,
720575941564736407,IN01B010,
720575941564788231,IN14A106,
720575941564792071,IN07B084,
720575941564835938,IN03A046,
720575941564848018,IN16B075,
720575941564911714,IN12B052,
720575941564962711,IN03A001,
720575941565003062,IN03B060,
720575941565017398,IN01B095,
720575941565087542,,
720575941565097223,IN03A060,
720575941565107975,IN01A029,dimorphic
720575941565113095,IN11B020,
720575941565117959,IN01A045,
720575941565120007,IN04B008,
720575941565122614,IN07B076,
720575941565125174,IN01B049,
720575941565128967,IN21A010,
720575941565131623,IN23B031,
720575941565146210,INXXX882_f,sex_specific
720575941565146466,IN20A.22A074,
720575941565146722,INXXX928_f,sex_specific
720575941565156662,IN14A020,
720575941565168942,IN06A003,
720575941565179143,IN20A.22A088,
720575941565182562,IN21A007,
720575941565185122,INXXX953_f,sex_specific
720575941565186658,INXXX161,dimorphic
720575941565188706,INXXX339,
720575941565189474,,
720575941565243950,IN07B094,
720575941565251374,IN16B063,
720575941565286503,IN01B038,dimorphic
720575941565290286,IN06B069,
720575941565291310,IN13A025,
720575941565301550,IN17A094,dimorphic
720575941565320238,IN14A061,
720575941565324846,IN06B072,
720575941565333806,IN12B030,
720575941565350702,IN12A044,
720575941565360530,IN05B017,
720575941565361198,IN13A071,
720575941565362578,IN03B016,
720575941565368366,IN18B038,
720575941565369490,IN04B072,
720575941565376046,IN00A040,
720575941565377070,IN14A111,
720575941565380910,GFC2,
720575941565384750,IN12B053,
720575941565385006,IN08A036,
720575941565392430,IN13B064,
720575941565405998,IN03B035,
720575941565428526,IN20A.22A089,
720575941565428782,INXXX288,
720575941565445266,,
720575941565455511,INXXX446,dimorphic
720575941565459095,IN12A063,
720575941565466775,IN05B028,
720575941565475479,IN13B019,
720575941565476247,IN01B074,
720575941565477527,IN23B024,
720575941565478295,IN09A093,
720575941565484135,IN03A080,
720575941565486855,INXXX415,
720575941565492375,IN06A139,
720575941565495655,IN06A058,
720575941565498007,INXXX944_f,sex_specific
720575941565503127,IN10B011,
720575941565510039,IN06A132,
720575941565513623,IN03A041,
720575941565515671,INXXX231,
720575941565515927,IN01B063,
720575941565516695,INXXX100,
720575941565522071,INXXX315,
720575941565522839,IN13B008,
720575941565526679,INXXX149,dimorphic
720575941565542551,IN05B022,
720575941565572199,IN06A050,
720575941565580032,,
720575941565594727,,
720575941565778998,IN12B057,
720575941565783303,IN10B033,
720575941565805312,,
720575941565863175,IN16B076,
720575941565919591,IN12B063,
720575941565947392,IN08A043,
720575941565968738,INXXX359,
720575941566020706,IN12B012,
720575941566127926,IN18B015,
720575941566132022,IN04B054,
720575941566133558,IN21A017,
720575941566140567,IN01B097,
720575941566157366,IN06A063,
720575941566158134,IN07B044,
720575941566167094,IN17A023,
720575941566170263,IN16B077,
720575941566181174,INXXX269,
720575941566185782,IN01B082,
720575941566196278,INXXX850_f,sex_specific
720575941566198114,IN23B028,
720575941566202471,IN19A069,
720575941566203702,IN16B042,
720575941566260231,IN07B031,
720575941566268519,IN23B049,
720575941566269543,IN12B005,
720575941566368775,IN19B068,dimorphic
720575941566370311,,
720575941566403431,IN13B027,
720575941566431286,IN18B035,
720575941566461543,IN09A039,
720575941566467687,IN07B073,
720575941566467847,IN03A045,
720575941566469895,,
720575941566479463,IN16B108,
720575941566480487,IN12B004,
720575941566486631,IN07B022,
720575941566489703,IN20A.22A063,
720575941566490631,IN05B010,
720575941566506759,IN17A041,
720575941566528007,IN09A001,
720575941566532871,IN03A016,
720575941566682466,IN13A059,
720575941566705658,IN04B088,
720575941566716206,IN19B089,
720575941566753274,IN19B077,
720575941566756602,IN11A018,
720575941566759015,IN05B091,
720575941566774522,IN20A.22A036,
720575941566777338,IN06B069,
720575941566778263,INXXX991_f,sex_specific
720575941566787066,IN14A085,
720575941566788602,IN03B069,
720575941566795770,IN20A.22A036,
720575941566797818,IN09A009,
720575941566799098,vMS12,dimorphic
720575941566799354,IN00A030,
720575941566802170,IN12A036,
720575941566805498,IN06A102,
720575941566814714,IN09A073,
720575941566827258,IN19B090,
720575941566829306,IN21A044,
720575941566848250,IN04B078,
720575941566859002,IN19B080,
720575941566889210,IN20A.22A039,
720575941566895098,IN06A108,
720575941566918388,IN06A003,
720575941566930420,IN13B033,
720575941566948852,IN08B036,
720575941566954228,IN06B058,
720575941566956532,IN03B066,
720575941566970612,IN13B029,
720575941566974452,IN05B079,
720575941566994932,IN00A063,
720575941566998631,INXXX938_f,sex_specific
720575941567001844,IN03B020,
720575941567004404,IN06B076,
720575941567018228,IN06B074,
720575941567030516,IN07B077,
720575941567039732,IN03A030,
720575941567049972,IN17A099,
720575941567054068,IN03A089,
720575941567054580,IN04B108,
720575941567062260,IN11B022,
720575941567062898,IN08B091,
720575941567087730,IN20A.22A058,
720575941567089396,IN16B046,
720575941567090932,IN09A039,
720575941567094318,INXXX309,dimorphic
720575941567097390,IN20A.22A084,
720575941567102766,IN03B020,
720575941567108722,IN11B021,
720575941567108910,IN06A120,dimorphic
720575941567109490,IN01B095,
720575941567110446,IN20A.22A045,
720575941567110900,IN03B055,
720575941567112306,IN13B054,
720575941567114866,INXXX996_f,sex_specific
720575941567115378,IN18B044,
720575941567122932,IN20A.22A073,
720575941567123444,IN03B063,
720575941567124724,INXXX271,dimorphic
720575941567126130,IN06A061,
720575941567130738,IN19A117,
720575941567134322,IN20A.22A080,
720575941567139630,IN07B083,
720575941567149358,IN23B017,
720575941567150962,IN10B057,
720575941567151918,IN18B043,
720575941567162868,INXXX418,dimorphic
720575941567188526,IN01A039,
720575941567191598,IN03A040,
720575941567194678,IN19A108,
720575941567195950,IN13A018,
720575941567220270,IN04B112,
720575941567226414,IN16B049,dimorphic
720575941567232558,IN10B042,
720575941567249908,IN08A019,
720575941567251254,,
720575941567283559,INXXX945_f,sex_specific
720575941567317550,IN03A059,
720575941567398906,IN05B091,
720575941567461626,IN13A046,
720575941567496758,IN08A031,
720575941567573351,,
720575941567574326,,
720575941567588150,IN02A004,
720575941567597927,,
720575941567639922,IN06B038,
720575941567644530,IN00A060,
720575941567651186,IN03A071,
720575941567652466,IN01B045,
720575941567654514,IN06A132,
720575941567684340,IN03B078,
720575941567685620,IN23B068,
720575941567687156,IN09A067,
720575941567690996,IN06A113,
720575941567692532,INXXX941_f,sex_specific
720575941567696116,IN18B045,
720575941567700980,IN01B050,
720575941567768423,IN19A003,
720575941567777383,,
720575941567780455,IN23B028,
720575941567811118,IN09A055,
720575941567887098,IN10B057,
720575941568022266,IN06A110,
720575941568148082,IN09A003,
720575941568170542,IN14A004,
720575941568170798,INXXX321,
720575941568185134,IN13A067,
720575941568190254,INXXX256,
720575941568190510,IN03A026,
720575941568201006,IN13B070,
720575941568206894,IN12B002,
720575941568236532,IN06A136,
720575941568245618,IN20A.22A024,
720575941568298746,IN04B050,
720575941568302074,IN12B063,
720575941568302330,IN21A102,
720575941568308474,IN13B100,
720575941568356090,INXXX955_f,sex_specific
720575941568369402,IN19A117,
720575941568390138,IN06A057,
720575941568394234,IN01B065,
720575941568404218,IN20A.22A038,
720575941568412410,IN10B023,
720575941568424954,IN01B078,
720575941568537714,IN02A054,
720575941568540274,IN07B098,
720575941568553586,vMS11,dimorphic
720575941568555634,IN03B058,
720575941568642418,INXXX408,
720575941568670834,IN04B100,
720575941568685044,IN19A106,
720575941568697844,IN03B080,
720575941568700916,IN03A014,
720575941568726004,IN08B051,
720575941568727796,IN23B064,
720575941568835572,IN12B003,
720575941568841204,IN01A009,
720575941568855540,IN19B007,dimorphic
720575941568856052,IN09A086,
720575941568903470,IN13B052,
720575941568951034,IN20A.22A003,
720575941568969722,IN03A034,
720575941569014516,IN17A020,
720575941569277554,IN10B033,
720575941569335802,IN01A031,
720575941569338362,IN13A003,
720575941569347322,,
720575941569349114,IN10B054,
720575941569349626,IN02A030,
720575941569355258,IN21A066,
720575941569356794,IN19B068,dimorphic
720575941569357562,IN09A014,
720575941569358842,INXXX348,dimorphic
720575941569359354,IN13A029,
720575941569360122,IN02A030,
720575941569364986,INXXX228,dimorphic
720575941569365498,IN13A052,
720575941569369338,INXXX982_f,sex_specific
720575941569375482,INXXX042,
720575941569375994,INXXX468,
720575941569376250,IN17A035,
720575941569471390,IN03B066,
720575941569479070,IN00A038,
720575941569480094,IN14A028,
720575941569500062,IN07B087,
720575941569539486,INXXX974_f,sex_specific
720575941569542644,IN01A050,
720575941569547378,IN23B031,
720575941569555570,INXXX406,
720575941569556082,IN13B066,
720575941569564018,IN19A008,
720575941569566066,IN16B111,
720575941569574046,IN03B080,
720575941569576606,IN00A065,
720575941569583986,IN16B075,
720575941569586078,IN02A023,
720575941569586546,IN17A094,dimorphic
720575941569587570,IN16B113,
720575941569588338,IN01B025,
720575941569589918,IN07B007,
720575941569596830,IN14A063,
720575941569597298,IN21A019,
720575941569599090,IN04B064,
720575941569601650,IN19A007,
720575941569610542,,
720575941569613470,IN08A011,
720575941569616542,IN06B087,
720575941569616942,INXXX455,
720575941569639326,IN19B070,
720575941569652638,IN11A021,
720575941569656478,IN20A.22A035,
720575941569659806,IN03B061,
720575941569662366,IN13A038,
720575941569676190,IN10B030,
720575941569687710,IN08B093,
720575941569707422,IN12A063,
720575941569712030,IN05B085,
720575941569717150,IN17A044,
720575941569721502,IN21A048,
720575941569736606,IN07B099,
720575941569745566,IN08B082,
720575941569777054,INXXX460,
720575941569777822,IN13A068,
720575941569826810,IN03B073,
720575941569836590,IN01A030,
720575941569838750,IN21A081,
720575941569895412,IN21A007,
720575941569916148,IN01B016,
720575941569916916,IN01A009,
720575941570032378,IN23B071,
720575941570203124,IN09A043,
720575941570302366,IN12A039,
720575941570304926,IN06B053,
720575941570309790,IN13A035,
720575941570312094,IN06B080,
720575941570315166,IN12B026,
720575941570324126,IN07B094,
720575941570417010,,
720575941570499578,,
720575941570513396,INXXX199,
720575941570513652,IN02A059,
720575941570551540,IN09A007,
720575941570580218,,
720575941570665800,IN21A037,
720575941570676552,IN06A003,
720575941570706426,IN03A051,
720575941570709064,IN09A094,
720575941570716274,IN03A071,
720575941570740594,IN12B087,
720575941570746184,IN13A059,
720575941570772296,vMS12,dimorphic
720575941570777672,IN20A.22A068,
720575941570781000,IN06B032,
720575941570781768,IN13B044,
720575941570782366,IN19A052,
720575941570793288,IN04B099,
720575941570799348,IN13B004,
720575941570809160,IN13B040,
720575941570817352,IN12A050,
720575941570819400,IN16B052,
720575941570820168,IN19A090,
720575941570823752,IN06B055,
720575941570830408,IN19A076,
720575941570840392,IN10B040,
720575941570869362,IN03B089,
720575941571020190,IN03A089,
720575941571026590,IN14A092,
720575941571043316,IN08A034,
720575941571045876,IN16B040,
720575941571137780,,
720575941571143924,INXXX369,dimorphic
720575941571168756,IN17A079,
720575941571172084,,
720575941571289595,IN00A025,
720575941571325512,IN03B055,
720575941571326024,IN20A.22A039,
720575941571330811,IN06B029,
720575941571333278,IN08A034,
720575941571335752,IN19A064,
720575941571349150,IN21A103,
720575941571361019,IN21A058,
720575941571372795,IN19A106,
720575941571376136,IN11A015,
720575941571385352,IN08A029,
720575941571397883,IN12B039,
720575941571401374,,
720575941571419643,IN13B054,
720575941571420411,IN09A026,
720575941571420667,IN12A051,
720575941571423240,IN03B058,
720575941571426206,IN09A016,
720575941571427323,IN11B013,
720575941571435784,IN13A019,dimorphic
720575941571464699,IN02A062,
720575941571478779,IN04B088,
720575941571484155,IN18B048,
720575941571487134,IN21A007,
720575941571492859,IN11B023,
720575941571494139,IN04B103,
720575941571498248,IN14A096,
720575941571499515,IN06A044,
720575941571501819,IN13B052,
720575941571502075,IN14A117,
720575941571512827,IN00A045,
720575941571514619,IN03B089,
720575941571515131,IN03B086,
720575941571516936,IN00A057,
720575941571519483,INXXX464,
720575941571520776,IN21A075,
720575941571524872,IN07B077,
720575941571527432,IN12B065,
720575941571537403,IN19A088,
720575941571537659,IN09A021,
720575941571589640,IN19A094,
720575941571600904,IN08A026,
720575941571612168,IN08B092,
720575941571620872,IN20A.22A049,
720575941571637000,IN20A.22A055,
720575941571653896,IN10B059,
720575941571659784,IN01B035,
720575941571690760,IN08B070,
720575941571695368,IN20A.22A086,
720575941571730077,IN09A048,
720575941571796125,IN06A113,
720575941571838365,IN21A003,
720575941571847069,INXXX999_f,sex_specific
720575941571878813,IN13A045,
720575941571896477,dMS2,
720575941571904669,IN03B085,
720575941571906717,IN00A054,
720575941571907912,IN06B059,
720575941571918749,IN23B018,
720575941571933256,IN21A042,
720575941571946909,IN13B078,
720575941571957661,IN17A055,
720575941571959880,IN09A052,
720575941571964061,IN06A105,dimorphic
720575941571965853,IN13A050,
720575941571967389,IN19A088,
720575941571968413,IN21A028,
720575941571971229,IN06A039,
720575941571975496,IN06B077,
720575941571992221,IN20A.22A029,
720575941571992989,IN16B070,
720575941571997085,IN02A048,
720575941571998877,IN16B100,
720575941572011785,IN02A063,
720575941572013981,IN08A034,
720575941572018589,IN08A036,
720575941572020637,IN13B014,
720575941572035229,IN02A066,
720575941572050589,IN09A019,
720575941572051101,IN19A110,
720575941572056733,IN13A040,
720575941572060169,IN23B080,
720575941572062729,IN19A003,
720575941572075677,INXXX942_f,sex_specific
720575941572079773,IN06A119,dimorphic
720575941572082953,IN05B088,
720575941572091387,IN21A049,
720575941572094109,IN08A047,
720575941572094203,IN19B097,
720575941572103433,IN13B087,
720575941572107017,IN11A018,
720575941572117257,IN12B072,
720575941572118281,IN17B001,
720575941572121865,IN20A.22A085,
720575941572131593,IN04B097,
720575941572137737,IN01B095,
720575941572147614,,
720575941572147721,IN16B090,
720575941572153865,IN06B079,
720575941572172553,IN19B071,
720575941572186875,IN19A060,
720575941572192777,IN08B054,
720575941572194057,IN20A.22A067,
720575941572194825,IN21A038,
720575941572197385,IN09A069,
720575941572200713,IN03A047,
720575941572206345,IN13B054,
720575941572218377,IN04B011,
720575941572231177,IN03A031,
720575941572234761,IN16B100,
720575941572251144,w-cHIN,
720575941572254216,IN23B046,
720575941572264201,INXXX416,dimorphic
720575941572273417,IN07B092,
720575941572276489,IN01B084,
720575941572285449,IN03A091,
720575941572286217,INXXX918_f,sex_specific
720575941572286729,INXXX449,
720575941572289545,IN09A039,
720575941572338760,INXXX821_f,sex_specific
720575941572345672,IN06A106,
720575941572346696,IN12B078,
720575941572348232,INXXX962_f,sex_specific
720575941572349449,IN19A065,
720575941572415646,INXXX905_f,sex_specific
720575941572418206,IN04B108,
720575941572424264,IN18B054,
720575941572433822,IN03A094,
720575941572434334,INXXX949_f,sex_specific
720575941572435614,IN02A051,
720575941572437662,IN05B072,
720575941572444830,IN20A.22A001,
720575941572446110,IN04B029,
720575941572446280,IN17A025,
720575941572452936,IN23B091,
720575941572455326,INXXX388,
720575941572464286,IN17A043,
720575941572465566,INXXX382,dimorphic
720575941572494494,IN04B033,
720575941572642376,IN08A017,
720575941572674555,IN13B042,
720575941572687247,IN20A.22A048,
720575941572707471,IN11A007,
720575941572718843,IN12B077,
720575941572720015,IN14B013,
720575941572737679,IN19A010,
720575941572743567,IN08A026,
720575941572758927,IN10B032,
720575941572770703,IN16B018,
720575941572774543,IN10B044,
720575941572780809,IN08A031,
720575941572783369,IN20A.22A041,
720575941572787599,IN12B044,
720575941572797597,IN04B085,
720575941572811663,IN06B015,
720575941572815247,IN11B015,
720575941572817551,IN06B024,
720575941572819855,IN11A041,
720575941572848271,IN12B026,
720575941572851087,IN06A024,dimorphic
720575941572852111,IN03B071,
720575941572859535,IN02A049,
720575941572860047,IN14A009,
720575941572871567,IN14A116,
720575941572873103,IN13B064,
720575941572885903,IN20A.22A056,
720575941572945039,IN11B004,dimorphic
720575941573038843,IN08B068,
720575941573044808,IN21A054,
720575941573081339,INXXX943_f,sex_specific
720575941573097992,IN14A087,
720575941573100027,IN21A096,
720575941573100808,IN20A.22A048,
720575941573115656,IN11B018,
720575941573117597,IN01B008,
720575941573118459,IN05B039,
720575941573188278,IN06B047,
720575941573204662,IN03B086,
720575941573209595,,
720575941573233403,IN07B103,
720575941573237769,IN16B051,
720575941573240571,IN08B054,
720575941573255581,IN03B063,
720575941573255606,IN19A093,
720575941573261051,IN06B064,
720575941573266102,IN13B098,
720575941573266939,IN00A017,
720575941573269755,IN20A.22A038,
720575941573274875,IN01A081,
720575941573276854,IN09A046,
720575941573290166,IN13A041,
720575941573301430,INXXX295,
720575941573305270,IN16B086,
720575941573306632,,
720575941573315656,INXXX934_f,sex_specific
720575941573326006,IN20A.22A080,
720575941573326262,IN13A024,
720575941573332296,IN12B066,
720575941573334344,IN03A068,
720575941573338294,IN06B036,
720575941573346888,IN01B097,
720575941573347912,IN13A015,
720575941573361334,IN13A063,
720575941573362248,IN03A070,
720575941573362870,IN20A.22A030,
720575941573364662,IN20A.22A073,
720575941573366927,IN23B090,dimorphic
720575941573369487,IN09A079,
720575941573384118,INXXX397,
720575941573385544,IN05B033,
720575941573388982,IN03B062,
720575941573391286,IN19A100,
720575941573409462,IN06A117,
720575941573415945,IN19A030,
720575941573464328,IN01A082,
720575941573469960,IN20A.22A015,
720575941573474824,IN14B010,
720575941573479176,IN03A039,
720575941573489416,IN04B058,
720575941573492232,IN11A003,
720575941573493768,IN04B108,
720575941573515785,IN11A032,
720575941573524126,IN04B071,
720575941573528329,IN09A094,
720575941573542813,IN17A028,
720575941573543069,INXXX448,
720575941573551880,IN01B020,
720575941573555358,INXXX386,
720575941573560840,INXXX825_f,sex_specific
720575941573588488,IN09A092,
720575941573590267,IN03A023,
720575941573590523,IN19A030,
720575941573592840,IN04B057,
720575941573657672,INXXX407,dimorphic
720575941573665693,IN12B048,
720575941573674249,IN18B050,
720575941573693598,INXXX183,
720575941573712054,IN20A.22A019,
720575941573761801,INXXX812_f,sex_specific
720575941573776797,IN19A057,
720575941573782174,,
720575941573790110,,
720575941573794569,IN00A024,
720575941573823134,IN21A024,
720575941573857545,IN20A.22A008,
720575941573896350,IN20A.22A016,
720575941573906280,IN01A073,
720575941573913960,IN13A014,
720575941573922408,IN09B050,
720575941573950056,IN05B075,
720575941573952616,IN10B054,
720575941573956239,IN06A094,
720575941573963624,IN07B055,
720575941573968456,IN14A114,
720575941573973096,IN06B074,
720575941573981288,IN16B029,
720575941573993576,IN13B036,
720575941573996136,IN08A036,
720575941573997928,IN20A.22A024,
720575941573998184,IN20A.22A067,
720575941574001417,IN23B050,
720575941574004840,IN08B054,
720575941574009014,IN19A113,
720575941574010038,IN21A037,
720575941574014134,IN20A.22A026,
720575941574019912,IN12B024,
720575941574020790,IN04B054,
720575941574021046,INXXX454,dimorphic
720575941574022248,IN19A093,
720575941574024808,IN08A003,dimorphic
720575941574027702,IN18B014,
720575941574027958,IN01B034,
720575941574030518,IN21A053,
720575941574032271,IN23B056,
720575941574034319,IN20A.22A089,
720575941574041672,IN16B119,
720575941574042806,IN20A.22A073,
720575941574047336,IN04B100,
720575941574063976,IN14A072,
720575941574095432,IN08B091,
720575941574148859,IN07B081,
720575941574151163,IN06A106,
720575941574155003,IN06A013,
720575941574161147,INXXX230,
720575941574161256,IN13A057,
720575941574171899,IN13A002,
720575941574183163,INXXX315,
720575941574183675,INXXX448,
720575941574184699,INXXX076,
720575941574185467,IN16B055,
720575941574186491,IN17B010,
720575941574190331,IN16B099,
720575941574195963,INXXX891_f,sex_specific
720575941574221563,IN06B029,
720575941574224379,IN07B006,
720575941574226427,IN23B016,
720575941574229243,IN10B011,
720575941574229755,IN23B084,
720575941574230267,IN06A106,
720575941574245115,IN26X001,
720575941574248187,IN13A012,
720575941574252283,IN14A008,
720575941574253051,IN01B033,
720575941574300680,IN19A061,
720575941574338461,IN07B094,
720575941574338717,IN07B102,
720575941574352797,IN01B080,
720575941574399631,INXXX921_f,sex_specific
720575941574412943,IN03B072,
720575941574414223,IN20A.22A067,
720575941574448635,IN20A.22A027,
720575941574451343,IN13B026,
720575941574452623,IN16B093,
720575941574480200,IN01A077,
720575941574503055,IN01B027,
720575941574533128,INXXX930_f,sex_specific
720575941574534031,IN19A106,
720575941574548219,,
720575941574549000,IN09A016,
720575941574549256,IN03A059,
720575941574556680,IN23B050,
720575941574563848,INXXX987_f,sex_specific
720575941574568968,IN09A029,
720575941574569224,IN16B053,
720575941574591133,INXXX842_f,sex_specific
720575941574603336,,
720575941574612637,IN19A096,
720575941574641309,IN11A011,
720575941574644125,IN09B043,
720575941574646088,,
720575941574648477,IN05B085,
720575941574652317,IN01A048,
720575941574672029,IN07B102,
720575941574676893,IN05B091,
720575941574679112,,
720575941574683145,IN19A037,
720575941574683549,IN12B074,
720575941574684061,INXXX379,dimorphic
720575941574691593,IN11A014,
720575941574698249,IN17A044,
720575941574701640,IN17A042,
720575941574704649,IN16B068,
720575941574705673,IN13B015,
720575941574707528,IN13B026,
720575941574716488,IN17B010,
720575941574723081,IN23B008,
720575941574723337,IN06A111,
720575941574723593,IN07B007,
720575941574724617,IN00A009,
720575941574727945,IN05B090,
720575941574728201,INXXX346,dimorphic
720575941574728520,IN13B011,
720575941574728713,IN19B045,
720575941574745865,IN08A005,
720575941574746377,IN07B023,
720575941574752009,IN00A063,
720575941574752521,INXXX865_f,sex_specific
720575941574809339,IN12A002,
720575941574996918,IN16B075,
720575941575062024,IN08B070,
720575941575082678,IN20A.22A007,
720575941575144886,INXXX133,
720575941575161083,IN13B033,
720575941575182843,IN19A013,
720575941575210235,IN13A044,
720575941575210491,IN01B067,
720575941575211446,IN00A011,
720575941575234408,IN04B115,
720575941575270031,IN13A040,
720575941575296251,IN21A082,
720575941575360911,INXXX326,dimorphic
720575941575362447,IN06A123,
720575941575395323,,
720575941575396105,IN17A017,
720575941575397263,IN13A013,
720575941575397775,IN06A072,
720575941575416975,IN08B001,
720575941575419279,IN03B028,
720575941575420559,INXXX913_f,sex_specific
720575941575421583,INXXX960_f,sex_specific
720575941575422351,IN01B008,
720575941575495419,IN21A084,
720575941575500136,IN23B018,
720575941575509096,IN01B095,
720575941575512424,IN17A059,
720575941575516264,IN03B083,
720575941575517288,IN19A059,
720575941575519336,IN17A110,
720575941575520872,IN01B010,
720575941575526760,IN09A049,
720575941575530344,IN09A046,
720575941575575400,IN09A064,
720575941575588456,IN10B055,
720575941575588953,IN16B052,
720575941575595112,IN07B058,
720575941575596040,INXXX887_f,sex_specific
720575941575664729,INXXX287,
720575941575665929,IN12A010,
720575941575680601,IN20A.22A028,
720575941575681718,IN19B008,
720575941575682920,IN21A087,
720575941575682998,IN11B023,
720575941575683161,IN14A096,
720575941575684953,IN06A094,
720575941575688808,IN13A046,
720575941575690841,IN01B092,
720575941575691624,IN10B023,
720575941575696217,IN06B069,
720575941575698185,IN10B038,
720575941575714152,IN01B053,
720575941575721817,IN13B023,
720575941575753910,IN17A040,
720575941575782233,IN12B064,
720575941575791705,IN13A054,
720575941575797337,IN20A.22A058,
720575941575800153,IN06A103,
720575941575800665,IN00A054,
720575941575815016,IN12B053,
720575941575820889,IN13A022,
720575941575823449,IN14A088,
720575941575824217,IN11B022,
720575941575840089,IN03A073,
720575941575840857,IN16B070,
720575941575844185,IN11B015,
720575941575860569,IN19A117,
720575941575864921,IN19A106,
720575941575865433,IN00A057,
720575941575883865,IN11B003,
720575941575918425,IN01A037,dimorphic
720575941575925849,IN14A004,
720575941575938137,IN03A064,
720575941575948377,IN06A106,
720575941575951624,,
720575941575962888,,
720575941575964168,IN23B009,
720575941575965273,INXXX450,
720575941575977480,IN09B014,
720575941575980189,IN19A002,
720575941575985672,IN09A007,
720575941575991222,IN06A091,
720575941576003229,,
720575941576008605,IN19A028,
720575941576014749,INXXX100,
720575941576014774,IN06A047,
720575941576029449,IN14A085,
720575941576032157,IN01A039,
720575941576043190,IN06B016,
720575941576043702,IN14A104,
720575941576044175,IN23B058,
720575941576044982,IN19A024,
720575941576045494,IN03A031,
720575941576058294,IN21A019,
720575941576058511,IN02A057,
720575941576075446,IN01B077,
720575941576080310,IN01B027,
720575941576086710,INXXX347,
720575941576087222,INXXX149,dimorphic
720575941576140889,IN02A052,
720575941576147465,IN01A012,
720575941576190863,IN14A078,
720575941576368744,IN12A050,
720575941576405608,IN13B097,
720575941576493657,IN14A050,
720575941576497753,IN03A091,
720575941576507737,INXXX972_f,sex_specific
720575941576514649,IN01B052,
720575941576517465,IN21A046,
720575941576547176,IN12B005,
720575941576551528,INXXX194,
720575941576571752,IN10B007,
720575941576580456,IN10B061,dimorphic
720575941576589928,INXXX161,dimorphic
720575941576590184,INXXX231,
720575941576636047,IN21A001,
720575941576683624,IN02A003,
720575941576710543,IN19A108,
720575941576714127,INXXX065,
720575941576739215,IN13A022,
720575941576750991,IN09B005,
720575941576779407,IN00A011,
720575941576784209,IN09A069,
720575941576807669,IN03A059,
720575941576828753,IN12B023,
720575941576836853,IN20A.22A053,
720575941576837969,,
720575941576862545,IN06A086,
720575941576863989,IN04B025,
720575941576905461,IN03A062,
720575941576907857,IN02A037,
720575941576927057,IN16B062,
720575941576932433,IN00A034,
720575941576933109,IN17A119,
720575941576934133,IN13A021,
720575941576934645,IN19B067,
720575941576938741,IN20A.22A027,
720575941576941045,IN11A035,
720575941576942417,IN13B074,
720575941576945233,IN03A032,
720575941576947957,INXXX426,
720575941576952565,IN20A.22A085,
720575941576954357,IN09A045,
720575941576954961,IN08B037,
720575941576958197,IN12A052,
720575941576962897,IN03B077,
720575941576969717,IN19A117,
720575941576978933,IN19A073,
720575941576979701,IN06B074,
720575941576979793,IN16B109,
720575941576983121,IN08B036,
720575941576983285,IN17A118,
720575941576984821,IN03B072,
720575941576985681,IN03A033,
720575941576985845,IN19A114,
720575941576986705,IN11B022,
720575941576988497,IN20A.22A070,
720575941576989685,IN04B078,
720575941576990289,IN20A.22A065,
720575941576992245,IN01B074,
720575941576992757,IN21A047,
720575941576997457,IN19B096,
720575941577000949,IN03A094,
720575941577019729,IN06B056,
720575941577027829,IN03A092,
720575941577030901,IN12B063,
720575941577039697,IN10B041,
720575941577041233,IN14A113,
720575941577042769,IN13B093,
720575941577044469,IN23B014,
720575941577049169,IN16B077,
720575941577049681,IN13A071,
720575941577073590,INXXX468,
720575941577078097,IN19A114,
720575941577080657,INXXX873_f,sex_specific
720575941577084149,IN14A025,
720575941577093224,IN01B002,
720575941577097320,IN12B071,
720575941577111633,IN14A111,
720575941577141864,IN02A029,
720575941577209945,IN03A037,
720575941577217113,IN06A061,
720575941577221465,IN13A001,
720575941577370038,IN20A.22A088,
720575941577424473,IN04B114,
720575941577425753,IN11B001,
720575941577432409,IN01B024,
720575941577437017,IN09A075,
720575941577465945,IN08B056,
720575941577494888,IN01A011,
720575941577498713,IN23B089,
720575941577512040,IN04B064,
720575941577540441,IN03A050,
720575941577574745,IN04B025,
720575941577657689,IN13A040,
720575941577660241,IN05B091,
720575941577662545,IN04B095,
720575941577667921,IN20A.22A018,
720575941577669457,IN11B020,
720575941577677657,IN16B108,
720575941577722984,,
720575941577725032,IN21A017,
720575941578112757,INXXX893_f,sex_specific
720575941578154577,INXXX325,dimorphic
720575941578155865,,
720575941578319185,IN06A064,dimorphic
720575941578339061,IN03B071,
720575941578344437,INXXX351,
720575941578352885,IN14A032,
720575941578474329,IN01B047,
720575941578484057,INXXX903_f,sex_specific
720575941578486105,IN01A042,
720575941578502745,IN21A009,
720575941578634577,IN20A.22A067,
720575941578638929,IN07B027,
720575941578639441,IN23B078,
720575941578640209,IN07B096,
720575941578705909,IN20A.22A089,
720575941578709493,IN03B012,
720575941578722641,IN06B077,
720575941578734069,IN20A.22A084,
720575941578735349,IN20A.22A041,
720575941578736209,IN01B090,
720575941578736465,IN14A119,
720575941578762485,IN09B047,
720575941578793809,IN17A072,
720575941578832885,IN02A012,
720575941579009657,IN01A074,
720575941579017337,IN07B077,
720575941579027321,IN08A016,
720575941579072889,IN06B087,
720575941579073913,IN09A052,
720575941579099001,IN13B035,
720575941579160953,IN09A092,
720575941579161465,IN06B087,
720575941579168633,IN01A060,
720575941579186297,IN19B095,
720575941579195769,IN01A088,
720575941579198585,IN08B052,
720575941579203153,,
720575941579219321,IN06A126,
720575941579232889,IN09A056,
720575941579234169,IN20A.22A088,
720575941579262841,IN06A051,
720575941579460433,IN13B018,
720575941579598161,IN04B015,
720575941579617873,IN01B052,
720575941579624529,IN09A060,
720575941579639121,IN08A024,
720575941579640401,IN01B049,
720575941579738357,IN19A108,
720575941579745269,,
720575941579749497,IN01B056,
720575941579753337,IN09A069,
720575941579761785,IN09A022,
720575941579762421,IN13B089,
720575941579762933,INXXX161,dimorphic
720575941579766773,IN06A098,dimorphic
720575941579768565,IN19B066,dimorphic
720575941579772661,IN21A041,
720575941579779961,IN12A059,
720575941579781241,IN14A120,
720575941579783157,INXXX217,dimorphic
720575941579791093,IN20A.22A058,
720575941579799029,IN01B008,
720575941579802613,INXXX352,dimorphic
720575941579804661,IN12A036,
720575941579809013,IN17B004,
720575941579815669,IN11A027,
720575941579820533,INXXX844_f,sex_specific
720575941579832053,IN20A.22A084,
720575941579837173,INXXX386,
720575941579841781,IN02A052,
720575941579847925,IN04B100,
720575941579850229,IN21A040,
720575941579859189,INXXX225,dimorphic
720575941579866869,IN01A010,
720575941579867125,IN02A004,
720575941579867637,INXXX414,
720575941579868917,IN03B022,
720575941579877365,IN01A054,
720575941579879157,IN11A005,
720575941579889653,INXXX386,
720575941579900149,IN03B025,
720575941579926517,IN03A068,
720575941579945561,IN06B059,
720575941579964505,,
720575941579971417,IN19A016,
720575941579971673,IN01B007,
720575941580266065,INXXX261,
720575941580347985,IN05B039,
720575941580348753,IN06A083,
720575941580390009,IN11A003,
720575941580603381,INXXX339,
720575941580604661,IN06B016,
720575941580607353,IN01B034,
720575941580612473,IN13A049,
720575941580623225,IN16B051,
720575941580625529,IN19A042,
720575941580626041,IN17A106,
720575941580640889,IN01B019,
720575941580641913,IN19B075,
720575941580644729,IN19A100,
720575941580644985,IN14A064,
720575941580671097,IN21A087,
720575941580752761,IN23B067,
720575941580762489,IN17A028,
720575941580774521,IN07B065,
720575941580806777,IN12B063,
720575941580809593,INXXX258,dimorphic
720575941580810873,IN01B080,
720575941580831057,IN13A008,
720575941580901877,IN06A124,
720575941581068881,,
720575941581070929,IN23B018,
720575941581072977,,
720575941581087221,IN03B049,
720575941581142005,IN09A029,
720575941581228153,IN07B007,
720575941581242357,,
720575941581250037,IN12B059,
720575941581277685,INXXX265,dimorphic
720575941581459039,IN12B059,
720575941581491039,IN02A034,
720575941581492319,IN02A020,
720575941581506143,IN06A013,
720575941581570655,IN01B081,
720575941581583711,IN05B072,
720575941581608031,IN21A103,
720575941581608799,IN20A.22A084,
720575941581637215,IN06A042,
720575941581640569,IN13B001,
720575941581641311,IN06A032,
720575941581644409,IN08B090,
720575941581648479,IN07B039,
720575941581653113,IN16B083,
720575941581657695,IN18B055,dimorphic
720575941581661535,IN23B008,
720575941581663865,IN06A135,
720575941581672569,vMS11,dimorphic
720575941581673337,IN19A015,
720575941581678175,IN11B020,
720575941581678713,IN14A033,
720575941581682015,IN13B056,
720575941581683039,IN07B081,
720575941581685113,IN19B075,
720575941581685369,IN04B005,
720575941581719903,IN01B100,
720575941581720159,IN06A117,
720575941581738847,,
720575941582421369,IN13B013,
720575941582698361,IN18B026,
720575941582711673,IN14A005,
720575941582981471,IN17A028,
720575941582997881,IN04B086,
720575941583042399,IN09B052,dimorphic
720575941583112582,IN09A018,
720575941583120774,IN09A093,
720575941583122527,IN03B065,
720575941583128454,w-cHIN,
720575941583153798,IN09A079,
720575941583169158,IN03B066,
720575941583173510,IN03B052,
720575941583183238,IN21A095,
720575941583186566,IN21A045,
720575941583203462,IN11A027,
720575941583206790,IN19A069,
720575941583208582,IN12A061,
720575941583236998,IN08A028,
720575941583238278,IN13B090,
720575941583254918,IN11A037,
720575941583260038,IN20A.22A021,
720575941583270790,IN07B098,
720575941583290758,IN21A038,
720575941583296902,IN03B063,
720575941583297158,IN03A042,
720575941583307654,INXXX820_f,sex_specific
720575941583315334,IN06A077,
720575941583317894,IN21A043,
720575941583361887,IN20A.22A071,
720575941583378271,IN06B076,
720575941583410015,IN19A030,
720575941583423839,IN01A054,
720575941583441503,IN19A027,
720575941583453406,IN01A081,
720575941583458911,IN18B051,
720575941583478750,IN04B036,
720575941583506142,IN07B096,
720575941583507166,INXXX468,
720575941583511518,IN03B066,
720575941583514078,IN13B090,
720575941583544286,IN23B079,
720575941583559390,IN13B066,
720575941583574238,IN06B059,
720575941583588830,IN19B033,
720575941583595486,IN06B058,
720575941583601886,IN12A012,
720575941583608286,INXXX391,dimorphic
720575941583613918,IN16B055,
720575941583630558,IN20A.22A039,
720575941583636702,IN06B063,
720575941583637214,IN07B048,
720575941583637726,INXXX883_f,sex_specific
720575941583638494,IN14A036,
720575941583646430,IN08B078,
720575941583654878,IN13B072,
720575941583658462,IN03A023,
720575941583659742,IN17A028,
720575941583663070,IN04B093,
720575941583665630,IN04B101,
720575941583678942,INXXX429,
720575941583716574,IN14A078,
720575941583827166,IN01B080,
720575941583836638,IN20A.22A036,
720575941583911302,IN09A083,
720575941583916422,IN16B089,
720575941583986910,IN09A032,
720575941584191710,IN10B032,
720575941584194270,IN19B091,
720575941584423007,IN20A.22A060,
720575941584447839,IN13B012,
720575941584460639,IN03B021,
720575941584463711,IN01A043,dimorphic
720575941584464991,IN07B061,dimorphic
720575941584465503,IN13B029,
720575941584466527,IN21A010,
720575941584468319,IN12B002,
720575941584591494,IN14A021,
720575941584789726,IN12B034,
720575941584808158,IN06A094,
720575941584854111,IN05B001,
720575941584854662,INXXX045,dimorphic
720575941584889734,IN19B092,
720575941584891782,IN04A002,
720575941584928390,IN20A.22A030,
720575941584951518,IN01B016,
720575941584964062,IN01B026,
720575941584969950,INXXX940_f,sex_specific
720575941585215198,IN01A084,dimorphic
720575941585225438,IN00A062,
720575941585233118,INXXX373,
720575941585238750,IN03B055,
720575941585289950,IN07B048,
720575941585297286,IN17A052,
720575941585360350,IN01B061,
720575941585376222,IN07B094,
720575941585396358,IN19A122,
720575941585403614,IN14A120,
720575941585437662,IN01B080,
720575941585451103,IN12B082,
720575941585774687,INXXX839_f,sex_specific
720575941585775455,,
720575941585822559,INXXX303,dimorphic
720575941585831007,,
720575941585856607,IN00A004,
720575941585859718,INXXX258,dimorphic
720575941585860998,IN01B093,
720575941585902470,IN04B041,
720575941585902982,IN14A015,
720575941585907334,INXXX316,
720575941585922182,INXXX258,dimorphic
720575941585924486,IN04B068,
720575941585936006,IN20A.22A055,
720575941586073734,IN03B012,
720575941586308574,IN06A124,
720575941586314308,IN00A020,
720575941586329924,IN09A027,
720575941586335044,IN07B055,
720575941586363716,IN17A111,
720575941586373444,IN00A043,
720575941586374980,IN09A017,
720575941586375390,IN01B095,
720575941586378820,IN19B069,
720575941586378974,IN20A.22A016,
720575941586381534,IN06B071,
720575941586381892,IN19B088,
720575941586391876,INXXX364,
720575941586402014,IN11A025,
720575941586402628,IN08B091,
720575941586408670,INXXX448,
720575941586409540,IN03A010,
720575941586414046,IN05B020,
720575941586417118,IN09A045,
720575941586427460,IN08B075,
720575941586427972,IN12A062,
720575941586428382,IN05B091,
720575941586429150,IN08A017,
720575941586429918,INXXX421,dimorphic
720575941586432068,IN14A110,
720575941586439902,IN13B022,
720575941586440926,IN11A022,
720575941586441284,INXXX933_f,sex_specific
720575941586441950,vMS11,dimorphic
720575941586442462,IN07B023,
720575941586448708,IN20A.22A019,
720575941586449118,IN11A011,
720575941586453726,IN19A099,
720575941586457310,IN09A006,
720575941586457822,INXXX353,dimorphic
720575941586470110,IN19A029,
720575941586471646,IN12A003,
720575941586475076,IN12B030,
720575941586475998,INXXX890_f,sex_specific
720575941586479070,INXXX333,dimorphic
720575941587023671,IN19B068,dimorphic
720575941587113527,IN06A113,
720575941587178295,IN03B056,
720575941587181879,IN02A007,
720575941587190583,IN06A032,
720575941587201847,IN09A063,
720575941587204062,IN10B054,
720575941587239479,IN09A066,
720575941587247415,IN01A083,
720575941587269175,IN06A109,
720575941587269687,INXXX426,
720575941587284535,IN06A079,
720575941587302967,IN13B034,
720575941587304759,IN13B093,
720575941587315767,IN08A046,
720575941587318327,IN21A028,
720575941587344695,IN19A036,dimorphic
720575941587355191,IN16B052,
720575941587361335,IN03A073,
720575941587362103,vMS12,dimorphic
720575941587363127,IN04B019,
720575941587367991,IN06A081,
720575941587385143,IN20A.22A085,
720575941587386423,IN16B055,
720575941587394615,IN21A037,
720575941587396151,IN03B060,
720575941587404087,IN10B028,
720575941587430199,IN03A064,
720575941587528772,IN03B085,
720575941587601220,IN07B074,
720575941587602244,IN19B091,
720575941587640542,,
720575941587640798,,
720575941587773406,IN19A042,
720575941587799262,,
720575941587802846,,
720575941587837150,IN12B086,
720575941587843038,IN03A062,
720575941587963870,IN19B071,
720575941587968823,IN09A054,
720575941587969079,IN09B049,
720575941587989502,IN03B072,
720575941588002628,IN19B086,
720575941588003908,IN02A020,
720575941588004676,IN08B037,
720575941588006212,IN05B072,
720575941588006980,IN19A117,
720575941588007492,IN16B060,
720575941588018942,IN11B017,
720575941588045566,IN01A071,
720575941588058692,IN16B070,
720575941588059390,INXXX832_f,sex_specific
720575941588061438,IN06A090,
720575941588068676,IN13B027,
720575941588068862,IN23B087,
720575941588072516,IN01B002,
720575941588080638,IN03A064,
720575941588091204,IN16B076,
720575941588092996,,
720575941588095300,IN07B039,
720575941588156414,IN13B014,
720575941588445580,IN06B047,
720575941588484236,IN13B054,
720575941588506764,IN07B096,
720575941588550028,IN08A026,
720575941588569996,IN13A053,
720575941588576140,IN01B090,
720575941588599180,IN07B073,
720575941588600972,IN19A071,
720575941588615052,IN06A116,
720575941588623756,,
720575941588628620,IN19A088,
720575941588629758,IN16B089,
720575941588630270,IN23B030,
720575941588630782,IN09A056,
720575941588631038,IN02A057,
720575941588639372,IN19A071,
720575941588646284,IN11A030,
720575941588652940,IN12A059,
720575941588653964,IN13A021,
720575941588661388,IN07B084,
720575941588669324,IN12A053,
720575941588675980,IN02A041,
720575941588689292,IN16B053,
720575941588703365,,
720575941588888644,IN19A113,
720575941588919607,IN12B034,
720575941588919863,IN06B080,
720575941588924215,IN16B032,
720575941588926519,IN03A043,
720575941588959300,IN18B028,
720575941588970308,IN01A076,
720575941588981572,IN20A.22A018,
720575941588988484,IN01B046,
720575941589023300,INXXX889_f,sex_specific
720575941589029687,IN05B041,
720575941589337740,IN13B090,
720575941589563134,IN10B044,
720575941589566206,IN05B021,
720575941589589502,IN19A059,
720575941589590270,IN12A043,
720575941589592574,IN13A040,
720575941589597950,IN13A062,
720575941589606142,IN16B106,
720575941589664254,IN23B057,
720575941589665278,IN13B046,
720575941589742476,IN19A117,
720575941589816318,IN08B058,
720575941589827410,,
720575941589844535,IN06B056,
720575941589854604,IN03B012,
720575941589857790,IN11B015,
720575941589863735,IN17A030,
720575941589878327,IN01A059,
720575941589944631,IN21A089,
720575941589950263,IN04B026,dimorphic
720575941589952055,IN01A057,
720575941589954871,IN17A040,
720575941589962380,IN13B080,
720575941589966078,IN07B079,
720575941589967159,IN06A099,
720575941589972876,IN20A.22A001,
720575941589980215,IN01A012,
720575941589981751,IN04B107,
720575941589986615,IN01A054,
720575941589994039,IN05B093,dimorphic
720575941589994551,IN17A016,
720575941589995319,IN16B036,
720575941589997623,IN10B014,
720575941590040204,IN20A.22A006,
720575941590043716,IN18B038,
720575941590050372,IN03B055,
720575941590127912,IN10B059,
720575941590130572,IN10B031,
720575941590136360,IN10B032,
720575941590231080,IN23B059,
720575941590250536,IN19B071,
720575941590259240,IN19B073,
720575941590273064,IN13B065,
720575941590279208,IN06B066,
720575941590285096,IN08A042,
720575941590291084,IN16B016,
720575941590294824,IN03A053,
720575941590309416,IN02A061,
720575941590315560,IN20A.22A041,
720575941590317352,IN16B061,
720575941590325800,IN00A058,
720575941590338088,IN10B032,
720575941590342028,IN03A059,
720575941590342440,IN21A087,
720575941590358668,IN16B024,
720575941590399812,IN23B056,
720575941590436420,,
720575941590438980,,
720575941590447940,,
720575941590503678,IN21A091,
720575941590549047,IN03A068,
720575941590551294,IN09B044,
720575941590596492,,
720575941590687339,IN19A068,
720575941590711915,IN12B066,
720575941590734443,GFC2,
720575941590820971,IN14A107,
720575941590830888,IN20A.22A056,
720575941590835752,IN01B025,
720575941590840062,IN12A059,
720575941590846462,,
720575941590852094,IN07B079,
720575941590862955,IN07B055,
720575941590866430,INXXX364,
720575941590867819,IN23B017,
720575941590870379,IN06A102,
720575941590870782,IN17A067,
720575941590871550,IN01A029,dimorphic
720575941590873707,IN01B056,
720575941590876011,IN13A035,
720575941590878462,IN04B078,
720575941590889323,IN13A022,
720575941590898027,IN03B089,
720575941590899563,IN13B052,
720575941590941291,INXXX993_f,sex_specific
720575941590995255,IN14A083,
720575941591026999,,
720575941591100983,IN20A.22A008,
720575941591126327,,
720575941591128887,,
720575941591130167,,
720575941591255436,IN04B029,
720575941591264652,IN13B065,
720575941591266956,IN13A034,
720575941591270440,IN10B055,
720575941591271308,IN19B089,
720575941591277708,IN08B030,
720575941591285388,IN12A034,
720575941591285900,IN13A004,
720575941591287692,IN06A037,
720575941591287948,IN14A044,
720575941591298814,IN13B001,
720575941591299468,INXXX448,
720575941591307916,INXXX896_f,sex_specific
720575941591482920,IN16B052,
720575941591499627,IN07B076,
720575941591505515,IN19A108,
720575941591506795,INXXX341,
720575941591532072,IN09A051,
720575941591732734,IN07B096,
720575941591746600,IN08A005,
720575941591748648,IN12A060,
720575941591750184,IN19A114,
720575941591754536,IN20A.22A087,
720575941591762984,IN13A061,
720575941591764520,IN16B125,
720575941591765544,INXXX212,
720575941591772456,IN03A067,
720575941591776552,IN13B023,
720575941591780648,IN20A.22A053,
720575941591808040,IN23B044,
720575941591831180,,
720575941591873064,IN01A036,
720575941591879934,,
720575941591947518,,
720575941592041067,IN23B075,
720575941592046699,IN16B082,
720575941592053288,IN07B096,
720575941592094422,IN06A022,
720575941592116478,,
720575941592128766,,
720575941592137726,IN04B042,
720575941592142334,IN16B057,
720575941592144126,IN09A012,
720575941592149718,IN06A070,
720575941592154582,IN03B061,
720575941592155350,INXXX468,
720575941592166614,IN03A039,
720575941592185814,IN06A096,
720575941592196054,IN09A054,
720575941592202198,IN11B018,
720575941592219944,IN20A.22A055,
720575941592242646,IN19A088,
720575941592242902,IN13B044,
720575941592267478,IN20A.22A038,
720575941592271756,IN13A064,
720575941592282582,INXXX303,dimorphic
720575941592333782,IN01B079,
720575941592380199,IN06B071,
720575941592388971,IN13B074,
720575941592391308,,
720575941592408615,IN08B068,
720575941592411173,IN19A088,
720575941592428907,IN19B105,
720575941592430443,IN04B055,
720575941592452901,IN01A050,
720575941592458789,IN21A015,
720575941592461093,IN08A043,
720575941592467749,IN01A053,
720575941592472171,IN12B040,
720575941592475685,IN19A114,
720575941592477733,IN08A026,
720575941592480363,IN17A007,
720575941592493863,IN07B073,
720575941592495397,IN06A113,
720575941592497703,IN14A056,
720575941592503333,IN20A.22A084,
720575941592505639,IN00A057,
720575941592508523,IN01A078,
720575941592510759,IN13A047,
720575941592511527,IN09A052,
720575941592511783,IN00A047,
720575941592517925,IN14A042,
720575941592525863,IN13B096,
720575941592527143,IN07B066,
720575941592530471,IN10B057,
720575941592541223,IN13A040,
720575941592547879,IN11B021,
720575941592555045,IN19A117,
720575941592557861,IN20A.22A016,
720575941592559397,IN23B008,
720575941592562727,INXXX321,
720575941592568357,IN16B037,
720575941592568869,IN09A079,
720575941592573221,IN14A058,
720575941592573223,IN10B042,
720575941592580647,IN16B060,
720575941592586279,IN01B086,
720575941592588325,IN21A087,
720575941592589349,IN19B071,
720575941592591911,INXXX867_f,sex_specific
720575941592593191,IN09A052,
720575941592598309,IN07B054,
720575941592599436,IN09A020,
720575941592600204,IN03A007,
720575941592602149,IN07B081,
720575941592616487,INXXX315,
720575941592616743,IN09A057,
720575941592617253,IN01B101,
720575941592621861,IN02A003,
720575941592623911,INXXX287,
720575941592626469,IN10B057,
720575941592627493,IN01B077,
720575941592636199,IN14A095,
720575941592638245,INXXX363,
720575941592758891,IN06A132,
720575941592805928,IN19A060,
720575941592810454,IN01B083,
720575941592816086,IN04B068,
720575941592816854,IN01A065,
720575941592838184,IN13B026,
720575941592847830,IN03A063,
720575941592848168,INXXX390,
720575941592855080,IN03A055,
720575941592865576,IN20A.22A052,
720575941592867880,IN19B035,
720575941592869928,IN09A002,
720575941592873000,IN20A.22A006,
720575941592883496,INXXX360,dimorphic
720575941592889128,INXXX224,
720575941592895272,IN23B007,
720575941592895784,IN02A010,
720575941592901416,IN07B061,dimorphic
720575941592907560,IN03A067,
720575941592910376,IN05B090,
720575941592911144,IN11B021,
720575941592913192,IN23B067,
720575941592919080,IN17A007,
720575941592927528,IN11A007,
720575941592931112,IN18B011,
720575941592931368,IN03B011,
720575941592949132,IN16B124,
720575941593097329,IN01A070,
720575941593110385,IN04B085,
720575941593160043,IN16B087,
720575941593176433,IN05B064,
720575941593188465,IN03B053,
720575941593189489,IN03B070,
720575941593200935,IN09A038,
720575941593206897,IN11A027,
720575941593215601,IN12B035,
720575941593229425,INXXX400,
720575941593245297,IN00A039,
720575941593250161,IN13A038,
720575941593275249,IN02A032,
720575941593288049,IN07B075,
720575941593291377,INXXX406,
720575941593354791,IN13B022,
720575941593433046,IN19A084,
720575941593438321,IN13A061,
720575941593469803,IN09A082,
720575941593491563,IN02A033,
720575941593507179,INXXX258,dimorphic
720575941593516651,INXXX294,
720575941593516907,INXXX852_f,sex_specific
720575941593517419,IN06A088,
720575941593520235,IN21A047,
720575941593615211,IN14B007,
720575941593713009,INXXX223,
720575941593737585,IN21A081,
720575941593739889,IN19A109,
720575941593742449,IN23B055,
720575941593778215,,
720575941593793238,IN23B040,
720575941593798870,IN21A013,
720575941593808854,IN09A050,
720575941593816534,IN19A034,dimorphic
720575941593817302,IN13A015,
720575941593836933,IN06B047,
720575941593841541,IN03A088,
720575941593845125,IN20A.22A042,
720575941593847766,IN02A020,
720575941593847921,INXXX824_f,sex_specific
720575941593875589,IN00A057,
720575941593877543,IN02A011,
720575941593890774,IN16B075,
720575941593900677,IN23B031,
720575941593904342,IN09A067,
720575941593912790,IN14A058,
720575941593919365,IN11A012,
720575941593923461,IN03A062,
720575941593929174,IN03A094,
720575941593944104,,
720575941593948037,IN21A026,
720575941593948805,IN06A116,
720575941593961686,IN13B013,
720575941593963734,IN05B072,
720575941593964584,IN01A070,
720575941593965957,IN06A036,
720575941593966120,,
720575941593968773,IN06A120,dimorphic
720575941593980293,IN20A.22A017,
720575941594007592,IN20A.22A089,
720575941594153509,IN12B024,
720575941594160421,IN19B043,
720575941594186789,IN23B056,
720575941594189352,IN03B058,
720575941594189605,IN19A052,
720575941594200613,IN21A064,
720575941594209061,IN09A085,
720575941594213927,IN11B016,
720575941594215207,IN20A.22A024,
720575941594215463,IN07B080,
720575941594225191,IN03A094,
720575941594232359,IN19A041,
720575941594264869,INXXX316,
720575941594268455,INXXX290,dimorphic
720575941594294312,IN09B014,
720575941594307624,IN23B037,
720575941594308721,IN01A071,
720575941594310184,INXXX149,dimorphic
720575941594311025,IN13B072,
720575941594317095,IN03A054,
720575941594333991,IN02A056,
720575941594370344,IN04B050,
720575941594415217,IN03A042,
720575941594417777,IN02A054,
720575941594515158,IN06A061,
720575941594578033,,
720575941594612409,,
720575941594626929,IN09A004,
720575941594726513,IN14A052,
720575941594754599,INXXX855_f,sex_specific
720575941594764913,IN03A019,
720575941594776939,IN14A009,
720575941594795633,IN08A024,
720575941594801777,IN10B030,
720575941594807766,IN19A052,
720575941594821334,IN06B043,
720575941594834539,,
720575941594844630,,
720575941594853590,IN00A010,
720575941594854251,IN19A003,
720575941594855281,IN20A.22A051,
720575941594856662,IN16B058,
720575941594865777,IN16B050,
720575941594868438,IN14A020,
720575941594873814,IN21A022,
720575941594897622,IN21A099,
720575941594967847,IN23B023,
720575941594975783,IN05B079,
720575941594976726,IN01A058,
720575941595021681,IN08B051,
720575941595084071,IN19A107,
720575941595131175,IN02A007,
720575941595142102,IN20A.22A052,
720575941595150885,IN02A054,
720575941595152677,IN14A030,
720575941595154981,IN02A045,
720575941595157541,IN06A072,
720575941595167013,IN01B037,
720575941595175205,IN09B038,
720575941595189797,IN00A032,
720575941595194149,IN19A006,
720575941595197733,IN01B091,
720575941595198501,IN03A014,
720575941595198757,IN14A078,
720575941595202085,IN07B067,
720575941595205413,IN03A055,
720575941595266343,GFC2,
720575941595285799,IN12A048,
720575941595288871,IN12B053,
720575941595299367,IN03B028,
720575941595306023,IN19B050,
720575941595307559,IN00A045,
720575941595308327,IN03A030,
720575941595309607,IN03A059,
720575941595310887,IN01A003,
720575941595311143,IN13A003,
720575941595368662,IN20A.22A051,
720575941595426437,IN20A.22A036,
720575941595437701,IN09A044,
720575941595441285,IN11A003,
720575941595449969,IN08A032,
720575941595453317,IN07B098,
720575941595456389,IN03A062,
720575941595475845,IN13A001,
720575941595512965,IN21A073,
720575941595529861,IN11A024,
720575941595535749,IN08A039,
720575941595544197,IN21A083,
720575941595547269,IN18B048,
720575941595562885,IN14A079,
720575941595653020,IN06A090,
720575941595664165,IN19B094,
720575941595723456,IN02A048,
720575941595744668,IN03A065,
720575941595745472,IN06B074,
720575941595749056,IN20A.22A070,
720575941595757724,IN12A052,
720575941595764636,IN08A026,
720575941595766428,IN11B014,
720575941595768476,IN06A103,
720575941595771548,IN23B061,
720575941595779264,IN11A027,
720575941595779484,IN13A061,
720575941595780508,IN01A084,dimorphic
720575941595782556,IN11B017,
720575941595783580,IN19A073,
720575941595793308,IN12B063,
720575941595795612,IN01B042,
720575941595802012,IN12B063,
720575941595804572,IN09A065,
720575941595804828,IN03B066,
720575941595805084,IN13B078,
720575941595809948,IN16B045,
720575941595814336,IN04B043,
720575941595814592,IN09A092,
720575941595823260,IN09A093,
720575941595825052,IN01B080,
720575941595829916,IN09A095,
720575941595832732,IN11A020,
720575941595840668,IN13B094,
720575941595849116,IN04B111,
720575941595850688,IN21A034,
720575941595866048,INXXX868_f,sex_specific
720575941595873984,IN13A020,
720575941595876800,IN00A026,
720575941595878848,IN06B043,
720575941595880640,IN13A036,
720575941595887772,INXXX912_f,sex_specific
720575941595889445,IN20A.22A052,
720575941595890469,IN14A069,
720575941595897024,IN08A026,
720575941595897792,IN01B061,
720575941595898048,IN01B061,
720575941595902577,IN11A008,
720575941595905494,IN08A019,
720575941595908032,IN06A093,
720575941595908508,INXXX989_f,sex_specific
720575941595908544,IN02A052,
720575941595910513,IN13A069,
720575941595911894,IN11A025,
720575941595913920,IN20A.22A039,
720575941595919217,IN16B016,
720575941595934577,IN05B013,
720575941595938161,INXXX325,dimorphic
720575941595940288,IN21A054,
720575941595940465,IN08B056,
720575941595942769,IN14A039,
720575941595944305,IN12B058,
720575941595952241,IN13A061,
720575941595956337,IN08A019,
720575941595958385,IN06A034,
720575941595960689,IN12A004,
720575941595964273,IN07B020,
720575941595965809,IN23B040,
720575941595966321,IN07B012,
720575941595969393,IN01A008,
720575941595969984,IN07B083,
720575941595970161,INXXX269,
720575941595972465,IN03B074,
720575941595975793,INXXX431,dimorphic
720575941595999857,IN14A090,
720575941596032295,INXXX326,dimorphic
720575941596055591,INXXX100,
720575941596078961,IN06B047,
720575941596114390,,
720575941596118230,IN21A004,
720575941596118311,IN13A061,
720575941596119254,,
720575941596122582,,
720575941596126166,IN19A005,
720575941596144165,,
720575941596144677,IN01A062,
720575941596229253,IN03B091,
720575941596303909,IN08A007,
720575941596391836,IN21A047,
720575941596400028,IN14A028,
720575941596404101,IN17A084,
720575941596408197,INXXX856_f,sex_specific
720575941596426789,,
720575941596430213,IN18B016,
720575941596442917,,
720575941596492480,IN03A036,
720575941596536357,IN05B028,
720575941596544549,,
720575941596552997,IN04B100,
720575941596553511,IN17A017,
720575941596561957,,
720575941596680231,,
720575941596689191,IN13B005,
720575941596703783,IN13B036,
720575941597149376,IN06B040,
720575941597197169,,
720575941597216881,IN01A048,
720575941597245041,IN04B064,
720575941597268124,IN20A.22A061,
720575941597271196,IN01A053,
720575941597285788,IN21A047,
720575941597312389,IN23B048,
720575941597314716,IN12B037,
720575941597355164,,
720575941597421980,IN03A006,
720575941597504924,IN01B069,
720575941597505216,IN09A018,
720575941597512640,IN03B090,
720575941597513349,,
720575941597517248,IN13A062,
720575941597520064,IN01B023,
720575941597521600,IN10B041,
720575941597544128,IN07B066,
720575941597545664,IN07B020,
720575941597558428,IN19A043,
720575941597570949,,
720575941597587589,INXXX213,
720575941597611968,IN09A014,
720575941597645248,IN13B078,
720575941597652416,IN12B029,
720575941597661376,INXXX399,dimorphic
720575941597665472,IN03A007,
720575941597666693,,
720575941597667264,IN13B098,
720575941597672489,IN06A082,
720575941597678889,IN03A058,
720575941597703721,IN13B082,
720575941597742784,IN09A027,
720575941597814313,IN13A045,
720575941597835817,IN02A042,
720575941597846057,IN20A.22A080,
720575941597855273,IN03A065,
720575941597885737,IN23B006,
720575941597897513,IN23B043,
720575941597899049,IN08A036,
720575941597905193,IN08A027,
720575941597911849,IN13A041,
720575941597912617,IN13B044,
720575941597919273,IN09A019,
720575941598025349,IN08A016,
720575941598046505,IN09A083,
720575941598299804,IN11A032,
720575941598302108,IN00A026,
720575941598321308,IN20A.22A055,
720575941598321564,IN23B024,
720575941598321820,IN09B008,
720575941598357404,INXXX211,dimorphic
720575941598386076,IN03A026,
720575941598621481,IN14A105,
720575941598633769,IN12B062,
720575941598634537,IN06A071,
720575941598641193,IN04B107,
720575941598665664,IN19A031,
720575941598689728,INXXX181,dimorphic
720575941598960028,IN02A060,
720575941599226048,IN23B065,
720575941599351849,IN23B023,
720575941599407552,INXXX816_f,sex_specific
720575941599433664,IN06B008,
720575941599444777,IN12A043,
720575941599450921,IN07B099,
720575941599457065,IN23B023,
720575941599459881,IN01A061,
720575941599461161,IN20A.22A066,
720575941599463977,IN16B075,
720575941599466537,IN01B031,
720575941599567401,IN20A.22A039,
720575941599667356,IN12B011,
720575941599956672,IN14A012,
720575941600109353,IN05B037,
720575941600239296,IN17B006,
720575941600259369,IN12A001,
720575941600370985,IN16B068,
720575941600413888,IN21A028,
720575941600501545,IN03A068,
720575941600513577,INXXX399,dimorphic
720575941600519977,IN06B070,
720575941600522793,IN13A020,
720575941600523305,IN12B043,
720575941600532265,IN23B060,
720575941600532521,IN19B050,
720575941600535593,IN04B004,
720575941600536361,IN21A021,
720575941600540201,IN13B080,
720575941600540969,IN11A003,
720575941600543785,IN07B032,
720575941600548393,IN21A024,
720575941601088441,IN06A019,
720575941601092537,IN06A045,
720575941601097401,IN03A041,
720575941601119929,IN10B059,
720575941601150966,IN06A082,
720575941601153270,IN06A044,
720575941601166265,IN05B066,dimorphic
720575941601204409,IN09A060,
720575941601209590,IN11A018,
720575941601211577,IN09A030,
720575941601223158,IN07B054,
720575941601224121,IN14A075,
720575941601243321,IN11B011,
720575941601255353,IN01B095,
720575941601256438,IN08A041,
720575941601266678,IN03B086,
720575941601284086,IN01B083,
720575941601298617,IN08B091,
720575941601313782,IN14A036,
720575941601314038,IN01B090,
720575941601315062,IN00A029,
720575941601315769,IN20A.22A061,
720575941601325046,IN01B041,
720575941601330166,IN00A045,
720575941601333750,IN04B110,
720575941601348086,INXXX437,dimorphic
720575941601348342,IN13A067,
720575941601379625,IN01B002,
720575941601407161,IN20A.22A039,
720575941601470454,IN08A049,
720575941601591337,IN03A009,
720575941601787894,INXXX234,
720575941601878313,,
720575941601976617,INXXX115,
720575941602004265,,
720575941602224574,IN06B078,
720575941602226366,IN05B075,
720575941602260158,IN08A029,
720575941602261182,IN11A040,
720575941602273470,IN23B030,
720575941602315454,IN11B017,
720575941602318782,IN19A072,
720575941602321598,IN20A.22A061,
720575941602343870,IN12B084,
720575941602370494,IN06A109,
720575941602407158,INXXX337,
720575941602466745,INXXX287,
720575941602711737,IN19A081,
720575941602718649,IN09A022,
720575941602800569,IN19A093,
720575941602811577,IN17A067,
720575941602870262,IN16B090,
720575941602872054,IN19A119,
720575941602938870,IN16B088,
720575941602940406,IN12B036,
720575941602956790,INXXX077,
720575941602969846,IN19B012,
720575941602984638,IN21A093,
720575941602987510,INXXX095,
720575941603125689,IN02A039,dimorphic
720575941603323326,IN13B010,
720575941603364537,IN19A013,
720575941603589566,IN23B043,
720575941603690937,INXXX402,
720575941603694777,IN04B056,
720575941603710649,IN21A005,
720575941603713465,IN02A012,
720575941603733689,INXXX258,dimorphic
720575941603734457,IN20A.22A021,
720575941603735481,IN13B028,
720575941603739833,IN04B022,
720575941603744441,IN20A.22A047,
720575941603749817,INXXX095,
720575941603750073,IN20A.22A061,
720575941603750585,INXXX454,dimorphic
720575941603753913,IN18B028,
720575941603755961,IN13A007,
720575941603759801,IN06A054,
720575941603764921,IN19B015,
720575941603767993,IN12B029,
720575941603813054,IN20A.22A061,
720575941603878646,IN12B090,
720575941603884790,INXXX853_f,sex_specific
720575941603886014,IN20A.22A023,
720575941603886582,INXXX464,
720575941603894774,INXXX211,dimorphic
720575941603895542,INXXX414,
720575941603896254,IN16B094,
720575941603899070,IN16B070,
720575941603902710,IN10B036,
720575941603903222,IN14A051,
720575941603905014,IN03A069,
720575941603906038,IN09B043,
720575941603909054,IN04B112,
720575941603910078,IN13A033,
720575941603916222,IN06B066,
720575941603919038,IN09A092,
720575941603927742,IN20A.22A084,
720575941603939006,IN08A027,
720575941603953398,IN01B095,
720575941603980734,IN13A018,
720575941603997374,IN19B050,
720575941604082361,IN13A006,
720575941604090046,IN12B036,
720575941604677049,IN23B027,
720575941604725438,IN10B059,
720575941604728766,IN01B063,
720575941604824761,IN16B047,
720575941604870329,IN19A002,
720575941604872557,IN09A071,
720575941604904045,IN03B042,
720575941604907117,IN04B099,
720575941604912749,INXXX027,
720575941604922221,IN06B078,
720575941604943469,IN09A018,
720575941604943725,IN03A005,
720575941604946797,IN11B015,
720575941604950893,IN19A073,
720575941604952429,IN03A033,
720575941604952685,IN04B037,
720575941604953453,IN06B077,
720575941604967789,IN06A103,
720575941604969325,IN20A.22A063,
720575941604969837,IN01B083,
720575941604972653,IN20A.22A055,
720575941604976493,IN17A022,
720575941604984173,IN19A001,
720575941604987838,IN01A027,
720575941604989293,IN11A043,
720575941604994489,,
720575941604997997,IN11B017,
720575941605000633,,
720575941605001657,,
720575941605006189,IN16B053,
720575941605006782,IN23B041,
720575941605013950,IN07B100,
720575941605016941,IN12A057,
720575941605017534,IN01A062,
720575941605018046,IN13A012,
720575941605018477,IN03A030,
720575941605018814,INXXX382,dimorphic
720575941605021293,IN06A070,
720575941605024109,IN20A.22A085,
720575941605025133,IN20A.22A085,
720575941605048310,IN20A.22A061,
720575941605063021,IN20A.22A077,
720575941605070189,IN19A108,
720575941605079405,IN03A083,
720575941605081453,IN13A030,
720575941605086061,IN08B070,
720575941605130486,,
720575941605234934,IN16B052,
720575941605235446,IN01B003,
720575941605242358,IN12B007,
720575941605254902,IN01B003,
720575941605255414,IN05B024,
720575941605268333,IN04B100,
720575941605274102,IN01B023,
720575941605399742,IN03B053,
720575941605598061,IN03B070,
720575941605600109,IN16B029,
720575941605602669,IN06B066,
720575941606079853,IN14A114,
720575941606081470,IN03A055,
720575941606255550,,
720575941606266558,,
720575941606432958,IN01B050,
720575941606544493,IN17A045,
720575941606545261,IN20A.22A051,
720575941606553709,IN20A.22A048,
720575941606598509,IN01B084,
720575941606622317,IN07B083,
720575941606636909,IN12B026,
720575941606642285,IN03A073,
720575941606676589,IN04B112,
720575941606676845,INXXX384,
720575941606687341,INXXX851_f,sex_specific
720575941606849389,IN12A048,
720575941607558765,IN03B049,
720575941607559277,IN13A035,
720575941607559533,IN14A087,
720575941607560557,INXXX292,
720575941607569261,IN00A053,
720575941607578989,IN03A048,
720575941607582317,IN17A044,
720575941607583853,INXXX146,
720575941607586157,IN13B079,
720575941607587181,IN19B068,dimorphic
720575941607589229,INXXX230,
720575941607604077,IN05B012,
720575941608136522,IN09A044,
720575941608183626,IN03A075,
720575941608250954,IN08B037,
720575941608287818,IN11B022,
720575941608298826,IN06A082,
720575941608309322,IN04B036,
720575941608310346,IN12A008,
720575941608331082,IN14A015,
720575941608336493,INXXX213,
720575941608350794,IN17A032,
720575941608360522,IN14A074,
720575941608373834,IN12B039,
720575941608378698,IN06A122,
720575941608387658,INXXX364,
720575941608389194,IN01A026,
720575941608391498,IN11B015,
720575941608410698,IN06A075,
720575941608423754,IN01A072,
720575941608429386,IN03A051,
720575941608442442,IN09A054,
720575941608485194,IN19A106,
720575941608643437,IN10B050,
720575941608720617,IN20A.22A016,
720575941608786506,IN01B027,
720575941608801257,IN03B087,
720575941608817897,IN03B072,
720575941608840937,IN13B050,
720575941608855785,IN17A093,
720575941608857321,IN19A064,
720575941608861929,IN03B066,
720575941608866281,IN00A047,
720575941608881129,INXXX980_f,sex_specific
720575941608899049,IN21A044,
720575941608899305,IN09A043,
720575941608899561,IN07B067,
720575941608900585,dMS2,
720575941608905193,IN13B057,
720575941608918249,IN04B039,
720575941608926441,IN23B068,
720575941608942569,IN21A041,
720575941608970217,IN06A135,
720575941608991050,w-cHIN,
720575941609001034,IN03B022,
720575941609026925,,
720575941609044589,IN04B038,
720575941609058413,IN23B018,
720575941609059757,,
720575941609061229,,
720575941609184429,IN06A059,
720575941609192877,IN02A056,
720575941609226157,INXXX045,dimorphic
720575941609260134,IN07B055,
720575941609298662,IN19A117,
720575941609303469,IN03A071,
720575941609306797,IN07B080,
720575941609330605,IN00A056,
720575941609335213,IN19A109,
720575941609339309,IN23B093,
720575941609346534,IN20A.22A039,
720575941609348525,IN08A036,
720575941609348710,IN01A077,
720575941609351341,IN03A047,
720575941609358182,IN08A026,
720575941609358310,IN03B061,
720575941609371053,IN03A077,
720575941609374125,IN04B031,
720575941609380070,IN13B055,
720575941609390182,IN04B102,
720575941609395686,IN09A081,
720575941609399782,IN12B025,
720575941609400806,IN03A062,
720575941609401517,IN03A026,
720575941609405869,IN19A100,
720575941609407917,IN02A062,
720575941609408998,IN10B055,
720575941609410406,IN00A048,
720575941609411245,IN03A051,
720575941609413862,IN03B046,
720575941609416934,IN11A016,
720575941609419878,IN03A046,
720575941609422822,IN03B075,
720575941609426918,IN13A051,
720575941609429350,IN08B083,
720575941609432237,INXXX045,dimorphic
720575941609438438,IN23B045,
720575941609446630,IN03B056,
720575941609453670,IN06A099,
720575941609458349,IN13A068,
720575941609459046,IN03A007,
720575941609460141,IN21A044,
720575941609479526,IN06B047,
720575941609479910,IN12B024,
720575941609481062,IN11B016,
720575941609482854,IN01A077,
720575941609489385,IN21A041,
720575941609503590,IN23B063,
720575941609508710,IN18B054,
720575941609520742,IN19B045,
720575941609538150,IN20A.22A085,
720575941609540454,IN20A.22A016,
720575941609561190,IN20A.22A019,
720575941609567818,IN14A010,
720575941609625674,INXXX437,dimorphic
720575941609673802,IN01A015,
720575941609928038,IN21A050,
720575941609964009,IN14A121,
720575941609997386,IN09A038,
720575941610008138,IN03B068,
720575941610015306,IN16B058,
720575941610018378,IN14A103,
720575941610025034,INXXX440,
720575941610031434,IN19A130,
720575941610039981,IN14A065,
720575941610042029,IN12B036,
720575941610056166,IN06A033,
720575941610056934,IN07B068,
720575941610063590,IN13B038,
720575941610069066,IN13B043,
720575941610069094,IN05B077,
720575941610080102,IN14A077,
720575941610088522,IN06A093,
720575941610093033,IN18B043,
720575941610095849,IN06A130,dimorphic
720575941610099433,IN19A043,
720575941610103114,IN02A066,
720575941610111818,IN12B027,
720575941610116426,IN17A061,
720575941610122058,IN16B042,
720575941610129738,IN05B066,dimorphic
720575941610174950,IN06A100,
720575941610338793,IN04B114,
720575941610346985,IN19A054,
720575941610351337,IN19A118,
720575941610354153,IN12A062,
720575941610363881,IN20A.22A049,
720575941610393065,INXXX440,
720575941610408169,IN20A.22A054,
720575941610446569,IN03B071,
720575941610455785,IN13B005,
720575941610471388,IN20A.22A055,
720575941610482140,IN13A044,
720575941610492636,IN11B019,
720575941610493404,IN06A069,
720575941610536924,dMS2,
720575941610537692,IN09A093,
720575941610550236,IN14A028,
720575941610561756,IN14A095,
720575941610566876,IN20A.22A023,
720575941610567644,IN08A023,
720575941610576604,IN16B077,
720575941610577628,IN02A053,
720575941610577884,IN09A077,
720575941610583260,IN07B086,
720575941610587612,IN02A010,
720575941610597340,INXXX440,
720575941610611558,INXXX842_f,sex_specific
720575941610613212,IN08A022,
720575941610613724,IN13A046,
720575941610618982,IN06B066,
720575941610683053,IN11A010,
720575941610686054,IN03A037,
720575941610767718,INXXX898_f,sex_specific
720575941610817709,IN13A042,
720575941610830253,IN07B076,
720575941610843565,IN04B084,
720575941610871782,IN06A132,
720575941610872038,IN03B020,
720575941610876390,IN09A046,
720575941610883046,IN04B081,
720575941610895277,IN03A073,
720575941610909101,IN21A079,
720575941610927846,IN06A098,dimorphic
720575941610953446,IN03B065,
720575941611006282,IN16B045,
720575941611012682,IN08A037,
720575941611022154,IN13B072,
720575941611027530,IN16B024,
720575941611038794,INXXX052,dimorphic
720575941611039306,INXXX265,dimorphic
720575941611043402,IN06A098,dimorphic
720575941611044938,IN09B038,
720575941611054410,IN01B031,
720575941611056714,IN12A052,
720575941611063370,IN06A050,
720575941611065418,IN06A120,dimorphic
720575941611077450,IN13A046,
720575941611080010,IN06A002,
720575941611083338,INXXX243,dimorphic
720575941611112934,IN08A042,
720575941611116902,IN14A053,
720575941611144266,IN23B014,
720575941611153510,IN19A015,
720575941611162982,,
720575941611181670,INXXX899_f,sex_specific
720575941611187302,IN17A016,
720575941611234662,IN06B052,
720575941611250396,IN01B100,
720575941611258844,IN13A067,
720575941611260262,IN06B074,
720575941611273948,IN20A.22A079,
720575941611339753,IN03B056,
720575941611343337,INXXX355,
720575941611374313,INXXX364,
720575941611458634,IN03A083,
720575941611546899,IN03A046,
720575941611552275,IN10B059,
720575941611560723,IN19A100,
720575941611587603,IN14A042,
720575941611615507,IN20A.22A078,
720575941611623443,IN14A047,
720575941611626003,IN19B086,
720575941611645203,IN03B074,
720575941611652371,IN02A035,
720575941611655443,IN10B058,
720575941611660051,IN16B074,
720575941611661075,INXXX819_f,sex_specific
720575941611675411,IN20A.22A009,
720575941611695379,IN13A072,
720575941611705619,IN14A093,
720575941611712275,IN00A065,
720575941611712531,IN09B053,
720575941611716883,IN14B010,
720575941611733350,IN10B057,
720575941611815142,IN09A015,
720575941611818515,IN03A081,
720575941611829990,IN11A042,
720575941611834854,INXXX396,
720575941611837660,IN23B049,
720575941611846630,IN05B090,
720575941611878573,IN23B060,
720575941611914669,IN02A010,
720575941611918765,INXXX384,
720575941611946669,IN20A.22A053,
720575941611951789,IN19A029,
720575941611957165,IN23B025,
720575941611959725,INXXX928_f,sex_specific
720575941611960237,IN17A022,
720575941611961162,IN19A021,
720575941611963053,IN02A020,
720575941611969453,IN01A083,
720575941611969709,,
720575941611970477,IN08B004,
720575941611977645,IN09B005,
720575941611984813,IN20A.22A063,
720575941611988141,INXXX306,dimorphic
720575941611988582,GFC2,
720575941611989165,INXXX217,dimorphic
720575941612004710,IN09B038,
720575941612009062,IN08A008,
720575941612027238,IN16B069,
720575941612040806,IN13A036,
720575941612050022,INXXX305,
720575941612053094,IN18B020,
720575941612065894,IN03A049,
720575941612066150,,
720575941612068710,IN04B068,
720575941612073574,IN13A010,
720575941612084298,IN07B034,
720575941612095562,IN23B023,
720575941612097811,IN19A011,
720575941612109532,IN23B024,
720575941612195402,,
720575941612197734,IN16B063,
720575941612203996,IN01A015,
720575941612251868,IN21A012,
720575941612284892,IN23B044,
720575941612316435,IN19B084,
720575941612317916,IN23B037,
720575941612326675,IN08B051,
720575941612345564,IN14A007,
720575941612367789,IN20A.22A076,
720575941612374236,INXXX239,
720575941612380234,,
720575941612386378,,
720575941612387914,,
720575941612400458,IN13B035,
720575941612408394,IN04B100,
720575941612410442,IN19A005,
720575941612411978,IN04B084,
720575941612417043,INXXX829_f,sex_specific
720575941612474086,IN01B041,
720575941612489369,IN13A042,
720575941612500889,IN03B071,
720575941612505574,IN02A050,
720575941612517529,IN04B091,
720575941612530073,IN17A085,
720575941612536809,IN13B057,
720575941612550377,IN09A039,
720575941612567273,IN00A033,
720575941612568985,IN08A048,
720575941612569833,IN02A059,dimorphic
720575941612574361,IN13A042,
720575941612579993,IN08A035,
720575941612590745,IN14A038,
720575941612592025,IN09B038,
720575941612595353,IN13A054,
720575941612598249,IN01B007,
720575941612598761,IN09B038,
720575941612599449,IN06A076,
720575941612606953,INXXX023,
720575941612609689,IN14A113,
720575941612610457,IN01A079,
720575941612611993,IN03B086,
720575941612612073,IN14A009,
720575941612619417,IN10B032,
720575941612622313,INXXX007,
720575941612636137,INXXX238,
720575941612636313,INXXX415,
720575941612638054,IN09A049,
720575941612641257,IN21A017,
720575941612643174,INXXX341,
720575941612672870,IN12B018,
720575941612695213,IN23B013,
720575941612696934,IN19B040,
720575941612790035,IN12B052,
720575941612799251,IN06A083,
720575941612816301,IN13B001,
720575941612940774,IN09A006,
720575941613028198,IN06A043,
720575941613029865,IN12B079,
720575941613105581,IN19A054,
720575941613190829,IN09A001,
720575941613215507,IN21A047,
720575941613232659,IN03A062,
720575941613233171,IN11B018,
720575941613236710,,
720575941613245459,IN08A037,
720575941613252627,IN13B019,
720575941613256211,IN12A054,
720575941613257491,IN21A093,
720575941613270425,IN04B081,
720575941613367260,IN06B047,
720575941613369363,IN09A071,
720575941613397267,IN03A037,
720575941613403100,IN17A033,
720575941613406483,IN23B070,
720575941613411548,IN20A.22A025,
720575941613412316,IN13B030,
720575941613420205,,
720575941613420646,IN00A009,
720575941613423277,,
720575941613426534,IN07B061,dimorphic
720575941613428956,IN17A052,
720575941613433308,IN13B044,
720575941613433564,IN19A032,
720575941613435868,IN03B032,
720575941613437916,IN08A022,
720575941613448668,IN09A002,
720575941613455068,IN07B074,
720575941613457628,IN02A062,
720575941613458093,,
720575941613458396,IN03A062,
720575941613458652,IN03A034,
720575941613461468,IN04B038,
720575941613625446,IN01B027,
720575941613848473,IN10B057,
720575941613990108,IN09A014,
720575941614247443,IN04B029,
720575941614254867,IN04B063,
720575941614257171,IN07B002,
720575941614260755,IN19A030,
720575941614265363,IN19B054,
720575941614265753,IN19A059,
720575941614266899,INXXX301,
720575941614268947,IN00A019,
720575941614272153,IN12B053,
720575941614273043,IN06B029,
720575941614273689,IN07B067,
720575941614275481,IN13B090,
720575941614282393,IN23B088,
720575941614290073,IN06A046,
720575941614291987,INXXX959_f,sex_specific
720575941614296339,IN02A042,
720575941614301593,IN16B065,
720575941614309139,INXXX938_f,sex_specific
720575941614314515,INXXX407,dimorphic
720575941614316819,IN06A106,
720575941614317075,INXXX276,
720575941614320025,IN12B052,
720575941614323865,IN05B043,
720575941614364057,IN23B018,
720575941614377881,IN13A068,
720575941614383769,IN13B068,
720575941614385817,IN17A113,
720575941614399964,IN18B054,
720575941614478489,IN09A046,
720575941614608915,IN18B051,
720575941614698709,IN00A057,
720575941614736341,IN07B055,
720575941614737877,IN07B081,
720575941614756821,IN03A010,
720575941614774997,IN14A052,
720575941614779605,IN06B043,
720575941614794197,IN14A056,
720575941614802389,IN06A075,
720575941614816725,IN03B086,
720575941614841045,IN10B042,
720575941614842069,INXXX902_f,sex_specific
720575941614846165,IN13B090,
720575941614850517,IN19A026,
720575941614874325,IN17A029,
720575941614877397,IN06A127,
720575941614878421,IN03B077,
720575941614889941,IN11A028,
720575941614891221,IN06A085,
720575941614904028,INXXX321,
720575941614919893,IN17A071,
720575941614920917,IN02A059,
720575941614958812,INXXX973_f,sex_specific
720575941615250073,INXXX269,
720575941615255193,INXXX836_f,sex_specific
720575941615255705,IN08B056,
720575941615255961,IN13B009,
720575941615262873,IN01A045,
720575941615267225,IN13B011,
720575941615284889,IN16B103,
720575941615292825,IN12B013,
720575941615294105,IN20A.22A017,
720575941615297945,INXXX421,dimorphic
720575941615299481,IN13A028,
720575941615300249,INXXX810_f,sex_specific
720575941615485459,INXXX426,
720575941615528661,IN05B051,
720575941615559955,INXXX888_f,sex_specific
720575941615579155,,
720575941615580691,,
720575941615581203,IN12B074,
720575941615584019,,
720575941615585043,,
720575941615586835,,
720575941615589395,,
720575941615611923,INXXX045,
720575941615613971,,
720575941615618323,IN00A018,
720575941616286105,,
720575941616329685,IN02A033,
720575941616402133,IN07B090,dimorphic
720575941616403925,IN01B022,
720575941616410325,IN11A007,
720575941616418261,IN13A020,
720575941616420053,IN07B076,
720575941616430549,IN01B027,
720575941616442837,IN04B110,
720575941616467669,IN09A047,
720575941616469461,IN12A043,
720575941616470937,INXXX179,dimorphic
720575941616497621,IN20A.22A047,
720575941616503449,IN08A002,
720575941616528085,IN01B046,
720575941616531157,IN06A113,
720575941616532437,IN19A065,
720575941616539093,INXXX258,dimorphic
720575941616556245,IN06A054,
720575941616557781,IN01A031,
720575941616572629,INXXX257,
720575941616577493,IN03A094,
720575941616580053,IN04B066,
720575941616611225,IN21A008,
720575941616678809,IN05B011,
720575941616698837,IN01B010,
720575941616840345,IN02A006,dimorphic
720575941616873589,,
720575941617069695,IN06A022,
720575941617078399,IN19A127,
720575941617169023,IN23B085,
720575941617170047,IN09A043,
720575941617190527,IN06B079,
720575941617237887,IN13A040,
720575941617239423,IN06A051,
720575941617250431,IN03A091,
720575941617257343,IN20A.22A039,
720575941617266047,IN08A032,
720575941617268351,IN13A038,
720575941617281151,IN09A078,
720575941617286271,IN01B044,
720575941617289855,IN02A033,
720575941617316991,IN16B074,
720575941617317503,IN13B076,
720575941617325695,IN04B044,
720575941617470079,IN21A045,
720575941617573589,IN21A047,
720575941617579477,IN13B009,
720575941617597653,IN03A077,
720575941617646805,IN03B060,
720575941617748476,IN19A004,
720575941617959893,IN09A031,
720575941618008447,IN19B067,
720575941618263253,IN12A024,dimorphic
720575941618299349,IN23B033,
720575941618373759,IN03A052,
720575941618406015,IN09A086,
720575941618421973,INXXX985_f,sex_specific
720575941618456703,IN06A072,
720575941618468309,IN09A055,
720575941618500821,IN08A002,
720575941618569343,IN21A052,
720575941618646485,,
720575941618658773,IN00A003,
720575941618664917,IN14A090,
720575941618674133,INXXX328,
720575941618681045,IN06B028,
720575941618688725,INXXX816_f,sex_specific
720575941618690517,INXXX004,
720575941618728661,IN01B023,
720575941618822527,IN09A092,
720575941618917759,IN20A.22A077,
720575941618919551,IN03A019,
720575941619071871,IN19B002,
720575941619598463,IN12B086,
720575941619865727,IN01B084,
720575941619869823,IN08A025,
720575941619873663,IN12A015,
720575941619878271,IN01A023,
720575941619888767,INXXX452,dimorphic
720575941619890047,IN02A030,
720575941619899263,INXXX326,dimorphic
720575941619902591,IN01A023,
720575941619903359,IN23B014,
720575941619903615,IN04B087,
720575941619905151,IN06B001,
720575941619906175,IN03B035,
720575941619906431,IN23B006,
720575941619924863,IN01A023,
720575941619926143,IN05B091,
720575941619962239,INXXX400,
720575941620242815,IN19A027,
720575941621077119,INXXX887_f,sex_specific
720575941621559548,IN20A.22A048,
720575941621586172,IN03B086,
720575941621616380,IN06A076,
720575941621625084,IN19A110,
720575941621629692,IN11A032,
720575941621630716,IN03B069,
720575941621634044,IN19A084,
720575941621643772,IN12B073,
720575941621652220,IN01A060,
720575941621675516,IN19A084,
720575941621685244,GFC3,
720575941621698300,IN18B052,
720575941621704700,INXXX112,
720575941621707516,IN19A064,
720575941621725180,IN06A075,
720575941621725692,IN14A026,
720575941621730300,IN04B094,
720575941621747964,IN04B110,
720575941621760508,INXXX280,
720575941621761276,IN20A.22A066,
720575941621780732,IN07B092,
720575941622226428,IN21A037,
720575941622228732,IN12B041,
720575941622232828,IN07B092,
720575941622236924,IN00A067,
720575941622793212,IN06A056,
720575941622802428,INXXX946_f,sex_specific
720575941622898172,IN04B027,
720575941622999498,IN09A073,
720575941623031242,IN11A025,
720575941623034058,IN04B071,
720575941623051978,IN12B047,
720575941623060938,IN13B036,
720575941623067338,IN11A030,
720575941623069386,IN19A050,
720575941623072970,IN13B051,
720575941623078602,IN08A036,
720575941623097290,IN12B039,
720575941623100618,IN03A065,
720575941623101898,IN21A044,
720575941623104458,IN08A040,
720575941623108298,IN13A013,
720575941623124426,IN01B080,
720575941623126474,IN03B089,
720575941623130314,IN14B004,
720575941623134154,IN20A.22A084,
720575941623139018,IN01B080,
720575941623146186,IN09A002,
720575941623154634,IN20A.22A049,
720575941623219914,IN07B102,
720575941623229386,INXXX397,
720575941623230666,IN06A109,
720575941623231740,IN10B050,
720575941623284332,INXXX267,dimorphic
720575941623284362,IN06A096,
720575941623301628,IN23B013,
720575941623303323,IN10B055,
720575941623307628,IN08B088,
720575941623311259,IN17A120,
720575941623314843,IN00A048,
720575941623317659,IN06A066,
720575941623320731,IN09A048,
720575941623326572,IN11B021,
720575941623328108,IN00A056,
720575941623329132,IN20A.22A007,
720575941623331739,IN06A087,
720575941623338139,IN11A016,
720575941623347099,IN11A028,
720575941623349659,IN04B037,
720575941623353499,IN00A060,
720575941623353755,IN03B058,
720575941623354267,IN08A023,
720575941623356268,IN14A078,
720575941623356810,INXXX395,dimorphic
720575941623357083,IN11A003,
720575941623361947,IN13A045,
720575941623362186,IN12B065,
720575941623365996,IN21A075,
720575941623369610,IN12B037,
720575941623372699,IN17A089,
720575941623380635,IN11B018,
720575941623383195,IN10B059,
720575941623385755,IN13A037,
720575941623388524,IN06A075,
720575941623388827,IN19A112,
720575941623392108,IN18B005,
720575941623396763,INXXX827_f,sex_specific
720575941623398508,IN19A085,
720575941623399788,IN11A031,
720575941623400300,IN11A020,
720575941623402860,IN06B017,
720575941623407212,IN20A.22A052,
720575941623408010,IN04B113,
720575941623411611,IN07B093,
720575941623412844,IN03A082,
720575941623434604,INXXX443,dimorphic
720575941623439754,IN17A108,
720575941623441290,INXXX829_f,sex_specific
720575941623442796,IN20A.22A086,
720575941623446154,IN08B037,
720575941623454875,IN20A.22A055,
720575941623455340,IN14A106,
720575941623457162,IN03B035,
720575941623475594,IN01B042,
720575941623476618,IN05B090,
720575941623486602,IN21A041,
720575941623496586,IN08A028,
720575941623524490,IN21A092,
720575941623557484,IN21A023,
720575941623817468,IN07B092,
720575941623945980,INXXX877_f,sex_specific
720575941623967740,INXXX204,
720575941623968411,IN10B041,
720575941623970971,IN20A.22A041,
720575941623972251,IN18B032,
720575941624090732,IN01A056,
720575941624093548,IN23B047,
720575941624130698,IN03A062,
720575941624131068,INXXX924_f,sex_specific
720575941624133628,INXXX840_f,sex_specific
720575941624168444,IN13A006,
720575941624178172,IN01B048,
720575941624179708,IN20A.22A071,
720575941624187900,INXXX411,dimorphic
720575941624192764,INXXX427,
720575941624198140,IN09B043,
720575941624205564,IN07B092,
720575941624207356,IN23B039,
720575941624207868,IN00A053,
720575941624222460,IN20A.22A074,
720575941624229628,INXXX147,
720575941624450506,IN16B016,
720575941624561772,IN03B064,
720575941624649371,INXXX822_f,sex_specific
720575941624650907,,
720575941624678538,IN20A.22A070,
720575941624764268,IN03B089,
720575941624825290,IN13A067,
720575941624839882,IN01A052,
720575941624840091,IN09A046,
720575941624840906,IN20A.22A055,
720575941624841418,IN08A027,
720575941624859338,IN08A036,
720575941624865482,IN13B063,
720575941624869019,IN21A060,
720575941624873724,IN07B061,dimorphic
720575941624877770,IN10B059,
720575941624881866,IN10B030,
720575941624915402,IN21A013,
720575941624924315,IN20A.22A030,
720575941624941258,IN21A037,
720575941624975306,IN14A005,
720575941624981962,INXXX225,dimorphic
720575941624982218,IN12B035,
720575941624983242,IN13B025,
720575941625028716,IN04B103,
720575941625029484,INXXX450,
720575941625056764,IN16B072,
720575941625078268,IN23B022,
720575941625095067,IN08B035,
720575941625102332,IN08B054,
720575941625121674,INXXX466,
720575941625147244,IN19A048,
720575941625162092,,
720575941625168010,IN07B012,
720575941625169802,IN06B052,
720575941625170314,IN06B066,
720575941625175660,IN21A011,
720575941625182572,IN06A068,
720575941625193354,IN06A100,
720575941625202796,IN01B052,
720575941625232778,IN07B100,
720575941625297546,,
720575941625307961,IN13B070,
720575941625319225,IN03B068,
720575941625321866,IN10B042,
720575941625322634,IN08A022,
720575941625326986,IN18B036,
720575941625328522,IN14A011,
720575941625333561,IN09A063,
720575941625340554,IN19A057,
720575941625342777,IN08A034,
720575941625347722,IN11B021,
720575941625369401,IN19A108,
720575941625372985,IN17B001,
720575941625384761,IN03A089,
720575941625387065,IN23B062,
720575941625387321,IN06A122,
720575941625389625,IN12B088,
720575941625404985,IN09A024,
720575941625430329,IN20A.22A073,
720575941625439033,,
720575941625442556,IN12B032,
720575941625453564,IN01B003,
720575941625460476,,
720575941625471996,IN08A024,
720575941625708187,IN21A017,
720575941625814218,,
720575941625868746,INXXX814_f,sex_specific
720575941625871562,IN20A.22A017,
720575941625878730,IN05B082,
720575941625881482,IN12B041,
720575941625884362,IN13A024,
720575941625885386,IN07B012,
720575941625889418,IN03A092,
720575941625896091,IN19A001,
720575941625907769,IN06B059,
720575941625916362,IN00A033,
720575941625921691,,
720575941625940891,IN06A117,
720575941625941147,INXXX149,dimorphic
720575941625942427,IN06A020,
720575941625957019,IN04B081,
720575941625958299,INXXX267,dimorphic
720575941625962139,IN04B084,
720575941625963419,IN04B006,
720575941625968539,IN07B100,
720575941626033516,INXXX896_f,sex_specific
720575941626040428,IN06A106,
720575941626041196,INXXX232,
720575941626043244,IN20A.22A019,
720575941626053740,INXXX228,dimorphic
720575941626059628,IN06B081,
720575941626062956,IN23B049,
720575941626065772,IN04B002,
720575941626158794,IN12B068,
720575941626196618,IN23B018,
720575941626223242,IN01B026,
720575941626235530,INXXX173,
720575941626237322,IN03B032,
720575941626241418,IN01A080,
720575941626243978,IN01A057,
720575941626254986,IN20A.22A010,
720575941626260874,IN04B056,
720575941626264202,IN01B019,
720575941626267786,IN19B003,
720575941626271626,IN27X005,
720575941626275466,IN13B055,
720575941626280330,INXXX167,
720575941626281866,IN09B055,
720575941626286474,IN17A072,
720575941626310858,,
720575941626476652,IN23B037,
720575941626611513,IN03A094,
720575941626624569,IN23B058,
720575941626692646,IN00A038,
720575941626734630,IN06A075,
720575941626753318,IN07B092,
720575941626772006,IN06A117,
720575941626775334,IN08B093,
720575941626785994,IN07B094,dimorphic
720575941626801190,IN08A030,
720575941626855462,IN03A030,
720575941626858278,IN01B042,
720575941626863654,IN13A047,
720575941626897958,IN04B102,
720575941626898726,IN06B063,
720575941626911882,IN03A084,
720575941626932774,IN01B067,
720575941626940710,IN06A096,
720575941626940966,IN04B062,
720575941626945830,IN00A030,
720575941626946342,IN19A069,
720575941626973990,IN03A081,
720575941626975782,IN06A022,
720575941626981019,IN09B046,
720575941626990118,IN01A079,
720575941626991910,IN09A020,
720575941627008806,IN20A.22A064,
720575941627017529,IN19A060,
720575941627032358,INXXX412,dimorphic
720575941627042506,IN14A081,
720575941627053350,IN09A070,
720575941627094073,,
720575941627095353,IN21A014,
720575941627107897,,
720575941627125817,IN16B018,
720575941627163449,INXXX845_f,sex_specific
720575941627218587,IN26X001,
720575941627237258,IN21A071,
720575941627243419,IN08A005,
720575941627256940,IN13B007,
720575941627272859,IN09A004,
720575941627288731,IN03A036,
720575941627315099,IN23B009,
720575941627315611,IN13B087,
720575941627332251,IN00A007,
720575941627459227,IN07B001,
720575941627463306,INXXX036,
720575941627522698,IN03A033,
720575941627542666,,
720575941627548042,,
720575941627549834,,
720575941627557996,,
720575941627561098,IN14A036,
720575941627611174,IN17A100,
720575941627612710,IN20A.22A044,
720575941627640889,IN02A065,
720575941627719818,IN14A001,
720575941627735846,IN01A025,
720575941627973433,IN04A002,
720575941627983161,IN16B042,
720575941627984697,IN26X003,
720575941627995705,IN01A038,
720575941627997753,IN05B017,
720575941628010553,vMS12,dimorphic
720575941628185894,IN01B090,
720575941628190502,IN06B053,
720575941628237350,IN04B074,
720575941628282918,IN01B028,
720575941628376290,IN20A.22A067,
720575941628377314,IN03B086,
720575941628378338,IN07B080,
720575941628388153,IN02A008,
720575941628426978,IN07B092,
720575941628442082,IN13B018,
720575941628471010,IN02A023,
720575941628483042,IN09A095,
720575941628501218,IN19A107,
720575941628554466,IN11B019,
720575941628578086,IN19A032,
720575941628583206,IN13B093,
720575941628587490,IN07B080,
720575941628591330,IN11B022,
720575941628592866,IN11A040,
720575941628601058,IN09A093,
720575941628602594,IN19B089,
720575941628603942,IN13B064,
720575941628604386,IN17A085,
720575941628607202,IN12A046,
720575941628617186,IN08A011,
720575941628620582,IN05B042,
720575941628622118,IN20A.22A071,
720575941628624166,IN01B022,
720575941628626146,IN13A063,
720575941628629218,IN14A007,
720575941628630054,IN00A040,
720575941628642274,IN23B028,
720575941628645346,IN13B058,
720575941628647138,IN20A.22A058,
720575941628684258,IN13A068,
720575941628690658,INXXX449,
720575941628690982,IN17A105,
720575941628692706,INXXX363,
720575941628707042,IN19A081,
720575941628730150,IN11A025,
720575941629110310,IN00A051,
720575941629120569,IN23B056,
720575941629128674,INXXX858_f,sex_specific
720575941629131490,IN17A074,
720575941629301740,IN20A.22A060,
720575941629303609,,
720575941629304633,,
720575941629304812,IN20A.22A043,
720575941629304889,,
720575941629310521,,
720575941629314540,IN20A.22A021,
720575941629322988,IN14A091,
720575941629325292,IN09A045,
720575941629338860,IN21A063,
720575941629340729,IN13B030,
720575941629348844,GFC3,
720575941629353196,IN09A087,
720575941629354220,IN01B043,
720575941629354476,IN12A059,
720575941629358316,IN09A033,
720575941629360953,IN12B011,
720575941629369145,IN05B011,
720575941629370604,IN14A040,
720575941629371116,IN08B054,
720575941629378028,INXXX956_f,sex_specific
720575941629383481,IN14A090,
720575941629389804,IN07B083,
720575941629390137,,
720575941629394233,IN00A025,
720575941629395948,IN09A046,
720575941629396716,IN03B087,
720575941629397996,IN08A043,
720575941629405164,IN14A059,
720575941629406265,IN03A024,
720575941629413356,IN07B081,
720575941629416428,IN13A001,
720575941629416684,IN16B121,
720575941629419756,IN03A067,
720575941629421292,IN12B033,
720575941629422572,IN13B098,
720575941629425132,IN04B111,
720575941629428460,IN06B073,
720575941629446892,IN16B101,
720575941629492460,IN20A.22A059,
720575941629647654,IN06A128,
720575941629706790,INXXX348,dimorphic
720575941629713958,IN10B038,
720575941629715170,IN10B040,
720575941629721894,IN13A012,
720575941629727270,IN03B066,
720575941629729062,INXXX986_f,sex_specific
720575941629731110,IN00A031,
720575941629771234,IN14A087,
720575941629775586,IN14A037,
720575941629906924,IN19A136,
720575941629935654,IN10B011,
720575941629967852,IN08A038,
720575941629970156,IN20A.22A089,
720575941630003426,IN03A016,
720575941630010338,IN07B075,
720575941630017506,IN01B025,
720575941630017762,IN14A015,
720575941630020646,IN05B022,
720575941630026210,INXXX948_f,sex_specific
720575941630066402,IN07B073,
720575941630111941,IN03B066,
720575941630128069,IN09A091,
720575941630131909,IN09A052,
720575941630133798,IN01A012,
720575941630149346,IN16B033,
720575941630174917,IN12B059,
720575941630175685,IN13A040,
720575941630180805,IN12B077,
720575941630254021,IN09A030,
720575941630289093,IN07B055,
720575941630292933,IN04B108,
720575941630296517,IN04B102,
720575941630301125,IN03B060,
720575941630302405,IN17A039,
720575941630319045,IN14A120,
720575941630326213,IN08A045,
720575941630330309,IN19A106,
720575941630514080,IN21A031,
720575941630549920,IN13B033,
720575941630556320,IN12B023,
720575941630577056,IN01B033,
720575941630605472,IN02A056,
720575941630615712,IN09A017,
720575941630620576,IN17A064,
720575941630622624,IN13B008,
720575941630650784,IN12A053,
720575941630658018,IN19A108,
720575941630661536,IN05B051,
720575941630677152,IN06A066,
720575941630684832,IN02A030,
720575941630715362,IN06A104,
720575941630748859,w-cHIN,
720575941630809531,IN20A.22A053,
720575941630812091,IN14A100,
720575941630822950,,
720575941630828987,IN19A085,
720575941630831008,IN13A049,
720575941630873531,IN13A071,
720575941630894523,IN05B066,dimorphic
720575941630894630,INXXX350,dimorphic
720575941630911419,IN16B052,
720575941630933947,IN11A035,
720575941630936251,IN03B089,
720575941630941222,INXXX228,dimorphic
720575941630945733,IN20A.22A086,
720575941630950331,IN05B090,
720575941630953403,IN23B043,
720575941630953659,IN12B035,
720575941630959035,IN12A054,
720575941630959803,IN11B022,
720575941630960876,IN13A056,
720575941630964962,IN19B068,dimorphic
720575941630972140,IN18B005,
720575941630973222,,
720575941630973883,IN03A073,
720575941630974651,IN19A111,
720575941630977250,,
720575941630984418,IN06A028,
720575941630984674,INXXX881_f,sex_specific
720575941630987963,IN09A074,
720575941630989794,IN14B011,
720575941630991074,INXXX287,
720575941630997474,IN03A078,
720575941630999010,IN20A.22A054,
720575941630999334,IN09A011,
720575941631001836,IN13B050,
720575941631004908,IN21A080,
720575941631005666,IN00A031,
720575941631010491,IN01B090,
720575941631014882,IN08A043,
720575941631017698,IN07B075,
720575941631066348,INXXX383,
720575941631082988,IN23B046,
720575941631102758,IN03B042,
720575941631137506,IN21A098,
720575941631157408,IN09A023,
720575941631291845,IN19A108,
720575941631436524,IN19A142,
720575941631436780,IN06B047,
720575941631437036,IN20A.22A041,
720575941631581154,INXXX336,
720575941631665634,IN02A060,
720575941631676642,IN09A093,
720575941631677932,IN07B029,
720575941631683042,IN21A011,
720575941631695340,IN14A008,
720575941631706053,IN10B032,
720575941631750597,IN19A096,
720575941631828165,IN03B055,
720575941631829701,IN17A111,
720575941631830469,IN03A020,
720575941631834053,IN23B039,
720575941631840965,IN11B021,
720575941631841477,IN06A081,
720575941631859397,IN12B070,
720575941631875525,IN04B102,
720575941631971525,INXXX436,
720575941631975621,IN12A036,
720575941632010988,IN23B020,
720575941632012485,IN12B036,
720575941632014060,IN03A059,
720575941632020204,IN03A069,
720575941632025580,IN02A035,
720575941632036076,IN14A016,dimorphic
720575941632044524,IN19A030,
720575941632048108,IN01A071,
720575941632049132,IN08B001,
720575941632058784,IN13B085,
720575941632063904,IN03A041,
720575941632068256,IN20A.22A084,
720575941632088992,IN23B066,
720575941632091589,IN13A023,
720575941632109794,,
720575941632126661,IN13A029,
720575941632145312,IN19A014,
720575941632150176,IN03B089,
720575941632304866,IN08B006,
720575941632317627,IN12B072,
720575941632322530,IN05B001,
720575941632331746,,
720575941632333026,,
720575941632339131,INXXX287,
720575941632349410,IN09B008,
720575941632418757,IN13A062,
720575941632561339,IN13B010,
720575941632571579,IN08A043,
720575941632572347,IN19A055,
720575941632578491,IN14B010,
720575941632582075,IN19A098,
720575941632582331,IN10B059,
720575941632614587,IN02A013,
720575941632671980,IN01A080,
720575941632673516,IN11B013,
720575941632675771,IN08B060,
720575941632684731,IN14A042,
720575941632695739,IN23B056,
720575941632714427,IN09A093,
720575941632722875,IN03B058,
720575941632764064,INXXX335,
720575941632824261,,
720575941632862917,IN19A081,
720575941632873669,INXXX873_f,sex_specific
720575941632874437,IN19A032,
720575941632890053,IN04B020,
720575941632890821,IN07B096,
720575941632895173,INXXX897_f,sex_specific
720575941632895685,IN20A.22A002,
720575941632896453,IN07B033,
720575941632897477,IN14A032,
720575941632901829,IN06B043,
720575941632918213,IN06A133,
720575941633034912,IN09A053,
720575941633067424,IN06B059,
720575941633071008,IN06A059,
720575941633087648,IN03A004,
720575941633088928,IN09A010,
720575941633092512,INXXX299,
720575941633104544,IN09A082,
720575941633105824,IN10B007,
720575941633107104,IN04B100,
720575941633108640,INXXX438,dimorphic
720575941633195205,IN09A084,
720575941633210565,IN19A090,
720575941633273580,INXXX184,
720575941633363692,IN19A006,
720575941633384428,,
720575941633493691,IN23B065,
720575941633520315,IN04B049,
720575941633535675,IN03A054,
720575941633542075,IN08A050,
720575941633556155,IN18B021,
720575941633557179,IN11A025,
720575941633557947,IN01B020,
720575941633562043,IN13A038,
720575941633562811,IN00A004,
720575941633566395,IN20A.22A019,
720575941633569467,IN07B074,
720575941633570235,IN08A032,
720575941633571259,INXXX231,
720575941633586363,IN20A.22A089,
720575941633610427,IN23B057,
720575941633618885,IN03B021,
720575941633899717,IN19B033,
720575941633998021,,
720575941634070432,IN18B016,
720575941634106016,,
720575941634107552,IN03B063,
720575941634247109,,
720575941634248133,IN19B012,
720575941634250400,,
720575941634265541,IN23B086,
720575941634394272,,
720575941634963131,INXXX994_f,sex_specific
720575941635087547,INXXX440,
720575941636263285,IN20A.22A074,
720575941636281205,IN08B051,
720575941636363637,IN05B085,
720575941636364917,IN10B028,
720575941636372085,IN14A052,
720575941636392565,IN11B003,
720575941636401013,IN06B059,
720575941636455029,IN03A066,
720575941636471413,IN01B070,
720575941636474229,IN10B032,
720575941636488565,IN07B055,
720575941636491893,IN13B035,
720575941636500341,IN09B048,
720575941636525685,INXXX399,dimorphic
720575941637721205,IN16B061,
720575941637780255,IN19A048,
720575941637795957,IN12A011,
720575941637800565,IN19A029,
720575941637812085,IN21A004,
720575941637812511,IN13B044,
720575941637840415,IN08A033,
720575941637873439,INXXX365,
720575941637874975,IN21A017,
720575941637882143,INXXX407,dimorphic
720575941637914911,IN06A059,
720575941637927711,IN06A124,
720575941637950239,IN11B016,
720575941637952543,IN20A.22A055,
720575941637954591,IN04B037,
720575941637957407,IN03A031,
720575941637958687,IN19B067,
720575941637979423,IN13A026,
720575941638172533,IN13A022,
720575941638178421,IN04B094,
720575941638189173,IN20A.22A028,
720575941638223989,IN12B056,
720575941638230901,IN04B036,
720575941638256757,,
720575941638307957,IN08A028,
720575941638323061,IN01B073,
720575941638329461,IN20A.22A077,
720575941638329973,IN13B036,
720575941638343797,IN04B039,
720575941638346357,IN02A044,
720575941638346613,IN03A039,
720575941638347125,IN03A057,
720575941638360181,INXXX876_f,sex_specific
720575941638366837,INXXX045,dimorphic
720575941638367605,IN01B086,
720575941638551327,INXXX436,
720575941638556703,INXXX418,dimorphic
720575941638680437,IN04B071,
720575941639039519,IN23B072,
720575941639286303,IN23B090,dimorphic
720575941639294581,INXXX881_f,sex_specific
720575941639303285,IN17A113,
720575941639327605,IN09B006,
720575941639329397,INXXX257,
720575941639340405,IN19B021,
720575941639341173,IN19B050,
720575941639347829,IN20A.22A008,
720575941639348341,INXXX348,dimorphic
720575941639358837,IN08B004,
720575941639365749,IN06B001,
720575941639371125,IN21A006,
720575941639376245,INXXX419,
720575941639451167,IN06A090,
720575941639451935,IN21A056,
720575941639469343,IN03B077,
720575941639478303,IN01A038,
720575941639481887,IN08A026,
720575941639483679,IN20A.22A043,
720575941639492383,IN21A061,
720575941639612372,,
720575941639651957,IN01A027,
720575941639889781,INXXX429,
720575941639907028,,
720575941640134261,IN01A039,
720575941640145439,IN07B094,
720575941640216693,IN06A107,
720575941640345717,IN19A027,
720575941640422175,INXXX331,
720575941640422943,IN17A046,
720575941640424223,INXXX907_f,sex_specific
720575941640435999,IN08B104,
720575941640440607,IN17A109,
720575941640443935,IN01A045,
720575941640451359,IN05B085,
720575941640466463,IN04B034,
720575941640497781,,
720575941640549237,,
720575941640554101,INXXX197,dimorphic
720575941640765029,IN19A071,
720575941640866661,IN14A042,
720575941640877157,IN04B104,
720575941640891493,IN13A032,
720575941640892517,IN21A063,
720575941640895589,IN03B037,
720575941640900453,IN06B019,
720575941640900965,IN12A063,
720575941640909157,IN07B067,
720575941640954981,IN04B027,
720575941640957029,IN08B087,
720575941640982629,IN01A065,
720575941641290015,IN08A017,
720575941641346591,IN21A009,
720575941641423442,IN08B070,
720575941641473874,IN03B069,
720575941641490258,dMS2,
720575941641492818,IN20A.22A087,
720575941641494866,IN13A039,
720575941641502546,IN08A036,
720575941641506386,IN08A045,
720575941641522514,IN16B079,
720575941641534565,IN09A027,
720575941641539941,IN03A045,
720575941641545554,IN20A.22A092,
720575941641548626,IN08B056,
720575941641574994,IN07B076,
720575941641581650,IN16B048,
720575941641604946,INXXX882_f,sex_specific
720575941641745183,,
720575941641849631,IN14A075,
720575941641971794,IN21A058,
720575941641982239,,
720575941641982495,,
720575941641983007,,
720575941641987103,,
720575941642011167,,
720575941642157650,IN21A028,
720575941642158418,IN03A088,
720575941642158930,IN11A032,
720575941642159186,IN01B059,
720575941642160466,INXXX416,dimorphic
720575941642161746,IN01B006,
720575941642166354,IN14B002,
720575941642221176,IN13A036,
720575941642229112,IN20A.22A084,
720575941642248735,IN12B024,
720575941642249592,IN09A084,
720575941642302840,IN20A.22A035,
720575941642305656,INXXX961_f,sex_specific
720575941642332536,IN01B083,
720575941642336120,IN20A.22A074,
720575941642353784,IN19A029,
720575941642367864,IN16B095,
720575941642369656,IN04B109,
720575941642369912,IN12B035,
720575941642370424,IN10B042,
720575941642371704,IN02A040,
720575941642372040,IN18B032,
720575941642396792,IN04B107,
720575941642406520,IN09A057,
720575941642406776,IN21A092,
720575941642411877,IN03A057,
720575941642412389,IN13A057,
720575941642416485,IN13A029,
720575941642425189,IN13B032,
720575941642429029,IN20A.22A039,
720575941642429640,IN03B015,
720575941642434504,IN12B037,
720575941642442085,IN10B059,
720575941642442913,IN14A050,
720575941642445925,IN03A082,
720575941642447521,IN23B067,
720575941642447973,IN17A113,
720575941642454885,IN19B045,
720575941642464613,IN01B095,
720575941642470264,IN19A102,
720575941642472865,IN19A117,
720575941642474952,IN14A038,
720575941642476961,IN19B066,dimorphic
720575941642478241,IN20A.22A044,
720575941642487752,IN16B041,
720575941642488993,IN03B019,
720575941642499429,IN10B057,
720575941642500296,IN21A095,
720575941642506952,IN13B082,
720575941642516385,INXXX826_f,sex_specific
720575941642522312,IN13A057,
720575941642528417,IN01A075,
720575941642530504,IN19B075,
720575941642536609,IN01A076,
720575941642542241,GFC2,
720575941642544584,IN00A035,
720575941642545825,IN20A.22A039,
720575941642546849,IN13A041,
720575941642554273,IN02A047,
720575941642558881,IN06A052,
720575941642560161,IN19A061,
720575941642567841,IN01B041,
720575941642568353,IN16B115,
720575941642569633,IN06A064,dimorphic
720575941642573000,IN09B047,
720575941642597064,IN19A087,
720575941642597970,IN01A062,
720575941642605000,IN09A026,
720575941642608072,IN13A065,
720575941642623137,IN19A100,
720575941642625697,INXXX460,
720575941642625953,INXXX437,dimorphic
720575941642632648,IN01B066,
720575941642634440,IN16B037,
720575941642634696,IN01A085,
720575941642638792,IN03B080,
720575941642639560,IN06A046,
720575941642641825,IN08A045,
720575941642650056,IN02A045,
720575941642657697,INXXX394,dimorphic
720575941642659272,IN04B074,
720575941642664865,IN01A061,
720575941642681761,INXXX884_f,sex_specific
720575941642688200,IN14A006,
720575941642692040,IN04B037,
720575941642700488,IN04B054,
720575941642832504,,
720575941642854501,INXXX192,dimorphic
720575941642936696,IN12A036,
720575941642956664,IN03A019,
720575941643002962,IN17A114,dimorphic
720575941643005778,IN17A119,
720575941643014994,IN01B026,
720575941643016530,IN04B074,
720575941643053394,IN01A025,
720575941643086162,IN19A088,
720575941643098706,IN00A033,
720575941643197601,INXXX295,
720575941643200673,IN19A005,
720575941643247560,INXXX810_f,sex_specific
720575941643390408,IN13B044,
720575941643427429,IN02A044,
720575941643429221,IN14A047,
720575941643430501,INXXX201,
720575941643446117,IN01B094,
720575941643446629,IN06A014,
720575941643465080,IN16B087,
720575941643468133,IN07B007,
720575941643468645,IN07B001,
720575941643469413,IN14A039,
720575941643474277,IN01A010,
720575941643474789,IN19A002,
720575941643778248,IN06B082,
720575941643791224,IN20A.22A092,
720575941643902072,IN12B022,
720575941643958904,IN13A005,
720575941643977848,IN04B061,
720575941644023160,INXXX940_f,sex_specific
720575941644060242,IN13B030,
720575941644069970,IN21A021,
720575941644070226,IN20A.22A002,
720575941644079698,IN06A028,
720575941644081490,IN06B008,
720575941644083026,IN14A014,
720575941644090273,INXXX213,
720575941644093266,IN13B058,
720575941644094625,IN12B077,
720575941644107425,IN13A055,
720575941644119201,IN06A018,
720575941644129953,IN23B070,
720575941644131489,INXXX332,
720575941644138401,IN06B035,
720575941644166049,IN03A073,
720575941644177569,INXXX319,
720575941644193992,IN09A080,
720575941644216008,IN03A067,
720575941644226248,IN08A007,
720575941644226760,IN06B080,
720575941644234696,IN03B060,
720575941644254625,IN01A068,
720575941644284360,IN07B044,
720575941644288456,IN12B022,
720575941644299464,INXXX302,dimorphic
720575941644324296,IN16B102,
720575941644347848,IN20A.22A033,
720575941644363109,INXXX315,
720575941644392786,IN05B066,dimorphic
720575941644491640,IN17A117,
720575941644503397,,
720575941644581989,IN04B100,
720575941644728677,,
720575941644729701,,
720575941644772178,IN08B082,
720575941644774305,IN04B020,
720575941644797266,IN11A034,
720575941644889208,IN01A062,
720575941644890232,INXXX143,
720575941644894328,IN21A018,
720575941644897144,IN21A020,
720575941644897912,IN20A.22A070,
720575941644899192,IN13A018,
720575941644900472,IN07B030,
720575941644907384,IN01B024,
720575941644908408,IN17A011,
720575941644912504,IN07B061,dimorphic
720575941644939976,IN09A012,
720575941645048993,IN13A001,
720575941645063329,IN26X001,
720575941645073057,INXXX054,
720575941645076385,INXXX975_f,sex_specific
720575941645090209,IN23B074,
720575941645093281,IN06A083,
720575941645095585,IN06B035,
720575941645096865,IN10B003,
720575941645098401,IN06B083,
720575941645099425,IN09A007,
720575941645100664,IN12A061,
720575941645105234,IN03A037,
720575941645114273,IN13B001,
720575941645114785,IN19B062,
720575941645147848,IN13A008,
720575941645207496,IN23B037,
720575941645236936,IN03A084,
720575941645238728,IN19A098,
720575941645242312,INXXX303,dimorphic
720575941645255880,IN04B086,
720575941645259464,IN14A023,
720575941645261000,IN04B027,
720575941645261768,IN18B035,
720575941645263816,IN04B103,
720575941645265784,IN16B067,
720575941645269704,IN01A022,
720575941645277384,IN14A076,
720575941645283784,IN13A012,
720575941645310152,IN20A.22A074,
720575941645312200,INXXX982_f,sex_specific
720575941645315528,IN18B027,
720575941645321672,INXXX258,dimorphic
720575941645322440,IN17A025,
720575941645326280,IN00A001,
720575941645350226,IN05B032,
720575941645425490,,
720575941645427794,,
720575941645428818,IN03A020,
720575941645442898,IN09B008,
720575941645457746,IN23B040,
720575941645465682,IN01A045,
720575941646000760,,
720575941646095480,IN12B025,
720575941646112120,IN13B082,
720575941646205089,IN13B073,
720575941646255777,IN12B087,
720575941646275448,,
720575941646306721,,
720575941646307528,IN19B080,
720575941646310008,IN03B077,
720575941646321057,IN03A034,
720575941646336376,IN18B055,dimorphic
720575941646337480,IN13B004,
720575941646339960,IN00A024,
720575941646349944,IN03A003,
720575941646657736,,
720575941646668488,IN21A002,
720575941646686625,IN12B024,
720575941649131285,IN20A.22A021,
720575941649136661,IN23B023,
720575941649159189,IN12B070,
720575941649178389,INXXX886_f,sex_specific
720575941649191189,IN23B064,
720575941649201685,IN13B060,
720575941649209365,IN20A.22A065,
720575941649214997,IN06B079,
720575941649232405,IN12B030,
720575941649233173,IN21A083,
720575941649242133,IN03A017,
720575941649244437,IN06B042,
720575941649244949,IN12A054,
720575941649246741,IN19A007,
720575941649267733,IN13B068,
720575941649726705,IN14A015,
720575941649738993,IN01A050,
720575941649741809,IN20A.22A045,
720575941649760241,IN08B070,
720575941649795057,IN19A016,
720575941649801457,IN13B056,
720575941649830641,IN04B063,
720575941649854705,IN12B036,
720575941649855985,IN01B026,
720575941649856497,IN07B066,
720575941649866261,IN01B097,
720575941649882389,IN20A.22A070,
720575941649885937,IN09B050,
720575941649894897,IN16B082,
720575941649926129,IN14A109,
720575941649938417,IN07B087,
720575941649966577,IN12B024,
720575941650403861,IN13B025,
720575941650578193,IN08B075,
720575941650593553,IN06A059,
720575941650601745,IN20A.22A048,
720575941650613233,IN19A098,
720575941650638609,IN16B033,
720575941650640913,INXXX973_f,sex_specific
720575941650693905,IN03B060,
720575941650696977,IN03B059,
720575941650706449,IN03B074,
720575941650729233,IN20A.22A067,
720575941650731025,IN05B066,dimorphic
720575941650742289,IN01B023,
720575941650747669,INXXX856_f,sex_specific
720575941650749201,IN23B039,
720575941650753297,IN11A034,
720575941650755601,IN19B084,
720575941650775313,IN11A028,
720575941650783249,IN19B057,
720575941650798609,IN08A011,
720575941650799377,IN08A039,
720575941650802449,IN19A062,
720575941650806033,IN11B018,
720575941650814737,IN01B091,
720575941650820629,IN10B057,
720575941650821141,INXXX283,dimorphic
720575941650822161,IN01A047,
720575941650824209,IN13A050,
720575941650844437,IN12B068,
720575941650848529,IN08A043,
720575941650904085,IN20A.22A042,
720575941651035633,IN14A086,
720575941651217393,INXXX415,
720575941651402993,IN21A078,
720575941651500561,IN16B111,
720575941651507217,IN03A039,
720575941651536113,IN16B061,
720575941651548401,IN19A101,
720575941651554033,IN08A028,
720575941651596561,IN12A021,dimorphic
720575941651598577,IN08A024,
720575941651618545,IN06B073,
720575941651625457,INXXX083,
720575941651642645,INXXX352,dimorphic
720575941651649009,IN20A.22A090,
720575941651777777,IN01B037,
720575941651811093,INXXX089,
720575941651838449,IN13A060,
720575941651840789,IN01B062,
720575941651847189,IN07B048,
720575941651848725,IN11A017,
720575941651851797,INXXX142,
720575941651861269,IN19B087,
720575941651867669,IN16B060,
720575941652030481,IN01B070,
720575941652034521,IN19A117,
720575941652038421,IN18B041,
720575941652057305,IN08A030,
720575941652059353,IN21A037,
720575941652151569,IN06A129,
720575941652162833,IN04B105,
720575941652174297,IN14A080,
720575941652191961,IN03B086,
720575941652194777,INXXX838_f,sex_specific
720575941652200921,IN14A101,
720575941652216597,IN13B098,
720575941652252889,IN12B041,
720575941652253169,INXXX230,
720575941652254425,IN09A020,
720575941652311513,IN21A023,
720575941652314841,IN03B074,
720575941652315865,IN12B037,
720575941652323289,IN08B068,
720575941652324825,IN06A116,
720575941652326361,IN21A059,
720575941652506353,IN23B005,
720575941652511473,IN13A014,
720575941652516113,IN03A061,
720575941652536593,IN19B067,
720575941652537361,IN03B035,
720575941652542961,IN01B090,
720575941652544021,IN02A029,
720575941652545521,IN16B016,
720575941652546033,IN17A041,
720575941652546837,IN02A029,
720575941652547601,IN04B015,
720575941652558577,IN09B043,
720575941652566769,INXXX912_f,sex_specific
720575941652567281,IN20A.22A004,
720575941652569585,IN16B113,
720575941652574193,IN08A022,
720575941652626193,IN08A002,
720575941652640273,IN20A.22A003,
720575941652647185,IN03B008,
720575941652652561,IN19B057,
720575941652675345,IN16B097,
720575941652733681,IN07B013,
720575941652738516,IN07B098,
720575941652751572,IN07B098,
720575941652771540,INXXX261,
720575941652774100,IN05B089,
720575941652781524,IN06A082,
720575941652789204,IN00A025,
720575941652795092,IN20A.22A053,
720575941652830481,IN03B092,
720575941652841940,IN17A119,
720575941652850900,IN12B057,
720575941652863956,IN14A030,
720575941652872404,IN19B103,
720575941652873684,IN01B078,
720575941652877012,IN01B090,
720575941652880084,IN19A096,
720575941652885972,IN10B044,
720575941652888276,IN01B096,
720575941652894169,IN07B098,
720575941652900564,IN14A023,
720575941652912340,IN19A091,
720575941652915924,IN02A028,
720575941652916692,IN09A057,
720575941652987860,IN21A042,
720575941652995033,INXXX271,dimorphic
720575941653191153,IN03A071,
720575941653220881,IN01B039,
720575941653228049,IN19B091,
720575941653238549,,
720575941653241877,,
720575941653341717,INXXX448,
720575941653398805,,
720575941653400085,,
720575941653472785,IN02A018,
720575941653507801,IN06A094,
720575941653521169,IN06B083,
720575941653542673,INXXX440,
720575941653562385,INXXX188,dimorphic
720575941653563153,IN27X014,
720575941653578769,INXXX350,dimorphic
720575941653734385,IN01A036,
720575941653755121,IN19A099,
720575941653772273,,
720575941653899505,IN04B001,
720575941653910489,IN19A093,
720575941653917169,IN01B074,
720575941653923057,IN23B007,
720575941653928465,IN04B041,
720575941653961689,IN16B100,
720575941653990361,IN02A036,
720575941653995481,IN21A002,
720575941654036185,INXXX440,
720575941654054105,IN16B086,
720575941654083284,IN06A093,
720575941654225425,IN04B107,
720575941654248721,IN21A049,
720575941654362836,IN06B028,
720575941654367444,IN06B066,
720575941654374100,IN21A056,
720575941654384596,IN20A.22A009,
720575941654397140,IN01A067,
720575941654407636,IN14A099,
720575941654408404,IN12B075,
720575941654538196,,
720575941654539732,IN04B096,
720575941654541780,IN12A007,
720575941654585044,IN04B022,
720575941654589201,,
720575941654592985,IN11B001,
720575941654761489,IN17A079,
720575941654880529,IN09A031,
720575941654902545,IN13A060,
720575941654904849,IN16B055,
720575941654939865,IN05B019,
720575941654941913,IN16B042,
720575941654951385,IN14A058,
720575941654951897,IN02A029,
720575941654960601,IN17A085,
720575941654964697,IN20A.22A037,
720575941654965977,,
720575941654967257,IN18B018,
720575941654976985,INXXX197,dimorphic
720575941654978777,INXXX960_f,sex_specific
720575941654980569,IN11A003,
720575941654985945,IN03A003,
720575941654986969,IN07B022,
720575941654989017,IN09A031,
720575941654993625,INXXX352,dimorphic
720575941654995673,IN23B009,
720575941655221521,,
720575941655223313,INXXX029,
720575941655469012,IN04B075,
720575941655476692,IN06A113,
720575941655477716,IN06B053,
720575941655495124,IN14A005,
720575941655496148,IN12B027,
720575941655503828,IN14A002,
720575941655506644,IN07B006,
720575941655518420,,
720575941655526868,IN16B033,
720575941655530964,IN12B007,
720575941655569625,IN19A017,
720575941655800088,IN13B037,
720575941655807188,INXXX035,
720575941655819476,IN23B065,
720575941655827480,IN03B086,
720575941655827736,IN02A015,
720575941655831576,IN13B081,
720575941655844888,IN08A029,
720575941655856152,IN12B024,
720575941655858968,IN08B093,
720575941655860504,IN03B070,
720575941655864088,IN16B101,
720575941655866392,IN06B021,
720575941655866648,IN21A063,
720575941655868440,IN20A.22A036,
720575941655868696,IN12B053,
720575941655873304,IN13A060,
720575941655874328,IN09A085,
720575941655876632,IN08A036,
720575941655877400,IN14B005,
720575941655880728,IN14A078,
720575941655882776,IN08A036,
720575941655883288,IN19A081,
720575941655891992,IN01B095,
720575941655896344,IN20A.22A051,
720575941656068688,IN16B125,
720575941656100176,IN04B081,
720575941656124752,INXXX882_f,sex_specific
720575941656137808,IN12A003,
720575941656140880,IN20A.22A053,
720575941656146905,IN10B012,
720575941656148560,IN06B080,
720575941656173273,,
720575941656179929,,
720575941656205904,IN06B056,
720575941656219216,IN23B086,
720575941656224848,IN07B044,
720575941656236112,IN19B090,
720575941656239440,IN12A061,
720575941656251984,IN12B034,
720575941656252752,IN11B020,
720575941656256336,IN14A086,
720575941656270672,IN08A038,
720575941656277072,IN05B089,
720575941656289360,IN19A089,
720575941656297808,IN08A034,
720575941656304976,IN21A081,
720575941656312281,,
720575941656312537,IN20A.22A030,
720575941656324313,,
720575941656327504,INXXX965_f,sex_specific
720575941656332112,INXXX920_f,sex_specific
720575941656498388,IN08B030,
720575941656527128,IN11B009,
720575941656535576,GFC4,
720575941656666068,IN07B032,
720575941656691412,IN18B014,
720575941656894164,IN09B038,
720575941656978256,IN20A.22A036,
720575941657165592,IN05B070,
720575941657205972,,
720575941657329488,IN14A067,
720575941657356624,IN19A060,
720575941657502288,IN23B023,
720575941657510992,IN17A033,
720575941657552464,IN13B087,
720575941657556816,IN13B026,
720575941657606168,IN04B036,
720575941657607960,IN13A049,
720575941657621272,IN08B083,
720575941657623576,IN18B008,
720575941657653528,IN09A042,
720575941657700120,IN14A041,
720575941657702936,IN23B091,
720575941657718552,IN07B026,
720575941657720600,IN03A014,
720575941657730328,IN16B020,
720575941657879632,IN03A041,
720575941657931088,IN01A054,
720575941657954072,IN21A023,
720575941657975064,IN23B091,
720575941657988688,IN01B074,
720575941657998416,IN04B033,
720575941658005840,IN13B074,
720575941658018384,IN10B014,
720575941658415896,IN03B052,
720575941658602520,IN07B033,
720575941658602776,IN09A028,
720575941658612760,IN20A.22A090,
720575941658619928,IN19A014,
720575941658632216,IN11A003,
720575941658633752,IN12B044,
720575941658642968,INXXX179,dimorphic
720575941658706512,,
720575941658884176,IN01B017,
720575941658890064,IN04B057,
720575941658899024,,
720575941658900304,IN09B038,
720575941658910032,INXXX038,
720575941658925392,IN03A045,
720575941658928976,IN01A054,
720575941658930000,INXXX346,dimorphic
720575941658932816,IN09A016,
720575941658937424,IN14A002,
720575941658938704,IN01B017,
720575941658940240,INXXX269,
720575941658941008,IN20A.22A069,
720575941658944336,INXXX258,dimorphic
720575941659328848,IN21A072,
720575941659665232,IN17B008,
720575941659675704,IN03B072,
720575941659678264,IN06B056,
720575941659696184,IN06A019,
720575941659731512,IN10B038,
720575941659735096,IN14A034,
720575941659762744,INXXX823_f,sex_specific
720575941659770680,IN03A063,
720575941659795000,IN06B063,
720575941659805240,IN14A056,
720575941659821880,INXXX290,dimorphic
720575941659827512,IN20A.22A043,
720575941660130584,,
720575941660141080,,
720575941660151576,IN07B016,
720575941660155160,IN08A007,
720575941660282168,IN08A034,
720575941660353592,IN16B045,
720575941660505680,,
720575941660516688,IN08A036,
720575941660742268,IN13B070,
720575941660753276,IN03A052,
720575941660767100,IN23B066,
720575941660771708,IN03A060,
720575941660806268,IN20A.22A036,
720575941660807292,IN13B078,
720575941660807548,IN19A069,
720575941660817020,IN19A072,
720575941660829052,IN20A.22A090,
720575941660831356,IN01B036,
720575941660837244,IN13B087,
720575941660856956,IN06A090,
720575941660857212,IN01A070,
720575941660859004,IN12B013,
720575941660889724,IN26X003,
720575941660893308,IN06A063,
720575941660911740,INXXX441,
720575941661289016,INXXX213,
720575941661294648,IN04B101,
720575941661300792,IN20A.22A001,
720575941661306168,IN03B091,
720575941661308472,IN03B067,
720575941661314104,IN19A101,
720575941661314616,IN19B068,dimorphic
720575941661384248,IN07B059,
720575941661390972,IN17A044,
720575941661411128,,
720575941661416060,INXXX397,
720575941661420412,IN08B065,
720575941661452344,IN01B056,
720575941661454904,IN21A023,
720575941661455160,IN04B084,
720575941661467192,IN00A066,
720575941661487928,IN02A054,
720575941661507708,IN20A.22A048,
720575941661957244,IN01B083,
720575941662017660,IN20A.22A015,
720575941662037816,IN10B030,
720575941662295352,IN18B035,
720575941662296120,,
720575941662345528,INXXX421,dimorphic
720575941662348344,IN06A006,
720575941662349112,INXXX405,
720575941662357048,IN10B007,
720575941662369592,IN13B009,
720575941662374968,IN19B027,
720575941662376248,IN20A.22A056,
720575941662382392,INXXX452,dimorphic
720575941662385976,INXXX031,
720575941662388280,IN19B004,
720575941662389816,IN14A110,
720575941662391352,IN06B078,
720575941662391608,INXXX329,
720575941662392888,IN10B014,
720575941662394936,IN06A106,
720575941662449020,IN08B051,
720575941662450044,IN04B074,
720575941662483068,IN12B059,
720575941662537596,,
720575941662541692,IN23B046,
720575941662648120,INXXX958_f,sex_specific
720575941662694712,IN12B002,
720575941662694968,IN12B044,
720575941663099516,IN07B031,
720575941663099960,IN23B077,
720575941663119996,IN03A068,
720575941663137404,IN21A014,
720575941663467900,IN14A007,
720575941663471228,IN09B045,
720575941663471996,IN09A047,
720575941663483516,IN13B090,
720575941663489404,IN17A086,
720575941663490940,IN01B024,
720575941663492476,IN01A012,
720575941663495548,IN21A011,
720575941663495804,IN12A002,
720575941663497340,INXXX212,
720575941663497852,INXXX114,
720575941663500924,IN26X001,
720575941663814968,IN12B037,
720575941663868472,,
720575941664398716,IN12B066,
720575941664418684,IN23B007,
720575941664791420,,
720575941665246707,IN10B042,
720575941665356787,IN13B033,
720575941665387763,IN19A022,
720575941665418483,IN03B071,
720575941665441523,IN12A061,
720575941665455347,IN12A063,
720575941665474803,IN13B063,
720575941665485299,IN23B028,
720575941665486067,IN06B079,
720575941665489139,IN13B075,
720575941665495539,IN00A059,
720575941665510899,IN03A062,
720575941665520371,IN17A064,
720575941665521907,IN19A080,
720575941665522419,IN12A018,
720575941665541363,IN20A.22A055,
720575941665546739,IN14A096,
720575941665583347,IN01B065,
720575941665585139,IN13A068,
720575941665587187,INXXX446,dimorphic
720575941665603059,IN06A097,
720575941665605363,IN02A044,
720575941665606387,IN01B101,
720575941666130675,IN19B091,
720575941666237683,IN23B014,
720575941666786291,IN01B040,
720575941666790899,IN01B080,
720575941666793459,IN01B095,
720575941666793715,IN00A024,
720575941666985905,INXXX958_f,sex_specific
720575941666996145,IN04B075,
720575941667012529,IN00A061,
720575941667079857,IN17A061,
720575941667086001,IN06A065,
720575941667119025,IN20A.22A067,
720575941667123121,IN11A024,
720575941667129521,IN23B085,
720575941667138225,IN16B045,
720575941667142833,IN12B088,
720575941667143601,IN11B016,
720575941667145649,IN13B046,
720575941667146417,IN17A049,
720575941667159473,IN01B080,
720575941667159985,IN01B086,
720575941667164081,IN12A035,
720575941667167409,IN16B055,
720575941667167921,IN02A058,
720575941667177393,IN01B031,
720575941667189169,IN04B068,
720575941667196593,IN14A082,
720575941667207601,INXXX446,dimorphic
720575941667214257,IN10B050,
720575941667224753,IN06A071,
720575941667236273,IN19A088,
720575941667236785,IN19A064,
720575941667238131,IN03A058,
720575941667247025,INXXX879_f,sex_specific
720575941667249585,IN03A050,
720575941667250609,IN03B083,
720575941667251699,INXXX972_f,sex_specific
720575941667254259,IN01A065,
720575941667257009,IN01B081,
720575941667258545,IN04B112,
720575941667258801,INXXX287,
720575941667262897,IN06A119,dimorphic
720575941667311603,IN06A101,
720575941667320051,IN13B080,
720575941667358963,IN04B043,
720575941667371507,IN19A056,
720575941667381235,INXXX443,dimorphic
720575941667445235,IN03A060,
720575941667446259,IN06A101,
720575941668251313,IN06A091,
720575941668263411,IN19A041,
720575941668275121,IN09A025,
720575941668283635,IN09A078,
720575941668285171,IN17A057,
720575941668287987,IN18B006,
720575941668293619,IN14A109,
720575941668297203,INXXX446,dimorphic
720575941668315379,INXXX446,dimorphic
720575941668315891,INXXX467,
720575941668318963,IN01A066,
720575941668319475,IN06A136,
720575941668340467,IN12B088,
720575941668347123,IN16B045,
720575941668446385,IN19A013,
720575941668490151,IN09A020,
720575941668555687,IN05B092,
720575941668567207,IN09B047,
720575941668583335,IN20A.22A065,
720575941668597415,IN20A.22A003,
720575941668600487,IN01B027,
720575941668602535,IN16B056,
720575941668606119,IN04B103,
720575941668606375,IN16B062,
720575941668619431,IN00A048,
720575941668666023,IN12B077,
720575941668670631,IN19A015,
720575941668675495,IN20A.22A089,
720575941668676007,IN01A085,
720575941668682407,IN19A093,
720575941668688039,IN16B038,
720575941668690855,IN20A.22A063,
720575941668693927,IN13B053,
720575941668716465,IN14A037,
720575941668725169,IN06B042,
720575941668731815,IN20A.22A090,
720575941668738471,IN19A060,
720575941668772785,IN03A040,
720575941668848817,IN13B055,
720575941668852657,IN04B074,
720575941668869363,IN11A019,
720575941668869553,INXXX199,
720575941669049587,IN19B043,
720575941669069043,LBL40,
720575941669104883,IN07B014,
720575941669107187,LBL40,
720575941669254311,IN07B079,
720575941669260711,IN09A079,
720575941669504755,IN13B007,
720575941669514227,IN23B017,
720575941669592051,INXXX173,
720575941669694963,INXXX181,dimorphic
720575941669736947,IN09A007,
720575941669747955,INXXX845_f,sex_specific
720575941669778353,IN14A012,
720575941669779121,INXXX066,
720575941669792689,IN14A011,
720575941669799601,IN20A.22A007,
720575941669803953,IN03B025,
720575941669813937,IN20A.22A024,
720575941669817009,INXXX954_f,sex_specific
720575941669822129,IN03B021,
720575941669827505,IN07B038,
720575941669828017,IN09B022,
720575941669828273,IN13A026,
720575941669830065,IN19B081,
720575941669833905,IN17A001,
720575941669841073,IN01B042,
720575941669856689,IN01A025,
720575941669866161,IN10B006,
720575941669866417,IN16B032,
720575941669875121,,
720575941669877425,IN18B044,
720575941669893041,IN23B012,dimorphic
720575941670439591,INXXX405,
720575941670445479,IN06B074,
720575941670447527,IN03A045,
720575941670491815,IN16B042,
720575941670496679,IN01A056,
720575941670499495,IN23B089,
720575941670504103,IN10B041,
720575941670543783,IN01B007,
720575941670568871,INXXX188,dimorphic
720575941670572465,IN02A029,
720575941670585767,IN16B099,
720575941670593703,IN21A004,
720575941670647719,IN17A007,
720575941670676135,IN11A001,
720575941670835623,IN19A088,
720575941671081639,INXXX808_f,sex_specific
720575941671084967,IN19B045,
720575941671138727,IN13A013,
720575941671200689,,
720575941671208369,,
720575941671214513,,
720575941671226801,,
720575941671231153,,
720575941671232689,,
720575941671255473,,
720575941671280561,IN05B003,
720575941671280817,IN16B020,
720575941671415719,IN20A.22A030,
720575941671416231,IN03B037,
720575941671416487,IN06A114,
720575941671417511,INXXX247,
720575941671430311,IN17A019,
720575941671435687,IN14A047,
720575941671438759,IN06A063,
720575941671443623,IN07B002,
720575941672023207,IN14A038,
720575941672628391,IN01B006,
720575941672671143,IN23B018,
720575941672770471,IN03A051,
720575941672785831,,
720575941673784472,IN09A086,
720575941678341309,IN03A076,
720575941678358973,w-cHIN,
720575941678420925,IN00A054,
720575941678424253,IN13A024,
720575941678510525,IN20A.22A043,
720575941678517181,IN11A005,
720575941678519997,IN06B080,
720575941678521021,IN06A086,
720575941678523069,IN02A041,
720575941678533309,IN19A015,
720575941678538173,IN10B050,
720575941678541245,IN01A063,
720575941678543805,IN12B034,
720575941678544829,IN06A067,
720575941678559677,IN20A.22A092,
720575941678564541,INXXX397,
720575941678577341,IN16B108,
720575941678583229,IN01A061,
720575941679002301,IN14A111,
720575941679003069,IN14A091,
720575941679003581,IN06A059,
720575941679006653,IN08A041,
720575941679007677,IN14A085,
720575941679008445,IN06B029,
720575941679016893,IN21A032,
720575941679017405,IN11B016,
720575941679218109,IN01B050,
720575941679685309,IN03A037,
720575941679685565,IN13B022,
720575941680033213,IN11B017,
720575941680035261,IN19A052,
720575941680040381,IN20A.22A078,
720575941680066749,IN19A121,dimorphic
720575941680083389,IN20A.22A021,
720575941680083901,IN01A070,
720575941680101053,IN19A121,dimorphic
720575941680154045,INXXX231,
720575941680340157,IN03B058,
720575941680809917,IN13A006,
720575941681003965,IN23B009,
720575941681019581,INXXX231,
720575941681983421,IN12B074,
720575941682188477,,
720575941682269885,IN23B031,
720575941682378173,,
720575941682387133,,
720575941682394813,INXXX436,
720575941682396861,INXXX417,
720575941682431677,,
720575941684686319,IN12B061,
720575941684706543,IN06A116,
720575941684748271,IN17A082,
720575941684766703,IN08A050,
720575941684783599,IN23B064,
720575941684802287,IN13A056,
720575941684842479,IN14A118,
720575941684863727,IN19A085,
720575941684876527,IN12A063,
720575941684892655,IN16B042,
720575941684900335,IN12B023,
720575941684913391,IN14A052,
720575941684919535,IN03B092,
720575941684921583,IN23B032,
720575941684928239,IN20A.22A006,
720575941684940271,IN18B052,
720575941684940783,IN09A022,
720575941684942575,IN20A.22A066,
720575941684990447,IN12A050,
720575941684992751,IN06A077,
720575941684998383,IN04B074,
720575941685010159,IN02A066,
720575941685023727,IN16B109,
720575941685049071,IN02A063,
720575941685621004,IN08B052,
720575941685689839,INXXX159,dimorphic
720575941685690124,IN01B090,
720575941685690380,IN12B047,
720575941685702924,IN21A074,
720575941685705740,IN20A.22A049,
720575941685707276,IN13A018,
720575941685707788,IN06B066,
720575941685711116,IN20A.22A089,
720575941685747212,IN11B020,
720575941685775116,IN12A035,
720575941685776652,IN13B078,
720575941685783564,IN07B099,
720575941685789196,IN09A034,
720575941685796726,IN13B076,
720575941685803126,IN19A086,
720575941685950326,IN06B087,
720575941685958774,IN19A041,
720575941685972086,IN21A087,
720575941685980278,IN08B083,
720575941685991542,IN20A.22A067,
720575941685998454,IN21A047,
720575941686037878,IN06B040,
720575941686043254,IN14A038,
720575941686059638,IN14A114,
720575941686060662,IN09A080,
720575941686077814,IN04B105,
720575941686090614,IN16B107,
720575941686091894,IN03A068,
720575941686342127,,
720575941686473996,IN11A027,
720575941686474764,IN13A068,
720575941686545903,IN04B029,
720575941686808950,IN14A038,
720575941686831087,IN13A022,
720575941686853871,IN23B064,
720575941686858735,IN16B092,
720575941686869743,INXXX382,dimorphic
720575941686910191,IN14A004,
720575941686961647,,
720575941686963439,INXXX283,dimorphic
720575941686965999,IN23B047,
720575941686985199,INXXX446,dimorphic
720575941687006703,IN07B090,dimorphic
720575941687026415,IN20A.22A062,
720575941687104012,IN23B056,
720575941687328495,IN14A119,
720575941687349878,IN19A073,
720575941687355766,IN20A.22A019,
720575941687440140,IN08A032,
720575941687454988,IN09A043,
720575941687455244,INXXX321,
720575941687463948,IN20A.22A046,
720575941687468812,IN19A058,
720575941687524079,IN09A063,
720575941687525388,IN13B027,
720575941687527436,IN08B054,
720575941687535372,IN20A.22A067,
720575941687552268,IN00A011,
720575941687559030,IN09A060,
720575941687565942,IN00A062,
720575941687566710,IN06B056,
720575941687572492,IN11B016,
720575941687578607,IN06A117,dimorphic
720575941687599478,INXXX396,
720575941687599990,IN06B086,
720575941687601782,IN08B082,
720575941687647862,IN20A.22A078,
720575941687658252,IN03A070,
720575941687660556,IN14A121,
720575941687690614,IN20A.22A051,
720575941687691020,IN06A101,
720575941687691638,INXXX443,dimorphic
720575941687696758,IN03B079,
720575941687698550,INXXX230,
720575941687832539,IN13B074,
720575941687834331,IN03B065,
720575941687853019,IN03B071,
720575941687863515,IN03B072,
720575941687869915,INXXX443,dimorphic
720575941687875035,IN12B062,
720575941687877359,IN03B031,
720575941687879919,INXXX427,
720575941687886831,IN21A093,
720575941687889391,IN05B085,
720575941687896047,INXXX416,dimorphic
720575941687899611,IN19A086,
720575941687910619,IN01A061,
720575941687911151,INXXX115,
720575941687911663,INXXX142,
720575941687913199,IN21A083,
720575941687916015,IN00A035,
720575941687917531,IN12B043,
720575941687923951,INXXX396,
720575941687927003,IN13A046,
720575941687927259,IN05B088,
720575941687929051,IN07B061,dimorphic
720575941687929071,IN01B038,
720575941687929307,IN07B051,
720575941687933403,IN03A085,
720575941687946459,IN08A041,
720575941687952859,IN09A047,
720575941687961307,INXXX458,dimorphic
720575941687965814,INXXX245,
720575941687971291,IN04B074,
720575941687975643,IN21A100,
720575941688019062,IN13B031,
720575941688042203,IN00A057,
720575941688135064,IN03B060,
720575941688138904,INXXX964_f,sex_specific
720575941688167832,IN03A024,
720575941688187032,IN16B063,
720575941688200088,IN23B024,
720575941688214255,IN13A067,
720575941688219288,IN14A110,
720575941688230296,IN20A.22A040,
720575941688243864,IN02A032,
720575941688253080,IN03B076,
720575941688267928,IN16B074,
720575941688291224,IN06A132,
720575941688291311,IN06B085,
720575941688361334,IN14A062,
720575941688448268,IN13B012,
720575941688470540,INXXX907_f,sex_specific
720575941688483084,IN08B065,
720575941688486156,IN09A003,
720575941688487948,IN03A005,
720575941688488972,IN01A038,
720575941688491532,IN01A044,
720575941688496908,INXXX929_f,sex_specific
720575941688497676,IN05B042,
720575941688508635,IN20A.22A032,
720575941688512524,INXXX841_f,sex_specific
720575941688628342,IN08A011,
720575941688630134,INXXX871_f,sex_specific
720575941688630390,IN14B001,
720575941688641654,IN01B052,
720575941688644726,IN17A025,
720575941688648088,IN20A.22A021,
720575941688650614,IN09A019,
720575941688651382,IN19A011,
720575941688651894,INXXX042,
720575941688652662,INXXX271,dimorphic
720575941688671606,IN06A128,
720575941688841996,IN13A062,
720575941688936175,INXXX984_f,sex_specific
720575941689107163,IN12B031,
720575941689109878,IN17A112,
720575941689154828,INXXX917_f,sex_specific
720575941689199323,IN04B015,
720575941689240559,IN13A068,
720575941689256431,IN13A003,
720575941689275375,IN19A046,
720575941689276655,IN09A004,
720575941689318040,IN05B042,
720575941689377944,IN02A024,dimorphic
720575941689385624,IN09A054,
720575941689397656,IN17A064,
720575941689434075,IN19B073,
720575941689458840,INXXX446,dimorphic
720575941689667803,IN16B039,
720575941689668059,IN14A080,
720575941689669083,INXXX899_f,sex_specific
720575941689717467,,
720575941689741208,INXXX231,
720575941689768923,,
720575941689777627,IN11A010,
720575941689784283,IN08B017,
720575941689787800,IN13B044,
720575941689789848,IN12A039,
720575941689803227,IN23B018,
720575941689824920,IN03A029,
720575941689845366,IN13B030,
720575941689855707,IN00A031,
720575941689865880,IN19B012,
720575941689866136,INXXX217,dimorphic
720575941689867416,IN20A.22A038,
720575941689874072,IN08A046,
720575941689896204,IN08A005,
720575941689928344,IN06A116,
720575941689928822,,
720575941689940854,INXXX158,
720575941689974680,IN21A006,
720575941689977496,IN11A030,
720575941689998710,,
720575941690000502,,
720575941690003574,,
720575941690006902,IN13B053,
720575941690008182,,
720575941690031000,IN20A.22A047,
720575941690032792,IN21A039,
720575941690039926,INXXX415,
720575941690057846,,
720575941690065371,IN06A055,
720575941690193816,IN21A087,
720575941690625176,IN21A095,
720575941690778331,INXXX904_f,sex_specific
720575941690780123,GFC4,
720575941690784731,INXXX818_f,sex_specific
720575941690789851,IN04B072,
720575941690790619,IN05B091,
720575941690904728,,
720575941690941080,IN03B035,
720575941690942616,IN14A011,
720575941690972056,IN17A016,
720575941690986136,IN16B091,
720575941690998680,INXXX446,dimorphic
720575941691002520,INXXX902_f,sex_specific
720575941691009688,IN05B030,
720575941691012248,IN06B006,
720575941691013016,IN19A032,
720575941691026072,IN18B011,
720575941691673240,INXXX936_f,sex_specific
720575941691816923,IN12B056,
720575941691889115,IN14A017,
720575941691994587,,
720575941692003736,IN18B012,
720575941692097243,IN20A.22A017,
720575941692140507,INXXX353,dimorphic
720575941692156123,INXXX364,
720575941692217307,IN10B057,
720575941692264155,,
720575941692342680,IN09A006,
720575941692352152,IN20A.22A005,
720575941700434394,IN09A078,
720575941700445914,IN13B032,
720575941700457946,IN17A115,
720575941700494042,IN07B092,
720575941700504794,IN11A027,
720575941700554458,IN12B037,
720575941700563162,IN01B080,
720575941700563930,IN13A043,
720575941700583386,IN19A122,
720575941700592858,IN17A045,
720575941700599258,IN03A062,
720575941700609242,IN13A021,
720575941700612314,IN04B112,
720575941700614362,IN08A047,
720575941700619226,IN09A090,
720575941700629722,IN06A071,
720575941700639194,IN01B060,
720575941701807834,IN03A094,
720575941702063066,IN06A073,
720575941702064858,IN16B120,
720575941702068954,IN13A029,
720575941702076634,IN01A075,
720575941702096602,IN12B003,
720575941702153178,IN20A.22A010,
720575941702164954,INXXX267,dimorphic
720575941702171610,IN04B098,
720575941702223066,IN11A016,
720575941702513626,IN06A107,
720575941702814682,IN09A043,
720575941702828506,IN12B058,
720575941703116506,IN03A064,
720575941703124698,IN19B040,
720575941703131610,IN19A006,
720575941703155162,INXXX267,dimorphic
720575941703160282,IN04B029,
720575941703171802,IN08A008,
720575941703181786,INXXX464,
720575941703182810,IN12A048,
720575941703183834,IN19B086,
720575941703189210,INXXX949_f,sex_specific
720575941703189466,IN06B020,dimorphic
720575941703743450,IN20A.22A076,
720575941703820762,IN01A005,
720575941704362458,,
720575941704455898,,
720575941704476378,IN23B065,
720575941704492762,IN20A.22A005,
720575941704506842,IN01B012,
720575941704600794,IN06B006,
720575941720387642,IN12B049,
720575941720432186,IN08A011,
720575941720436538,IN11A005,
720575941720437306,IN01A050,
720575941720467514,IN17A119,
720575941720470842,IN19A122,
720575941720483898,IN14A102,
720575941720498234,IN06A129,
720575941720518458,IN13A055,
720575941720629050,IN12A044,
720575941720679226,IN21A030,
720575941721156922,IN09A047,
720575941721157690,,
720575941721163834,IN03A025,
720575941721193018,IN12A059,
720575941722019386,IN01A056,
720575941722024506,IN19B085,
720575941722030394,IN08A032,
720575941722031674,IN06B056,
720575941722041402,INXXX364,
720575941722043706,IN23B040,
720575941722049850,IN21A072,
720575941722053178,IN13B052,
720575941722082874,IN02A035,
720575941722096186,IN17A087,dimorphic
720575941722153530,IN14A050,
720575941722163002,IN13B029,
720575941722189370,IN14A018,
720575941722194234,IN03B062,
720575941722198842,IN12B048,
720575941722212922,IN13A067,
720575941722869562,IN13A022,
720575941723152698,IN18B049,
720575941723160122,IN05B085,
720575941723161402,IN18B008,
720575941723165754,IN21A019,
720575941723167546,IN06B018,
720575941723178298,IN13B052,
720575941723190074,IN23B023,
720575941723196986,IN01A019,
720575941723208762,IN20A.22A028,
720575941723218234,IN13B044,
720575941723242042,IN14B007,
720575941723589946,IN01A036,
720575941723679802,IN03A092,
720575941723926586,INXXX217,dimorphic
720575941724379194,,
720575941724391738,IN12A003,
720575941724471354,IN03A071,
720575941724541242,,
720575941724549690,,
720575941724550202,,
720575941724553274,IN09A039,
720575941724601402,IN14A087,
720575941729855787,IN17A105,
720575941729937195,IN19A041,
720575941729943083,IN03A060,
720575941729950507,IN03B081,
720575941729954347,IN03A089,
720575941729957931,IN08A050,
720575941729958699,IN06A033,
720575941729974827,IN03A056,
720575941729980203,IN03B086,
720575941729983787,IN12B074,
720575941729985579,IN13A042,
720575941729985835,IN14A105,
720575941730003755,IN14A090,
720575941730006571,IN14A004,
720575941730009643,IN06B078,
720575941730011947,IN06A113,
720575941730016811,IN07B096,
720575941730021931,IN08A043,
720575941730040107,IN09A078,
720575941730041643,INXXX402,
720575941730539307,IN19A127,
720575941730543915,IN20A.22A055,
720575941730545451,IN19A109,
720575941730557227,IN05B091,
720575941731208491,IN12B031,
720575941731524907,INXXX441,
720575941731571243,INXXX240,dimorphic
720575941731613483,IN14B003,dimorphic
720575941731736875,GFC2,
720575941731769899,IN13B036,
720575941731770923,IN04B027,
720575941732139307,IN19A083,
720575941732169259,IN12B012,
720575941732512555,IN16B077,
720575941732513579,IN23B037,
720575941732524587,INXXX854_f,sex_specific
720575941732524843,INXXX405,
720575941732536619,IN23B025,
720575941732537387,IN05B038,
720575941732543531,IN21A062,
720575941732549675,IN20A.22A035,
720575941733638699,INXXX295,
720575941733890603,IN09B045,
720575941733907499,,
720575941734082091,,
